{
  "chapter_no": 5,
  "chapter_name": "Morphology of Flowering Plants",
  "section_name": "Level 1",
  "total_questions": 130,
  "questions": {
    "question_1": {
      "question_number": 1,
      "correct_option": 4,
      "sds_id": "SDS054F",
      "subtopic": "Morphology of Roots",
      "image_filename": "question_1.png",
      "captured": true,
      "explanation": [
        "https://d1iljb9ao69244.cloudfront.net/375586_1689312133247_35.ogg"
      ]
    },
    "question_2": {
      "question_number": 2,
      "correct_option": 4,
      "sds_id": "SDS0550",
      "subtopic": "Morphology of Roots",
      "image_filename": "question_2.png",
      "captured": true,
      "explanation": [
        "https://d1iljb9ao69244.cloudfront.net/375564_1689311719209_13.ogg"
      ]
    },
    "question_3": {
      "question_number": 3,
      "correct_option": 4,
      "sds_id": "SDS0551",
      "subtopic": "Morphology of Roots",
      "image_filename": "question_3.png",
      "captured": true,
      "explanation": [
        "https://d1iljb9ao69244.cloudfront.net/420518_1708423054547_43.ogg"
      ]
    },
    "question_4": {
      "question_number": 4,
      "correct_option": 1,
      "sds_id": "SDS0552",
      "subtopic": "Morphology of Roots",
      "image_filename": "question_4.png",
      "captured": true,
      "explanation": [
        "https://d1iljb9ao69244.cloudfront.net/446673_1713081480645_4.ogg"
      ]
    },
    "question_5": {
      "question_number": 5,
      "correct_option": 1,
      "sds_id": "SDS0553",
      "subtopic": "Morphology of Roots",
      "image_filename": "question_5.png",
      "captured": true,
      "explanation": [
        "https://d1iljb9ao69244.cloudfront.net/399751_1702451140085_21.ogg"
      ]
    },
    "question_6": {
      "question_number": 6,
      "correct_option": 3,
      "sds_id": "SDS0554",
      "subtopic": "Morphology of Roots",
      "image_filename": "question_6.png",
      "captured": true,
      "explanation": [
        "https://d1iljb9ao69244.cloudfront.net/446674_1713081494525_5.ogg"
      ]
    },
    "question_7": {
      "question_number": 7,
      "correct_option": 3,
      "sds_id": "SDS0555",
      "subtopic": "Morphology of Roots",
      "image_filename": "question_7.png",
      "captured": true,
      "explanation": [
        "https://d1iljb9ao69244.cloudfront.net/410872_1705905614239_11.ogg"
      ]
    },
    "question_8": {
      "question_number": 8,
      "correct_option": 4,
      "sds_id": "SDS0556",
      "subtopic": "Morphology of Roots",
      "image_filename": "question_8.png",
      "captured": true,
      "explanation": [
        "https://d1iljb9ao69244.cloudfront.net/438035_1712579500571_6.ogg"
      ]
    },
    "question_9": {
      "question_number": 9,
      "correct_option": 4,
      "sds_id": "SDS0557",
      "subtopic": "Modification of Roots",
      "image_filename": "question_9.png",
      "captured": true,
      "explanation": [
        "https://d1iljb9ao69244.cloudfront.net/399742_1702450589118_12.ogg"
      ]
    },
    "question_10": {
      "question_number": 10,
      "correct_option": 3,
      "sds_id": "SDS0558",
      "subtopic": "Modification of Roots",
      "image_filename": "question_10.png",
      "captured": true,
      "explanation": [
        "https://d1iljb9ao69244.cloudfront.net/453664_1714483118975_7.ogg"
      ]
    },
    "question_11": {
      "question_number": 11,
      "correct_option": 1,
      "sds_id": "SDS0559",
      "subtopic": "Modification of Roots",
      "image_filename": "question_11.png",
      "captured": true,
      "explanation": [
        "https://d1iljb9ao69244.cloudfront.net/420534_1709198870998_45.ogg"
      ]
    },
    "question_12": {
      "question_number": 12,
      "correct_option": 3,
      "sds_id": "SDS055A",
      "subtopic": "Modification of Roots",
      "image_filename": "question_12.png",
      "captured": true,
      "explanation": [
        "https://d1iljb9ao69244.cloudfront.net/425148_1709535322916_16.ogg"
      ]
    },
    "question_13": {
      "question_number": 13,
      "correct_option": 1,
      "sds_id": "SDS055B",
      "subtopic": "Morphology of Stems",
      "image_filename": "question_13.png",
      "captured": true,
      "explanation": [
        "https://d1iljb9ao69244.cloudfront.net/369743_1687835510669_16.ogg"
      ]
    },
    "question_14": {
      "question_number": 14,
      "correct_option": 3,
      "sds_id": "SDS055C",
      "subtopic": "Morphology of Stems",
      "image_filename": "question_14.png",
      "captured": true,
      "explanation": [
        "https://d1iljb9ao69244.cloudfront.net/121055_1726391712735_344.ogg",
        "https://d2f8z173p7073l.cloudfront.net/1580220306646"
      ]
    },
    "question_15": {
      "question_number": 15,
      "correct_option": 4,
      "sds_id": "SDS055D",
      "subtopic": "Aerial Stem Modification",
      "image_filename": "question_15.png",
      "captured": true,
      "explanation": [
        "https://d1iljb9ao69244.cloudfront.net/438036_1712579517435_7.ogg"
      ]
    },
    "question_16": {
      "question_number": 16,
      "correct_option": 4,
      "sds_id": "SDS055E",
      "subtopic": "Aerial Stem Modification",
      "image_filename": "question_16.png",
      "captured": true,
      "explanation": [
        "https://d1iljb9ao69244.cloudfront.net/437204_1712302159735_38.ogg"
      ]
    },
    "question_17": {
      "question_number": 17,
      "correct_option": 3,
      "sds_id": "SDS055F",
      "subtopic": "Morphology of Leaf",
      "image_filename": "question_17.png",
      "captured": true,
      "explanation": [
        "https://d1iljb9ao69244.cloudfront.net/question_explanations_341082_1668311652778.ogg"
      ]
    },
    "question_18": {
      "question_number": 18,
      "correct_option": 2,
      "sds_id": "SDS0560",
      "subtopic": "Morphology of Leaf",
      "image_filename": "question_18.png",
      "captured": true,
      "explanation": [
        "https://d1iljb9ao69244.cloudfront.net/question_explanations_341083_1668312023850.ogg"
      ]
    },
    "question_19": {
      "question_number": 19,
      "correct_option": 1,
      "sds_id": "SDS0561",
      "subtopic": "Morphology of Leaf",
      "image_filename": "question_19.png",
      "captured": true,
      "explanation": [
        "https://d1iljb9ao69244.cloudfront.net/375583_1689312080185_32.ogg"
      ]
    },
    "question_20": {
      "question_number": 20,
      "correct_option": 2,
      "sds_id": "SDS0562",
      "subtopic": "Morphology of Leaf",
      "image_filename": "question_20.png",
      "captured": true,
      "explanation": [
        "https://d1iljb9ao69244.cloudfront.net/question_explanations_341084_1668312149122.ogg"
      ]
    },
    "question_21": {
      "question_number": 21,
      "correct_option": 1,
      "sds_id": "SDS0563",
      "subtopic": "Morphology of Leaf",
      "image_filename": "question_21.png",
      "captured": true,
      "explanation": [
        "https://d1iljb9ao69244.cloudfront.net/399775_1702455613999_45.ogg"
      ]
    },
    "question_22": {
      "question_number": 22,
      "correct_option": 1,
      "sds_id": "SDS0564",
      "subtopic": "Morphology of Leaf",
      "image_filename": "question_22.png",
      "captured": true,
      "explanation": [
        "https://d1iljb9ao69244.cloudfront.net/369703_1740821938600_34.ogg",
        "https://d1iljb9ao69244.cloudfront.net/369703_1687835314878_2.ogg"
      ]
    },
    "question_23": {
      "question_number": 23,
      "correct_option": 3,
      "sds_id": "SDS0565",
      "subtopic": "Morphology of Leaf",
      "image_filename": "question_23.png",
      "captured": true,
      "explanation": [
        "https://d1iljb9ao69244.cloudfront.net/399752_1702451160247_22.ogg",
        "https://d2f8z173p7073l.cloudfront.net/1702201916059"
      ]
    },
    "question_24": {
      "question_number": 24,
      "correct_option": 3,
      "sds_id": "SDS0566",
      "subtopic": "Morphology of Leaf",
      "image_filename": "question_24.png",
      "captured": true,
      "explanation": [
        "https://d1iljb9ao69244.cloudfront.net/375588_1689312163106_37.ogg"
      ]
    },
    "question_25": {
      "question_number": 25,
      "correct_option": 1,
      "sds_id": "SDS0567",
      "subtopic": "Venation, Types of Leaves & Phyllotaxy",
      "image_filename": "question_25.png",
      "captured": true,
      "explanation": [
        "https://d1iljb9ao69244.cloudfront.net/121103_1726395075931_368.ogg",
        "https://d2f8z173p7073l.cloudfront.net/1580227594752"
      ]
    },
    "question_26": {
      "question_number": 26,
      "correct_option": 3,
      "sds_id": "SDS0568",
      "subtopic": "Venation, Types of Leaves & Phyllotaxy",
      "image_filename": "question_26.png",
      "captured": true,
      "explanation": [
        "https://d1iljb9ao69244.cloudfront.net/121066_1726392104319_348.ogg",
        "https://d2f8z173p7073l.cloudfront.net/1580220780735"
      ]
    },
    "question_27": {
      "question_number": 27,
      "correct_option": 1,
      "sds_id": "SDS0569",
      "subtopic": "Venation, Types of Leaves & Phyllotaxy",
      "image_filename": "question_27.png",
      "captured": true,
      "explanation": [
        "https://d1iljb9ao69244.cloudfront.net/410873_1705905628735_12.ogg"
      ]
    },
    "question_28": {
      "question_number": 28,
      "correct_option": 4,
      "sds_id": "SDS056A",
      "subtopic": "Venation, Types of Leaves & Phyllotaxy",
      "image_filename": "question_28.png",
      "captured": true,
      "explanation": [
        "https://d1iljb9ao69244.cloudfront.net/435971_1712124056926_7.ogg"
      ]
    },
    "question_29": {
      "question_number": 29,
      "correct_option": 2,
      "sds_id": "SDS056B",
      "subtopic": "Venation, Types of Leaves & Phyllotaxy",
      "image_filename": "question_29.png",
      "captured": true,
      "explanation": [
        "https://d1iljb9ao69244.cloudfront.net/425173_1709609242114_WhatsApp%20Ptt%202024-03-05%20at%2008.56.26.ogg",
        "https://d1iljb9ao69244.cloudfront.net/425173_1709609242114_WhatsApp"
      ]
    },
    "question_30": {
      "question_number": 30,
      "correct_option": 4,
      "sds_id": "SDS056C",
      "subtopic": "Modification of Leaf",
      "image_filename": "question_30.png",
      "captured": true,
      "explanation": [
        "https://d1iljb9ao69244.cloudfront.net/448127_1713510624304_8.ogg"
      ]
    },
    "question_31": {
      "question_number": 31,
      "correct_option": 4,
      "sds_id": "SDS056D",
      "subtopic": "Modification of Leaf",
      "image_filename": "question_31.png",
      "captured": true,
      "explanation": [
        "https://d1iljb9ao69244.cloudfront.net/399750_1702450707076_20.ogg"
      ]
    },
    "question_32": {
      "question_number": 32,
      "correct_option": 3,
      "sds_id": "SDS056E",
      "subtopic": "Modification of Leaf",
      "image_filename": "question_32.png",
      "captured": true,
      "explanation": [
        "https://d1iljb9ao69244.cloudfront.net/420436_1708690322127_12.ogg"
      ]
    },
    "question_33": {
      "question_number": 33,
      "correct_option": 4,
      "sds_id": "SDS056F",
      "subtopic": "Inflorescence",
      "image_filename": "question_33.png",
      "captured": true,
      "explanation": [
        "https://d1iljb9ao69244.cloudfront.net/369704_1740821951679_35.ogg",
        "https://d1iljb9ao69244.cloudfront.net/369704_1687835325266_3.ogg"
      ]
    },
    "question_34": {
      "question_number": 34,
      "correct_option": 2,
      "sds_id": "SDS0570",
      "subtopic": "Inflorescence",
      "image_filename": "question_34.png",
      "captured": true,
      "explanation": [
        "https://d1iljb9ao69244.cloudfront.net/369762_1687835627487_24.ogg"
      ]
    },
    "question_35": {
      "question_number": 35,
      "correct_option": 1,
      "sds_id": "SDS0571",
      "subtopic": "Inflorescence",
      "image_filename": "question_35.png",
      "captured": true,
      "explanation": [
        "https://d1iljb9ao69244.cloudfront.net/425153_1709535593129_21.ogg"
      ]
    },
    "question_36": {
      "question_number": 36,
      "correct_option": 4,
      "sds_id": "SDS0572",
      "subtopic": "Inflorescence",
      "image_filename": "question_36.png",
      "captured": true,
      "explanation": [
        "https://d1iljb9ao69244.cloudfront.net/442404_1712912139648_48.ogg"
      ]
    },
    "question_37": {
      "question_number": 37,
      "correct_option": 3,
      "sds_id": "SDS0573",
      "subtopic": "Inflorescence",
      "image_filename": "question_37.png",
      "captured": true,
      "explanation": [
        "https://d1iljb9ao69244.cloudfront.net/121099_1726394868655_364.ogg",
        "https://d2f8z173p7073l.cloudfront.net/1580224335324"
      ]
    },
    "question_38": {
      "question_number": 38,
      "correct_option": 1,
      "sds_id": "SDS0574",
      "subtopic": "Fruits & their Types",
      "image_filename": "question_38.png",
      "captured": true,
      "explanation": [
        "https://d1iljb9ao69244.cloudfront.net/121075_1726392306819_351.ogg",
        "https://d2f8z173p7073l.cloudfront.net/1580221170264"
      ]
    },
    "question_39": {
      "question_number": 39,
      "correct_option": 2,
      "sds_id": "SDS0575",
      "subtopic": "Fruits & their Types",
      "image_filename": "question_39.png",
      "captured": true,
      "explanation": [
        "https://d1iljb9ao69244.cloudfront.net/121093_1726393382799_360.ogg",
        "https://d2f8z173p7073l.cloudfront.net/1580221968990"
      ]
    },
    "question_40": {
      "question_number": 40,
      "correct_option": 2,
      "sds_id": "SDS0576",
      "subtopic": "Fruits & their Types",
      "image_filename": "question_40.png",
      "captured": true,
      "explanation": [
        "https://d1iljb9ao69244.cloudfront.net/question_explanations_341095_1668313008481.ogg"
      ]
    },
    "question_41": {
      "question_number": 41,
      "correct_option": 4,
      "sds_id": "SDS0577",
      "subtopic": "Fruits & their Types",
      "image_filename": "question_41.png",
      "captured": true,
      "explanation": [
        "https://d1iljb9ao69244.cloudfront.net/399774_1702455599880_44.ogg"
      ]
    },
    "question_42": {
      "question_number": 42,
      "correct_option": 1,
      "sds_id": "SDS0578",
      "subtopic": "Fruits & their Types",
      "image_filename": "question_42.png",
      "captured": true,
      "explanation": [
        "https://d1iljb9ao69244.cloudfront.net/369716_1687835400029_9.ogg"
      ]
    },
    "question_43": {
      "question_number": 43,
      "correct_option": 2,
      "sds_id": "SDS0579",
      "subtopic": "Fruits & their Types",
      "image_filename": "question_43.png",
      "captured": true,
      "explanation": [
        "https://d1iljb9ao69244.cloudfront.net/375579_1689311976309_28.ogg"
      ]
    },
    "question_44": {
      "question_number": 44,
      "correct_option": 1,
      "sds_id": "SDS057A",
      "subtopic": "Fruits & their Types",
      "image_filename": "question_44.png",
      "captured": true,
      "explanation": [
        "https://d1iljb9ao69244.cloudfront.net/200808_1727419471433_774.ogg",
        "https://d1iljb9ao69244.cloudfront.net/200808_1606746421123_86.ogg"
      ]
    },
    "question_45": {
      "question_number": 45,
      "correct_option": 2,
      "sds_id": "SDS057B",
      "subtopic": "Seed",
      "image_filename": "question_45.png",
      "captured": true,
      "explanation": [
        "https://d1iljb9ao69244.cloudfront.net/121071_1726392167339_349.ogg",
        "https://d2f8z173p7073l.cloudfront.net/1580221001120"
      ]
    },
    "question_46": {
      "question_number": 46,
      "correct_option": 4,
      "sds_id": "SDS057C",
      "subtopic": "Seed",
      "image_filename": "question_46.png",
      "captured": true,
      "explanation": [
        "https://d1iljb9ao69244.cloudfront.net/121097_1726394769923_362.ogg",
        "https://d2f8z173p7073l.cloudfront.net/1580222204796"
      ]
    },
    "question_47": {
      "question_number": 47,
      "correct_option": 3,
      "sds_id": "SDS057D",
      "subtopic": "Seed",
      "image_filename": "question_47.png",
      "captured": true,
      "explanation": [
        "https://d1iljb9ao69244.cloudfront.net/121098_1726394823035_363.ogg",
        "https://d2f8z173p7073l.cloudfront.net/1580222274832"
      ]
    },
    "question_48": {
      "question_number": 48,
      "correct_option": 1,
      "sds_id": "SDS057E",
      "subtopic": "Seed",
      "image_filename": "question_48.png",
      "captured": true,
      "explanation": [
        "https://d1iljb9ao69244.cloudfront.net/121101_1726394982919_366.ogg",
        "https://d2f8z173p7073l.cloudfront.net/1580227515716"
      ]
    },
    "question_49": {
      "question_number": 49,
      "correct_option": 2,
      "sds_id": "SDS057F",
      "subtopic": "Seed",
      "image_filename": "question_49.png",
      "captured": true,
      "explanation": [
        "https://d1iljb9ao69244.cloudfront.net/121102_1726395031311_367.ogg",
        "https://d2f8z173p7073l.cloudfront.net/1580227545194"
      ]
    },
    "question_50": {
      "question_number": 50,
      "correct_option": 1,
      "sds_id": "SDS0580",
      "subtopic": "Seed",
      "image_filename": "question_50.png",
      "captured": true,
      "explanation": [
        "https://d1iljb9ao69244.cloudfront.net/121057_1726391784096_345.ogg",
        "https://d2f8z173p7073l.cloudfront.net/1580220390033"
      ]
    },
    "question_51": {
      "question_number": 51,
      "correct_option": 1,
      "sds_id": "SDS0581",
      "subtopic": "Seed",
      "image_filename": "question_51.png",
      "captured": true,
      "explanation": [
        "https://d1iljb9ao69244.cloudfront.net/question_explanations_341096_1668315085057.ogg"
      ]
    },
    "question_52": {
      "question_number": 52,
      "correct_option": 3,
      "sds_id": "SDS0582",
      "subtopic": "Seed",
      "image_filename": "question_52.png",
      "captured": true,
      "explanation": [
        "https://d1iljb9ao69244.cloudfront.net/399760_1702451290197_30.ogg",
        "https://d2f8z173p7073l.cloudfront.net/1702202475867"
      ]
    },
    "question_53": {
      "question_number": 53,
      "correct_option": 3,
      "sds_id": "SDS0583",
      "subtopic": "Seed",
      "image_filename": "question_53.png",
      "captured": true,
      "explanation": [
        "https://d1iljb9ao69244.cloudfront.net/399773_1702455585617_43.ogg"
      ]
    },
    "question_54": {
      "question_number": 54,
      "correct_option": 2,
      "sds_id": "SDS0584",
      "subtopic": "Seed",
      "image_filename": "question_54.png",
      "captured": true,
      "explanation": [
        "https://d1iljb9ao69244.cloudfront.net/369739_1687835497348_15.ogg"
      ]
    },
    "question_55": {
      "question_number": 55,
      "correct_option": 2,
      "sds_id": "SDS0585",
      "subtopic": "Seed",
      "image_filename": "question_55.png",
      "captured": true,
      "explanation": [
        "https://d1iljb9ao69244.cloudfront.net/375571_1689311849962_20.ogg"
      ]
    },
    "question_56": {
      "question_number": 56,
      "correct_option": 4,
      "sds_id": "SDS0586",
      "subtopic": "Seed",
      "image_filename": "question_56.png",
      "captured": true,
      "explanation": [
        "https://d1iljb9ao69244.cloudfront.net/375599_1689312333729_48.ogg",
        "https://d2f8z173p7073l.cloudfront.net/1689156289216"
      ]
    },
    "question_57": {
      "question_number": 57,
      "correct_option": 2,
      "sds_id": "SDS0587",
      "subtopic": "Seed",
      "image_filename": "question_57.png",
      "captured": true,
      "explanation": [
        "https://d1iljb9ao69244.cloudfront.net/422268_1709056867062_6.ogg"
      ]
    },
    "question_58": {
      "question_number": 58,
      "correct_option": 3,
      "sds_id": "SDS0588",
      "subtopic": "Seed",
      "image_filename": "question_58.png",
      "captured": true,
      "explanation": [
        "https://d1iljb9ao69244.cloudfront.net/423736_1711172578810_13.ogg"
      ]
    },
    "question_59": {
      "question_number": 59,
      "correct_option": 1,
      "sds_id": "SDS0589",
      "subtopic": "Seed",
      "image_filename": "question_59.png",
      "captured": true,
      "explanation": [
        "https://d1iljb9ao69244.cloudfront.net/442368_1712907066148_20.ogg"
      ]
    },
    "question_60": {
      "question_number": 60,
      "correct_option": 3,
      "sds_id": "SDS058A",
      "subtopic": "Seed",
      "image_filename": "question_60.png",
      "captured": true,
      "explanation": [
        "https://d1iljb9ao69244.cloudfront.net/448174_1713516997046_37.ogg"
      ]
    },
    "question_61": {
      "question_number": 61,
      "correct_option": 4,
      "sds_id": "SDS058B",
      "subtopic": "Seed",
      "image_filename": "question_61.png",
      "captured": true,
      "explanation": [
        "https://d1iljb9ao69244.cloudfront.net/121449_1726829775550_435.ogg",
        "https://d2f8z173p7073l.cloudfront.net/1580375678220"
      ]
    },
    "question_62": {
      "question_number": 62,
      "correct_option": 2,
      "sds_id": "SDS058C",
      "subtopic": "Semi Technical Description",
      "image_filename": "question_62.png",
      "captured": true,
      "explanation": [
        "https://d1iljb9ao69244.cloudfront.net/question_explanations_341098_1668316573202.ogg"
      ]
    },
    "question_63": {
      "question_number": 63,
      "correct_option": 1,
      "sds_id": "SDS058D",
      "subtopic": "Semi Technical Description",
      "image_filename": "question_63.png",
      "captured": true,
      "explanation": [
        "https://d1iljb9ao69244.cloudfront.net/question_explanations_341097_1668313515751.ogg"
      ]
    },
    "question_64": {
      "question_number": 64,
      "correct_option": 2,
      "sds_id": "SDS058E",
      "subtopic": "Semi Technical Description",
      "image_filename": "question_64.png",
      "captured": true,
      "explanation": [
        "https://d1iljb9ao69244.cloudfront.net/question_explanations_341099_1668316349788.ogg"
      ]
    },
    "question_65": {
      "question_number": 65,
      "correct_option": 2,
      "sds_id": "SDS058F",
      "subtopic": "Semi Technical Description",
      "image_filename": "question_65.png",
      "captured": true,
      "explanation": [
        "https://d1iljb9ao69244.cloudfront.net/question_explanations_341100_1668316480619.ogg"
      ]
    },
    "question_66": {
      "question_number": 66,
      "correct_option": 3,
      "sds_id": "SDS0590",
      "subtopic": "Semi Technical Description",
      "image_filename": "question_66.png",
      "captured": true,
      "explanation": [
        "https://d1iljb9ao69244.cloudfront.net/question_explanations_334738_1651763548490.ogg"
      ]
    },
    "question_67": {
      "question_number": 67,
      "correct_option": 3,
      "sds_id": "SDS0591",
      "subtopic": "Semi Technical Description",
      "image_filename": "question_67.png",
      "captured": true,
      "explanation": [
        "https://d1iljb9ao69244.cloudfront.net/121105_1726395119419_369.ogg",
        "https://d2f8z173p7073l.cloudfront.net/1580227840915"
      ]
    },
    "question_68": {
      "question_number": 68,
      "correct_option": 2,
      "sds_id": "SDS0592",
      "subtopic": "Families of Flowering Plant",
      "image_filename": "question_68.png",
      "captured": true,
      "explanation": [
        "https://d1iljb9ao69244.cloudfront.net/question_explanations_341105_1668316870325.ogg"
      ]
    },
    "question_69": {
      "question_number": 69,
      "correct_option": 2,
      "sds_id": "SDS0593",
      "subtopic": "Families of Flowering Plant",
      "image_filename": "question_69.png",
      "captured": true,
      "explanation": [
        "https://d1iljb9ao69244.cloudfront.net/399733_1702450272793_3.ogg"
      ]
    },
    "question_70": {
      "question_number": 70,
      "correct_option": 3,
      "sds_id": "SDS0594",
      "subtopic": "Families of Flowering Plant",
      "image_filename": "question_70.png",
      "captured": true,
      "explanation": [
        "https://d1iljb9ao69244.cloudfront.net/399737_1702450331709_7.ogg"
      ]
    },
    "question_71": {
      "question_number": 71,
      "correct_option": 1,
      "sds_id": "SDS0595",
      "subtopic": "Families of Flowering Plant",
      "image_filename": "question_71.png",
      "captured": true,
      "explanation": [
        "https://d1iljb9ao69244.cloudfront.net/399734_1702450287607_4.ogg"
      ]
    },
    "question_72": {
      "question_number": 72,
      "correct_option": 2,
      "sds_id": "SDS0596",
      "subtopic": "Families of Flowering Plant",
      "image_filename": "question_72.png",
      "captured": true,
      "explanation": [
        "https://d1iljb9ao69244.cloudfront.net/399731_1702450223948_1.ogg",
        "https://d2f8z173p7073l.cloudfront.net/1702193073739"
      ]
    },
    "question_73": {
      "question_number": 73,
      "correct_option": 3,
      "sds_id": "SDS0597",
      "subtopic": "Families of Flowering Plant",
      "image_filename": "question_73.png",
      "captured": true,
      "explanation": [
        "https://d1iljb9ao69244.cloudfront.net/399741_1702450574375_11.ogg"
      ]
    },
    "question_74": {
      "question_number": 74,
      "correct_option": 2,
      "sds_id": "SDS0598",
      "subtopic": "Families of Flowering Plant",
      "image_filename": "question_74.png",
      "captured": true,
      "explanation": [
        "https://d1iljb9ao69244.cloudfront.net/410871_1705905430456_10.ogg"
      ]
    },
    "question_75": {
      "question_number": 75,
      "correct_option": 3,
      "sds_id": "SDS0599",
      "subtopic": "Families of Flowering Plant",
      "image_filename": "question_75.png",
      "captured": true,
      "explanation": [
        "https://d1iljb9ao69244.cloudfront.net/375580_1689311994131_29.ogg",
        "https://d2f8z173p7073l.cloudfront.net/1708163771670"
      ]
    },
    "question_76": {
      "question_number": 76,
      "correct_option": 1,
      "sds_id": "SDS059A",
      "subtopic": "Families of Flowering Plant",
      "image_filename": "question_76.png",
      "captured": true,
      "explanation": [
        "https://d1iljb9ao69244.cloudfront.net/question_explanations_336899_1654145888067.ogg"
      ]
    },
    "question_77": {
      "question_number": 77,
      "correct_option": 2,
      "sds_id": "SDS059B",
      "subtopic": "Families of Flowering Plant",
      "image_filename": "question_77.png",
      "captured": true,
      "explanation": [
        "https://d1iljb9ao69244.cloudfront.net/425151_1709535364563_19.ogg"
      ]
    },
    "question_78": {
      "question_number": 78,
      "correct_option": 2,
      "sds_id": "SDS059C",
      "subtopic": "Families of Flowering Plant",
      "image_filename": "question_78.png",
      "captured": true,
      "explanation": [
        "https://d1iljb9ao69244.cloudfront.net/447678_1713343884921_10.ogg"
      ]
    },
    "question_79": {
      "question_number": 79,
      "correct_option": 4,
      "sds_id": "SDS059D",
      "subtopic": "Families of Flowering Plant",
      "image_filename": "question_79.png",
      "captured": true,
      "explanation": [
        "https://d1iljb9ao69244.cloudfront.net/436625_1712137800212_50.ogg"
      ]
    },
    "question_80": {
      "question_number": 80,
      "correct_option": 3,
      "sds_id": "SDS059E",
      "subtopic": "Families of Flowering Plant",
      "image_filename": "question_80.png",
      "captured": true,
      "explanation": [
        "https://d1iljb9ao69244.cloudfront.net/437172_1712299734485_7.ogg",
        "https://d2f8z173p7073l.cloudfront.net/1712298872223"
      ]
    },
    "question_81": {
      "question_number": 81,
      "correct_option": 2,
      "sds_id": "SDS059F",
      "subtopic": "Families of Flowering Plant",
      "image_filename": "question_81.png",
      "captured": true,
      "explanation": [
        "https://d1iljb9ao69244.cloudfront.net/442405_1712912161024_49.ogg"
      ]
    },
    "question_82": {
      "question_number": 82,
      "correct_option": 3,
      "sds_id": "SDS05A0",
      "subtopic": "Flower & Parts of Flower",
      "image_filename": "question_82.png",
      "captured": true,
      "explanation": [
        "https://d1iljb9ao69244.cloudfront.net/423715_1709971976273_1.ogg"
      ]
    },
    "question_83": {
      "question_number": 83,
      "correct_option": 4,
      "sds_id": "SDS05A1",
      "subtopic": "Flower & Parts of Flower",
      "image_filename": "question_83.png",
      "captured": true,
      "explanation": [
        "https://d1iljb9ao69244.cloudfront.net/369745_1687835524755_17.ogg"
      ]
    },
    "question_84": {
      "question_number": 84,
      "correct_option": 1,
      "sds_id": "SDS05A2",
      "subtopic": "Flower & Parts of Flower",
      "image_filename": "question_84.png",
      "captured": true,
      "explanation": [
        "https://d1iljb9ao69244.cloudfront.net/447139_1713251303870_6.ogg"
      ]
    },
    "question_85": {
      "question_number": 85,
      "correct_option": 2,
      "sds_id": "SDS05A3",
      "subtopic": "Flower & Parts of Flower",
      "image_filename": "question_85.png",
      "captured": true,
      "explanation": [
        "https://d1iljb9ao69244.cloudfront.net/420433_1708416709646_11.ogg"
      ]
    },
    "question_86": {
      "question_number": 86,
      "correct_option": 2,
      "sds_id": "SDS05A4",
      "subtopic": "Flower & Parts of Flower",
      "image_filename": "question_86.png",
      "captured": true,
      "explanation": [
        "https://d1iljb9ao69244.cloudfront.net/437171_1712299680125_6.ogg"
      ]
    },
    "question_87": {
      "question_number": 87,
      "correct_option": 2,
      "sds_id": "SDS05A5",
      "subtopic": "Flower & Parts of Flower",
      "image_filename": "question_87.png",
      "captured": true,
      "explanation": [
        "https://d1iljb9ao69244.cloudfront.net/399754_1702451192356_24.ogg"
      ]
    },
    "question_88": {
      "question_number": 88,
      "correct_option": 3,
      "sds_id": "SDS05A6",
      "subtopic": "Flower & Parts of Flower",
      "image_filename": "question_88.png",
      "captured": true,
      "explanation": [
        "https://d1iljb9ao69244.cloudfront.net/121050_1726391637419_343.ogg",
        "https://d2f8z173p7073l.cloudfront.net/1580220066326"
      ]
    },
    "question_89": {
      "question_number": 89,
      "correct_option": 2,
      "sds_id": "SDS05A7",
      "subtopic": "Flower & Parts of Flower",
      "image_filename": "question_89.png",
      "captured": true,
      "explanation": [
        "https://d1iljb9ao69244.cloudfront.net/399755_1702451207431_25.ogg"
      ]
    },
    "question_90": {
      "question_number": 90,
      "correct_option": 3,
      "sds_id": "SDS05A8",
      "subtopic": "Flower & Parts of Flower",
      "image_filename": "question_90.png",
      "captured": true,
      "explanation": [
        "https://d1iljb9ao69244.cloudfront.net/369709_1687835352006_5.ogg",
        "https://d2f8z173p7073l.cloudfront.net/1687756912166"
      ]
    },
    "question_91": {
      "question_number": 91,
      "correct_option": 3,
      "sds_id": "SDS05A9",
      "subtopic": "Flower & Parts of Flower",
      "image_filename": "question_91.png",
      "captured": true,
      "explanation": [
        "https://d1iljb9ao69244.cloudfront.net/question_explanations_334740_1651763722706.ogg"
      ]
    },
    "question_92": {
      "question_number": 92,
      "correct_option": 3,
      "sds_id": "SDS05AA",
      "subtopic": "Flower & Parts of Flower",
      "image_filename": "question_92.png",
      "captured": true,
      "explanation": [
        "https://d1iljb9ao69244.cloudfront.net/question_explanations_337523_1655474915162.ogg"
      ]
    },
    "question_93": {
      "question_number": 93,
      "correct_option": 4,
      "sds_id": "SDS05AB",
      "subtopic": "Flower & Parts of Flower",
      "image_filename": "question_93.png",
      "captured": true,
      "explanation": [
        "https://d1iljb9ao69244.cloudfront.net/121094_1726394719972_361.ogg",
        "https://d2f8z173p7073l.cloudfront.net/1580222018177"
      ]
    },
    "question_94": {
      "question_number": 94,
      "correct_option": 3,
      "sds_id": "SDS05AC",
      "subtopic": "Flower & Parts of Flower",
      "image_filename": "question_94.png",
      "captured": true,
      "explanation": [
        "https://d1iljb9ao69244.cloudfront.net/121063_1726391862164_346.ogg",
        "https://d2f8z173p7073l.cloudfront.net/1580220652638"
      ]
    },
    "question_95": {
      "question_number": 95,
      "correct_option": 3,
      "sds_id": "SDS05AD",
      "subtopic": "Flower & Parts of Flower",
      "image_filename": "question_95.png",
      "captured": true,
      "explanation": [
        "https://d1iljb9ao69244.cloudfront.net/423712_1710821992635_14.ogg"
      ]
    },
    "question_96": {
      "question_number": 96,
      "correct_option": 1,
      "sds_id": "SDS05AE",
      "subtopic": "Flower & Parts of Flower",
      "image_filename": "question_96.png",
      "captured": true,
      "explanation": [
        "https://d1iljb9ao69244.cloudfront.net/121076_1726392353379_352.ogg",
        "https://d2f8z173p7073l.cloudfront.net/1580221217319"
      ]
    },
    "question_97": {
      "question_number": 97,
      "correct_option": 2,
      "sds_id": "SDS05AF",
      "subtopic": "Flower & Parts of Flower",
      "image_filename": "question_97.png",
      "captured": true,
      "explanation": [
        "https://d1iljb9ao69244.cloudfront.net/121077_1726392403991_353.ogg",
        "https://d2f8z173p7073l.cloudfront.net/1580221262598"
      ]
    },
    "question_98": {
      "question_number": 98,
      "correct_option": 1,
      "sds_id": "SDS05B0",
      "subtopic": "Flower & Parts of Flower",
      "image_filename": "question_98.png",
      "captured": true,
      "explanation": [
        "https://d1iljb9ao69244.cloudfront.net/121079_1726392450600_354.ogg",
        "https://d2f8z173p7073l.cloudfront.net/1580221346106"
      ]
    },
    "question_99": {
      "question_number": 99,
      "correct_option": 3,
      "sds_id": "SDS05B1",
      "subtopic": "Flower & Parts of Flower",
      "image_filename": "question_99.png",
      "captured": true,
      "explanation": [
        "https://d1iljb9ao69244.cloudfront.net/399756_1702451231079_26.ogg"
      ]
    },
    "question_100": {
      "question_number": 100,
      "correct_option": 2,
      "sds_id": "SDS05B2",
      "subtopic": "Flower & Parts of Flower",
      "image_filename": "question_100.png",
      "captured": true,
      "explanation": [
        "https://d1iljb9ao69244.cloudfront.net/375567_1689311776362_16.ogg",
        "https://d2f8z173p7073l.cloudfront.net/1689153155754"
      ]
    },
    "question_101": {
      "question_number": 101,
      "correct_option": 4,
      "sds_id": "SDS05B3",
      "subtopic": "Flower & Parts of Flower",
      "image_filename": "question_101.png",
      "captured": true,
      "explanation": [
        "https://d1iljb9ao69244.cloudfront.net/375598_1689312321483_47.ogg"
      ]
    },
    "question_102": {
      "question_number": 102,
      "correct_option": 1,
      "sds_id": "SDS05B4",
      "subtopic": "Flower & Parts of Flower",
      "image_filename": "question_102.png",
      "captured": true,
      "explanation": [
        "https://d1iljb9ao69244.cloudfront.net/420521_1708423093931_46.ogg",
        "https://d2f8z173p7073l.cloudfront.net/1708346790513"
      ]
    },
    "question_103": {
      "question_number": 103,
      "correct_option": 1,
      "sds_id": "SDS05B5",
      "subtopic": "Flower & Parts of Flower",
      "image_filename": "question_103.png",
      "captured": true,
      "explanation": [
        "https://d1iljb9ao69244.cloudfront.net/446708_1713089349693_39.ogg"
      ]
    },
    "question_104": {
      "question_number": 104,
      "correct_option": 4,
      "sds_id": "SDS05B6",
      "subtopic": "Flower & Parts of Flower",
      "image_filename": "question_104.png",
      "captured": true,
      "explanation": [
        "https://d1iljb9ao69244.cloudfront.net/121074_1726392228368_350.ogg",
        "https://d2f8z173p7073l.cloudfront.net/1580221113188"
      ]
    },
    "question_105": {
      "question_number": 105,
      "correct_option": 1,
      "sds_id": "SDS05B7",
      "subtopic": "Flower & Parts of Flower",
      "image_filename": "question_105.png",
      "captured": true,
      "explanation": [
        "https://d1iljb9ao69244.cloudfront.net/369735_1687835485951_14.ogg"
      ]
    },
    "question_106": {
      "question_number": 106,
      "correct_option": 2,
      "sds_id": "SDS05B8",
      "subtopic": "Flower & Parts of Flower",
      "image_filename": "question_106.png",
      "captured": true,
      "explanation": [
        "https://d1iljb9ao69244.cloudfront.net/121084_1726392524995_355.ogg",
        "https://d2f8z173p7073l.cloudfront.net/1580221534653"
      ]
    },
    "question_107": {
      "question_number": 107,
      "correct_option": 4,
      "sds_id": "SDS05B9",
      "subtopic": "Flower & Parts of Flower",
      "image_filename": "question_107.png",
      "captured": true,
      "explanation": [
        "https://d1iljb9ao69244.cloudfront.net/399757_1702451246247_27.ogg"
      ]
    },
    "question_108": {
      "question_number": 108,
      "correct_option": 3,
      "sds_id": "SDS05BA",
      "subtopic": "Flower & Parts of Flower",
      "image_filename": "question_108.png",
      "captured": true,
      "explanation": [
        "https://d1iljb9ao69244.cloudfront.net/369712_1687835375564_7.ogg"
      ]
    },
    "question_109": {
      "question_number": 109,
      "correct_option": 3,
      "sds_id": "SDS05BB",
      "subtopic": "Flower & Parts of Flower",
      "image_filename": "question_109.png",
      "captured": true,
      "explanation": [
        "https://d1iljb9ao69244.cloudfront.net/410877_1705905781294_15.ogg"
      ]
    },
    "question_110": {
      "question_number": 110,
      "correct_option": 3,
      "sds_id": "SDS05BC",
      "subtopic": "Flower & Parts of Flower",
      "image_filename": "question_110.png",
      "captured": true,
      "explanation": [
        "https://d1iljb9ao69244.cloudfront.net/question_explanations_341092_1668314900043.ogg"
      ]
    },
    "question_111": {
      "question_number": 111,
      "correct_option": 3,
      "sds_id": "SDS05BD",
      "subtopic": "Flower & Parts of Flower",
      "image_filename": "question_111.png",
      "captured": true,
      "explanation": [
        "https://d1iljb9ao69244.cloudfront.net/121086_1726392668815_356.ogg",
        "https://d2f8z173p7073l.cloudfront.net/1580221612091"
      ]
    },
    "question_112": {
      "question_number": 112,
      "correct_option": 4,
      "sds_id": "SDS05BE",
      "subtopic": "Flower & Parts of Flower",
      "image_filename": "question_112.png",
      "captured": true,
      "explanation": [
        "https://d1iljb9ao69244.cloudfront.net/369753_1687835567429_20.ogg"
      ]
    },
    "question_113": {
      "question_number": 113,
      "correct_option": 1,
      "sds_id": "SDS05BF",
      "subtopic": "Flower & Parts of Flower",
      "image_filename": "question_113.png",
      "captured": true,
      "explanation": [
        "https://d1iljb9ao69244.cloudfront.net/question_explanations_341094_1668312867906.ogg"
      ]
    },
    "question_114": {
      "question_number": 114,
      "correct_option": 4,
      "sds_id": "SDS05C0",
      "subtopic": "Flower & Parts of Flower",
      "image_filename": "question_114.png",
      "captured": true,
      "explanation": [
        "https://d1iljb9ao69244.cloudfront.net/121091_1726393341207_359.ogg",
        "https://d2f8z173p7073l.cloudfront.net/1580221855328"
      ]
    },
    "question_115": {
      "question_number": 115,
      "correct_option": 4,
      "sds_id": "SDS05C1",
      "subtopic": "Flower & Parts of Flower",
      "image_filename": "question_115.png",
      "captured": true,
      "explanation": [
        "https://d1iljb9ao69244.cloudfront.net/375595_1689312283230_44.ogg"
      ]
    },
    "question_116": {
      "question_number": 116,
      "correct_option": 4,
      "sds_id": "SDS05C2",
      "subtopic": "Flower & Parts of Flower",
      "image_filename": "question_116.png",
      "captured": true,
      "explanation": [
        "https://d1iljb9ao69244.cloudfront.net/375597_1689312309022_46.ogg"
      ]
    },
    "question_117": {
      "question_number": 117,
      "correct_option": 3,
      "sds_id": "SDS05C3",
      "subtopic": "Flower & Parts of Flower",
      "image_filename": "question_117.png",
      "captured": true,
      "explanation": [
        "https://d1iljb9ao69244.cloudfront.net/450677_1714034968117_7.ogg"
      ]
    },
    "question_118": {
      "question_number": 118,
      "correct_option": 4,
      "sds_id": "SDS05C4",
      "subtopic": "Flower & Parts of Flower",
      "image_filename": "question_118.png",
      "captured": true,
      "explanation": [
        "https://d1iljb9ao69244.cloudfront.net/452057_1714294723761_7.ogg"
      ]
    },
    "question_119": {
      "question_number": 119,
      "correct_option": 1,
      "sds_id": "SDS05C5",
      "subtopic": "Flower & Parts of Flower",
      "image_filename": "question_119.png",
      "captured": true,
      "explanation": [
        "https://d1iljb9ao69244.cloudfront.net/121090_1726392817550_358.ogg",
        "https://d2f8z173p7073l.cloudfront.net/1580221818344"
      ]
    },
    "question_120": {
      "question_number": 120,
      "correct_option": 1,
      "sds_id": "SDS05C6",
      "subtopic": "Flower & Parts of Flower",
      "image_filename": "question_120.png",
      "captured": true,
      "explanation": [
        "https://d1iljb9ao69244.cloudfront.net/341093_1720177489066_4.ogg",
        "https://d1iljb9ao69244.cloudfront.net/question_explanations_341093_1668312691907.ogg"
      ]
    },
    "question_121": {
      "question_number": 121,
      "correct_option": 3,
      "sds_id": "SDS05C7",
      "subtopic": "Flower & Parts of Flower",
      "image_filename": "question_121.png",
      "captured": true,
      "explanation": [
        "https://d1iljb9ao69244.cloudfront.net/333238_1650728431489_27.ogg"
      ]
    },
    "question_122": {
      "question_number": 122,
      "correct_option": 1,
      "sds_id": "SDS05C8",
      "subtopic": "Flower & Parts of Flower",
      "image_filename": "question_122.png",
      "captured": true,
      "explanation": [
        "https://d1iljb9ao69244.cloudfront.net/438038_1712579536091_8.ogg",
        "https://d2f8z173p7073l.cloudfront.net/1712644395895"
      ]
    },
    "question_123": {
      "question_number": 123,
      "correct_option": 2,
      "sds_id": "SDS05C9",
      "subtopic": "Flower & Parts of Flower",
      "image_filename": "question_123.png",
      "captured": true,
      "explanation": [
        "https://d1iljb9ao69244.cloudfront.net/121088_1726392746923_357.ogg",
        "https://d2f8z173p7073l.cloudfront.net/1580221733412"
      ]
    },
    "question_124": {
      "question_number": 124,
      "correct_option": 4,
      "sds_id": "SDS05CA",
      "subtopic": "Modifications of Stem",
      "image_filename": "question_124.png",
      "captured": true,
      "explanation": [
        "https://d1iljb9ao69244.cloudfront.net/399743_1702450604173_13.ogg"
      ]
    },
    "question_125": {
      "question_number": 125,
      "correct_option": 3,
      "sds_id": "SDS05CB",
      "subtopic": "Modifications of Stem",
      "image_filename": "question_125.png",
      "captured": true,
      "explanation": [
        "https://d1iljb9ao69244.cloudfront.net/420435_1708416722828_12.ogg"
      ]
    },
    "question_126": {
      "question_number": 126,
      "correct_option": 4,
      "sds_id": "SDS05CC",
      "subtopic": "Modifications of Stem",
      "image_filename": "question_126.png",
      "captured": true,
      "explanation": [
        "https://d1iljb9ao69244.cloudfront.net/420519_1708423067881_44.ogg"
      ]
    },
    "question_127": {
      "question_number": 127,
      "correct_option": 1,
      "sds_id": "SDS05CD",
      "subtopic": "Modifications of Stem",
      "image_filename": "question_127.png",
      "captured": true,
      "explanation": [
        "https://d1iljb9ao69244.cloudfront.net/431593_1711172630707_17.ogg"
      ]
    },
    "question_128": {
      "question_number": 128,
      "correct_option": 2,
      "sds_id": "SDS05CE",
      "subtopic": "Modifications of Stem",
      "image_filename": "question_128.png",
      "captured": true,
      "explanation": [
        "https://d1iljb9ao69244.cloudfront.net/429572_1710821533202_7.ogg"
      ]
    },
    "question_129": {
      "question_number": 129,
      "correct_option": 3,
      "sds_id": "SDS05CF",
      "subtopic": "Modifications of Stem",
      "image_filename": "question_129.png",
      "captured": true,
      "explanation": [
        "https://d1iljb9ao69244.cloudfront.net/399747_1702450665448_17.ogg"
      ]
    },
    "question_130": {
      "question_number": 130,
      "correct_option": 2,
      "sds_id": "SDS05D0",
      "subtopic": "Modifications of Stem",
      "image_filename": "question_130.png",
      "captured": true,
      "explanation": [
        "https://d1iljb9ao69244.cloudfront.net/420440_1708690349780_14.ogg"
      ]
    }
  }
}