{
  "chapter_name": "17 Locomotion and Movement",
  "sets": {
    "Invictus": {
      "name": "Invictus",
      "path": "Invictus/",
      "questions": {
        "question_1": {
          "question_number": 1,
          "correct_option": 3,
          "sds_id": "SDS0DBF",
          "subtopic": "Introduction to Locomotion",
          "image_filename": "Invictus/question_1.png",
          "captured": true,
          "explanation": [
            "https://d2f8z173p7073l.cloudfront.net/1549077330660"
          ]
        },
        "question_2": {
          "question_number": 2,
          "correct_option": 1,
          "sds_id": "SDS0DC0",
          "subtopic": "Introduction to Locomotion",
          "image_filename": "Invictus/question_2.png",
          "captured": true,
          "explanation": [
            "https://d2f8z173p7073l.cloudfront.net/1549077516201"
          ]
        },
        "question_3": {
          "question_number": 3,
          "correct_option": 1,
          "sds_id": "SDS0DC1",
          "subtopic": "Skeletal Muscle: Basic Anatomy",
          "image_filename": "Invictus/question_3.png",
          "captured": true,
          "explanation": [
            "https://d2f8z173p7073l.cloudfront.net/1549077155322"
          ]
        },
        "question_4": {
          "question_number": 4,
          "correct_option": 4,
          "sds_id": "SDS0DC2",
          "subtopic": "Sliding Filament Theory",
          "image_filename": "Invictus/question_4.png",
          "captured": true,
          "explanation": [
            "https://d2f8z173p7073l.cloudfront.net/1548422655696"
          ]
        },
        "question_5": {
          "question_number": 5,
          "correct_option": 2,
          "sds_id": "SDS0DC3",
          "subtopic": "Sliding Filament Theory",
          "image_filename": "Invictus/question_5.png",
          "captured": true,
          "explanation": [
            "https://d2f8z173p7073l.cloudfront.net/1549077120848"
          ]
        },
        "question_6": {
          "question_number": 6,
          "correct_option": 1,
          "sds_id": "SDS0DC4",
          "subtopic": "Energy for Muscle Contraction",
          "image_filename": "Invictus/question_6.png",
          "captured": true,
          "explanation": [
            "https://d2f8z173p7073l.cloudfront.net/1548431033453"
          ]
        },
        "question_7": {
          "question_number": 7,
          "correct_option": 3,
          "sds_id": "SDS0DC5",
          "subtopic": "Muscle Contraction: Other Considerations",
          "image_filename": "Invictus/question_7.png",
          "captured": true,
          "explanation": [
            "https://d2f8z173p7073l.cloudfront.net/1548045492994"
          ]
        },
        "question_8": {
          "question_number": 8,
          "correct_option": 3,
          "sds_id": "SDS0DC6",
          "subtopic": "Muscle Contraction: Other Considerations",
          "image_filename": "Invictus/question_8.png",
          "captured": true,
          "explanation": [
            "https://d2f8z173p7073l.cloudfront.net/1548423000864"
          ]
        },
        "question_9": {
          "question_number": 9,
          "correct_option": 1,
          "sds_id": "SDS0DC7",
          "subtopic": "Muscle Contraction: Other Considerations",
          "image_filename": "Invictus/question_9.png",
          "captured": true,
          "explanation": [
            "https://d2f8z173p7073l.cloudfront.net/1548423513231"
          ]
        },
        "question_10": {
          "question_number": 10,
          "correct_option": 1,
          "sds_id": "SDS0DC8",
          "subtopic": "Muscle Contraction: Other Considerations",
          "image_filename": "Invictus/question_10.png",
          "captured": true,
          "explanation": [
            "https://d2f8z173p7073l.cloudfront.net/1549077297207"
          ]
        },
        "question_11": {
          "question_number": 11,
          "correct_option": 1,
          "sds_id": "SDS0DC9",
          "subtopic": "Muscle Contraction: Other Considerations",
          "image_filename": "Invictus/question_11.png",
          "captured": true,
          "explanation": [
            "https://d1iljb9ao69244.cloudfront.net/question_explanations_62145_1664719158383.ogg"
          ]
        },
        "question_12": {
          "question_number": 12,
          "correct_option": 4,
          "sds_id": "SDS0DCA",
          "subtopic": "Human Skeleton: Introduction, Function, Parts",
          "image_filename": "Invictus/question_12.png",
          "captured": true,
          "explanation": [
            "https://d2f8z173p7073l.cloudfront.net/1548419352684"
          ]
        },
        "question_13": {
          "question_number": 13,
          "correct_option": 3,
          "sds_id": "SDS0DCB",
          "subtopic": "Vertebral column",
          "image_filename": "Invictus/question_13.png",
          "captured": true,
          "explanation": [
            "https://d2f8z173p7073l.cloudfront.net/1548414836890"
          ]
        },
        "question_14": {
          "question_number": 14,
          "correct_option": 1,
          "sds_id": "SDS0DCC",
          "subtopic": "Vertebral column",
          "image_filename": "Invictus/question_14.png",
          "captured": true,
          "explanation": [
            "https://d2f8z173p7073l.cloudfront.net/1549077378899"
          ]
        },
        "question_15": {
          "question_number": 15,
          "correct_option": 3,
          "sds_id": "SDS0DCD",
          "subtopic": "Sternum & Ribs",
          "image_filename": "Invictus/question_15.png",
          "captured": true,
          "explanation": [
            "https://d2f8z173p7073l.cloudfront.net/1548414618776"
          ]
        },
        "question_16": {
          "question_number": 16,
          "correct_option": 3,
          "sds_id": "SDS0DCE",
          "subtopic": "Appendicular Skeleton",
          "image_filename": "Invictus/question_16.png",
          "captured": true,
          "explanation": [
            "https://d2f8z173p7073l.cloudfront.net/1585107852118"
          ]
        },
        "question_17": {
          "question_number": 17,
          "correct_option": 3,
          "sds_id": "SDS0DCF",
          "subtopic": "Appendicular Skeleton: Girdle",
          "image_filename": "Invictus/question_17.png",
          "captured": true,
          "explanation": [
            "https://d2f8z173p7073l.cloudfront.net/1548428160029"
          ]
        },
        "question_18": {
          "question_number": 18,
          "correct_option": 4,
          "sds_id": "SDS0DD0",
          "subtopic": "Fibrous & Catilaginous Joints",
          "image_filename": "Invictus/question_18.png",
          "captured": true,
          "explanation": [
            "https://d2f8z173p7073l.cloudfront.net/1548431581949"
          ]
        },
        "question_19": {
          "question_number": 19,
          "correct_option": 2,
          "sds_id": "SDS0DD1",
          "subtopic": "Fibrous & Catilaginous Joints",
          "image_filename": "Invictus/question_19.png",
          "captured": true,
          "explanation": [
            "https://d2f8z173p7073l.cloudfront.net/1548432879499"
          ]
        },
        "question_20": {
          "question_number": 20,
          "correct_option": 4,
          "sds_id": "SDS0DD2",
          "subtopic": "Fibrous & Catilaginous Joints",
          "image_filename": "Invictus/question_20.png",
          "captured": true,
          "explanation": [
            "https://d2f8z173p7073l.cloudfront.net/1548433077360"
          ]
        },
        "question_21": {
          "question_number": 21,
          "correct_option": 4,
          "sds_id": "SDS0DD3",
          "subtopic": "Fibrous & Catilaginous Joints",
          "image_filename": "Invictus/question_21.png",
          "captured": true,
          "explanation": [
            "https://d2f8z173p7073l.cloudfront.net/1548433523599"
          ]
        },
        "question_22": {
          "question_number": 22,
          "correct_option": 4,
          "sds_id": "SDS0DD4",
          "subtopic": "Fibrous & Catilaginous Joints",
          "image_filename": "Invictus/question_22.png",
          "captured": true,
          "explanation": [
            "https://d2f8z173p7073l.cloudfront.net/1548433354215"
          ]
        },
        "question_23": {
          "question_number": 23,
          "correct_option": 2,
          "sds_id": "SDS0DD5",
          "subtopic": "Synovial Joint",
          "image_filename": "Invictus/question_23.png",
          "captured": true,
          "explanation": [
            "https://d2f8z173p7073l.cloudfront.net/1548429702362"
          ]
        },
        "question_24": {
          "question_number": 24,
          "correct_option": 1,
          "sds_id": "SDS0DD6",
          "subtopic": "Synovial Joint",
          "image_filename": "Invictus/question_24.png",
          "captured": true,
          "explanation": [
            "https://d2f8z173p7073l.cloudfront.net/1549077456563"
          ]
        },
        "question_25": {
          "question_number": 25,
          "correct_option": 3,
          "sds_id": "SDS0DD7",
          "subtopic": "Synovial Joint",
          "image_filename": "Invictus/question_25.png",
          "captured": true,
          "explanation": [
            "https://d2f8z173p7073l.cloudfront.net/1548429774227"
          ]
        },
        "question_26": {
          "question_number": 26,
          "correct_option": 2,
          "sds_id": "SDS0DD8",
          "subtopic": "Synovial Joint",
          "image_filename": "Invictus/question_26.png",
          "captured": true,
          "explanation": [
            "https://d2f8z173p7073l.cloudfront.net/1548433639154"
          ]
        },
        "question_27": {
          "question_number": 27,
          "correct_option": 2,
          "sds_id": "SDS0DD9",
          "subtopic": "Disorders of Muscular and Skeletal System",
          "image_filename": "Invictus/question_27.png",
          "captured": true,
          "explanation": [
            "https://d2f8z173p7073l.cloudfront.net/1548430560223"
          ]
        },
        "question_28": {
          "question_number": 28,
          "correct_option": 1,
          "sds_id": "SDS0DDA",
          "subtopic": "Disorders of Muscular and Skeletal System",
          "image_filename": "Invictus/question_28.png",
          "captured": true,
          "explanation": [
            "https://d2f8z173p7073l.cloudfront.net/1548431720188"
          ]
        }
      }
    },
    "Locomotion & Movement (114 MCQs)": {
      "name": "Locomotion & Movement (114 MCQs)",
      "path": "Locomotion & Movement (114 MCQs)/",
      "questions": {
        "question_1": {
          "question_number": 1,
          "correct_option": 2,
          "sds_id": "SDS0D3C",
          "subtopic": "Introduction to Locomotion",
          "image_filename": "Locomotion & Movement (114 MCQs)/question_1.png",
          "captured": true,
          "explanation": [
            "https://d1iljb9ao69244.cloudfront.net/386226_1695969263779_1.ogg"
          ]
        },
        "question_2": {
          "question_number": 2,
          "correct_option": 4,
          "sds_id": "SDS0D3D",
          "subtopic": "Introduction to Locomotion",
          "image_filename": "Locomotion & Movement (114 MCQs)/question_2.png",
          "captured": true,
          "explanation": [
            "https://d1iljb9ao69244.cloudfront.net/127288_1727155616187_668.ogg",
            "https://d2f8z173p7073l.cloudfront.net/1585109712816"
          ]
        },
        "question_3": {
          "question_number": 3,
          "correct_option": 3,
          "sds_id": "SDS0D3E",
          "subtopic": "Introduction to Locomotion",
          "image_filename": "Locomotion & Movement (114 MCQs)/question_3.png",
          "captured": true,
          "explanation": [
            "https://d1iljb9ao69244.cloudfront.net/308382_1722659243303_50.ogg",
            "https://d1iljb9ao69244.cloudfront.net/308382_1639592658391_27.ogg"
          ]
        },
        "question_4": {
          "question_number": 4,
          "correct_option": 4,
          "sds_id": "SDS0D3F",
          "subtopic": "Introduction to Locomotion",
          "image_filename": "Locomotion & Movement (114 MCQs)/question_4.png",
          "captured": true,
          "explanation": [
            "https://d1iljb9ao69244.cloudfront.net/402847_1703757190875_64.ogg"
          ]
        },
        "question_5": {
          "question_number": 5,
          "correct_option": 4,
          "sds_id": "SDS0D40",
          "subtopic": "Introduction to Locomotion",
          "image_filename": "Locomotion & Movement (114 MCQs)/question_5.png",
          "captured": true,
          "explanation": [
            "https://d1iljb9ao69244.cloudfront.net/386228_1695969353687_2.ogg"
          ]
        },
        "question_6": {
          "question_number": 6,
          "correct_option": 2,
          "sds_id": "SDS0D41",
          "subtopic": "Introduction to Locomotion",
          "image_filename": "Locomotion & Movement (114 MCQs)/question_6.png",
          "captured": true,
          "explanation": [
            "https://d1iljb9ao69244.cloudfront.net/386230_1697545953498_32.ogg"
          ]
        },
        "question_7": {
          "question_number": 7,
          "correct_option": 1,
          "sds_id": "SDS0D42",
          "subtopic": "Introduction to Locomotion",
          "image_filename": "Locomotion & Movement (114 MCQs)/question_7.png",
          "captured": true,
          "explanation": [
            "https://d1iljb9ao69244.cloudfront.net/62993_1724929675146_120.ogg",
            "https://d2f8z173p7073l.cloudfront.net/1549076710424"
          ]
        },
        "question_8": {
          "question_number": 8,
          "correct_option": 2,
          "sds_id": "SDS0D43",
          "subtopic": "Skeletal Muscle: Basic Anatomy",
          "image_filename": "Locomotion & Movement (114 MCQs)/question_8.png",
          "captured": true,
          "explanation": [
            "https://d1iljb9ao69244.cloudfront.net/413000_1706511096881_84.ogg"
          ]
        },
        "question_9": {
          "question_number": 9,
          "correct_option": 2,
          "sds_id": "SDS0D44",
          "subtopic": "Skeletal Muscle: Basic Anatomy",
          "image_filename": "Locomotion & Movement (114 MCQs)/question_9.png",
          "captured": true,
          "explanation": [
            "https://d1iljb9ao69244.cloudfront.net/question_explanations_346363_1669195288746.ogg"
          ]
        },
        "question_10": {
          "question_number": 10,
          "correct_option": 1,
          "sds_id": "SDS0D45",
          "subtopic": "Skeletal Muscle: Basic Anatomy",
          "image_filename": "Locomotion & Movement (114 MCQs)/question_10.png",
          "captured": true,
          "explanation": [
            "https://d1iljb9ao69244.cloudfront.net/127240_1727010060889_648.ogg",
            "https://d2f8z173p7073l.cloudfront.net/1585107140424"
          ]
        },
        "question_11": {
          "question_number": 11,
          "correct_option": 2,
          "sds_id": "SDS0D46",
          "subtopic": "Skeletal Muscle: Basic Anatomy",
          "image_filename": "Locomotion & Movement (114 MCQs)/question_11.png",
          "captured": true,
          "explanation": [
            "https://d1iljb9ao69244.cloudfront.net/420585_1708423936062_70.ogg"
          ]
        },
        "question_12": {
          "question_number": 12,
          "correct_option": 3,
          "sds_id": "SDS0D47",
          "subtopic": "Skeletal Muscle: Basic Anatomy",
          "image_filename": "Locomotion & Movement (114 MCQs)/question_12.png",
          "captured": true,
          "explanation": [
            "https://d1iljb9ao69244.cloudfront.net/450775_1714046459813_39.ogg"
          ]
        },
        "question_13": {
          "question_number": 13,
          "correct_option": 1,
          "sds_id": "SDS0D48",
          "subtopic": "Skeletal Muscle: Basic Anatomy",
          "image_filename": "Locomotion & Movement (114 MCQs)/question_13.png",
          "captured": true,
          "explanation": [
            "https://d1iljb9ao69244.cloudfront.net/127383_1727271770866_712.ogg",
            "https://d2f8z173p7073l.cloudfront.net/1585108454023"
          ]
        },
        "question_14": {
          "question_number": 14,
          "correct_option": 4,
          "sds_id": "SDS0D49",
          "subtopic": "Skeletal Muscle: Basic Anatomy",
          "image_filename": "Locomotion & Movement (114 MCQs)/question_14.png",
          "captured": true,
          "explanation": [
            "https://d1iljb9ao69244.cloudfront.net/453609_1714479917354_25.ogg"
          ]
        },
        "question_15": {
          "question_number": 15,
          "correct_option": 2,
          "sds_id": "SDS0D4A",
          "subtopic": "Skeletal Muscle: Basic Anatomy",
          "image_filename": "Locomotion & Movement (114 MCQs)/question_15.png",
          "captured": true,
          "explanation": [
            "https://d1iljb9ao69244.cloudfront.net/402849_1703757228886_66.ogg"
          ]
        },
        "question_16": {
          "question_number": 16,
          "correct_option": 4,
          "sds_id": "SDS0D4B",
          "subtopic": "Skeletal Muscle: Basic Anatomy",
          "image_filename": "Locomotion & Movement (114 MCQs)/question_16.png",
          "captured": true,
          "explanation": [
            "https://d1iljb9ao69244.cloudfront.net/386237_1695969666282_10.ogg"
          ]
        },
        "question_17": {
          "question_number": 17,
          "correct_option": 3,
          "sds_id": "SDS0D4C",
          "subtopic": "Skeletal Muscle: Basic Anatomy",
          "image_filename": "Locomotion & Movement (114 MCQs)/question_17.png",
          "captured": true,
          "explanation": [
            "https://d1iljb9ao69244.cloudfront.net/question_explanations_346364_1669195369762.ogg"
          ]
        },
        "question_18": {
          "question_number": 18,
          "correct_option": 2,
          "sds_id": "SDS0D4D",
          "subtopic": "Skeletal Muscle: Basic Anatomy",
          "image_filename": "Locomotion & Movement (114 MCQs)/question_18.png",
          "captured": true,
          "explanation": [
            "https://d1iljb9ao69244.cloudfront.net/127250_1727099863211_654.ogg",
            "https://d2f8z173p7073l.cloudfront.net/1585109123730"
          ]
        },
        "question_19": {
          "question_number": 19,
          "correct_option": 2,
          "sds_id": "SDS0D4E",
          "subtopic": "Skeletal Muscle: Myofilaments",
          "image_filename": "Locomotion & Movement (114 MCQs)/question_19.png",
          "captured": true,
          "explanation": [
            "https://d1iljb9ao69244.cloudfront.net/question_explanations_335751_1653054559247.ogg"
          ]
        },
        "question_20": {
          "question_number": 20,
          "correct_option": 4,
          "sds_id": "SDS0D4F",
          "subtopic": "Skeletal Muscle: Myofilaments",
          "image_filename": "Locomotion & Movement (114 MCQs)/question_20.png",
          "captured": true,
          "explanation": [
            "https://d1iljb9ao69244.cloudfront.net/127299_1727155683214_673.ogg",
            "https://d2f8z173p7073l.cloudfront.net/1585109670163"
          ]
        },
        "question_21": {
          "question_number": 21,
          "correct_option": 3,
          "sds_id": "SDS0D50",
          "subtopic": "Skeletal Muscle: Myofilaments",
          "image_filename": "Locomotion & Movement (114 MCQs)/question_21.png",
          "captured": true,
          "explanation": [
            "https://d1iljb9ao69244.cloudfront.net/386247_1695970836938_16.ogg"
          ]
        },
        "question_22": {
          "question_number": 22,
          "correct_option": 1,
          "sds_id": "SDS0D51",
          "subtopic": "Skeletal Muscle: Myofilaments",
          "image_filename": "Locomotion & Movement (114 MCQs)/question_22.png",
          "captured": true,
          "explanation": [
            "https://d1iljb9ao69244.cloudfront.net/420586_1709201728070_70.ogg"
          ]
        },
        "question_23": {
          "question_number": 23,
          "correct_option": 1,
          "sds_id": "SDS0D52",
          "subtopic": "Skeletal Muscle: Myofilaments",
          "image_filename": "Locomotion & Movement (114 MCQs)/question_23.png",
          "captured": true,
          "explanation": [
            "https://d1iljb9ao69244.cloudfront.net/443109_1712904479973_50.ogg"
          ]
        },
        "question_24": {
          "question_number": 24,
          "correct_option": 3,
          "sds_id": "SDS0D53",
          "subtopic": "Skeletal Muscle: Sarcomere",
          "image_filename": "Locomotion & Movement (114 MCQs)/question_24.png",
          "captured": true,
          "explanation": [
            "https://d1iljb9ao69244.cloudfront.net/127374_1727271520450_706.ogg",
            "https://d2f8z173p7073l.cloudfront.net/1585108688255"
          ]
        },
        "question_25": {
          "question_number": 25,
          "correct_option": 3,
          "sds_id": "SDS0D54",
          "subtopic": "Skeletal Muscle: Sarcomere",
          "image_filename": "Locomotion & Movement (114 MCQs)/question_25.png",
          "captured": true,
          "explanation": [
            "https://d1iljb9ao69244.cloudfront.net/62129_1724851418007_94.ogg",
            "https://d2f8z173p7073l.cloudfront.net/1548422412724"
          ]
        },
        "question_26": {
          "question_number": 26,
          "correct_option": 4,
          "sds_id": "SDS0D55",
          "subtopic": "Skeletal Muscle: Sarcomere",
          "image_filename": "Locomotion & Movement (114 MCQs)/question_26.png",
          "captured": true,
          "explanation": [
            "https://d1iljb9ao69244.cloudfront.net/386238_1697546050781_35.ogg"
          ]
        },
        "question_27": {
          "question_number": 27,
          "correct_option": 4,
          "sds_id": "SDS0D56",
          "subtopic": "Skeletal Muscle: Sarcomere",
          "image_filename": "Locomotion & Movement (114 MCQs)/question_27.png",
          "captured": true,
          "explanation": [
            "https://d1iljb9ao69244.cloudfront.net/386241_1697546085862_36.ogg"
          ]
        },
        "question_28": {
          "question_number": 28,
          "correct_option": 3,
          "sds_id": "SDS0D57",
          "subtopic": "Skeletal Muscle: Sarcomere",
          "image_filename": "Locomotion & Movement (114 MCQs)/question_28.png",
          "captured": true,
          "explanation": [
            "https://d1iljb9ao69244.cloudfront.net/127377_1722658195712_19.ogg",
            "https://d2f8z173p7073l.cloudfront.net/1585108379134"
          ]
        },
        "question_29": {
          "question_number": 29,
          "correct_option": 3,
          "sds_id": "SDS0D58",
          "subtopic": "Skeletal Muscle: Sarcomere",
          "image_filename": "Locomotion & Movement (114 MCQs)/question_29.png",
          "captured": true,
          "explanation": [
            "https://d1iljb9ao69244.cloudfront.net/62144_1724851539067_97.ogg",
            "https://d2f8z173p7073l.cloudfront.net/1548423344193"
          ]
        },
        "question_30": {
          "question_number": 30,
          "correct_option": 4,
          "sds_id": "SDS0D59",
          "subtopic": "Skeletal Muscle: Sarcomere",
          "image_filename": "Locomotion & Movement (114 MCQs)/question_30.png",
          "captured": true,
          "explanation": [
            "https://d1iljb9ao69244.cloudfront.net/62163_1724851565186_99.ogg",
            "https://d2f8z173p7073l.cloudfront.net/1548429928307"
          ]
        },
        "question_31": {
          "question_number": 31,
          "correct_option": 4,
          "sds_id": "SDS0D5A",
          "subtopic": "Skeletal Muscle: Sarcomere",
          "image_filename": "Locomotion & Movement (114 MCQs)/question_31.png",
          "captured": true,
          "explanation": [
            "https://d1iljb9ao69244.cloudfront.net/question_explanations_346365_1669211061124.ogg"
          ]
        },
        "question_32": {
          "question_number": 32,
          "correct_option": 1,
          "sds_id": "SDS0D5B",
          "subtopic": "Skeletal Muscle: Sarcomere",
          "image_filename": "Locomotion & Movement (114 MCQs)/question_32.png",
          "captured": true,
          "explanation": [
            "https://d1iljb9ao69244.cloudfront.net/386243_1695970755935_14.ogg"
          ]
        },
        "question_33": {
          "question_number": 33,
          "correct_option": 3,
          "sds_id": "SDS0D5C",
          "subtopic": "Skeletal Muscle: Sarcomere",
          "image_filename": "Locomotion & Movement (114 MCQs)/question_33.png",
          "captured": true,
          "explanation": [
            "https://d1iljb9ao69244.cloudfront.net/392596_1697798412306_17.ogg"
          ]
        },
        "question_34": {
          "question_number": 34,
          "correct_option": 2,
          "sds_id": "SDS0D5D",
          "subtopic": "Skeletal Muscle: Sarcomere",
          "image_filename": "Locomotion & Movement (114 MCQs)/question_34.png",
          "captured": true,
          "explanation": [
            "https://d1iljb9ao69244.cloudfront.net/question_explanations_346367_1669341874114.ogg"
          ]
        },
        "question_35": {
          "question_number": 35,
          "correct_option": 2,
          "sds_id": "SDS0D5E",
          "subtopic": "Skeletal Muscle: Sarcomere",
          "image_filename": "Locomotion & Movement (114 MCQs)/question_35.png",
          "captured": true,
          "explanation": [
            "https://d1iljb9ao69244.cloudfront.net/386263_1697546349685_44.ogg"
          ]
        },
        "question_36": {
          "question_number": 36,
          "correct_option": 3,
          "sds_id": "SDS0D5F",
          "subtopic": "Sliding Filament Theory",
          "image_filename": "Locomotion & Movement (114 MCQs)/question_36.png",
          "captured": true,
          "explanation": [
            "https://d1iljb9ao69244.cloudfront.net/127379_1727271695603_710.ogg",
            "https://d2f8z173p7073l.cloudfront.net/1585109198404"
          ]
        },
        "question_37": {
          "question_number": 37,
          "correct_option": 2,
          "sds_id": "SDS0D60",
          "subtopic": "Sliding Filament Theory",
          "image_filename": "Locomotion & Movement (114 MCQs)/question_37.png",
          "captured": true,
          "explanation": [
            "https://d1iljb9ao69244.cloudfront.net/127386_1727271899674_714.ogg",
            "https://d2f8z173p7073l.cloudfront.net/1585107485825"
          ]
        },
        "question_38": {
          "question_number": 38,
          "correct_option": 3,
          "sds_id": "SDS0D61",
          "subtopic": "Sliding Filament Theory",
          "image_filename": "Locomotion & Movement (114 MCQs)/question_38.png",
          "captured": true,
          "explanation": [
            "https://d1iljb9ao69244.cloudfront.net/386250_1697546181318_39.ogg"
          ]
        },
        "question_39": {
          "question_number": 39,
          "correct_option": 1,
          "sds_id": "SDS0D62",
          "subtopic": "Sliding Filament Theory",
          "image_filename": "Locomotion & Movement (114 MCQs)/question_39.png",
          "captured": true,
          "explanation": [
            "https://d1iljb9ao69244.cloudfront.net/412998_1706511080880_83.ogg"
          ]
        },
        "question_40": {
          "question_number": 40,
          "correct_option": 1,
          "sds_id": "SDS0D63",
          "subtopic": "Sliding Filament Theory",
          "image_filename": "Locomotion & Movement (114 MCQs)/question_40.png",
          "captured": true,
          "explanation": [
            "https://d1iljb9ao69244.cloudfront.net/386253_1697546212000_40.ogg"
          ]
        },
        "question_41": {
          "question_number": 41,
          "correct_option": 1,
          "sds_id": "SDS0D64",
          "subtopic": "Sliding Filament Theory",
          "image_filename": "Locomotion & Movement (114 MCQs)/question_41.png",
          "captured": true,
          "explanation": [
            "https://d2f8z173p7073l.cloudfront.net/1589873410615"
          ]
        },
        "question_42": {
          "question_number": 42,
          "correct_option": 3,
          "sds_id": "SDS0D65",
          "subtopic": "Sliding Filament Theory",
          "image_filename": "Locomotion & Movement (114 MCQs)/question_42.png",
          "captured": true,
          "explanation": [
            "https://d1iljb9ao69244.cloudfront.net/386254_1695970956505_21.ogg"
          ]
        },
        "question_43": {
          "question_number": 43,
          "correct_option": 3,
          "sds_id": "SDS0D66",
          "subtopic": "Sliding Filament Theory",
          "image_filename": "Locomotion & Movement (114 MCQs)/question_43.png",
          "captured": true,
          "explanation": [
            "https://d1iljb9ao69244.cloudfront.net/62202_1724928789825_101.ogg",
            "https://d2f8z173p7073l.cloudfront.net/1548431753225"
          ]
        },
        "question_44": {
          "question_number": 44,
          "correct_option": 1,
          "sds_id": "SDS0D67",
          "subtopic": "Sliding Filament Theory",
          "image_filename": "Locomotion & Movement (114 MCQs)/question_44.png",
          "captured": true,
          "explanation": [
            "https://d1iljb9ao69244.cloudfront.net/386257_1695970993710_23.ogg"
          ]
        },
        "question_45": {
          "question_number": 45,
          "correct_option": 3,
          "sds_id": "SDS0D68",
          "subtopic": "Sliding Filament Theory",
          "image_filename": "Locomotion & Movement (114 MCQs)/question_45.png",
          "captured": true,
          "explanation": [
            "https://d1iljb9ao69244.cloudfront.net/127384_1727271821666_713.ogg",
            "https://d2f8z173p7073l.cloudfront.net/1585108610128"
          ]
        },
        "question_46": {
          "question_number": 46,
          "correct_option": 3,
          "sds_id": "SDS0D69",
          "subtopic": "Sliding Filament Theory",
          "image_filename": "Locomotion & Movement (114 MCQs)/question_46.png",
          "captured": true,
          "explanation": [
            "https://d1iljb9ao69244.cloudfront.net/127388_1727271961606_715.ogg",
            "https://d2f8z173p7073l.cloudfront.net/1585109290405",
            "https://dsbihjlymzdyy.cloudfront.net/bio_images/all/Diagrams%20in%20Svg%20form%2FLocomotion%20and%20Movements%2F127388.svg.svg"
          ]
        },
        "question_47": {
          "question_number": 47,
          "correct_option": 4,
          "sds_id": "SDS0D6A",
          "subtopic": "Sliding Filament Theory",
          "image_filename": "Locomotion & Movement (114 MCQs)/question_47.png",
          "captured": true,
          "explanation": [
            "https://d1iljb9ao69244.cloudfront.net/62204_1724928804636_102.ogg",
            "https://d2f8z173p7073l.cloudfront.net/1548432615964"
          ]
        },
        "question_48": {
          "question_number": 48,
          "correct_option": 4,
          "sds_id": "SDS0D6B",
          "subtopic": "Sliding Filament Theory",
          "image_filename": "Locomotion & Movement (114 MCQs)/question_48.png",
          "captured": true,
          "explanation": [
            "https://d1iljb9ao69244.cloudfront.net/386259_1697546294016_42.ogg"
          ]
        },
        "question_49": {
          "question_number": 49,
          "correct_option": 3,
          "sds_id": "SDS0D6C",
          "subtopic": "Sliding Filament Theory",
          "image_filename": "Locomotion & Movement (114 MCQs)/question_49.png",
          "captured": true,
          "explanation": [
            "https://d1iljb9ao69244.cloudfront.net/386260_1697546322553_43.ogg"
          ]
        },
        "question_50": {
          "question_number": 50,
          "correct_option": 3,
          "sds_id": "SDS0D6D",
          "subtopic": "Sliding Filament Theory",
          "image_filename": "Locomotion & Movement (114 MCQs)/question_50.png",
          "captured": true,
          "explanation": [
            "https://d1iljb9ao69244.cloudfront.net/392599_1697798501206_20.ogg"
          ]
        },
        "question_51": {
          "question_number": 51,
          "correct_option": 4,
          "sds_id": "SDS0D6E",
          "subtopic": "Sliding Filament Theory",
          "image_filename": "Locomotion & Movement (114 MCQs)/question_51.png",
          "captured": true,
          "explanation": [
            "https://d1iljb9ao69244.cloudfront.net/127380_1722658527795_23.ogg",
            "https://d2f8z173p7073l.cloudfront.net/1585108311796"
          ]
        },
        "question_52": {
          "question_number": 52,
          "correct_option": 3,
          "sds_id": "SDS0D6F",
          "subtopic": "Sliding Filament Theory",
          "image_filename": "Locomotion & Movement (114 MCQs)/question_52.png",
          "captured": true,
          "explanation": [
            "https://d1iljb9ao69244.cloudfront.net/386255_1697546265845_41.ogg"
          ]
        },
        "question_53": {
          "question_number": 53,
          "correct_option": 1,
          "sds_id": "SDS0D70",
          "subtopic": "Energy for Muscle Contraction",
          "image_filename": "Locomotion & Movement (114 MCQs)/question_53.png",
          "captured": true,
          "explanation": [
            "https://d1iljb9ao69244.cloudfront.net/127237_1727010006756_647.ogg",
            "https://d2f8z173p7073l.cloudfront.net/1585107386563"
          ]
        },
        "question_54": {
          "question_number": 54,
          "correct_option": 3,
          "sds_id": "SDS0D71",
          "subtopic": "Muscle Contraction: Other Considerations",
          "image_filename": "Locomotion & Movement (114 MCQs)/question_54.png",
          "captured": true,
          "explanation": [
            "https://d1iljb9ao69244.cloudfront.net/127243_1727010219548_650.ogg",
            "https://d2f8z173p7073l.cloudfront.net/1585107324163"
          ]
        },
        "question_55": {
          "question_number": 55,
          "correct_option": 4,
          "sds_id": "SDS0D72",
          "subtopic": "Muscle Contraction: Other Considerations",
          "image_filename": "Locomotion & Movement (114 MCQs)/question_55.png",
          "captured": true,
          "explanation": [
            "https://d1iljb9ao69244.cloudfront.net/127375_1727271573518_707.ogg",
            "https://d2f8z173p7073l.cloudfront.net/1585108273331"
          ]
        },
        "question_56": {
          "question_number": 56,
          "correct_option": 4,
          "sds_id": "SDS0D73",
          "subtopic": "Muscle Contraction: Other Considerations",
          "image_filename": "Locomotion & Movement (114 MCQs)/question_56.png",
          "captured": true,
          "explanation": [
            "https://d1iljb9ao69244.cloudfront.net/420617_1708425358737_96.ogg"
          ]
        },
        "question_57": {
          "question_number": 57,
          "correct_option": 1,
          "sds_id": "SDS0D74",
          "subtopic": "Muscle Contraction: Other Considerations",
          "image_filename": "Locomotion & Movement (114 MCQs)/question_57.png",
          "captured": true,
          "explanation": [
            "https://d1iljb9ao69244.cloudfront.net/386261_1695971124095_27.ogg"
          ]
        },
        "question_58": {
          "question_number": 58,
          "correct_option": 2,
          "sds_id": "SDS0D75",
          "subtopic": "Human Skeleton: Introduction, Function, Parts",
          "image_filename": "Locomotion & Movement (114 MCQs)/question_58.png",
          "captured": true,
          "explanation": [
            "https://d1iljb9ao69244.cloudfront.net/question_explanations_346370_1669300679204.ogg"
          ]
        },
        "question_59": {
          "question_number": 59,
          "correct_option": 2,
          "sds_id": "SDS0D76",
          "subtopic": "Number of Bone in Axial Skeleton",
          "image_filename": "Locomotion & Movement (114 MCQs)/question_59.png",
          "captured": true,
          "explanation": [
            "https://d1iljb9ao69244.cloudfront.net/386265_1697546381770_45.ogg"
          ]
        },
        "question_60": {
          "question_number": 60,
          "correct_option": 1,
          "sds_id": "SDS0D77",
          "subtopic": "Vertebral column",
          "image_filename": "Locomotion & Movement (114 MCQs)/question_60.png",
          "captured": true,
          "explanation": [
            "https://d1iljb9ao69244.cloudfront.net/62083_1724851285268_90.ogg",
            "https://d2f8z173p7073l.cloudfront.net/1548414460279"
          ]
        },
        "question_61": {
          "question_number": 61,
          "correct_option": 1,
          "sds_id": "SDS0D78",
          "subtopic": "Vertebral column",
          "image_filename": "Locomotion & Movement (114 MCQs)/question_61.png",
          "captured": true,
          "explanation": [
            "https://d1iljb9ao69244.cloudfront.net/62121_1722658065428_12.ogg",
            "https://d2f8z173p7073l.cloudfront.net/1548422029165"
          ]
        },
        "question_62": {
          "question_number": 62,
          "correct_option": 4,
          "sds_id": "SDS0D79",
          "subtopic": "Vertebral column",
          "image_filename": "Locomotion & Movement (114 MCQs)/question_62.png",
          "captured": true,
          "explanation": [
            "https://d1iljb9ao69244.cloudfront.net/question_explanations_346371_1669342301434.ogg"
          ]
        },
        "question_63": {
          "question_number": 63,
          "correct_option": 4,
          "sds_id": "SDS0D7A",
          "subtopic": "Vertebral column",
          "image_filename": "Locomotion & Movement (114 MCQs)/question_63.png",
          "captured": true,
          "explanation": [
            "https://d1iljb9ao69244.cloudfront.net/402871_1703757991022_80.ogg"
          ]
        },
        "question_64": {
          "question_number": 64,
          "correct_option": 3,
          "sds_id": "SDS0D7B",
          "subtopic": "Vertebral column",
          "image_filename": "Locomotion & Movement (114 MCQs)/question_64.png",
          "captured": true,
          "explanation": [
            "https://d1iljb9ao69244.cloudfront.net/448237_1713525577090_47.ogg"
          ]
        },
        "question_65": {
          "question_number": 65,
          "correct_option": 3,
          "sds_id": "SDS0D7C",
          "subtopic": "Sternum & Ribs",
          "image_filename": "Locomotion & Movement (114 MCQs)/question_65.png",
          "captured": true,
          "explanation": [
            "https://d1iljb9ao69244.cloudfront.net/question_explanations_346372_1671878005239.ogg"
          ]
        },
        "question_66": {
          "question_number": 66,
          "correct_option": 3,
          "sds_id": "SDS0D7D",
          "subtopic": "Sternum & Ribs",
          "image_filename": "Locomotion & Movement (114 MCQs)/question_66.png",
          "captured": true,
          "explanation": [
            "https://d1iljb9ao69244.cloudfront.net/412969_1706508010745_60.ogg"
          ]
        },
        "question_67": {
          "question_number": 67,
          "correct_option": 4,
          "sds_id": "SDS0D7E",
          "subtopic": "Sternum & Ribs",
          "image_filename": "Locomotion & Movement (114 MCQs)/question_67.png",
          "captured": true,
          "explanation": [
            "https://d1iljb9ao69244.cloudfront.net/386280_1697546487147_49.ogg"
          ]
        },
        "question_68": {
          "question_number": 68,
          "correct_option": 4,
          "sds_id": "SDS0D7F",
          "subtopic": "Sternum & Ribs",
          "image_filename": "Locomotion & Movement (114 MCQs)/question_68.png",
          "captured": true,
          "explanation": [
            "https://d1iljb9ao69244.cloudfront.net/question_explanations_346375_1671274831141.ogg"
          ]
        },
        "question_69": {
          "question_number": 69,
          "correct_option": 2,
          "sds_id": "SDS0D80",
          "subtopic": "Appendicular Skeleton: Upper Limb",
          "image_filename": "Locomotion & Movement (114 MCQs)/question_69.png",
          "captured": true,
          "explanation": [
            "https://d1iljb9ao69244.cloudfront.net/question_explanations_346373_1669195466686.ogg"
          ]
        },
        "question_70": {
          "question_number": 70,
          "correct_option": 1,
          "sds_id": "SDS0D81",
          "subtopic": "Appendicular Skeleton: Upper Limb",
          "image_filename": "Locomotion & Movement (114 MCQs)/question_70.png",
          "captured": true,
          "explanation": [
            "https://d1iljb9ao69244.cloudfront.net/question_explanations_346374_1669195532702.ogg"
          ]
        },
        "question_71": {
          "question_number": 71,
          "correct_option": 3,
          "sds_id": "SDS0D82",
          "subtopic": "Appendicular Skeleton",
          "image_filename": "Locomotion & Movement (114 MCQs)/question_71.png",
          "captured": true,
          "explanation": [
            "https://d1iljb9ao69244.cloudfront.net/386285_1695972099678_40.ogg"
          ]
        },
        "question_72": {
          "question_number": 72,
          "correct_option": 3,
          "sds_id": "SDS0D83",
          "subtopic": "Appendicular Skeleton",
          "image_filename": "Locomotion & Movement (114 MCQs)/question_72.png",
          "captured": true,
          "explanation": [
            "https://d1iljb9ao69244.cloudfront.net/127391_1727272091202_717.ogg",
            "https://d2f8z173p7073l.cloudfront.net/1585108776972"
          ]
        },
        "question_73": {
          "question_number": 73,
          "correct_option": 1,
          "sds_id": "SDS0D84",
          "subtopic": "Appendicular Skeleton",
          "image_filename": "Locomotion & Movement (114 MCQs)/question_73.png",
          "captured": true,
          "explanation": [
            "https://d1iljb9ao69244.cloudfront.net/question_explanations_346376_1669194575563.ogg"
          ]
        },
        "question_74": {
          "question_number": 74,
          "correct_option": 4,
          "sds_id": "SDS0D85",
          "subtopic": "Appendicular Skeleton",
          "image_filename": "Locomotion & Movement (114 MCQs)/question_74.png",
          "captured": true,
          "explanation": [
            "https://d1iljb9ao69244.cloudfront.net/386288_1695972151084_42.ogg"
          ]
        },
        "question_75": {
          "question_number": 75,
          "correct_option": 1,
          "sds_id": "SDS0D86",
          "subtopic": "Appendicular Skeleton",
          "image_filename": "Locomotion & Movement (114 MCQs)/question_75.png",
          "captured": true,
          "explanation": [
            "https://d1iljb9ao69244.cloudfront.net/question_explanations_346377_1669194648474.ogg"
          ]
        },
        "question_76": {
          "question_number": 76,
          "correct_option": 3,
          "sds_id": "SDS0D87",
          "subtopic": "Appendicular Skeleton",
          "image_filename": "Locomotion & Movement (114 MCQs)/question_76.png",
          "captured": true,
          "explanation": [
            "https://d1iljb9ao69244.cloudfront.net/386296_1695972239953_45.ogg"
          ]
        },
        "question_77": {
          "question_number": 77,
          "correct_option": 3,
          "sds_id": "SDS0D88",
          "subtopic": "Appendicular Skeleton",
          "image_filename": "Locomotion & Movement (114 MCQs)/question_77.png",
          "captured": true,
          "explanation": [
            "https://d1iljb9ao69244.cloudfront.net/question_explanations_346378_1669300849558.ogg"
          ]
        },
        "question_78": {
          "question_number": 78,
          "correct_option": 3,
          "sds_id": "SDS0D89",
          "subtopic": "Appendicular Skeleton: Girdle",
          "image_filename": "Locomotion & Movement (114 MCQs)/question_78.png",
          "captured": true,
          "explanation": [
            "https://d1iljb9ao69244.cloudfront.net/62095_1724851401149_92.ogg",
            "https://d2f8z173p7073l.cloudfront.net/1548414904410"
          ]
        },
        "question_79": {
          "question_number": 79,
          "correct_option": 1,
          "sds_id": "SDS0D8A",
          "subtopic": "Fibrous & Catilaginous Joints",
          "image_filename": "Locomotion & Movement (114 MCQs)/question_79.png",
          "captured": true,
          "explanation": [
            "https://d1iljb9ao69244.cloudfront.net/question_explanations_346381_1671949099279.ogg",
            "https://d2f8z173p7073l.cloudfront.net/1671948956992"
          ]
        },
        "question_80": {
          "question_number": 80,
          "correct_option": 2,
          "sds_id": "SDS0D8B",
          "subtopic": "Fibrous & Catilaginous Joints",
          "image_filename": "Locomotion & Movement (114 MCQs)/question_80.png",
          "captured": true,
          "explanation": [
            "https://d1iljb9ao69244.cloudfront.net/62151_1724851551322_98.ogg",
            "https://d2f8z173p7073l.cloudfront.net/1548424051531"
          ]
        },
        "question_81": {
          "question_number": 81,
          "correct_option": 4,
          "sds_id": "SDS0D8C",
          "subtopic": "Fibrous & Catilaginous Joints",
          "image_filename": "Locomotion & Movement (114 MCQs)/question_81.png",
          "captured": true,
          "explanation": [
            "https://d2f8z173p7073l.cloudfront.net/1548433871256"
          ]
        },
        "question_82": {
          "question_number": 82,
          "correct_option": 2,
          "sds_id": "SDS0D8D",
          "subtopic": "Fibrous & Catilaginous Joints",
          "image_filename": "Locomotion & Movement (114 MCQs)/question_82.png",
          "captured": true,
          "explanation": [
            "https://d1iljb9ao69244.cloudfront.net/402869_1703757974270_79.ogg"
          ]
        },
        "question_83": {
          "question_number": 83,
          "correct_option": 1,
          "sds_id": "SDS0D8E",
          "subtopic": "Synovial Joint",
          "image_filename": "Locomotion & Movement (114 MCQs)/question_83.png",
          "captured": true,
          "explanation": [
            "https://d1iljb9ao69244.cloudfront.net/127415_1727272231843_719.ogg",
            "https://d2f8z173p7073l.cloudfront.net/1585109492320"
          ]
        },
        "question_84": {
          "question_number": 84,
          "correct_option": 1,
          "sds_id": "SDS0D8F",
          "subtopic": "Synovial Joint",
          "image_filename": "Locomotion & Movement (114 MCQs)/question_84.png",
          "captured": true,
          "explanation": [
            "https://d1iljb9ao69244.cloudfront.net/127255_1727099918995_655.ogg",
            "https://d2f8z173p7073l.cloudfront.net/1585108028015"
          ]
        },
        "question_85": {
          "question_number": 85,
          "correct_option": 3,
          "sds_id": "SDS0D90",
          "subtopic": "Synovial Joint",
          "image_filename": "Locomotion & Movement (114 MCQs)/question_85.png",
          "captured": true,
          "explanation": [
            "https://d1iljb9ao69244.cloudfront.net/392601_1697798527237_21.ogg"
          ]
        },
        "question_86": {
          "question_number": 86,
          "correct_option": 1,
          "sds_id": "SDS0D91",
          "subtopic": "Synovial Joint",
          "image_filename": "Locomotion & Movement (114 MCQs)/question_86.png",
          "captured": true,
          "explanation": [
            "https://d1iljb9ao69244.cloudfront.net/386302_1697546705119_55.ogg"
          ]
        },
        "question_87": {
          "question_number": 87,
          "correct_option": 3,
          "sds_id": "SDS0D92",
          "subtopic": "Synovial Joint",
          "image_filename": "Locomotion & Movement (114 MCQs)/question_87.png",
          "captured": true,
          "explanation": [
            "https://d1iljb9ao69244.cloudfront.net/127246_1727099773540_652.ogg",
            "https://d2f8z173p7073l.cloudfront.net/1585108120894"
          ]
        },
        "question_88": {
          "question_number": 88,
          "correct_option": 1,
          "sds_id": "SDS0D93",
          "subtopic": "Synovial Joint",
          "image_filename": "Locomotion & Movement (114 MCQs)/question_88.png",
          "captured": true,
          "explanation": [
            "https://d1iljb9ao69244.cloudfront.net/420591_1709208081386_72.ogg"
          ]
        },
        "question_89": {
          "question_number": 89,
          "correct_option": 3,
          "sds_id": "SDS0D94",
          "subtopic": "Synovial Joint",
          "image_filename": "Locomotion & Movement (114 MCQs)/question_89.png",
          "captured": true,
          "explanation": [
            "https://d1iljb9ao69244.cloudfront.net/62224_1724928840599_105.ogg",
            "https://d2f8z173p7073l.cloudfront.net/1548433948701"
          ]
        },
        "question_90": {
          "question_number": 90,
          "correct_option": 4,
          "sds_id": "SDS0D95",
          "subtopic": "Synovial Joint",
          "image_filename": "Locomotion & Movement (114 MCQs)/question_90.png",
          "captured": true,
          "explanation": [
            "https://d1iljb9ao69244.cloudfront.net/question_explanations_346380_1669300907674.ogg"
          ]
        },
        "question_91": {
          "question_number": 91,
          "correct_option": 2,
          "sds_id": "SDS0D96",
          "subtopic": "Synovial Joint",
          "image_filename": "Locomotion & Movement (114 MCQs)/question_91.png",
          "captured": true,
          "explanation": [
            "https://d1iljb9ao69244.cloudfront.net/402861_1703757892202_74.ogg"
          ]
        },
        "question_92": {
          "question_number": 92,
          "correct_option": 3,
          "sds_id": "SDS0D97",
          "subtopic": "Synovial Joint",
          "image_filename": "Locomotion & Movement (114 MCQs)/question_92.png",
          "captured": true,
          "explanation": [
            "https://d1iljb9ao69244.cloudfront.net/127236_1727009956549_646.ogg",
            "https://d2f8z173p7073l.cloudfront.net/1585109366618"
          ]
        },
        "question_93": {
          "question_number": 93,
          "correct_option": 3,
          "sds_id": "SDS0D98",
          "subtopic": "Synovial Joint",
          "image_filename": "Locomotion & Movement (114 MCQs)/question_93.png",
          "captured": true,
          "explanation": [
            "https://d1iljb9ao69244.cloudfront.net/386303_1695972423610_49.ogg"
          ]
        },
        "question_94": {
          "question_number": 94,
          "correct_option": 4,
          "sds_id": "SDS0D99",
          "subtopic": "Synovial Joint",
          "image_filename": "Locomotion & Movement (114 MCQs)/question_94.png",
          "captured": true,
          "explanation": [
            "https://d1iljb9ao69244.cloudfront.net/127369_1727271465379_705.ogg",
            "https://d2f8z173p7073l.cloudfront.net/1585108062121"
          ]
        },
        "question_95": {
          "question_number": 95,
          "correct_option": 2,
          "sds_id": "SDS0D9A",
          "subtopic": "Disorders of Muscular and Skeletal System",
          "image_filename": "Locomotion & Movement (114 MCQs)/question_95.png",
          "captured": true,
          "explanation": [
            "https://d1iljb9ao69244.cloudfront.net/402853_1703757282611_69.ogg"
          ]
        },
        "question_96": {
          "question_number": 96,
          "correct_option": 3,
          "sds_id": "SDS0D9B",
          "subtopic": "Disorders of Muscular and Skeletal System",
          "image_filename": "Locomotion & Movement (114 MCQs)/question_96.png",
          "captured": true,
          "explanation": [
            "https://d1iljb9ao69244.cloudfront.net/449535_1713782347361_38.ogg"
          ]
        },
        "question_97": {
          "question_number": 97,
          "correct_option": 2,
          "sds_id": "SDS0D9C",
          "subtopic": "Disorders of Muscular and Skeletal System",
          "image_filename": "Locomotion & Movement (114 MCQs)/question_97.png",
          "captured": true,
          "explanation": [
            "https://d1iljb9ao69244.cloudfront.net/127392_1727272136395_718.ogg",
            "https://d2f8z173p7073l.cloudfront.net/1585108091354"
          ]
        },
        "question_98": {
          "question_number": 98,
          "correct_option": 2,
          "sds_id": "SDS0D9D",
          "subtopic": "Disorders of Muscular and Skeletal System",
          "image_filename": "Locomotion & Movement (114 MCQs)/question_98.png",
          "captured": true,
          "explanation": [
            "https://d1iljb9ao69244.cloudfront.net/127245_1727099640531_651.ogg",
            "https://d2f8z173p7073l.cloudfront.net/1585107358438"
          ]
        },
        "question_99": {
          "question_number": 99,
          "correct_option": 2,
          "sds_id": "SDS0D9E",
          "subtopic": "Disorders of Muscular and Skeletal System",
          "image_filename": "Locomotion & Movement (114 MCQs)/question_99.png",
          "captured": true,
          "explanation": [
            "https://d1iljb9ao69244.cloudfront.net/386309_1697546784875_58.ogg"
          ]
        },
        "question_100": {
          "question_number": 100,
          "correct_option": 4,
          "sds_id": "SDS0D9F",
          "subtopic": "Disorders of Muscular and Skeletal System",
          "image_filename": "Locomotion & Movement (114 MCQs)/question_100.png",
          "captured": true,
          "explanation": [
            "https://d1iljb9ao69244.cloudfront.net/127256_1727099983336_656.ogg",
            "https://d2f8z173p7073l.cloudfront.net/1585107989050"
          ]
        },
        "question_101": {
          "question_number": 101,
          "correct_option": 1,
          "sds_id": "SDS0DA0",
          "subtopic": "Disorders of Muscular and Skeletal System",
          "image_filename": "Locomotion & Movement (114 MCQs)/question_101.png",
          "captured": true,
          "explanation": [
            "https://d1iljb9ao69244.cloudfront.net/386311_1695972475678_53.ogg"
          ]
        },
        "question_102": {
          "question_number": 102,
          "correct_option": 1,
          "sds_id": "SDS0DA1",
          "subtopic": "Disorders of Muscular and Skeletal System",
          "image_filename": "Locomotion & Movement (114 MCQs)/question_102.png",
          "captured": true,
          "explanation": [
            "https://d1iljb9ao69244.cloudfront.net/question_explanations_346382_1669342455387.ogg"
          ]
        },
        "question_103": {
          "question_number": 103,
          "correct_option": 2,
          "sds_id": "SDS0DA2",
          "subtopic": "Disorders of Muscular and Skeletal System",
          "image_filename": "Locomotion & Movement (114 MCQs)/question_103.png",
          "captured": true,
          "explanation": [
            "https://d1iljb9ao69244.cloudfront.net/question_explanations_92406_1668582388600.ogg"
          ]
        },
        "question_104": {
          "question_number": 104,
          "correct_option": 4,
          "sds_id": "SDS0DA3",
          "subtopic": "Axial Skeleton",
          "image_filename": "Locomotion & Movement (114 MCQs)/question_104.png",
          "captured": true,
          "explanation": [
            "https://d1iljb9ao69244.cloudfront.net/62199_1724851578234_100.ogg",
            "https://d2f8z173p7073l.cloudfront.net/1548431635408"
          ]
        },
        "question_105": {
          "question_number": 105,
          "correct_option": 1,
          "sds_id": "SDS0DA4",
          "subtopic": "Axial Skeleton",
          "image_filename": "Locomotion & Movement (114 MCQs)/question_105.png",
          "captured": true,
          "explanation": [
            "https://d1iljb9ao69244.cloudfront.net/386267_1695971942930_32.ogg"
          ]
        },
        "question_106": {
          "question_number": 106,
          "correct_option": 2,
          "sds_id": "SDS0DA5",
          "subtopic": "Axial Skeleton",
          "image_filename": "Locomotion & Movement (114 MCQs)/question_106.png",
          "captured": true,
          "explanation": [
            "https://d2f8z173p7073l.cloudfront.net/1548414400306"
          ]
        },
        "question_107": {
          "question_number": 107,
          "correct_option": 4,
          "sds_id": "SDS0DA6",
          "subtopic": "Axial Skeleton",
          "image_filename": "Locomotion & Movement (114 MCQs)/question_107.png",
          "captured": true,
          "explanation": [
            "https://d1iljb9ao69244.cloudfront.net/402865_1703757941766_77.ogg"
          ]
        }
      }
    },
    "Locomotion and Movement (LEVEL 3 MCQs)": {
      "name": "Locomotion and Movement (LEVEL 3 MCQs)",
      "path": "Locomotion and Movement (LEVEL 3 MCQs)/",
      "questions": {
        "question_1": {
          "question_number": 1,
          "correct_option": 2,
          "sds_id": "SDS0DA7",
          "subtopic": "Introduction to Locomotion",
          "image_filename": "Locomotion and Movement (LEVEL 3 MCQs)/question_1.png",
          "captured": true,
          "explanation": [
            "https://d1iljb9ao69244.cloudfront.net/447723_1713348298058_5.ogg"
          ]
        },
        "question_2": {
          "question_number": 2,
          "correct_option": 1,
          "sds_id": "SDS0DA8",
          "subtopic": "Skeletal Muscle: Myofilaments",
          "image_filename": "Locomotion and Movement (LEVEL 3 MCQs)/question_2.png",
          "captured": true,
          "explanation": [
            "https://d1iljb9ao69244.cloudfront.net/439268_1712654996437_21.ogg"
          ]
        },
        "question_3": {
          "question_number": 3,
          "correct_option": 4,
          "sds_id": "SDS0DA9",
          "subtopic": "Skeletal Muscle: Myofilaments",
          "image_filename": "Locomotion and Movement (LEVEL 3 MCQs)/question_3.png",
          "captured": true,
          "explanation": [
            "https://d2f8z173p7073l.cloudfront.net/1549077706744"
          ]
        },
        "question_4": {
          "question_number": 4,
          "correct_option": 2,
          "sds_id": "SDS0DAA",
          "subtopic": "Skeletal Muscle: Sarcomere",
          "image_filename": "Locomotion and Movement (LEVEL 3 MCQs)/question_4.png",
          "captured": true,
          "explanation": [
            "https://d1iljb9ao69244.cloudfront.net/431624_1711178317529_22.ogg"
          ]
        },
        "question_5": {
          "question_number": 5,
          "correct_option": 1,
          "sds_id": "SDS0DAB",
          "subtopic": "Skeletal Muscle: Sarcomere",
          "image_filename": "Locomotion and Movement (LEVEL 3 MCQs)/question_5.png",
          "captured": true,
          "explanation": [
            "https://d1iljb9ao69244.cloudfront.net/386245_1697546119154_37.ogg"
          ]
        },
        "question_6": {
          "question_number": 6,
          "correct_option": 3,
          "sds_id": "SDS0DAC",
          "subtopic": "Skeletal Muscle: Sarcomere",
          "image_filename": "Locomotion and Movement (LEVEL 3 MCQs)/question_6.png",
          "captured": true,
          "explanation": [
            "https://d1iljb9ao69244.cloudfront.net/392597_1697798441486_18.ogg"
          ]
        },
        "question_7": {
          "question_number": 7,
          "correct_option": 2,
          "sds_id": "SDS0DAD",
          "subtopic": "Excitation Contraction Coupling I",
          "image_filename": "Locomotion and Movement (LEVEL 3 MCQs)/question_7.png",
          "captured": true,
          "explanation": [
            "https://d2f8z173p7073l.cloudfront.net/1548430827361",
            "https://d2f8z173p7073l.cloudfront.net/1548430827361During"
          ]
        },
        "question_8": {
          "question_number": 8,
          "correct_option": 1,
          "sds_id": "SDS0DAE",
          "subtopic": "Sliding Filament Theory",
          "image_filename": "Locomotion and Movement (LEVEL 3 MCQs)/question_8.png",
          "captured": true,
          "explanation": [
            "https://d1iljb9ao69244.cloudfront.net/447192_1713287648405_13.ogg"
          ]
        },
        "question_9": {
          "question_number": 9,
          "correct_option": 1,
          "sds_id": "SDS0DAF",
          "subtopic": "Sliding Filament Theory",
          "image_filename": "Locomotion and Movement (LEVEL 3 MCQs)/question_9.png",
          "captured": true,
          "explanation": [
            "https://d1iljb9ao69244.cloudfront.net/450721_1714041916031_9.ogg"
          ]
        },
        "question_10": {
          "question_number": 10,
          "correct_option": 3,
          "sds_id": "SDS0DB0",
          "subtopic": "Sliding Filament Theory",
          "image_filename": "Locomotion and Movement (LEVEL 3 MCQs)/question_10.png",
          "captured": true,
          "explanation": [
            "https://d2f8z173p7073l.cloudfront.net/1632376590809"
          ]
        },
        "question_11": {
          "question_number": 11,
          "correct_option": 1,
          "sds_id": "SDS0DB1",
          "subtopic": "Energy for Muscle Contraction",
          "image_filename": "Locomotion and Movement (LEVEL 3 MCQs)/question_11.png",
          "captured": true,
          "explanation": [
            "https://d1iljb9ao69244.cloudfront.net/163690_1627470009586_163690.ogg"
          ]
        },
        "question_12": {
          "question_number": 12,
          "correct_option": 3,
          "sds_id": "SDS0DB2",
          "subtopic": "Vertebral column",
          "image_filename": "Locomotion and Movement (LEVEL 3 MCQs)/question_12.png",
          "captured": true,
          "explanation": [
            "https://d1iljb9ao69244.cloudfront.net/386271_1697546435957_47.ogg"
          ]
        },
        "question_13": {
          "question_number": 13,
          "correct_option": 2,
          "sds_id": "SDS0DB3",
          "subtopic": "Sternum & Ribs",
          "image_filename": "Locomotion and Movement (LEVEL 3 MCQs)/question_13.png",
          "captured": true,
          "explanation": [
            "https://d1iljb9ao69244.cloudfront.net/386284_1697546522707_50.ogg"
          ]
        },
        "question_14": {
          "question_number": 14,
          "correct_option": 4,
          "sds_id": "SDS0DB4",
          "subtopic": "Sternum & Ribs",
          "image_filename": "Locomotion and Movement (LEVEL 3 MCQs)/question_14.png",
          "captured": true,
          "explanation": [
            "https://d1iljb9ao69244.cloudfront.net/333140_1650647374435_11.ogg"
          ]
        },
        "question_15": {
          "question_number": 15,
          "correct_option": 2,
          "sds_id": "SDS0DB5",
          "subtopic": "Appendicular Skeleton: Girdle",
          "image_filename": "Locomotion and Movement (LEVEL 3 MCQs)/question_15.png",
          "captured": true,
          "explanation": [
            "https://d1iljb9ao69244.cloudfront.net/429973_1710826562505_26.ogg"
          ]
        },
        "question_16": {
          "question_number": 16,
          "correct_option": 3,
          "sds_id": "SDS0DB6",
          "subtopic": "Fibrous & Catilaginous Joints",
          "image_filename": "Locomotion and Movement (LEVEL 3 MCQs)/question_16.png",
          "captured": true,
          "explanation": [
            "https://d1iljb9ao69244.cloudfront.net/333113_1650646823961_6.ogg"
          ]
        },
        "question_17": {
          "question_number": 17,
          "correct_option": 1,
          "sds_id": "SDS0DB7",
          "subtopic": "Fibrous & Catilaginous Joints",
          "image_filename": "Locomotion and Movement (LEVEL 3 MCQs)/question_17.png",
          "captured": true,
          "explanation": [
            "https://d1iljb9ao69244.cloudfront.net/386300_1695972360068_47.ogg"
          ]
        },
        "question_18": {
          "question_number": 18,
          "correct_option": 3,
          "sds_id": "SDS0DB8",
          "subtopic": "Fibrous & Catilaginous Joints",
          "image_filename": "Locomotion and Movement (LEVEL 3 MCQs)/question_18.png",
          "captured": true,
          "explanation": [
            "https://d1iljb9ao69244.cloudfront.net/question_explanations_335752_1653054607769.ogg"
          ]
        },
        "question_19": {
          "question_number": 19,
          "correct_option": 4,
          "sds_id": "SDS0DB9",
          "subtopic": "Fibrous & Catilaginous Joints",
          "image_filename": "Locomotion and Movement (LEVEL 3 MCQs)/question_19.png",
          "captured": true,
          "explanation": [
            "https://d2f8z173p7073l.cloudfront.net/1583388278984"
          ]
        },
        "question_20": {
          "question_number": 20,
          "correct_option": 4,
          "sds_id": "SDS0DBA",
          "subtopic": "Synovial Joint",
          "image_filename": "Locomotion and Movement (LEVEL 3 MCQs)/question_20.png",
          "captured": true,
          "explanation": [
            "https://d1iljb9ao69244.cloudfront.net/446654_1713095340365_47.ogg"
          ]
        },
        "question_21": {
          "question_number": 21,
          "correct_option": 2,
          "sds_id": "SDS0DBB",
          "subtopic": "Synovial Joint",
          "image_filename": "Locomotion and Movement (LEVEL 3 MCQs)/question_21.png",
          "captured": true,
          "explanation": [
            "https://d1iljb9ao69244.cloudfront.net/431625_1711178330589_23.ogg"
          ]
        },
        "question_22": {
          "question_number": 22,
          "correct_option": 1,
          "sds_id": "SDS0DBC",
          "subtopic": "Disorders of Muscular and Skeletal System",
          "image_filename": "Locomotion and Movement (LEVEL 3 MCQs)/question_22.png",
          "captured": true,
          "explanation": [
            "https://d1iljb9ao69244.cloudfront.net/333332_1650647421654_15.ogg"
          ]
        },
        "question_23": {
          "question_number": 23,
          "correct_option": 3,
          "sds_id": "SDS0DBD",
          "subtopic": "Disorders of Muscular and Skeletal System",
          "image_filename": "Locomotion and Movement (LEVEL 3 MCQs)/question_23.png",
          "captured": true,
          "explanation": [
            "https://d1iljb9ao69244.cloudfront.net/448226_1713523932675_39.ogg"
          ]
        },
        "question_24": {
          "question_number": 24,
          "correct_option": 2,
          "sds_id": "SDS0DBE",
          "subtopic": "Disorders of Muscular and Skeletal System",
          "image_filename": "Locomotion and Movement (LEVEL 3 MCQs)/question_24.png",
          "captured": true,
          "explanation": [
            "https://d1iljb9ao69244.cloudfront.net/338903_1657730074994_5.ogg"
          ]
        }
      }
    }
  },
  "type": "multi_set"
}