{
  "chapter_no": 3,
  "chapter_name": "Reproductive Health",
  "section_name": "Level 1",
  "total_questions": 76,
  "questions": {
    "question_1": {
      "question_number": 1,
      "correct_option": 3,
      "sds_id": "SDS10BF",
      "subtopic": "Introduction",
      "image_filename": "question_1.png",
      "captured": true,
      "explanation": [
        "https://d1iljb9ao69244.cloudfront.net/395717_1700041128515_Z41.ogg"
      ]
    },
    "question_2": {
      "question_number": 2,
      "correct_option": 2,
      "sds_id": "SDS10C0",
      "subtopic": "Introduction",
      "image_filename": "question_2.png",
      "captured": true,
      "explanation": [
        "https://d1iljb9ao69244.cloudfront.net/395366_1699595367431_1.ogg"
      ]
    },
    "question_3": {
      "question_number": 3,
      "correct_option": 3,
      "sds_id": "SDS10C1",
      "subtopic": "Introduction",
      "image_filename": "question_3.png",
      "captured": true,
      "explanation": [
        "https://d2f8z173p7073l.cloudfront.net/1549086342757"
      ]
    },
    "question_4": {
      "question_number": 4,
      "correct_option": 2,
      "sds_id": "SDS10C2",
      "subtopic": "Introduction",
      "image_filename": "question_4.png",
      "captured": true,
      "explanation": [
        "https://d1iljb9ao69244.cloudfront.net/395367_1699595410515_2.ogg"
      ]
    },
    "question_5": {
      "question_number": 5,
      "correct_option": 3,
      "sds_id": "SDS10C3",
      "subtopic": "Introduction",
      "image_filename": "question_5.png",
      "captured": true,
      "explanation": [
        "https://d1iljb9ao69244.cloudfront.net/399695_1702263988069_68.ogg"
      ]
    },
    "question_6": {
      "question_number": 6,
      "correct_option": 3,
      "sds_id": "SDS10C4",
      "subtopic": "Introduction",
      "image_filename": "question_6.png",
      "captured": true,
      "explanation": [
        "https://d2f8z173p7073l.cloudfront.net/1549086371919"
      ]
    },
    "question_7": {
      "question_number": 7,
      "correct_option": 1,
      "sds_id": "SDS10C5",
      "subtopic": "Introduction",
      "image_filename": "question_7.png",
      "captured": true,
      "explanation": [
        "https://d1iljb9ao69244.cloudfront.net/question_explanations_179025_1672070916083.ogg"
      ]
    },
    "question_8": {
      "question_number": 8,
      "correct_option": 1,
      "sds_id": "SDS10C6",
      "subtopic": "Introduction",
      "image_filename": "question_8.png",
      "captured": true,
      "explanation": [
        "https://d2f8z173p7073l.cloudfront.net/1549086490141"
      ]
    },
    "question_9": {
      "question_number": 9,
      "correct_option": 1,
      "sds_id": "SDS10C7",
      "subtopic": "Introduction",
      "image_filename": "question_9.png",
      "captured": true,
      "explanation": [
        "https://d1iljb9ao69244.cloudfront.net/423773_1709890399459_8.ogg"
      ]
    },
    "question_10": {
      "question_number": 10,
      "correct_option": 2,
      "sds_id": "SDS10C8",
      "subtopic": "Introduction",
      "image_filename": "question_10.png",
      "captured": true,
      "explanation": [
        "https://d1iljb9ao69244.cloudfront.net/450738_1714044476065_18.ogg"
      ]
    },
    "question_11": {
      "question_number": 11,
      "correct_option": 4,
      "sds_id": "SDS10C9",
      "subtopic": "Introduction",
      "image_filename": "question_11.png",
      "captured": true,
      "explanation": [
        "https://d2f8z173p7073l.cloudfront.net/1549086582857"
      ]
    },
    "question_12": {
      "question_number": 12,
      "correct_option": 2,
      "sds_id": "SDS10CA",
      "subtopic": "Introduction",
      "image_filename": "question_12.png",
      "captured": true,
      "explanation": [
        "https://d1iljb9ao69244.cloudfront.net/395726_1700041303997_Z46.ogg"
      ]
    },
    "question_13": {
      "question_number": 13,
      "correct_option": 3,
      "sds_id": "SDS10CB",
      "subtopic": "Introduction",
      "image_filename": "question_13.png",
      "captured": true,
      "explanation": [
        "https://d1iljb9ao69244.cloudfront.net/395728_1700041319482_Z47.ogg"
      ]
    },
    "question_14": {
      "question_number": 14,
      "correct_option": 2,
      "sds_id": "SDS10CC",
      "subtopic": "Introduction",
      "image_filename": "question_14.png",
      "captured": true,
      "explanation": [
        "https://d1iljb9ao69244.cloudfront.net/395730_1700041333515_Z48.ogg"
      ]
    },
    "question_15": {
      "question_number": 15,
      "correct_option": 1,
      "sds_id": "SDS10CD",
      "subtopic": "Contraception: Natural Methods",
      "image_filename": "question_15.png",
      "captured": true,
      "explanation": [
        "https://d1iljb9ao69244.cloudfront.net/399696_1702264002821_69.ogg"
      ]
    },
    "question_16": {
      "question_number": 16,
      "correct_option": 1,
      "sds_id": "SDS10CE",
      "subtopic": "Contraception: Natural Methods",
      "image_filename": "question_16.png",
      "captured": true,
      "explanation": [
        "https://d2f8z173p7073l.cloudfront.net/1583992316545"
      ]
    },
    "question_17": {
      "question_number": 17,
      "correct_option": 3,
      "sds_id": "SDS10CF",
      "subtopic": "Contraception: Natural Methods",
      "image_filename": "question_17.png",
      "captured": true,
      "explanation": [
        "https://d2f8z173p7073l.cloudfront.net/1583992435203"
      ]
    },
    "question_18": {
      "question_number": 18,
      "correct_option": 3,
      "sds_id": "SDS10D0",
      "subtopic": "Contraception: Natural Methods",
      "image_filename": "question_18.png",
      "captured": true,
      "explanation": [
        "https://d2f8z173p7073l.cloudfront.net/1583992393225"
      ]
    },
    "question_19": {
      "question_number": 19,
      "correct_option": 2,
      "sds_id": "SDS10D1",
      "subtopic": "Contraception: Natural Methods",
      "image_filename": "question_19.png",
      "captured": true,
      "explanation": [
        "https://d2f8z173p7073l.cloudfront.net/1583992476668"
      ]
    },
    "question_20": {
      "question_number": 20,
      "correct_option": 2,
      "sds_id": "SDS10D2",
      "subtopic": "Contraception: Natural Methods",
      "image_filename": "question_20.png",
      "captured": true,
      "explanation": [
        "https://www.youtube-nocookie.com/embed/a6zr1-Az8_M?rel=0"
      ]
    },
    "question_21": {
      "question_number": 21,
      "correct_option": 2,
      "sds_id": "SDS10D3",
      "subtopic": "Contraception: Barrier Methods & IUDs",
      "image_filename": "question_21.png",
      "captured": true,
      "explanation": [
        "https://d2f8z173p7073l.cloudfront.net/1583992592842"
      ]
    },
    "question_22": {
      "question_number": 22,
      "correct_option": 4,
      "sds_id": "SDS10D4",
      "subtopic": "Contraception: Barrier Methods & IUDs",
      "image_filename": "question_22.png",
      "captured": true,
      "explanation": [
        "https://d2f8z173p7073l.cloudfront.net/1583992550187"
      ]
    },
    "question_23": {
      "question_number": 23,
      "correct_option": 3,
      "sds_id": "SDS10D5",
      "subtopic": "Contraception: Barrier Methods & IUDs",
      "image_filename": "question_23.png",
      "captured": true,
      "explanation": [
        "https://d2f8z173p7073l.cloudfront.net/1583992636632"
      ]
    },
    "question_24": {
      "question_number": 24,
      "correct_option": 3,
      "sds_id": "SDS10D6",
      "subtopic": "Contraception: Barrier Methods & IUDs",
      "image_filename": "question_24.png",
      "captured": true,
      "explanation": [
        "https://d1iljb9ao69244.cloudfront.net/423787_1709890703830_11.ogg"
      ]
    },
    "question_25": {
      "question_number": 25,
      "correct_option": 1,
      "sds_id": "SDS10D7",
      "subtopic": "Contraception: Barrier Methods & IUDs",
      "image_filename": "question_25.png",
      "captured": true,
      "explanation": [
        "https://d1iljb9ao69244.cloudfront.net/422355_1709092379174_90.ogg"
      ]
    },
    "question_26": {
      "question_number": 26,
      "correct_option": 1,
      "sds_id": "SDS10D8",
      "subtopic": "Contraception: Barrier Methods & IUDs",
      "image_filename": "question_26.png",
      "captured": true,
      "explanation": [
        "https://d2f8z173p7073l.cloudfront.net/1583992681564"
      ]
    },
    "question_27": {
      "question_number": 27,
      "correct_option": 2,
      "sds_id": "SDS10D9",
      "subtopic": "Contraception: Barrier Methods & IUDs",
      "image_filename": "question_27.png",
      "captured": true,
      "explanation": [
        "https://d2f8z173p7073l.cloudfront.net/1619796638764"
      ]
    },
    "question_28": {
      "question_number": 28,
      "correct_option": 1,
      "sds_id": "SDS10DA",
      "subtopic": "Contraception: Barrier Methods & IUDs",
      "image_filename": "question_28.png",
      "captured": true,
      "explanation": [
        "https://d1iljb9ao69244.cloudfront.net/question_explanations_163733_1672118502886.ogg"
      ]
    },
    "question_29": {
      "question_number": 29,
      "correct_option": 2,
      "sds_id": "SDS10DB",
      "subtopic": "Contraception: Barrier Methods & IUDs",
      "image_filename": "question_29.png",
      "captured": true,
      "explanation": [
        "https://d2f8z173p7073l.cloudfront.net/1549087244695"
      ]
    },
    "question_30": {
      "question_number": 30,
      "correct_option": 3,
      "sds_id": "SDS10DC",
      "subtopic": "Contraception: Barrier Methods & IUDs",
      "image_filename": "question_30.png",
      "captured": true,
      "explanation": [
        "https://d2f8z173p7073l.cloudfront.net/1549087333389"
      ]
    },
    "question_31": {
      "question_number": 31,
      "correct_option": 2,
      "sds_id": "SDS10DD",
      "subtopic": "Contraception: Barrier Methods & IUDs",
      "image_filename": "question_31.png",
      "captured": true,
      "explanation": [
        "https://d2f8z173p7073l.cloudfront.net/1549087290129"
      ]
    },
    "question_32": {
      "question_number": 32,
      "correct_option": 2,
      "sds_id": "SDS10DE",
      "subtopic": "Contraception: Barrier Methods & IUDs",
      "image_filename": "question_32.png",
      "captured": true,
      "explanation": [
        "https://d1iljb9ao69244.cloudfront.net/399697_1702264023701_70.ogg"
      ]
    },
    "question_33": {
      "question_number": 33,
      "correct_option": 3,
      "sds_id": "SDS10DF",
      "subtopic": "Contraception: Barrier Methods & IUDs",
      "image_filename": "question_33.png",
      "captured": true,
      "explanation": [
        "https://d1iljb9ao69244.cloudfront.net/question_explanations_63962_1672141134001.ogg"
      ]
    },
    "question_34": {
      "question_number": 34,
      "correct_option": 1,
      "sds_id": "SDS10E0",
      "subtopic": "Hormonal Contraceptives, Emergency Contraception & Terminal Methods",
      "image_filename": "question_34.png",
      "captured": true,
      "explanation": [
        "https://d1iljb9ao69244.cloudfront.net/395370_1699595542736_5.ogg"
      ]
    },
    "question_35": {
      "question_number": 35,
      "correct_option": 1,
      "sds_id": "SDS10E1",
      "subtopic": "Hormonal Contraceptives, Emergency Contraception & Terminal Methods",
      "image_filename": "question_35.png",
      "captured": true,
      "explanation": [
        "https://d1iljb9ao69244.cloudfront.net/395371_1699595577958_6.ogg"
      ]
    },
    "question_36": {
      "question_number": 36,
      "correct_option": 1,
      "sds_id": "SDS10E2",
      "subtopic": "Hormonal Contraceptives, Emergency Contraception & Terminal Methods",
      "image_filename": "question_36.png",
      "captured": true,
      "explanation": [
        "https://d2f8z173p7073l.cloudfront.net/1588063112219"
      ]
    },
    "question_37": {
      "question_number": 37,
      "correct_option": 4,
      "sds_id": "SDS10E3",
      "subtopic": "Hormonal Contraceptives, Emergency Contraception & Terminal Methods",
      "image_filename": "question_37.png",
      "captured": true,
      "explanation": [
        "https://d1iljb9ao69244.cloudfront.net/334611_1651548003656_32.ogg",
        "https://www.youtube-nocookie.com/embed/jHWd5GhYguw?rel=0",
        "https://www.youtube-nocookie.com/embed/gLrMlHN9wFM?rel=0"
      ]
    },
    "question_38": {
      "question_number": 38,
      "correct_option": 4,
      "sds_id": "SDS10E4",
      "subtopic": "Hormonal Contraceptives, Emergency Contraception & Terminal Methods",
      "image_filename": "question_38.png",
      "captured": true,
      "explanation": [
        "https://d2f8z173p7073l.cloudfront.net/1549086454874"
      ]
    },
    "question_39": {
      "question_number": 39,
      "correct_option": 2,
      "sds_id": "SDS10E5",
      "subtopic": "Hormonal Contraceptives, Emergency Contraception & Terminal Methods",
      "image_filename": "question_39.png",
      "captured": true,
      "explanation": [
        "https://d1iljb9ao69244.cloudfront.net/question_explanations_179021_1672043345086.ogg"
      ]
    },
    "question_40": {
      "question_number": 40,
      "correct_option": 2,
      "sds_id": "SDS10E6",
      "subtopic": "Hormonal Contraceptives, Emergency Contraception & Terminal Methods",
      "image_filename": "question_40.png",
      "captured": true,
      "explanation": [
        "https://d1iljb9ao69244.cloudfront.net/question_explanations_335760_1653055066771.ogg"
      ]
    },
    "question_41": {
      "question_number": 41,
      "correct_option": 4,
      "sds_id": "SDS10E7",
      "subtopic": "Hormonal Contraceptives, Emergency Contraception & Terminal Methods",
      "image_filename": "question_41.png",
      "captured": true,
      "explanation": [
        "https://d2f8z173p7073l.cloudfront.net/1588062966383"
      ]
    },
    "question_42": {
      "question_number": 42,
      "correct_option": 2,
      "sds_id": "SDS10E8",
      "subtopic": "Hormonal Contraceptives, Emergency Contraception & Terminal Methods",
      "image_filename": "question_42.png",
      "captured": true,
      "explanation": [
        "https://d2f8z173p7073l.cloudfront.net/1583993146424"
      ]
    },
    "question_43": {
      "question_number": 43,
      "correct_option": 3,
      "sds_id": "SDS10E9",
      "subtopic": "Hormonal Contraceptives, Emergency Contraception & Terminal Methods",
      "image_filename": "question_43.png",
      "captured": true,
      "explanation": [
        "https://d2f8z173p7073l.cloudfront.net/1583993103341"
      ]
    },
    "question_44": {
      "question_number": 44,
      "correct_option": 4,
      "sds_id": "SDS10EA",
      "subtopic": "Hormonal Contraceptives, Emergency Contraception & Terminal Methods",
      "image_filename": "question_44.png",
      "captured": true,
      "explanation": [
        "https://d2f8z173p7073l.cloudfront.net/1549087652224"
      ]
    },
    "question_45": {
      "question_number": 45,
      "correct_option": 1,
      "sds_id": "SDS10EB",
      "subtopic": "Hormonal Contraceptives, Emergency Contraception & Terminal Methods",
      "image_filename": "question_45.png",
      "captured": true,
      "explanation": [
        "https://d2f8z173p7073l.cloudfront.net/1548831983032"
      ]
    },
    "question_46": {
      "question_number": 46,
      "correct_option": 4,
      "sds_id": "SDS10EC",
      "subtopic": "Hormonal Contraceptives, Emergency Contraception & Terminal Methods",
      "image_filename": "question_46.png",
      "captured": true,
      "explanation": [
        "https://d2f8z173p7073l.cloudfront.net/1591695875472"
      ]
    },
    "question_47": {
      "question_number": 47,
      "correct_option": 1,
      "sds_id": "SDS10ED",
      "subtopic": "Hormonal Contraceptives, Emergency Contraception & Terminal Methods",
      "image_filename": "question_47.png",
      "captured": true,
      "explanation": [
        "https://d2f8z173p7073l.cloudfront.net/1583993253206"
      ]
    },
    "question_48": {
      "question_number": 48,
      "correct_option": 2,
      "sds_id": "SDS10EE",
      "subtopic": "Hormonal Contraceptives, Emergency Contraception & Terminal Methods",
      "image_filename": "question_48.png",
      "captured": true,
      "explanation": [
        "https://d2f8z173p7073l.cloudfront.net/1583993220212"
      ]
    },
    "question_49": {
      "question_number": 49,
      "correct_option": 4,
      "sds_id": "SDS10EF",
      "subtopic": "Medical Termination of Pregnancy",
      "image_filename": "question_49.png",
      "captured": true,
      "explanation": [
        "https://www.youtube-nocookie.com/embed/5g--wRa1ELQ?rel=0"
      ]
    },
    "question_50": {
      "question_number": 50,
      "correct_option": 3,
      "sds_id": "SDS10F0",
      "subtopic": "Medical Termination of Pregnancy",
      "image_filename": "question_50.png",
      "captured": true,
      "explanation": [
        "https://d1iljb9ao69244.cloudfront.net/395722_1700041242365_Z44.ogg"
      ]
    },
    "question_51": {
      "question_number": 51,
      "correct_option": 1,
      "sds_id": "SDS10F1",
      "subtopic": "Medical Termination of Pregnancy",
      "image_filename": "question_51.png",
      "captured": true,
      "explanation": [
        "https://www.youtube-nocookie.com/embed/GMX9AZmuhSg?rel=0"
      ]
    },
    "question_52": {
      "question_number": 52,
      "correct_option": 1,
      "sds_id": "SDS10F2",
      "subtopic": "Medical Termination of Pregnancy",
      "image_filename": "question_52.png",
      "captured": true,
      "explanation": [
        "https://www.youtube-nocookie.com/embed/tuJSMQBJrwM?rel=0"
      ]
    },
    "question_53": {
      "question_number": 53,
      "correct_option": 1,
      "sds_id": "SDS10F3",
      "subtopic": "Medical Termination of Pregnancy",
      "image_filename": "question_53.png",
      "captured": true,
      "explanation": [
        "https://d1iljb9ao69244.cloudfront.net/422326_1709091210228_61.ogg"
      ]
    },
    "question_54": {
      "question_number": 54,
      "correct_option": 2,
      "sds_id": "SDS10F4",
      "subtopic": "Medical Termination of Pregnancy",
      "image_filename": "question_54.png",
      "captured": true,
      "explanation": [
        "https://d2f8z173p7073l.cloudfront.net/1549087847887"
      ]
    },
    "question_55": {
      "question_number": 55,
      "correct_option": 3,
      "sds_id": "SDS10F5",
      "subtopic": "Medical Termination of Pregnancy",
      "image_filename": "question_55.png",
      "captured": true,
      "explanation": [
        "https://d1iljb9ao69244.cloudfront.net/395382_1699599567684_17.ogg"
      ]
    },
    "question_56": {
      "question_number": 56,
      "correct_option": 3,
      "sds_id": "SDS10F6",
      "subtopic": "Medical Termination of Pregnancy",
      "image_filename": "question_56.png",
      "captured": true,
      "explanation": [
        "https://d1iljb9ao69244.cloudfront.net/426783_1709871291479_91.ogg"
      ]
    },
    "question_57": {
      "question_number": 57,
      "correct_option": 3,
      "sds_id": "SDS10F7",
      "subtopic": "Medical Termination of Pregnancy",
      "image_filename": "question_57.png",
      "captured": true,
      "explanation": [
        "https://d1iljb9ao69244.cloudfront.net/437259_1712311372535_30.ogg"
      ]
    },
    "question_58": {
      "question_number": 58,
      "correct_option": 1,
      "sds_id": "SDS10F8",
      "subtopic": "Medical Termination of Pregnancy",
      "image_filename": "question_58.png",
      "captured": true,
      "explanation": [
        "https://d1iljb9ao69244.cloudfront.net/395383_1699599628664_18.ogg"
      ]
    },
    "question_59": {
      "question_number": 59,
      "correct_option": 4,
      "sds_id": "SDS10F9",
      "subtopic": "Medical Termination of Pregnancy",
      "image_filename": "question_59.png",
      "captured": true,
      "explanation": [
        "https://d1iljb9ao69244.cloudfront.net/question_explanations_63960_1672197179066.ogg"
      ]
    },
    "question_60": {
      "question_number": 60,
      "correct_option": 3,
      "sds_id": "SDS10FA",
      "subtopic": "Medical Termination of Pregnancy",
      "image_filename": "question_60.png",
      "captured": true,
      "explanation": [
        "https://d1iljb9ao69244.cloudfront.net/423782_1710827909901_43.ogg"
      ]
    },
    "question_61": {
      "question_number": 61,
      "correct_option": 3,
      "sds_id": "SDS10FB",
      "subtopic": "Sexually Transmitted Infections",
      "image_filename": "question_61.png",
      "captured": true,
      "explanation": [
        "https://d1iljb9ao69244.cloudfront.net/395734_1700041363304_Z50.ogg"
      ]
    },
    "question_62": {
      "question_number": 62,
      "correct_option": 2,
      "sds_id": "SDS10FC",
      "subtopic": "Sexually Transmitted Infections",
      "image_filename": "question_62.png",
      "captured": true,
      "explanation": [
        "https://d2f8z173p7073l.cloudfront.net/1588063149646"
      ]
    },
    "question_63": {
      "question_number": 63,
      "correct_option": 1,
      "sds_id": "SDS10FD",
      "subtopic": "Sexually Transmitted Infections",
      "image_filename": "question_63.png",
      "captured": true,
      "explanation": [
        "https://d2f8z173p7073l.cloudfront.net/1549088170841"
      ]
    },
    "question_64": {
      "question_number": 64,
      "correct_option": 4,
      "sds_id": "SDS10FE",
      "subtopic": "Sexually Transmitted Infections",
      "image_filename": "question_64.png",
      "captured": true,
      "explanation": [
        "https://d2f8z173p7073l.cloudfront.net/1549088190589"
      ]
    },
    "question_65": {
      "question_number": 65,
      "correct_option": 3,
      "sds_id": "SDS10FF",
      "subtopic": "Sexually Transmitted Infections",
      "image_filename": "question_65.png",
      "captured": true,
      "explanation": [
        "https://d2f8z173p7073l.cloudfront.net/1549089218949"
      ]
    },
    "question_66": {
      "question_number": 66,
      "correct_option": 2,
      "sds_id": "SDS1100",
      "subtopic": "Sexually Transmitted Infections",
      "image_filename": "question_66.png",
      "captured": true,
      "explanation": [
        "https://d1iljb9ao69244.cloudfront.net/395385_1699599698362_20.ogg"
      ]
    },
    "question_67": {
      "question_number": 67,
      "correct_option": 3,
      "sds_id": "SDS1101",
      "subtopic": "Sexually Transmitted Infections",
      "image_filename": "question_67.png",
      "captured": true,
      "explanation": [
        "https://d1iljb9ao69244.cloudfront.net/395384_1699599671144_19.ogg"
      ]
    },
    "question_68": {
      "question_number": 68,
      "correct_option": 2,
      "sds_id": "SDS1102",
      "subtopic": "Sexually Transmitted Infections",
      "image_filename": "question_68.png",
      "captured": true,
      "explanation": [
        "https://d1iljb9ao69244.cloudfront.net/395390_1699600345228_25.ogg"
      ]
    },
    "question_69": {
      "question_number": 69,
      "correct_option": 1,
      "sds_id": "SDS1103",
      "subtopic": "Sexually Transmitted Infections",
      "image_filename": "question_69.png",
      "captured": true,
      "explanation": [
        "https://d1iljb9ao69244.cloudfront.net/422353_1709092352465_88.ogg"
      ]
    },
    "question_70": {
      "question_number": 70,
      "correct_option": 1,
      "sds_id": "SDS1104",
      "subtopic": "Sexually Transmitted Infections",
      "image_filename": "question_70.png",
      "captured": true,
      "explanation": [
        "https://d1iljb9ao69244.cloudfront.net/427542_1710126973247_41.ogg"
      ]
    },
    "question_71": {
      "question_number": 71,
      "correct_option": 1,
      "sds_id": "SDS1105",
      "subtopic": "Sexually Transmitted Infections",
      "image_filename": "question_71.png",
      "captured": true,
      "explanation": [
        "https://d1iljb9ao69244.cloudfront.net/436584_1712141349664_45.ogg"
      ]
    },
    "question_72": {
      "question_number": 72,
      "correct_option": 2,
      "sds_id": "SDS1106",
      "subtopic": "Infertility",
      "image_filename": "question_72.png",
      "captured": true,
      "explanation": [
        "https://d2f8z173p7073l.cloudfront.net/1583995298270"
      ]
    },
    "question_73": {
      "question_number": 73,
      "correct_option": 3,
      "sds_id": "SDS1107",
      "subtopic": "Infertility",
      "image_filename": "question_73.png",
      "captured": true,
      "explanation": [
        "https://d2f8z173p7073l.cloudfront.net/1549088314497"
      ]
    },
    "question_74": {
      "question_number": 74,
      "correct_option": 1,
      "sds_id": "SDS1108",
      "subtopic": "Infertility",
      "image_filename": "question_74.png",
      "captured": true,
      "explanation": [
        "https://d2f8z173p7073l.cloudfront.net/1588063053429"
      ]
    },
    "question_75": {
      "question_number": 75,
      "correct_option": 1,
      "sds_id": "SDS1109",
      "subtopic": "Infertility",
      "image_filename": "question_75.png",
      "captured": true,
      "explanation": [
        "https://d2f8z173p7073l.cloudfront.net/1549088406704"
      ]
    },
    "question_76": {
      "question_number": 76,
      "correct_option": 3,
      "sds_id": "SDS110A",
      "subtopic": "Infertility",
      "image_filename": "question_76.png",
      "captured": true,
      "explanation": [
        "https://d1iljb9ao69244.cloudfront.net/399699_1702264144389_72.ogg"
      ]
    }
  }
}