{
  "chapter_name": "6 Evolution",
  "sets": {
    "Evolution (124 MCQs)": {
      "name": "Evolution (124 MCQs)",
      "path": "Evolution (124 MCQs)/",
      "questions": {
        "question_1": {
          "question_number": 1,
          "correct_option": 1,
          "sds_id": "SDS138B",
          "subtopic": "Definition & Types of Evolution",
          "image_filename": "Evolution (124 MCQs)/question_1.png",
          "captured": true,
          "explanation": [
            "https://d1iljb9ao69244.cloudfront.net/397816_1702282966190_84.ogg"
          ]
        },
        "question_2": {
          "question_number": 2,
          "correct_option": 3,
          "sds_id": "SDS138C",
          "subtopic": "Definition & Types of Evolution",
          "image_filename": "Evolution (124 MCQs)/question_2.png",
          "captured": true,
          "explanation": [
            "https://d1iljb9ao69244.cloudfront.net/397823_1702283047104_89.ogg"
          ]
        },
        "question_3": {
          "question_number": 3,
          "correct_option": 3,
          "sds_id": "SDS138D",
          "subtopic": "Examples of Chemical Evolution",
          "image_filename": "Evolution (124 MCQs)/question_3.png",
          "captured": true,
          "explanation": [
            "https://d2f8z173p7073l.cloudfront.net/1545574128006"
          ]
        },
        "question_4": {
          "question_number": 4,
          "correct_option": 1,
          "sds_id": "SDS138E",
          "subtopic": "Examples of Chemical Evolution",
          "image_filename": "Evolution (124 MCQs)/question_4.png",
          "captured": true,
          "explanation": [
            "https://d2f8z173p7073l.cloudfront.net/1582634302396"
          ]
        },
        "question_5": {
          "question_number": 5,
          "correct_option": 4,
          "sds_id": "SDS138F",
          "subtopic": "Urey & Miller Experiment",
          "image_filename": "Evolution (124 MCQs)/question_5.png",
          "captured": true,
          "explanation": [
            "https://d2f8z173p7073l.cloudfront.net/1582342394630"
          ]
        },
        "question_6": {
          "question_number": 6,
          "correct_option": 3,
          "sds_id": "SDS1390",
          "subtopic": "Urey & Miller Experiment",
          "image_filename": "Evolution (124 MCQs)/question_6.png",
          "captured": true,
          "explanation": [
            "https://d1iljb9ao69244.cloudfront.net/62863_1712045032541_29.ogg",
            "https://d2f8z173p7073l.cloudfront.net/1549284388435",
            "https://dsbihjlymzdyy.cloudfront.net/bio_images/all/Diagrams%20in%20Svg%20form%2FSVG%20Diagrams%20of%20class%2012th%2FMixed%20SVG%20Diagrams%2F62863.SVG.svg",
            "https://www.youtube-nocookie.com/embed/rENySsqC5aM?rel=0"
          ]
        },
        "question_7": {
          "question_number": 7,
          "correct_option": 3,
          "sds_id": "SDS1391",
          "subtopic": "Other Theories of Origin of Life",
          "image_filename": "Evolution (124 MCQs)/question_7.png",
          "captured": true,
          "explanation": [
            "https://d2f8z173p7073l.cloudfront.net/1582885793246"
          ]
        },
        "question_8": {
          "question_number": 8,
          "correct_option": 3,
          "sds_id": "SDS1392",
          "subtopic": "Other Theories of Origin of Life",
          "image_filename": "Evolution (124 MCQs)/question_8.png",
          "captured": true,
          "explanation": [
            "https://d2f8z173p7073l.cloudfront.net/1582299831441",
            "https://www.youtube-nocookie.com/embed/0Yt6N2KU1J4?rel=0",
            "https://www.youtube-nocookie.com/embed/HAZsJ_2pYFo?rel=0"
          ]
        },
        "question_9": {
          "question_number": 9,
          "correct_option": 4,
          "sds_id": "SDS1393",
          "subtopic": "Other Theories of Origin of Life",
          "image_filename": "Evolution (124 MCQs)/question_9.png",
          "captured": true,
          "explanation": [
            "https://d1iljb9ao69244.cloudfront.net/question_explanations_359181_1672281734868.ogg"
          ]
        },
        "question_10": {
          "question_number": 10,
          "correct_option": 3,
          "sds_id": "SDS1394",
          "subtopic": "Embryological Evidence of Evolution",
          "image_filename": "Evolution (124 MCQs)/question_10.png",
          "captured": true,
          "explanation": [
            "https://d1iljb9ao69244.cloudfront.net/397811_1702282903756_81.ogg"
          ]
        },
        "question_11": {
          "question_number": 11,
          "correct_option": 4,
          "sds_id": "SDS1395",
          "subtopic": "Embryological Evidence of Evolution",
          "image_filename": "Evolution (124 MCQs)/question_11.png",
          "captured": true,
          "explanation": [
            "https://d1iljb9ao69244.cloudfront.net/question_explanations_163744_1672118590569.ogg"
          ]
        },
        "question_12": {
          "question_number": 12,
          "correct_option": 3,
          "sds_id": "SDS1396",
          "subtopic": "Embryological Evidence of Evolution",
          "image_filename": "Evolution (124 MCQs)/question_12.png",
          "captured": true,
          "explanation": [
            "https://d1iljb9ao69244.cloudfront.net/452774_1714308474614_38.ogg"
          ]
        },
        "question_13": {
          "question_number": 13,
          "correct_option": 1,
          "sds_id": "SDS1397",
          "subtopic": "Embryological Evidence of Evolution",
          "image_filename": "Evolution (124 MCQs)/question_13.png",
          "captured": true,
          "explanation": [
            "https://d1iljb9ao69244.cloudfront.net/427549_1710127024937_45.ogg"
          ]
        },
        "question_14": {
          "question_number": 14,
          "correct_option": 2,
          "sds_id": "SDS1398",
          "subtopic": "Embryological Evidence of Evolution",
          "image_filename": "Evolution (124 MCQs)/question_14.png",
          "captured": true,
          "explanation": [
            "https://d1iljb9ao69244.cloudfront.net/397829_1702287488244_92.ogg"
          ]
        },
        "question_15": {
          "question_number": 15,
          "correct_option": 1,
          "sds_id": "SDS1399",
          "subtopic": "Embryological Evidence of Evolution",
          "image_filename": "Evolution (124 MCQs)/question_15.png",
          "captured": true,
          "explanation": [
            "https://d1iljb9ao69244.cloudfront.net/431631_1711178405606_29.ogg"
          ]
        },
        "question_16": {
          "question_number": 16,
          "correct_option": 3,
          "sds_id": "SDS139A",
          "subtopic": "Palentological Evidences of Evolution",
          "image_filename": "Evolution (124 MCQs)/question_16.png",
          "captured": true,
          "explanation": [
            "https://d2f8z173p7073l.cloudfront.net/1582299934786"
          ]
        },
        "question_17": {
          "question_number": 17,
          "correct_option": 1,
          "sds_id": "SDS139B",
          "subtopic": "Palentological Evidences of Evolution",
          "image_filename": "Evolution (124 MCQs)/question_17.png",
          "captured": true,
          "explanation": [
            "https://d2f8z173p7073l.cloudfront.net/1582342193440"
          ]
        },
        "question_18": {
          "question_number": 18,
          "correct_option": 4,
          "sds_id": "SDS139C",
          "subtopic": "Palentological Evidences of Evolution",
          "image_filename": "Evolution (124 MCQs)/question_18.png",
          "captured": true,
          "explanation": [
            "https://d1iljb9ao69244.cloudfront.net/398977_1701982958978_53.ogg"
          ]
        },
        "question_19": {
          "question_number": 19,
          "correct_option": 3,
          "sds_id": "SDS139D",
          "subtopic": "Palentological Evidences of Evolution",
          "image_filename": "Evolution (124 MCQs)/question_19.png",
          "captured": true,
          "explanation": [
            "https://d1iljb9ao69244.cloudfront.net/399704_1702264224116_77.ogg"
          ]
        },
        "question_20": {
          "question_number": 20,
          "correct_option": 2,
          "sds_id": "SDS139E",
          "subtopic": "Palentological Evidences of Evolution",
          "image_filename": "Evolution (124 MCQs)/question_20.png",
          "captured": true,
          "explanation": [
            "https://d1iljb9ao69244.cloudfront.net/397802_1702282257428_77.ogg"
          ]
        },
        "question_21": {
          "question_number": 21,
          "correct_option": 1,
          "sds_id": "SDS139F",
          "subtopic": "Palentological Evidences of Evolution",
          "image_filename": "Evolution (124 MCQs)/question_21.png",
          "captured": true,
          "explanation": [
            "https://d1iljb9ao69244.cloudfront.net/398467_1701707399267_22.ogg"
          ]
        },
        "question_22": {
          "question_number": 22,
          "correct_option": 3,
          "sds_id": "SDS13A0",
          "subtopic": "Palentological Evidences of Evolution",
          "image_filename": "Evolution (124 MCQs)/question_22.png",
          "captured": true,
          "explanation": [
            "https://d1iljb9ao69244.cloudfront.net/398463_1701707167066_20.ogg"
          ]
        },
        "question_23": {
          "question_number": 23,
          "correct_option": 4,
          "sds_id": "SDS13A1",
          "subtopic": "Palentological Evidences of Evolution",
          "image_filename": "Evolution (124 MCQs)/question_23.png",
          "captured": true,
          "explanation": [
            "https://d2f8z173p7073l.cloudfront.net/1549004395416",
            "https://www.youtube-nocookie.com/embed/olVWud7__g8?rel=0"
          ]
        },
        "question_24": {
          "question_number": 24,
          "correct_option": 4,
          "sds_id": "SDS13A2",
          "subtopic": "Palentological Evidences of Evolution",
          "image_filename": "Evolution (124 MCQs)/question_24.png",
          "captured": true,
          "explanation": [
            "https://d1iljb9ao69244.cloudfront.net/question_explanations_180072_1672118286071.ogg"
          ]
        },
        "question_25": {
          "question_number": 25,
          "correct_option": 1,
          "sds_id": "SDS13A3",
          "subtopic": "Theory of Evolution & Lamarckism",
          "image_filename": "Evolution (124 MCQs)/question_25.png",
          "captured": true,
          "explanation": [
            "https://d1iljb9ao69244.cloudfront.net/question_explanations_359178_1672282027355.ogg"
          ]
        },
        "question_26": {
          "question_number": 26,
          "correct_option": 4,
          "sds_id": "SDS13A4",
          "subtopic": "Theory of Evolution & Lamarckism",
          "image_filename": "Evolution (124 MCQs)/question_26.png",
          "captured": true,
          "explanation": [
            "https://d1iljb9ao69244.cloudfront.net/398980_1701982994432_55.ogg"
          ]
        },
        "question_27": {
          "question_number": 27,
          "correct_option": 2,
          "sds_id": "SDS13A5",
          "subtopic": "Theory of Evolution & Lamarckism",
          "image_filename": "Evolution (124 MCQs)/question_27.png",
          "captured": true,
          "explanation": [
            "https://d1iljb9ao69244.cloudfront.net/398454_1701707054297_15.ogg"
          ]
        },
        "question_28": {
          "question_number": 28,
          "correct_option": 3,
          "sds_id": "SDS13A6",
          "subtopic": "Darwin's Theory",
          "image_filename": "Evolution (124 MCQs)/question_28.png",
          "captured": true,
          "explanation": [
            "https://d1iljb9ao69244.cloudfront.net/question_explanations_359179_1672379590933.ogg"
          ]
        },
        "question_29": {
          "question_number": 29,
          "correct_option": 2,
          "sds_id": "SDS13A7",
          "subtopic": "Darwin's Theory",
          "image_filename": "Evolution (124 MCQs)/question_29.png",
          "captured": true,
          "explanation": [
            "https://d1iljb9ao69244.cloudfront.net/397810_1702282301998_80.ogg"
          ]
        },
        "question_30": {
          "question_number": 30,
          "correct_option": 3,
          "sds_id": "SDS13A8",
          "subtopic": "Darwin's Theory",
          "image_filename": "Evolution (124 MCQs)/question_30.png",
          "captured": true,
          "explanation": [
            "https://d1iljb9ao69244.cloudfront.net/439277_1712655138293_30.ogg"
          ]
        },
        "question_31": {
          "question_number": 31,
          "correct_option": 2,
          "sds_id": "SDS13A9",
          "subtopic": "Darwin's Theory",
          "image_filename": "Evolution (124 MCQs)/question_31.png",
          "captured": true,
          "explanation": [
            "https://d1iljb9ao69244.cloudfront.net/397826_1702283062855_90.ogg"
          ]
        },
        "question_32": {
          "question_number": 32,
          "correct_option": 4,
          "sds_id": "SDS13AA",
          "subtopic": "Darwin's Theory",
          "image_filename": "Evolution (124 MCQs)/question_32.png",
          "captured": true,
          "explanation": [
            "https://d2f8z173p7073l.cloudfront.net/1549001709180",
            "https://www.youtube-nocookie.com/embed/rGIhHg8biPI?rel=0"
          ]
        },
        "question_33": {
          "question_number": 33,
          "correct_option": 1,
          "sds_id": "SDS13AB",
          "subtopic": "Darwin's Theory",
          "image_filename": "Evolution (124 MCQs)/question_33.png",
          "captured": true,
          "explanation": [
            "https://d1iljb9ao69244.cloudfront.net/399004_1702005762792_68.ogg"
          ]
        },
        "question_34": {
          "question_number": 34,
          "correct_option": 2,
          "sds_id": "SDS13AC",
          "subtopic": "Additional Theories of Darwin",
          "image_filename": "Evolution (124 MCQs)/question_34.png",
          "captured": true,
          "explanation": [
            "https://d1iljb9ao69244.cloudfront.net/443080_1712902839836_28.ogg"
          ]
        },
        "question_35": {
          "question_number": 35,
          "correct_option": 4,
          "sds_id": "SDS13AD",
          "subtopic": "Additional Theories of Darwin",
          "image_filename": "Evolution (124 MCQs)/question_35.png",
          "captured": true,
          "explanation": [
            "https://d1iljb9ao69244.cloudfront.net/398469_1701707413886_23.ogg"
          ]
        },
        "question_36": {
          "question_number": 36,
          "correct_option": 4,
          "sds_id": "SDS13AE",
          "subtopic": "Hugo De Vries Theory of Evolution",
          "image_filename": "Evolution (124 MCQs)/question_36.png",
          "captured": true,
          "explanation": [
            "https://d1iljb9ao69244.cloudfront.net/question_explanations_359191_1671861620263.ogg"
          ]
        },
        "question_37": {
          "question_number": 37,
          "correct_option": 1,
          "sds_id": "SDS13AF",
          "subtopic": "Hugo De Vries Theory of Evolution",
          "image_filename": "Evolution (124 MCQs)/question_37.png",
          "captured": true,
          "explanation": [
            "https://d1iljb9ao69244.cloudfront.net/398448_1701707002829_12.ogg"
          ]
        },
        "question_38": {
          "question_number": 38,
          "correct_option": 3,
          "sds_id": "SDS13B0",
          "subtopic": "Modern Theory of Evolution",
          "image_filename": "Evolution (124 MCQs)/question_38.png",
          "captured": true,
          "explanation": [
            "https://d1iljb9ao69244.cloudfront.net/398449_1701707020122_13.ogg"
          ]
        },
        "question_39": {
          "question_number": 39,
          "correct_option": 2,
          "sds_id": "SDS13B1",
          "subtopic": "Modern Theory of Evolution",
          "image_filename": "Evolution (124 MCQs)/question_39.png",
          "captured": true,
          "explanation": [
            "https://d1iljb9ao69244.cloudfront.net/question_explanations_359190_1671860815953.ogg"
          ]
        },
        "question_40": {
          "question_number": 40,
          "correct_option": 2,
          "sds_id": "SDS13B2",
          "subtopic": "Modern Theory of Evolution",
          "image_filename": "Evolution (124 MCQs)/question_40.png",
          "captured": true,
          "explanation": [
            "https://d2f8z173p7073l.cloudfront.net/1549283867372",
            "https://dsbihjlymzdyy.cloudfront.net/bio_images/all/Diagrams%20in%20Svg%20form%2FSVG%20Diagrams%20of%20class%2012th%2FMixed%20SVG%20Diagrams%2F62860.svg.svg"
          ]
        },
        "question_41": {
          "question_number": 41,
          "correct_option": 1,
          "sds_id": "SDS13B3",
          "subtopic": "Natural Selection",
          "image_filename": "Evolution (124 MCQs)/question_41.png",
          "captured": true,
          "explanation": [
            "https://d1iljb9ao69244.cloudfront.net/question_explanations_65662_1672208208037.ogg"
          ]
        },
        "question_42": {
          "question_number": 42,
          "correct_option": 1,
          "sds_id": "SDS13B4",
          "subtopic": "Natural Selection",
          "image_filename": "Evolution (124 MCQs)/question_42.png",
          "captured": true,
          "explanation": [
            "https://d1iljb9ao69244.cloudfront.net/question_explanations_265179_1628331762519.ogg"
          ]
        },
        "question_43": {
          "question_number": 43,
          "correct_option": 3,
          "sds_id": "SDS13B5",
          "subtopic": "Natural Selection",
          "image_filename": "Evolution (124 MCQs)/question_43.png",
          "captured": true,
          "explanation": [
            "https://d1iljb9ao69244.cloudfront.net/443093_1712903639476_38.ogg"
          ]
        },
        "question_44": {
          "question_number": 44,
          "correct_option": 4,
          "sds_id": "SDS13B6",
          "subtopic": "Natural Selection",
          "image_filename": "Evolution (124 MCQs)/question_44.png",
          "captured": true,
          "explanation": [
            "https://d1iljb9ao69244.cloudfront.net/question_explanations_163739_1672210897900.ogg"
          ]
        },
        "question_45": {
          "question_number": 45,
          "correct_option": 3,
          "sds_id": "SDS13B7",
          "subtopic": "Natural Selection",
          "image_filename": "Evolution (124 MCQs)/question_45.png",
          "captured": true,
          "explanation": [
            "https://d1iljb9ao69244.cloudfront.net/399294_1702008174642_100.ogg"
          ]
        },
        "question_46": {
          "question_number": 46,
          "correct_option": 3,
          "sds_id": "SDS13B8",
          "subtopic": "Natural Selection",
          "image_filename": "Evolution (124 MCQs)/question_46.png",
          "captured": true,
          "explanation": [
            "https://d1iljb9ao69244.cloudfront.net/399711_1702264429628_84.ogg",
            "https://dsbihjlymzdyy.cloudfront.net/question-assets/key__2024-06-17%2009%3A38%3A13%20%2B0000image.png"
          ]
        },
        "question_47": {
          "question_number": 47,
          "correct_option": 3,
          "sds_id": "SDS13B9",
          "subtopic": "Natural Selection",
          "image_filename": "Evolution (124 MCQs)/question_47.png",
          "captured": true,
          "explanation": [
            "https://d1iljb9ao69244.cloudfront.net/415576_1707115932105_78.ogg"
          ]
        },
        "question_48": {
          "question_number": 48,
          "correct_option": 2,
          "sds_id": "SDS13BA",
          "subtopic": "Natural Selection",
          "image_filename": "Evolution (124 MCQs)/question_48.png",
          "captured": true,
          "explanation": [
            "https://d1iljb9ao69244.cloudfront.net/415582_1707116231038_84.ogg"
          ]
        },
        "question_49": {
          "question_number": 49,
          "correct_option": 3,
          "sds_id": "SDS13BB",
          "subtopic": "Difference Between Drift & Selection",
          "image_filename": "Evolution (124 MCQs)/question_49.png",
          "captured": true,
          "explanation": [
            "https://d1iljb9ao69244.cloudfront.net/398431_1701706404790_2.ogg"
          ]
        },
        "question_50": {
          "question_number": 50,
          "correct_option": 2,
          "sds_id": "SDS13BC",
          "subtopic": "Genetic Basis of Adaptation",
          "image_filename": "Evolution (124 MCQs)/question_50.png",
          "captured": true,
          "explanation": [
            "https://d1iljb9ao69244.cloudfront.net/398458_1701707110077_17.ogg"
          ]
        },
        "question_51": {
          "question_number": 51,
          "correct_option": 1,
          "sds_id": "SDS13BD",
          "subtopic": "Introduction to Human Evolution",
          "image_filename": "Evolution (124 MCQs)/question_51.png",
          "captured": true,
          "explanation": [
            "https://d1iljb9ao69244.cloudfront.net/question_explanations_245037_1672574694139.ogg"
          ]
        },
        "question_52": {
          "question_number": 52,
          "correct_option": 1,
          "sds_id": "SDS13BE",
          "subtopic": "Evolution of Homo Sapiens",
          "image_filename": "Evolution (124 MCQs)/question_52.png",
          "captured": true,
          "explanation": [
            "https://d1iljb9ao69244.cloudfront.net/question_explanations_359166_1672201500476.ogg"
          ]
        },
        "question_53": {
          "question_number": 53,
          "correct_option": 2,
          "sds_id": "SDS13BF",
          "subtopic": "Evolution of Homo Sapiens",
          "image_filename": "Evolution (124 MCQs)/question_53.png",
          "captured": true,
          "explanation": [
            "https://d1iljb9ao69244.cloudfront.net/question_explanations_359167_1672201281835.ogg"
          ]
        },
        "question_54": {
          "question_number": 54,
          "correct_option": 1,
          "sds_id": "SDS13C0",
          "subtopic": "Evolution of Homo Sapiens",
          "image_filename": "Evolution (124 MCQs)/question_54.png",
          "captured": true,
          "explanation": [
            "https://d1iljb9ao69244.cloudfront.net/359168_1728890113336_28.ogg",
            "https://d1iljb9ao69244.cloudfront.net/question_explanations_359168_1672201201004.ogg"
          ]
        },
        "question_55": {
          "question_number": 55,
          "correct_option": 2,
          "sds_id": "SDS13C1",
          "subtopic": "Evolution of Homo Sapiens",
          "image_filename": "Evolution (124 MCQs)/question_55.png",
          "captured": true,
          "explanation": [
            "https://d1iljb9ao69244.cloudfront.net/question_explanations_359169_1672200175601.ogg"
          ]
        },
        "question_56": {
          "question_number": 56,
          "correct_option": 3,
          "sds_id": "SDS13C2",
          "subtopic": "Evolution of Homo Sapiens",
          "image_filename": "Evolution (124 MCQs)/question_56.png",
          "captured": true,
          "explanation": [
            "https://d1iljb9ao69244.cloudfront.net/question_explanations_359170_1672146779112.ogg"
          ]
        },
        "question_57": {
          "question_number": 57,
          "correct_option": 2,
          "sds_id": "SDS13C3",
          "subtopic": "Evolution of Homo Sapiens",
          "image_filename": "Evolution (124 MCQs)/question_57.png",
          "captured": true,
          "explanation": [
            "https://d1iljb9ao69244.cloudfront.net/question_explanations_359171_1672199926376.ogg"
          ]
        },
        "question_58": {
          "question_number": 58,
          "correct_option": 1,
          "sds_id": "SDS13C4",
          "subtopic": "Evolution of Homo Sapiens",
          "image_filename": "Evolution (124 MCQs)/question_58.png",
          "captured": true,
          "explanation": [
            "https://d1iljb9ao69244.cloudfront.net/question_explanations_359172_1672281364146.ogg"
          ]
        },
        "question_59": {
          "question_number": 59,
          "correct_option": 3,
          "sds_id": "SDS13C5",
          "subtopic": "Evolution of Homo Sapiens",
          "image_filename": "Evolution (124 MCQs)/question_59.png",
          "captured": true,
          "explanation": [
            "https://d1iljb9ao69244.cloudfront.net/426792_1709871370044_97.ogg"
          ]
        },
        "question_60": {
          "question_number": 60,
          "correct_option": 1,
          "sds_id": "SDS13C6",
          "subtopic": "Evolution of Homo Sapiens",
          "image_filename": "Evolution (124 MCQs)/question_60.png",
          "captured": true,
          "explanation": [
            "https://d1iljb9ao69244.cloudfront.net/447746_1713350371574_28.ogg"
          ]
        },
        "question_61": {
          "question_number": 61,
          "correct_option": 2,
          "sds_id": "SDS13C7",
          "subtopic": "Evolution of Homo Sapiens",
          "image_filename": "Evolution (124 MCQs)/question_61.png",
          "captured": true,
          "explanation": [
            "https://d1iljb9ao69244.cloudfront.net/429911_1710827980180_48.ogg"
          ]
        },
        "question_62": {
          "question_number": 62,
          "correct_option": 2,
          "sds_id": "SDS13C8",
          "subtopic": "Evolution of Homo Sapiens",
          "image_filename": "Evolution (124 MCQs)/question_62.png",
          "captured": true,
          "explanation": [
            "https://d1iljb9ao69244.cloudfront.net/453630_1714480645914_40.ogg"
          ]
        },
        "question_63": {
          "question_number": 63,
          "correct_option": 1,
          "sds_id": "SDS13C9",
          "subtopic": "Evolution of Homo Sapiens",
          "image_filename": "Evolution (124 MCQs)/question_63.png",
          "captured": true,
          "explanation": [
            "https://d1iljb9ao69244.cloudfront.net/443076_1712902825821_27.ogg"
          ]
        },
        "question_64": {
          "question_number": 64,
          "correct_option": 2,
          "sds_id": "SDS13CA",
          "subtopic": "Concept of Organic Evolution: Evidence",
          "image_filename": "Evolution (124 MCQs)/question_64.png",
          "captured": true,
          "explanation": [
            "https://d2f8z173p7073l.cloudfront.net/1582887173740"
          ]
        },
        "question_65": {
          "question_number": 65,
          "correct_option": 3,
          "sds_id": "SDS13CB",
          "subtopic": "Concept of Organic Evolution: Evidence",
          "image_filename": "Evolution (124 MCQs)/question_65.png",
          "captured": true,
          "explanation": [
            "https://d2f8z173p7073l.cloudfront.net/1582885253252"
          ]
        },
        "question_66": {
          "question_number": 66,
          "correct_option": 2,
          "sds_id": "SDS13CC",
          "subtopic": "Concept of Organic Evolution: Evidence",
          "image_filename": "Evolution (124 MCQs)/question_66.png",
          "captured": true,
          "explanation": [
            "https://d2f8z173p7073l.cloudfront.net/1582885764524"
          ]
        },
        "question_67": {
          "question_number": 67,
          "correct_option": 1,
          "sds_id": "SDS13CD",
          "subtopic": "Concept of Organic Evolution: Evidence",
          "image_filename": "Evolution (124 MCQs)/question_67.png",
          "captured": true,
          "explanation": [
            "https://d2f8z173p7073l.cloudfront.net/1582885898636"
          ]
        },
        "question_68": {
          "question_number": 68,
          "correct_option": 4,
          "sds_id": "SDS13CE",
          "subtopic": "Concept of Organic Evolution: Evidence",
          "image_filename": "Evolution (124 MCQs)/question_68.png",
          "captured": true,
          "explanation": [
            "https://d2f8z173p7073l.cloudfront.net/1582300029324"
          ]
        },
        "question_69": {
          "question_number": 69,
          "correct_option": 3,
          "sds_id": "SDS13CF",
          "subtopic": "Concept of Organic Evolution: Evidence",
          "image_filename": "Evolution (124 MCQs)/question_69.png",
          "captured": true,
          "explanation": [
            "https://d2f8z173p7073l.cloudfront.net/1582886944270"
          ]
        },
        "question_70": {
          "question_number": 70,
          "correct_option": 3,
          "sds_id": "SDS13D0",
          "subtopic": "Concept of Organic Evolution: Evidence",
          "image_filename": "Evolution (124 MCQs)/question_70.png",
          "captured": true,
          "explanation": [
            "https://d2f8z173p7073l.cloudfront.net/1582887079767"
          ]
        },
        "question_71": {
          "question_number": 71,
          "correct_option": 2,
          "sds_id": "SDS13D1",
          "subtopic": "Concept of Organic Evolution: Evidence",
          "image_filename": "Evolution (124 MCQs)/question_71.png",
          "captured": true,
          "explanation": [
            "https://d2f8z173p7073l.cloudfront.net/1582342252988"
          ]
        },
        "question_72": {
          "question_number": 72,
          "correct_option": 3,
          "sds_id": "SDS13D2",
          "subtopic": "Concept of Organic Evolution: Evidence",
          "image_filename": "Evolution (124 MCQs)/question_72.png",
          "captured": true,
          "explanation": [
            "https://d2f8z173p7073l.cloudfront.net/1582886285774"
          ]
        },
        "question_73": {
          "question_number": 73,
          "correct_option": 4,
          "sds_id": "SDS13D3",
          "subtopic": "Concept of Organic Evolution: Evidence",
          "image_filename": "Evolution (124 MCQs)/question_73.png",
          "captured": true,
          "explanation": [
            "https://d1iljb9ao69244.cloudfront.net/415586_1707116314019_88.ogg"
          ]
        },
        "question_74": {
          "question_number": 74,
          "correct_option": 4,
          "sds_id": "SDS13D4",
          "subtopic": "Concept of Organic Evolution: Evidence",
          "image_filename": "Evolution (124 MCQs)/question_74.png",
          "captured": true,
          "explanation": [
            "https://d1iljb9ao69244.cloudfront.net/415573_1707115885784_75.ogg",
            "https://d2f8z173p7073l.cloudfront.net/1707026192217"
          ]
        },
        "question_75": {
          "question_number": 75,
          "correct_option": 3,
          "sds_id": "SDS13D5",
          "subtopic": "Concept of Organic Evolution: Evidence",
          "image_filename": "Evolution (124 MCQs)/question_75.png",
          "captured": true,
          "explanation": [
            "https://d1iljb9ao69244.cloudfront.net/question_explanations_359185_1671861154977.ogg"
          ]
        },
        "question_76": {
          "question_number": 76,
          "correct_option": 4,
          "sds_id": "SDS13D6",
          "subtopic": "Concept of Organic Evolution: Evidence",
          "image_filename": "Evolution (124 MCQs)/question_76.png",
          "captured": true,
          "explanation": [
            "https://d1iljb9ao69244.cloudfront.net/question_explanations_359186_1671861489486.ogg"
          ]
        },
        "question_77": {
          "question_number": 77,
          "correct_option": 1,
          "sds_id": "SDS13D7",
          "subtopic": "Concept of Organic Evolution: Evidence",
          "image_filename": "Evolution (124 MCQs)/question_77.png",
          "captured": true,
          "explanation": [
            "https://d1iljb9ao69244.cloudfront.net/question_explanations_359187_1671861239876.ogg"
          ]
        },
        "question_78": {
          "question_number": 78,
          "correct_option": 4,
          "sds_id": "SDS13D8",
          "subtopic": "Concept of Organic Evolution: Evidence",
          "image_filename": "Evolution (124 MCQs)/question_78.png",
          "captured": true,
          "explanation": [
            "https://d1iljb9ao69244.cloudfront.net/question_explanations_359189_1672454413652.ogg"
          ]
        },
        "question_79": {
          "question_number": 79,
          "correct_option": 3,
          "sds_id": "SDS13D9",
          "subtopic": "Hardy Weinberg Law",
          "image_filename": "Evolution (124 MCQs)/question_79.png",
          "captured": true,
          "explanation": [
            "https://d1iljb9ao69244.cloudfront.net/439278_1712655823421_31.ogg"
          ]
        },
        "question_80": {
          "question_number": 80,
          "correct_option": 4,
          "sds_id": "SDS13DA",
          "subtopic": "Hardy Weinberg Law",
          "image_filename": "Evolution (124 MCQs)/question_80.png",
          "captured": true,
          "explanation": [
            "https://d1iljb9ao69244.cloudfront.net/415577_1707115946699_79.ogg"
          ]
        },
        "question_81": {
          "question_number": 81,
          "correct_option": 4,
          "sds_id": "SDS13DB",
          "subtopic": "Hardy Weinberg Law",
          "image_filename": "Evolution (124 MCQs)/question_81.png",
          "captured": true,
          "explanation": [
            "https://d1iljb9ao69244.cloudfront.net/415580_1707116204737_82.ogg"
          ]
        },
        "question_82": {
          "question_number": 82,
          "correct_option": 2,
          "sds_id": "SDS13DC",
          "subtopic": "Hardy Weinberg Law",
          "image_filename": "Evolution (124 MCQs)/question_82.png",
          "captured": true,
          "explanation": [
            "https://d1iljb9ao69244.cloudfront.net/415581_1707116217960_83.ogg"
          ]
        },
        "question_83": {
          "question_number": 83,
          "correct_option": 3,
          "sds_id": "SDS13DD",
          "subtopic": "Hardy Weinberg Law",
          "image_filename": "Evolution (124 MCQs)/question_83.png",
          "captured": true,
          "explanation": [
            "https://d1iljb9ao69244.cloudfront.net/422344_1709091773990_79.ogg"
          ]
        },
        "question_84": {
          "question_number": 84,
          "correct_option": 1,
          "sds_id": "SDS13DE",
          "subtopic": "Hardy Weinberg Law",
          "image_filename": "Evolution (124 MCQs)/question_84.png",
          "captured": true,
          "explanation": [
            "https://d1iljb9ao69244.cloudfront.net/422347_1709092276316_82.ogg"
          ]
        },
        "question_85": {
          "question_number": 85,
          "correct_option": 3,
          "sds_id": "SDS13DF",
          "subtopic": "Hardy Weinberg Law",
          "image_filename": "Evolution (124 MCQs)/question_85.png",
          "captured": true,
          "explanation": [
            "https://d1iljb9ao69244.cloudfront.net/447745_1713350358102_27.ogg"
          ]
        },
        "question_86": {
          "question_number": 86,
          "correct_option": 2,
          "sds_id": "SDS13E0",
          "subtopic": "Hardy Weinberg Law",
          "image_filename": "Evolution (124 MCQs)/question_86.png",
          "captured": true,
          "explanation": [
            "https://d1iljb9ao69244.cloudfront.net/436371_1712129239124_33.ogg"
          ]
        },
        "question_87": {
          "question_number": 87,
          "correct_option": 1,
          "sds_id": "SDS13E1",
          "subtopic": "Hardy Weinberg Law",
          "image_filename": "Evolution (124 MCQs)/question_87.png",
          "captured": true,
          "explanation": [
            "https://d1iljb9ao69244.cloudfront.net/426429_1711177028365_12.ogg"
          ]
        },
        "question_88": {
          "question_number": 88,
          "correct_option": 2,
          "sds_id": "SDS13E2",
          "subtopic": "Hardy Weinberg Law",
          "image_filename": "Evolution (124 MCQs)/question_88.png",
          "captured": true,
          "explanation": [
            "https://d1iljb9ao69244.cloudfront.net/438453_1712643090114_16.ogg"
          ]
        },
        "question_89": {
          "question_number": 89,
          "correct_option": 4,
          "sds_id": "SDS13E3",
          "subtopic": "Hardy Weinberg Law",
          "image_filename": "Evolution (124 MCQs)/question_89.png",
          "captured": true,
          "explanation": [
            "https://d1iljb9ao69244.cloudfront.net/449524_1713781419067_27.ogg"
          ]
        },
        "question_90": {
          "question_number": 90,
          "correct_option": 3,
          "sds_id": "SDS13E4",
          "subtopic": "Origin of Life",
          "image_filename": "Evolution (124 MCQs)/question_90.png",
          "captured": true,
          "explanation": [
            "https://d1iljb9ao69244.cloudfront.net/question_explanations_359150_1672380098185.ogg"
          ]
        },
        "question_91": {
          "question_number": 91,
          "correct_option": 4,
          "sds_id": "SDS13E5",
          "subtopic": "Origin of Life",
          "image_filename": "Evolution (124 MCQs)/question_91.png",
          "captured": true,
          "explanation": [
            "https://d1iljb9ao69244.cloudfront.net/397804_1702282272642_78.ogg"
          ]
        },
        "question_92": {
          "question_number": 92,
          "correct_option": 3,
          "sds_id": "SDS13E6",
          "subtopic": "Origin of Life",
          "image_filename": "Evolution (124 MCQs)/question_92.png",
          "captured": true,
          "explanation": [
            "https://d1iljb9ao69244.cloudfront.net/question_explanations_359174_1672374261983.ogg"
          ]
        },
        "question_93": {
          "question_number": 93,
          "correct_option": 4,
          "sds_id": "SDS13E7",
          "subtopic": "Origin of Life",
          "image_filename": "Evolution (124 MCQs)/question_93.png",
          "captured": true,
          "explanation": [
            "https://d1iljb9ao69244.cloudfront.net/question_explanations_359175_1672379903226.ogg"
          ]
        },
        "question_94": {
          "question_number": 94,
          "correct_option": 3,
          "sds_id": "SDS13E8",
          "subtopic": "Origin of Life",
          "image_filename": "Evolution (124 MCQs)/question_94.png",
          "captured": true,
          "explanation": [
            "https://d1iljb9ao69244.cloudfront.net/question_explanations_359177_1672379785880.ogg"
          ]
        },
        "question_95": {
          "question_number": 95,
          "correct_option": 2,
          "sds_id": "SDS13E9",
          "subtopic": "Origin of Life",
          "image_filename": "Evolution (124 MCQs)/question_95.png",
          "captured": true,
          "explanation": [
            "https://d1iljb9ao69244.cloudfront.net/397839_1702287611947_100.ogg"
          ]
        },
        "question_96": {
          "question_number": 96,
          "correct_option": 4,
          "sds_id": "SDS13EA",
          "subtopic": "Origin of Life",
          "image_filename": "Evolution (124 MCQs)/question_96.png",
          "captured": true,
          "explanation": [
            "https://d1iljb9ao69244.cloudfront.net/398974_1701982924092_51.ogg"
          ]
        },
        "question_97": {
          "question_number": 97,
          "correct_option": 3,
          "sds_id": "SDS13EB",
          "subtopic": "Origin of Life",
          "image_filename": "Evolution (124 MCQs)/question_97.png",
          "captured": true,
          "explanation": [
            "https://d2f8z173p7073l.cloudfront.net/1582342284476"
          ]
        },
        "question_98": {
          "question_number": 98,
          "correct_option": 3,
          "sds_id": "SDS13EC",
          "subtopic": "Biochemical Evidences",
          "image_filename": "Evolution (124 MCQs)/question_98.png",
          "captured": true,
          "explanation": [
            "https://d1iljb9ao69244.cloudfront.net/397819_1702282996523_86.ogg"
          ]
        },
        "question_99": {
          "question_number": 99,
          "correct_option": 4,
          "sds_id": "SDS13ED",
          "subtopic": "A BRIEF ACCOUNT OF EVOLUTION",
          "image_filename": "Evolution (124 MCQs)/question_99.png",
          "captured": true,
          "explanation": [
            "https://d1iljb9ao69244.cloudfront.net/question_explanations_359155_1672200596849.ogg"
          ]
        },
        "question_100": {
          "question_number": 100,
          "correct_option": 2,
          "sds_id": "SDS13EE",
          "subtopic": "A BRIEF ACCOUNT OF EVOLUTION",
          "image_filename": "Evolution (124 MCQs)/question_100.png",
          "captured": true,
          "explanation": [
            "https://d1iljb9ao69244.cloudfront.net/question_explanations_359156_1672200347631.ogg"
          ]
        },
        "question_101": {
          "question_number": 101,
          "correct_option": 3,
          "sds_id": "SDS13EF",
          "subtopic": "A BRIEF ACCOUNT OF EVOLUTION",
          "image_filename": "Evolution (124 MCQs)/question_101.png",
          "captured": true,
          "explanation": [
            "https://d1iljb9ao69244.cloudfront.net/question_explanations_359157_1672200542976.ogg"
          ]
        },
        "question_102": {
          "question_number": 102,
          "correct_option": 2,
          "sds_id": "SDS13F0",
          "subtopic": "A BRIEF ACCOUNT OF EVOLUTION",
          "image_filename": "Evolution (124 MCQs)/question_102.png",
          "captured": true,
          "explanation": [
            "https://d1iljb9ao69244.cloudfront.net/question_explanations_359158_1672200417364.ogg"
          ]
        },
        "question_103": {
          "question_number": 103,
          "correct_option": 4,
          "sds_id": "SDS13F1",
          "subtopic": "A BRIEF ACCOUNT OF EVOLUTION",
          "image_filename": "Evolution (124 MCQs)/question_103.png",
          "captured": true,
          "explanation": [
            "https://d1iljb9ao69244.cloudfront.net/question_explanations_359159_1672200489865.ogg"
          ]
        },
        "question_104": {
          "question_number": 104,
          "correct_option": 1,
          "sds_id": "SDS13F2",
          "subtopic": "A BRIEF ACCOUNT OF EVOLUTION",
          "image_filename": "Evolution (124 MCQs)/question_104.png",
          "captured": true,
          "explanation": [
            "https://d1iljb9ao69244.cloudfront.net/question_explanations_359160_1672201059900.ogg"
          ]
        },
        "question_105": {
          "question_number": 105,
          "correct_option": 4,
          "sds_id": "SDS13F3",
          "subtopic": "A BRIEF ACCOUNT OF EVOLUTION",
          "image_filename": "Evolution (124 MCQs)/question_105.png",
          "captured": true,
          "explanation": [
            "https://d1iljb9ao69244.cloudfront.net/question_explanations_359161_1672200971842.ogg"
          ]
        },
        "question_106": {
          "question_number": 106,
          "correct_option": 3,
          "sds_id": "SDS13F4",
          "subtopic": "A BRIEF ACCOUNT OF EVOLUTION",
          "image_filename": "Evolution (124 MCQs)/question_106.png",
          "captured": true,
          "explanation": [
            "https://d1iljb9ao69244.cloudfront.net/question_explanations_359162_1672200857951.ogg"
          ]
        },
        "question_107": {
          "question_number": 107,
          "correct_option": 3,
          "sds_id": "SDS13F5",
          "subtopic": "A BRIEF ACCOUNT OF EVOLUTION",
          "image_filename": "Evolution (124 MCQs)/question_107.png",
          "captured": true,
          "explanation": [
            "https://d1iljb9ao69244.cloudfront.net/question_explanations_359163_1672200776840.ogg"
          ]
        },
        "question_108": {
          "question_number": 108,
          "correct_option": 2,
          "sds_id": "SDS13F6",
          "subtopic": "A BRIEF ACCOUNT OF EVOLUTION",
          "image_filename": "Evolution (124 MCQs)/question_108.png",
          "captured": true,
          "explanation": [
            "https://d1iljb9ao69244.cloudfront.net/question_explanations_359164_1672200244850.ogg"
          ]
        },
        "question_109": {
          "question_number": 109,
          "correct_option": 3,
          "sds_id": "SDS13F7",
          "subtopic": "A BRIEF ACCOUNT OF EVOLUTION",
          "image_filename": "Evolution (124 MCQs)/question_109.png",
          "captured": true,
          "explanation": [
            "https://d1iljb9ao69244.cloudfront.net/question_explanations_359165_1671977052535.ogg"
          ]
        },
        "question_110": {
          "question_number": 110,
          "correct_option": 1,
          "sds_id": "SDS13F8",
          "subtopic": "A BRIEF ACCOUNT OF EVOLUTION",
          "image_filename": "Evolution (124 MCQs)/question_110.png",
          "captured": true,
          "explanation": [
            "https://d1iljb9ao69244.cloudfront.net/question_explanations_359151_1672199784219.ogg"
          ]
        },
        "question_111": {
          "question_number": 111,
          "correct_option": 2,
          "sds_id": "SDS13F9",
          "subtopic": "A BRIEF ACCOUNT OF EVOLUTION",
          "image_filename": "Evolution (124 MCQs)/question_111.png",
          "captured": true,
          "explanation": [
            "https://d1iljb9ao69244.cloudfront.net/question_explanations_359152_1672199706618.ogg"
          ]
        },
        "question_112": {
          "question_number": 112,
          "correct_option": 3,
          "sds_id": "SDS13FA",
          "subtopic": "A BRIEF ACCOUNT OF EVOLUTION",
          "image_filename": "Evolution (124 MCQs)/question_112.png",
          "captured": true,
          "explanation": [
            "https://d1iljb9ao69244.cloudfront.net/question_explanations_359153_1672199567038.ogg"
          ]
        },
        "question_113": {
          "question_number": 113,
          "correct_option": 1,
          "sds_id": "SDS13FB",
          "subtopic": "A BRIEF ACCOUNT OF EVOLUTION",
          "image_filename": "Evolution (124 MCQs)/question_113.png",
          "captured": true,
          "explanation": [
            "https://d1iljb9ao69244.cloudfront.net/question_explanations_359154_1672199422667.ogg"
          ]
        },
        "question_114": {
          "question_number": 114,
          "correct_option": 1,
          "sds_id": "SDS13FC",
          "subtopic": "A BRIEF ACCOUNT OF EVOLUTION",
          "image_filename": "Evolution (124 MCQs)/question_114.png",
          "captured": true,
          "explanation": [
            "https://d1iljb9ao69244.cloudfront.net/398441_1701706620850_8.ogg"
          ]
        },
        "question_115": {
          "question_number": 115,
          "correct_option": 2,
          "sds_id": "SDS13FD",
          "subtopic": "Biological Evolution",
          "image_filename": "Evolution (124 MCQs)/question_115.png",
          "captured": true,
          "explanation": [
            "https://d1iljb9ao69244.cloudfront.net/446629_1713094001229_22.ogg"
          ]
        },
        "question_116": {
          "question_number": 116,
          "correct_option": 4,
          "sds_id": "SDS13FE",
          "subtopic": "Summary",
          "image_filename": "Evolution (124 MCQs)/question_116.png",
          "captured": true,
          "explanation": [
            "https://d1iljb9ao69244.cloudfront.net/415584_1707116284559_86.ogg"
          ]
        },
        "question_117": {
          "question_number": 117,
          "correct_option": 1,
          "sds_id": "SDS13FF",
          "subtopic": "Mechanism of Evolution",
          "image_filename": "Evolution (124 MCQs)/question_117.png",
          "captured": true,
          "explanation": [
            "https://d1iljb9ao69244.cloudfront.net/415578_1707115976949_80.ogg"
          ]
        },
        "question_118": {
          "question_number": 118,
          "correct_option": 1,
          "sds_id": "SDS1400",
          "subtopic": "Mechanism of Evolution",
          "image_filename": "Evolution (124 MCQs)/question_118.png",
          "captured": true,
          "explanation": [
            "https://d1iljb9ao69244.cloudfront.net/448203_1713522389197_20.ogg"
          ]
        },
        "question_119": {
          "question_number": 119,
          "correct_option": 2,
          "sds_id": "SDS1401",
          "subtopic": "What is Adaptive Radiation",
          "image_filename": "Evolution (124 MCQs)/question_119.png",
          "captured": true,
          "explanation": [
            "https://d1iljb9ao69244.cloudfront.net/464873_1728615496766_52.ogg"
          ]
        },
        "question_120": {
          "question_number": 120,
          "correct_option": 3,
          "sds_id": "SDS1402",
          "subtopic": "What is Adaptive Radiation",
          "image_filename": "Evolution (124 MCQs)/question_120.png",
          "captured": true,
          "explanation": "none"
        }
      }
    },
    "Evolution (LEVEL 3 MCQs)": {
      "name": "Evolution (LEVEL 3 MCQs)",
      "path": "Evolution (LEVEL 3 MCQs)/",
      "questions": {
        "question_1": {
          "question_number": 1,
          "correct_option": 2,
          "sds_id": "SDS1403",
          "subtopic": "Definition & Types of Evolution",
          "image_filename": "Evolution (LEVEL 3 MCQs)/question_1.png",
          "captured": true,
          "explanation": [
            "https://d1iljb9ao69244.cloudfront.net/397821_1702283011227_87.ogg"
          ]
        },
        "question_2": {
          "question_number": 2,
          "correct_option": 4,
          "sds_id": "SDS1404",
          "subtopic": "Definition & Types of Evolution",
          "image_filename": "Evolution (LEVEL 3 MCQs)/question_2.png",
          "captured": true,
          "explanation": [
            "https://d1iljb9ao69244.cloudfront.net/426790_1709871356803_96.ogg"
          ]
        },
        "question_3": {
          "question_number": 3,
          "correct_option": 2,
          "sds_id": "SDS1405",
          "subtopic": "Urey & Miller Experiment",
          "image_filename": "Evolution (LEVEL 3 MCQs)/question_3.png",
          "captured": true,
          "explanation": [
            "https://d1iljb9ao69244.cloudfront.net/398470_1701707430753_24.ogg"
          ]
        },
        "question_4": {
          "question_number": 4,
          "correct_option": 2,
          "sds_id": "SDS1406",
          "subtopic": "Other Theories of Origin of Life",
          "image_filename": "Evolution (LEVEL 3 MCQs)/question_4.png",
          "captured": true,
          "explanation": [
            "https://d2f8z173p7073l.cloudfront.net/1582635019285",
            "https://www.youtube-nocookie.com/embed/YFGgz8saPgU?rel=0",
            "https://www.youtube-nocookie.com/embed/F3F31PbIN5I?rel=0"
          ]
        },
        "question_5": {
          "question_number": 5,
          "correct_option": 3,
          "sds_id": "SDS1407",
          "subtopic": "Embryological Evidence of Evolution",
          "image_filename": "Evolution (LEVEL 3 MCQs)/question_5.png",
          "captured": true,
          "explanation": [
            "https://d1iljb9ao69244.cloudfront.net/436369_1712129223469_32.ogg"
          ]
        },
        "question_6": {
          "question_number": 6,
          "correct_option": 4,
          "sds_id": "SDS1408",
          "subtopic": "Embryological Evidence of Evolution",
          "image_filename": "Evolution (LEVEL 3 MCQs)/question_6.png",
          "captured": true,
          "explanation": [
            "https://d1iljb9ao69244.cloudfront.net/453610_1714485916856_26.ogg"
          ]
        },
        "question_7": {
          "question_number": 7,
          "correct_option": 1,
          "sds_id": "SDS1409",
          "subtopic": "Palentological Evidences of Evolution",
          "image_filename": "Evolution (LEVEL 3 MCQs)/question_7.png",
          "captured": true,
          "explanation": [
            "https://d1iljb9ao69244.cloudfront.net/426789_1709871344110_95.ogg"
          ]
        },
        "question_8": {
          "question_number": 8,
          "correct_option": 1,
          "sds_id": "SDS140A",
          "subtopic": "Palentological Evidences of Evolution",
          "image_filename": "Evolution (LEVEL 3 MCQs)/question_8.png",
          "captured": true,
          "explanation": [
            "https://d1iljb9ao69244.cloudfront.net/448228_1713523947595_40.ogg"
          ]
        },
        "question_9": {
          "question_number": 9,
          "correct_option": 2,
          "sds_id": "SDS140B",
          "subtopic": "Palentological Evidences of Evolution",
          "image_filename": "Evolution (LEVEL 3 MCQs)/question_9.png",
          "captured": true,
          "explanation": [
            "https://d2f8z173p7073l.cloudfront.net/1582634347837"
          ]
        },
        "question_10": {
          "question_number": 10,
          "correct_option": 3,
          "sds_id": "SDS140C",
          "subtopic": "Theory of Evolution & Lamarckism",
          "image_filename": "Evolution (LEVEL 3 MCQs)/question_10.png",
          "captured": true,
          "explanation": [
            "https://d1iljb9ao69244.cloudfront.net/438456_1712643103418_17.ogg"
          ]
        },
        "question_11": {
          "question_number": 11,
          "correct_option": 4,
          "sds_id": "SDS140D",
          "subtopic": "Darwin's Theory",
          "image_filename": "Evolution (LEVEL 3 MCQs)/question_11.png",
          "captured": true,
          "explanation": [
            "https://d2f8z173p7073l.cloudfront.net/1574164349043"
          ]
        },
        "question_12": {
          "question_number": 12,
          "correct_option": 2,
          "sds_id": "SDS140E",
          "subtopic": "Darwin's Theory",
          "image_filename": "Evolution (LEVEL 3 MCQs)/question_12.png",
          "captured": true,
          "explanation": [
            "https://d1iljb9ao69244.cloudfront.net/398982_1701983010957_56.ogg"
          ]
        },
        "question_13": {
          "question_number": 13,
          "correct_option": 2,
          "sds_id": "SDS140F",
          "subtopic": "Modern Theory of Evolution",
          "image_filename": "Evolution (LEVEL 3 MCQs)/question_13.png",
          "captured": true,
          "explanation": [
            "https://d1iljb9ao69244.cloudfront.net/334620_1651548268928_6.ogg"
          ]
        },
        "question_14": {
          "question_number": 14,
          "correct_option": 3,
          "sds_id": "SDS1410",
          "subtopic": "Natural Selection",
          "image_filename": "Evolution (LEVEL 3 MCQs)/question_14.png",
          "captured": true,
          "explanation": [
            "https://d1iljb9ao69244.cloudfront.net/question_explanations_31893_1672137950513.ogg"
          ]
        },
        "question_15": {
          "question_number": 15,
          "correct_option": 4,
          "sds_id": "SDS1411",
          "subtopic": "Natural Selection",
          "image_filename": "Evolution (LEVEL 3 MCQs)/question_15.png",
          "captured": true,
          "explanation": [
            "https://d1iljb9ao69244.cloudfront.net/397832_1702287518977_94.ogg"
          ]
        },
        "question_16": {
          "question_number": 16,
          "correct_option": 2,
          "sds_id": "SDS1412",
          "subtopic": "Natural Selection",
          "image_filename": "Evolution (LEVEL 3 MCQs)/question_16.png",
          "captured": true,
          "explanation": [
            "https://d1iljb9ao69244.cloudfront.net/398983_1701983027877_57.ogg"
          ]
        },
        "question_17": {
          "question_number": 17,
          "correct_option": 1,
          "sds_id": "SDS1413",
          "subtopic": "Introduction to Human Evolution",
          "image_filename": "Evolution (LEVEL 3 MCQs)/question_17.png",
          "captured": true,
          "explanation": [
            "https://d1iljb9ao69244.cloudfront.net/62390_1712045724277_50.ogg",
            "https://d2f8z173p7073l.cloudfront.net/1549004454986",
            "https://www.youtube-nocookie.com/embed/pXHXtraUNKw?rel=0"
          ]
        },
        "question_18": {
          "question_number": 18,
          "correct_option": 4,
          "sds_id": "SDS1414",
          "subtopic": "Introduction to Human Evolution",
          "image_filename": "Evolution (LEVEL 3 MCQs)/question_18.png",
          "captured": true,
          "explanation": [
            "https://d2f8z173p7073l.cloudfront.net/1582634973208"
          ]
        },
        "question_19": {
          "question_number": 19,
          "correct_option": 4,
          "sds_id": "SDS1415",
          "subtopic": "Introduction to Human Evolution",
          "image_filename": "Evolution (LEVEL 3 MCQs)/question_19.png",
          "captured": true,
          "explanation": [
            "https://d1iljb9ao69244.cloudfront.net/438448_1712643064804_14.ogg"
          ]
        },
        "question_20": {
          "question_number": 20,
          "correct_option": 2,
          "sds_id": "SDS1416",
          "subtopic": "Concept of Organic Evolution: Evidence",
          "image_filename": "Evolution (LEVEL 3 MCQs)/question_20.png",
          "captured": true,
          "explanation": [
            "https://d1iljb9ao69244.cloudfront.net/426422_1709890807474_19.ogg"
          ]
        },
        "question_21": {
          "question_number": 21,
          "correct_option": 3,
          "sds_id": "SDS1417",
          "subtopic": "Concept of Organic Evolution: Evidence",
          "image_filename": "Evolution (LEVEL 3 MCQs)/question_21.png",
          "captured": true,
          "explanation": [
            "https://d2f8z173p7073l.cloudfront.net/1582636482791"
          ]
        },
        "question_22": {
          "question_number": 22,
          "correct_option": 1,
          "sds_id": "SDS1418",
          "subtopic": "Evolution Prior to Ape Man",
          "image_filename": "Evolution (LEVEL 3 MCQs)/question_22.png",
          "captured": true,
          "explanation": [
            "https://d1iljb9ao69244.cloudfront.net/398428_1701706385900_1.ogg"
          ]
        },
        "question_23": {
          "question_number": 23,
          "correct_option": 2,
          "sds_id": "SDS1419",
          "subtopic": "Hardy Weinberg Law",
          "image_filename": "Evolution (LEVEL 3 MCQs)/question_23.png",
          "captured": true,
          "explanation": [
            "https://d1iljb9ao69244.cloudfront.net/427550_1710127036810_46.ogg"
          ]
        },
        "question_24": {
          "question_number": 24,
          "correct_option": 3,
          "sds_id": "SDS141A",
          "subtopic": "A BRIEF ACCOUNT OF EVOLUTION",
          "image_filename": "Evolution (LEVEL 3 MCQs)/question_24.png",
          "captured": true,
          "explanation": [
            "https://d1iljb9ao69244.cloudfront.net/426427_1711181001712_42.ogg"
          ]
        },
        "question_25": {
          "question_number": 25,
          "correct_option": 1,
          "sds_id": "SDS141B",
          "subtopic": "A BRIEF ACCOUNT OF EVOLUTION",
          "image_filename": "Evolution (LEVEL 3 MCQs)/question_25.png",
          "captured": true,
          "explanation": [
            "https://d1iljb9ao69244.cloudfront.net/397800_1702282242623_76.ogg"
          ]
        },
        "question_26": {
          "question_number": 26,
          "correct_option": 2,
          "sds_id": "SDS141C",
          "subtopic": "A BRIEF ACCOUNT OF EVOLUTION",
          "image_filename": "Evolution (LEVEL 3 MCQs)/question_26.png",
          "captured": true,
          "explanation": [
            "https://d1iljb9ao69244.cloudfront.net/399706_1702264254240_79.ogg"
          ]
        },
        "question_27": {
          "question_number": 27,
          "correct_option": 4,
          "sds_id": "SDS141D",
          "subtopic": "Biological Evolution",
          "image_filename": "Evolution (LEVEL 3 MCQs)/question_27.png",
          "captured": true,
          "explanation": [
            "https://d1iljb9ao69244.cloudfront.net/427553_1710127049035_47.ogg"
          ]
        },
        "question_28": {
          "question_number": 28,
          "correct_option": 1,
          "sds_id": "SDS141E",
          "subtopic": "What is Adaptive Radiation",
          "image_filename": "Evolution (LEVEL 3 MCQs)/question_28.png",
          "captured": true,
          "explanation": [
            "https://d1iljb9ao69244.cloudfront.net/449542_1713782980319_45.ogg"
          ]
        },
        "question_29": {
          "question_number": 29,
          "correct_option": 3,
          "sds_id": "SDS141F",
          "subtopic": "What is Adaptive Radiation",
          "image_filename": "Evolution (LEVEL 3 MCQs)/question_29.png",
          "captured": true,
          "explanation": [
            "https://d1iljb9ao69244.cloudfront.net/447210_1713288712124_23.ogg"
          ]
        }
      }
    },
    "Invictus": {
      "name": "Invictus",
      "path": "Invictus/",
      "questions": {
        "question_1": {
          "question_number": 1,
          "correct_option": 4,
          "sds_id": "SDS1420",
          "subtopic": "Definition & Types of Evolution",
          "image_filename": "Invictus/question_1.png",
          "captured": true,
          "explanation": [
            "https://d2f8z173p7073l.cloudfront.net/1582637353757"
          ]
        },
        "question_2": {
          "question_number": 2,
          "correct_option": 4,
          "sds_id": "SDS1421",
          "subtopic": "Definition & Types of Evolution",
          "image_filename": "Invictus/question_2.png",
          "captured": true,
          "explanation": [
            "https://d2f8z173p7073l.cloudfront.net/1582636208851"
          ]
        },
        "question_3": {
          "question_number": 3,
          "correct_option": 1,
          "sds_id": "SDS1422",
          "subtopic": "Definition & Types of Evolution",
          "image_filename": "Invictus/question_3.png",
          "captured": true,
          "explanation": [
            "https://d2f8z173p7073l.cloudfront.net/1582635603381"
          ]
        },
        "question_4": {
          "question_number": 4,
          "correct_option": 4,
          "sds_id": "SDS1423",
          "subtopic": "Definition & Types of Evolution",
          "image_filename": "Invictus/question_4.png",
          "captured": true,
          "explanation": [
            "https://d2f8z173p7073l.cloudfront.net/1582342083753"
          ]
        },
        "question_5": {
          "question_number": 5,
          "correct_option": 1,
          "sds_id": "SDS1424",
          "subtopic": "Examples of Chemical Evolution",
          "image_filename": "Invictus/question_5.png",
          "captured": true,
          "explanation": [
            "https://d2f8z173p7073l.cloudfront.net/1582635512308"
          ]
        },
        "question_6": {
          "question_number": 6,
          "correct_option": 2,
          "sds_id": "SDS1425",
          "subtopic": "Urey & Miller Experiment",
          "image_filename": "Invictus/question_6.png",
          "captured": true,
          "explanation": [
            "https://d2f8z173p7073l.cloudfront.net/1582884533220"
          ]
        },
        "question_7": {
          "question_number": 7,
          "correct_option": 2,
          "sds_id": "SDS1426",
          "subtopic": "Urey & Miller Experiment",
          "image_filename": "Invictus/question_7.png",
          "captured": true,
          "explanation": [
            "https://d2f8z173p7073l.cloudfront.net/1582884671429"
          ]
        },
        "question_8": {
          "question_number": 8,
          "correct_option": 3,
          "sds_id": "SDS1427",
          "subtopic": "Urey & Miller Experiment",
          "image_filename": "Invictus/question_8.png",
          "captured": true,
          "explanation": [
            "https://d2f8z173p7073l.cloudfront.net/1582635477281"
          ]
        },
        "question_9": {
          "question_number": 9,
          "correct_option": 1,
          "sds_id": "SDS1428",
          "subtopic": "Other Theories of Origin of Life",
          "image_filename": "Invictus/question_9.png",
          "captured": true,
          "explanation": [
            "https://d2f8z173p7073l.cloudfront.net/1588068250794"
          ]
        },
        "question_10": {
          "question_number": 10,
          "correct_option": 2,
          "sds_id": "SDS1429",
          "subtopic": "Other Theories of Origin of Life",
          "image_filename": "Invictus/question_10.png",
          "captured": true,
          "explanation": [
            "https://d2f8z173p7073l.cloudfront.net/1582637500754"
          ]
        },
        "question_11": {
          "question_number": 11,
          "correct_option": 3,
          "sds_id": "SDS142A",
          "subtopic": "Other Theories of Origin of Life",
          "image_filename": "Invictus/question_11.png",
          "captured": true,
          "explanation": [
            "https://d2f8z173p7073l.cloudfront.net/1582637308433"
          ]
        },
        "question_12": {
          "question_number": 12,
          "correct_option": 3,
          "sds_id": "SDS142B",
          "subtopic": "Other Theories of Origin of Life",
          "image_filename": "Invictus/question_12.png",
          "captured": true,
          "explanation": [
            "https://d2f8z173p7073l.cloudfront.net/1582342154593"
          ]
        },
        "question_13": {
          "question_number": 13,
          "correct_option": 3,
          "sds_id": "SDS142C",
          "subtopic": "Palentological Evidences of Evolution",
          "image_filename": "Invictus/question_13.png",
          "captured": true,
          "explanation": [
            "https://d2f8z173p7073l.cloudfront.net/1582635568323"
          ]
        },
        "question_14": {
          "question_number": 14,
          "correct_option": 3,
          "sds_id": "SDS142D",
          "subtopic": "Palentological Evidences of Evolution",
          "image_filename": "Invictus/question_14.png",
          "captured": true,
          "explanation": [
            "https://d1iljb9ao69244.cloudfront.net/question_explanations_264475_1628331315670.ogg"
          ]
        },
        "question_15": {
          "question_number": 15,
          "correct_option": 4,
          "sds_id": "SDS142E",
          "subtopic": "Palentological Evidences of Evolution",
          "image_filename": "Invictus/question_15.png",
          "captured": true,
          "explanation": [
            "https://d2f8z173p7073l.cloudfront.net/1582634462291"
          ]
        },
        "question_16": {
          "question_number": 16,
          "correct_option": 1,
          "sds_id": "SDS142F",
          "subtopic": "Palentological Evidences of Evolution",
          "image_filename": "Invictus/question_16.png",
          "captured": true,
          "explanation": [
            "https://d2f8z173p7073l.cloudfront.net/1582635126778"
          ]
        },
        "question_17": {
          "question_number": 17,
          "correct_option": 1,
          "sds_id": "SDS1430",
          "subtopic": "Theory of Evolution & Lamarckism",
          "image_filename": "Invictus/question_17.png",
          "captured": true,
          "explanation": [
            "https://d2f8z173p7073l.cloudfront.net/1582885281317"
          ]
        },
        "question_18": {
          "question_number": 18,
          "correct_option": 1,
          "sds_id": "SDS1431",
          "subtopic": "Theory of Evolution & Lamarckism",
          "image_filename": "Invictus/question_18.png",
          "captured": true,
          "explanation": [
            "https://d2f8z173p7073l.cloudfront.net/1582895091471"
          ]
        },
        "question_19": {
          "question_number": 19,
          "correct_option": 4,
          "sds_id": "SDS1432",
          "subtopic": "Theory of Evolution & Lamarckism",
          "image_filename": "Invictus/question_19.png",
          "captured": true,
          "explanation": [
            "https://d2f8z173p7073l.cloudfront.net/1582884781309"
          ]
        },
        "question_20": {
          "question_number": 20,
          "correct_option": 2,
          "sds_id": "SDS1433",
          "subtopic": "Theory of Evolution & Lamarckism",
          "image_filename": "Invictus/question_20.png",
          "captured": true,
          "explanation": [
            "https://d2f8z173p7073l.cloudfront.net/1582299873161"
          ]
        },
        "question_21": {
          "question_number": 21,
          "correct_option": 2,
          "sds_id": "SDS1434",
          "subtopic": "Germ Plasm Theory",
          "image_filename": "Invictus/question_21.png",
          "captured": true,
          "explanation": [
            "https://d2f8z173p7073l.cloudfront.net/1582636295317"
          ]
        },
        "question_22": {
          "question_number": 22,
          "correct_option": 4,
          "sds_id": "SDS1435",
          "subtopic": "Darwin's Theory",
          "image_filename": "Invictus/question_22.png",
          "captured": true,
          "explanation": [
            "https://d2f8z173p7073l.cloudfront.net/1582896328101"
          ]
        },
        "question_23": {
          "question_number": 23,
          "correct_option": 2,
          "sds_id": "SDS1436",
          "subtopic": "Darwin's Theory",
          "image_filename": "Invictus/question_23.png",
          "captured": true,
          "explanation": [
            "https://d2f8z173p7073l.cloudfront.net/1582895997566"
          ]
        },
        "question_24": {
          "question_number": 24,
          "correct_option": 3,
          "sds_id": "SDS1437",
          "subtopic": "Darwin's Theory",
          "image_filename": "Invictus/question_24.png",
          "captured": true,
          "explanation": [
            "https://d2f8z173p7073l.cloudfront.net/1582635822404"
          ]
        },
        "question_25": {
          "question_number": 25,
          "correct_option": 4,
          "sds_id": "SDS1438",
          "subtopic": "Darwin's Theory",
          "image_filename": "Invictus/question_25.png",
          "captured": true,
          "explanation": [
            "https://d2f8z173p7073l.cloudfront.net/1582633860081"
          ]
        },
        "question_26": {
          "question_number": 26,
          "correct_option": 4,
          "sds_id": "SDS1439",
          "subtopic": "Darwin's Theory",
          "image_filename": "Invictus/question_26.png",
          "captured": true,
          "explanation": [
            "https://d2f8z173p7073l.cloudfront.net/1582884974191"
          ]
        },
        "question_27": {
          "question_number": 27,
          "correct_option": 1,
          "sds_id": "SDS143A",
          "subtopic": "Darwin's Theory",
          "image_filename": "Invictus/question_27.png",
          "captured": true,
          "explanation": [
            "https://d2f8z173p7073l.cloudfront.net/1582895636647"
          ]
        },
        "question_28": {
          "question_number": 28,
          "correct_option": 4,
          "sds_id": "SDS143B",
          "subtopic": "Darwin's Theory",
          "image_filename": "Invictus/question_28.png",
          "captured": true,
          "explanation": [
            "https://d1iljb9ao69244.cloudfront.net/question_explanations_264965_1628338758780.ogg"
          ]
        },
        "question_29": {
          "question_number": 29,
          "correct_option": 1,
          "sds_id": "SDS143C",
          "subtopic": "Darwin's Theory",
          "image_filename": "Invictus/question_29.png",
          "captured": true,
          "explanation": [
            "https://d2f8z173p7073l.cloudfront.net/1582887128442"
          ]
        },
        "question_30": {
          "question_number": 30,
          "correct_option": 2,
          "sds_id": "SDS143D",
          "subtopic": "Darwin's Theory",
          "image_filename": "Invictus/question_30.png",
          "captured": true,
          "explanation": [
            "https://d2f8z173p7073l.cloudfront.net/1619846989856"
          ]
        },
        "question_31": {
          "question_number": 31,
          "correct_option": 2,
          "sds_id": "SDS143E",
          "subtopic": "Summary of Darwin's Theory",
          "image_filename": "Invictus/question_31.png",
          "captured": true,
          "explanation": [
            "https://d1iljb9ao69244.cloudfront.net/question_explanations_93835_1645424434039.ogg",
            "https://d1iljb9ao69244.cloudfront.net/question_explanations_93835_1645424390548.ogg"
          ]
        },
        "question_32": {
          "question_number": 32,
          "correct_option": 1,
          "sds_id": "SDS143F",
          "subtopic": "Summary of Darwin's Theory",
          "image_filename": "Invictus/question_32.png",
          "captured": true,
          "explanation": [
            "https://d2f8z173p7073l.cloudfront.net/1582885690531"
          ]
        },
        "question_33": {
          "question_number": 33,
          "correct_option": 4,
          "sds_id": "SDS1440",
          "subtopic": "Hugo De Vries Theory of Evolution",
          "image_filename": "Invictus/question_33.png",
          "captured": true,
          "explanation": [
            "https://d2f8z173p7073l.cloudfront.net/1582634604048"
          ]
        },
        "question_34": {
          "question_number": 34,
          "correct_option": 1,
          "sds_id": "SDS1441",
          "subtopic": "Hugo De Vries Theory of Evolution",
          "image_filename": "Invictus/question_34.png",
          "captured": true,
          "explanation": [
            "https://d2f8z173p7073l.cloudfront.net/1582895772999"
          ]
        },
        "question_35": {
          "question_number": 35,
          "correct_option": 1,
          "sds_id": "SDS1442",
          "subtopic": "Hugo De Vries Theory of Evolution",
          "image_filename": "Invictus/question_35.png",
          "captured": true,
          "explanation": [
            "https://d2f8z173p7073l.cloudfront.net/1582635161988"
          ]
        },
        "question_36": {
          "question_number": 36,
          "correct_option": 3,
          "sds_id": "SDS1443",
          "subtopic": "Hugo De Vries Theory of Evolution",
          "image_filename": "Invictus/question_36.png",
          "captured": true,
          "explanation": [
            "https://d2f8z173p7073l.cloudfront.net/1582895305404"
          ]
        },
        "question_37": {
          "question_number": 37,
          "correct_option": 2,
          "sds_id": "SDS1444",
          "subtopic": "Modern Theory of Evolution",
          "image_filename": "Invictus/question_37.png",
          "captured": true,
          "explanation": [
            "https://d2f8z173p7073l.cloudfront.net/1582895394035"
          ]
        },
        "question_38": {
          "question_number": 38,
          "correct_option": 2,
          "sds_id": "SDS1445",
          "subtopic": "Modern Theory of Evolution",
          "image_filename": "Invictus/question_38.png",
          "captured": true,
          "explanation": [
            "https://d2f8z173p7073l.cloudfront.net/1582634196245"
          ]
        },
        "question_39": {
          "question_number": 39,
          "correct_option": 3,
          "sds_id": "SDS1446",
          "subtopic": "Natural Selection",
          "image_filename": "Invictus/question_39.png",
          "captured": true,
          "explanation": [
            "https://d2f8z173p7073l.cloudfront.net/1582896088784"
          ]
        },
        "question_40": {
          "question_number": 40,
          "correct_option": 1,
          "sds_id": "SDS1447",
          "subtopic": "Natural Selection",
          "image_filename": "Invictus/question_40.png",
          "captured": true,
          "explanation": [
            "https://d1iljb9ao69244.cloudfront.net/question_explanations_93367_1645424527003.ogg",
            "https://d1iljb9ao69244.cloudfront.net/question_explanations_93367_1645424488810.ogg",
            "https://www.youtube-nocookie.com/embed/DOL9awSwoZE?rel=0"
          ]
        },
        "question_41": {
          "question_number": 41,
          "correct_option": 2,
          "sds_id": "SDS1448",
          "subtopic": "Natural Selection",
          "image_filename": "Invictus/question_41.png",
          "captured": true,
          "explanation": [
            "https://d2f8z173p7073l.cloudfront.net/1582299757392"
          ]
        },
        "question_42": {
          "question_number": 42,
          "correct_option": 4,
          "sds_id": "SDS1449",
          "subtopic": "Population Genetics",
          "image_filename": "Invictus/question_42.png",
          "captured": true,
          "explanation": [
            "https://d2f8z173p7073l.cloudfront.net/1582894936250"
          ]
        },
        "question_43": {
          "question_number": 43,
          "correct_option": 2,
          "sds_id": "SDS144A",
          "subtopic": "Population Genetics",
          "image_filename": "Invictus/question_43.png",
          "captured": true,
          "explanation": [
            "https://d2f8z173p7073l.cloudfront.net/1582636914630",
            "https://www.youtube.com/embed/NePeO1ias-8?rel=0&amp;modestbranding=1&amp;loop=1&amp;playlist=NePeO1ias-8&amp;start=2428&amp;end=2522",
            "https://www.youtube.com/embed/NePeO1ias-8?rel=0&modestbranding=1&loop=1&playlist=NePeO1ias-8&start=2428&end=2522"
          ]
        },
        "question_44": {
          "question_number": 44,
          "correct_option": 3,
          "sds_id": "SDS144B",
          "subtopic": "Concept of Speciation",
          "image_filename": "Invictus/question_44.png",
          "captured": true,
          "explanation": [
            "https://d2f8z173p7073l.cloudfront.net/1582896663347"
          ]
        },
        "question_45": {
          "question_number": 45,
          "correct_option": 1,
          "sds_id": "SDS144C",
          "subtopic": "Concept of Speciation",
          "image_filename": "Invictus/question_45.png",
          "captured": true,
          "explanation": [
            "https://d2f8z173p7073l.cloudfront.net/1582635650715"
          ]
        },
        "question_46": {
          "question_number": 46,
          "correct_option": 1,
          "sds_id": "SDS144D",
          "subtopic": "Concept of Speciation",
          "image_filename": "Invictus/question_46.png",
          "captured": true,
          "explanation": [
            "https://d2f8z173p7073l.cloudfront.net/1582896517023"
          ]
        },
        "question_47": {
          "question_number": 47,
          "correct_option": 4,
          "sds_id": "SDS144E",
          "subtopic": "Genetic Basis of Adaptation",
          "image_filename": "Invictus/question_47.png",
          "captured": true,
          "explanation": [
            "https://d2f8z173p7073l.cloudfront.net/1582637921071"
          ]
        },
        "question_48": {
          "question_number": 48,
          "correct_option": 4,
          "sds_id": "SDS144F",
          "subtopic": "Genetic Basis of Adaptation",
          "image_filename": "Invictus/question_48.png",
          "captured": true,
          "explanation": [
            "https://d2f8z173p7073l.cloudfront.net/1582894906526"
          ]
        },
        "question_49": {
          "question_number": 49,
          "correct_option": 2,
          "sds_id": "SDS1450",
          "subtopic": "Introduction to Human Evolution",
          "image_filename": "Invictus/question_49.png",
          "captured": true,
          "explanation": [
            "https://d2f8z173p7073l.cloudfront.net/1582896766001"
          ]
        },
        "question_50": {
          "question_number": 50,
          "correct_option": 2,
          "sds_id": "SDS1451",
          "subtopic": "Introduction to Human Evolution",
          "image_filename": "Invictus/question_50.png",
          "captured": true,
          "explanation": [
            "https://d2f8z173p7073l.cloudfront.net/1582886405163"
          ]
        },
        "question_51": {
          "question_number": 51,
          "correct_option": 1,
          "sds_id": "SDS1452",
          "subtopic": "Introduction to Human Evolution",
          "image_filename": "Invictus/question_51.png",
          "captured": true,
          "explanation": [
            "https://d2f8z173p7073l.cloudfront.net/1582636647676"
          ]
        },
        "question_52": {
          "question_number": 52,
          "correct_option": 2,
          "sds_id": "SDS1453",
          "subtopic": "Introduction to Human Evolution",
          "image_filename": "Invictus/question_52.png",
          "captured": true,
          "explanation": [
            "https://d2f8z173p7073l.cloudfront.net/1582636086851"
          ]
        },
        "question_53": {
          "question_number": 53,
          "correct_option": 1,
          "sds_id": "SDS1454",
          "subtopic": "Evolution of Homo Sapiens",
          "image_filename": "Invictus/question_53.png",
          "captured": true,
          "explanation": [
            "https://d2f8z173p7073l.cloudfront.net/1589877027946"
          ]
        },
        "question_54": {
          "question_number": 54,
          "correct_option": 1,
          "sds_id": "SDS1455",
          "subtopic": "Evolution of Homo Sapiens",
          "image_filename": "Invictus/question_54.png",
          "captured": true,
          "explanation": [
            "https://d1iljb9ao69244.cloudfront.net/question_explanations_266911_1669978446115.ogg"
          ]
        },
        "question_55": {
          "question_number": 55,
          "correct_option": 4,
          "sds_id": "SDS1456",
          "subtopic": "Concept of Organic Evolution: Evidence",
          "image_filename": "Invictus/question_55.png",
          "captured": true,
          "explanation": [
            "https://d2f8z173p7073l.cloudfront.net/1582885014130"
          ]
        },
        "question_56": {
          "question_number": 56,
          "correct_option": 1,
          "sds_id": "SDS1457",
          "subtopic": "Concept of Organic Evolution: Evidence",
          "image_filename": "Invictus/question_56.png",
          "captured": true,
          "explanation": [
            "https://d2f8z173p7073l.cloudfront.net/1582884899829"
          ]
        },
        "question_57": {
          "question_number": 57,
          "correct_option": 3,
          "sds_id": "SDS1458",
          "subtopic": "Concept of Organic Evolution: Evidence",
          "image_filename": "Invictus/question_57.png",
          "captured": true,
          "explanation": [
            "https://d2f8z173p7073l.cloudfront.net/1582895506360"
          ]
        },
        "question_58": {
          "question_number": 58,
          "correct_option": 1,
          "sds_id": "SDS1459",
          "subtopic": "Concept of Organic Evolution: Evidence",
          "image_filename": "Invictus/question_58.png",
          "captured": true,
          "explanation": [
            "https://d2f8z173p7073l.cloudfront.net/1582342336919"
          ]
        },
        "question_59": {
          "question_number": 59,
          "correct_option": 1,
          "sds_id": "SDS145A",
          "subtopic": "Concept of Organic Evolution: Evidence",
          "image_filename": "Invictus/question_59.png",
          "captured": true,
          "explanation": [
            "https://d2f8z173p7073l.cloudfront.net/1582634005890"
          ]
        },
        "question_60": {
          "question_number": 60,
          "correct_option": 3,
          "sds_id": "SDS145B",
          "subtopic": "Hardy Weinberg Law",
          "image_filename": "Invictus/question_60.png",
          "captured": true,
          "explanation": [
            "https://d2f8z173p7073l.cloudfront.net/1582896029242"
          ]
        },
        "question_61": {
          "question_number": 61,
          "correct_option": 1,
          "sds_id": "SDS145C",
          "subtopic": "Hardy Weinberg Law",
          "image_filename": "Invictus/question_61.png",
          "captured": true,
          "explanation": [
            "https://d2f8z173p7073l.cloudfront.net/1582895020712"
          ]
        },
        "question_62": {
          "question_number": 62,
          "correct_option": 4,
          "sds_id": "SDS145D",
          "subtopic": "Hardy Weinberg Law",
          "image_filename": "Invictus/question_62.png",
          "captured": true,
          "explanation": [
            "https://d2f8z173p7073l.cloudfront.net/1582636967004"
          ]
        },
        "question_63": {
          "question_number": 63,
          "correct_option": 2,
          "sds_id": "SDS145E",
          "subtopic": "Hardy Weinberg Law",
          "image_filename": "Invictus/question_63.png",
          "captured": true,
          "explanation": [
            "https://d2f8z173p7073l.cloudfront.net/1582895746717"
          ]
        },
        "question_64": {
          "question_number": 64,
          "correct_option": 1,
          "sds_id": "SDS145F",
          "subtopic": "Hardy Weinberg Law",
          "image_filename": "Invictus/question_64.png",
          "captured": true,
          "explanation": [
            "https://d2f8z173p7073l.cloudfront.net/1582895936064"
          ]
        },
        "question_65": {
          "question_number": 65,
          "correct_option": 4,
          "sds_id": "SDS1460",
          "subtopic": "Hardy Weinberg Law",
          "image_filename": "Invictus/question_65.png",
          "captured": true,
          "explanation": [
            "https://d2f8z173p7073l.cloudfront.net/1582637541927"
          ]
        },
        "question_66": {
          "question_number": 66,
          "correct_option": 4,
          "sds_id": "SDS1461",
          "subtopic": "Hardy Weinberg Law",
          "image_filename": "Invictus/question_66.png",
          "captured": true,
          "explanation": [
            "https://d2f8z173p7073l.cloudfront.net/1582637088367"
          ]
        },
        "question_67": {
          "question_number": 67,
          "correct_option": 1,
          "sds_id": "SDS1462",
          "subtopic": "Hardy Weinberg Law",
          "image_filename": "Invictus/question_67.png",
          "captured": true,
          "explanation": [
            "https://d2f8z173p7073l.cloudfront.net/1582637596282",
            "https://www.youtube.com/embed/NePeO1ias-8?rel=0&amp;modestbranding=1&amp;loop=1&amp;playlist=NePeO1ias-8&amp;start=927&amp;end=1148",
            "https://www.youtube.com/embed/NePeO1ias-8?rel=0&modestbranding=1&loop=1&playlist=NePeO1ias-8&start=927&end=1148"
          ]
        },
        "question_68": {
          "question_number": 68,
          "correct_option": 2,
          "sds_id": "SDS1463",
          "subtopic": "Origin of Life",
          "image_filename": "Invictus/question_68.png",
          "captured": true,
          "explanation": [
            "https://d1iljb9ao69244.cloudfront.net/question_explanations_266916_1669978498880.ogg"
          ]
        },
        "question_69": {
          "question_number": 69,
          "correct_option": 3,
          "sds_id": "SDS1464",
          "subtopic": "Origin of Life",
          "image_filename": "Invictus/question_69.png",
          "captured": true,
          "explanation": [
            "https://d1iljb9ao69244.cloudfront.net/question_explanations_245035_1645412620684.ogg",
            "https://d1iljb9ao69244.cloudfront.net/question_explanations_245035_1645412597329.ogg",
            "https://www.youtube-nocookie.com/embed/a_vvbEfL3LM?rel=0"
          ]
        },
        "question_70": {
          "question_number": 70,
          "correct_option": 2,
          "sds_id": "SDS1465",
          "subtopic": "Sources of Variation",
          "image_filename": "Invictus/question_70.png",
          "captured": true,
          "explanation": [
            "https://d2f8z173p7073l.cloudfront.net/1582634155408"
          ]
        },
        "question_71": {
          "question_number": 71,
          "correct_option": 2,
          "sds_id": "SDS1466",
          "subtopic": "Sources of Variation",
          "image_filename": "Invictus/question_71.png",
          "captured": true,
          "explanation": [
            "https://d2f8z173p7073l.cloudfront.net/1582634114834"
          ]
        },
        "question_72": {
          "question_number": 72,
          "correct_option": 1,
          "sds_id": "SDS1467",
          "subtopic": "Sources of Variation",
          "image_filename": "Invictus/question_72.png",
          "captured": true,
          "explanation": [
            "https://d2f8z173p7073l.cloudfront.net/1582896207877"
          ]
        },
        "question_73": {
          "question_number": 73,
          "correct_option": 4,
          "sds_id": "SDS1468",
          "subtopic": "Sources of Variation",
          "image_filename": "Invictus/question_73.png",
          "captured": true,
          "explanation": [
            "https://d2f8z173p7073l.cloudfront.net/1582895250376"
          ]
        },
        "question_74": {
          "question_number": 74,
          "correct_option": 4,
          "sds_id": "SDS1469",
          "subtopic": "Sources of Variation",
          "image_filename": "Invictus/question_74.png",
          "captured": true,
          "explanation": [
            "https://d2f8z173p7073l.cloudfront.net/1582895564140"
          ]
        },
        "question_75": {
          "question_number": 75,
          "correct_option": 1,
          "sds_id": "SDS146A",
          "subtopic": "Sources of Variation",
          "image_filename": "Invictus/question_75.png",
          "captured": true,
          "explanation": [
            "https://d2f8z173p7073l.cloudfront.net/1582895674103"
          ]
        },
        "question_76": {
          "question_number": 76,
          "correct_option": 1,
          "sds_id": "SDS146B",
          "subtopic": "Sources of Variation",
          "image_filename": "Invictus/question_76.png",
          "captured": true,
          "explanation": [
            "https://d2f8z173p7073l.cloudfront.net/1582895118673"
          ]
        },
        "question_77": {
          "question_number": 77,
          "correct_option": 2,
          "sds_id": "SDS146C",
          "subtopic": "Sources of Variation",
          "image_filename": "Invictus/question_77.png",
          "captured": true,
          "explanation": [
            "https://d2f8z173p7073l.cloudfront.net/1582885941067"
          ]
        },
        "question_78": {
          "question_number": 78,
          "correct_option": 2,
          "sds_id": "SDS146D",
          "subtopic": "Sources of Variation",
          "image_filename": "Invictus/question_78.png",
          "captured": true,
          "explanation": [
            "https://d2f8z173p7073l.cloudfront.net/1574164216915"
          ]
        },
        "question_79": {
          "question_number": 79,
          "correct_option": 4,
          "sds_id": "SDS146E",
          "subtopic": "A BRIEF ACCOUNT OF EVOLUTION",
          "image_filename": "Invictus/question_79.png",
          "captured": true,
          "explanation": [
            "https://d2f8z173p7073l.cloudfront.net/1582886708315"
          ]
        },
        "question_80": {
          "question_number": 80,
          "correct_option": 1,
          "sds_id": "SDS146F",
          "subtopic": "A BRIEF ACCOUNT OF EVOLUTION",
          "image_filename": "Invictus/question_80.png",
          "captured": true,
          "explanation": [
            "https://d2f8z173p7073l.cloudfront.net/1582886675765"
          ]
        },
        "question_81": {
          "question_number": 81,
          "correct_option": 2,
          "sds_id": "SDS1470",
          "subtopic": "A BRIEF ACCOUNT OF EVOLUTION",
          "image_filename": "Invictus/question_81.png",
          "captured": true,
          "explanation": [
            "https://d2f8z173p7073l.cloudfront.net/1582884601875"
          ]
        },
        "question_82": {
          "question_number": 82,
          "correct_option": 4,
          "sds_id": "SDS1471",
          "subtopic": "Mechanism of Evolution",
          "image_filename": "Invictus/question_82.png",
          "captured": true,
          "explanation": [
            "https://d1iljb9ao69244.cloudfront.net/250939_1728890711683_49.ogg"
          ]
        }
      }
    }
  },
  "type": "multi_set"
}