{
  "chapter_no": 15,
  "chapter_name": "Body Fluids and Circulation",
  "section_name": "Level 3",
  "total_questions": 34,
  "questions": {
    "question_1": {
      "question_number": 1,
      "correct_option": 4,
      "sds_id": "SDS0C43",
      "subtopic": "Blood: White Blood Cells",
      "image_filename": "question_1.png",
      "captured": true,
      "explanation": [
        "https://d1iljb9ao69244.cloudfront.net/439262_1712654493901_15.ogg"
      ]
    },
    "question_2": {
      "question_number": 2,
      "correct_option": 3,
      "sds_id": "SDS0C44",
      "subtopic": "Blood: White Blood Cells",
      "image_filename": "question_2.png",
      "captured": true,
      "explanation": [
        "https://d1iljb9ao69244.cloudfront.net/436575_1712141247832_40.ogg"
      ]
    },
    "question_3": {
      "question_number": 3,
      "correct_option": 3,
      "sds_id": "SDS0C45",
      "subtopic": "Blood: White Blood Cells",
      "image_filename": "question_3.png",
      "captured": true,
      "explanation": [
        "https://d1iljb9ao69244.cloudfront.net/433367_1711451206149_20.ogg"
      ]
    },
    "question_4": {
      "question_number": 4,
      "correct_option": 2,
      "sds_id": "SDS0C46",
      "subtopic": "Blood: Blood Group (A,B,O)",
      "image_filename": "question_4.png",
      "captured": true,
      "explanation": [
        "https://d1iljb9ao69244.cloudfront.net/333138_1650647354812_9.ogg"
      ]
    },
    "question_5": {
      "question_number": 5,
      "correct_option": 1,
      "sds_id": "SDS0C47",
      "subtopic": "Blood: Blood Group (A,B,O)",
      "image_filename": "question_5.png",
      "captured": true,
      "explanation": [
        "https://d1iljb9ao69244.cloudfront.net/392575_1720236982423_13.ogg"
      ]
    },
    "question_6": {
      "question_number": 6,
      "correct_option": 4,
      "sds_id": "SDS0C48",
      "subtopic": "Blood: Blood Group (A,B,O)",
      "image_filename": "question_6.png",
      "captured": true,
      "explanation": [
        "https://d1iljb9ao69244.cloudfront.net/438466_1712647259783_46.ogg"
      ]
    },
    "question_7": {
      "question_number": 7,
      "correct_option": 1,
      "sds_id": "SDS0C49",
      "subtopic": "Blood: Blood Group (A,B,O)",
      "image_filename": "question_7.png",
      "captured": true,
      "explanation": [
        "https://d1iljb9ao69244.cloudfront.net/338179_1656776133412_3.ogg"
      ]
    },
    "question_8": {
      "question_number": 8,
      "correct_option": 1,
      "sds_id": "SDS0C4A",
      "subtopic": "Blood: Blood Group (A,B,O)",
      "image_filename": "question_8.png",
      "captured": true,
      "explanation": [
        "https://www.youtube-nocookie.com/embed/sTOVKB6FTD8?rel=0"
      ]
    },
    "question_9": {
      "question_number": 9,
      "correct_option": 1,
      "sds_id": "SDS0C4B",
      "subtopic": "Blood: Blood Clotting",
      "image_filename": "question_9.png",
      "captured": true,
      "explanation": [
        "https://www.youtube-nocookie.com/embed/qY5EbyirO1c?rel=0"
      ]
    },
    "question_10": {
      "question_number": 10,
      "correct_option": 4,
      "sds_id": "SDS0C4C",
      "subtopic": "Blood: Blood Clotting",
      "image_filename": "question_10.png",
      "captured": true,
      "explanation": [
        "https://d1iljb9ao69244.cloudfront.net/552607_1754538822732_1549076377201"
      ]
    },
    "question_11": {
      "question_number": 11,
      "correct_option": 4,
      "sds_id": "SDS0C4D",
      "subtopic": "Blood: Blood Clotting",
      "image_filename": "question_11.png",
      "captured": true,
      "explanation": "none"
    },
    "question_12": {
      "question_number": 12,
      "correct_option": 2,
      "sds_id": "SDS0C4E",
      "subtopic": "Human Heart: Gross Anatomy",
      "image_filename": "question_12.png",
      "captured": true,
      "explanation": [
        "https://d1iljb9ao69244.cloudfront.net/400043_1702458880822_79.ogg"
      ]
    },
    "question_13": {
      "question_number": 13,
      "correct_option": 2,
      "sds_id": "SDS0C4F",
      "subtopic": "Human Heart: Gross Anatomy",
      "image_filename": "question_13.png",
      "captured": true,
      "explanation": [
        "https://d1iljb9ao69244.cloudfront.net/425235_1709540889571_96.ogg"
      ]
    },
    "question_14": {
      "question_number": 14,
      "correct_option": 1,
      "sds_id": "SDS0C50",
      "subtopic": "Human Heart: Gross Anatomy",
      "image_filename": "question_14.png",
      "captured": true,
      "explanation": [
        "https://d1iljb9ao69244.cloudfront.net/question_explanations_337558_1655524563367.ogg"
      ]
    },
    "question_15": {
      "question_number": 15,
      "correct_option": 4,
      "sds_id": "SDS0C51",
      "subtopic": "Human Heart: Double Circulation",
      "image_filename": "question_15.png",
      "captured": true,
      "explanation": [
        "https://d2f8z173p7073l.cloudfront.net/1583250323185"
      ]
    },
    "question_16": {
      "question_number": 16,
      "correct_option": 4,
      "sds_id": "SDS0C52",
      "subtopic": "Human Heart: Double Circulation",
      "image_filename": "question_16.png",
      "captured": true,
      "explanation": [
        "https://d1iljb9ao69244.cloudfront.net/412981_1706510213402_69.ogg"
      ]
    },
    "question_17": {
      "question_number": 17,
      "correct_option": 4,
      "sds_id": "SDS0C53",
      "subtopic": "Human Heart: Double Circulation",
      "image_filename": "question_17.png",
      "captured": true,
      "explanation": [
        "https://d1iljb9ao69244.cloudfront.net/420571_1708423865218_65.ogg"
      ]
    },
    "question_18": {
      "question_number": 18,
      "correct_option": 1,
      "sds_id": "SDS0C54",
      "subtopic": "Human Heart: Cardiac Cycle",
      "image_filename": "question_18.png",
      "captured": true,
      "explanation": [
        "https://d1iljb9ao69244.cloudfront.net/400010_1702459235095_82.ogg"
      ]
    },
    "question_19": {
      "question_number": 19,
      "correct_option": 4,
      "sds_id": "SDS0C55",
      "subtopic": "Human Heart: Cardiac Cycle",
      "image_filename": "question_19.png",
      "captured": true,
      "explanation": [
        "https://d1iljb9ao69244.cloudfront.net/384775_1694864429396_WhatsApp%20Ptt%202023-09-16%20at%2016.56.02.ogg",
        "https://d1iljb9ao69244.cloudfront.net/384775_1694864429396_WhatsApp"
      ]
    },
    "question_20": {
      "question_number": 20,
      "correct_option": 3,
      "sds_id": "SDS0C56",
      "subtopic": "Human Heart: Cardiac Cycle",
      "image_filename": "question_20.png",
      "captured": true,
      "explanation": [
        "https://d1iljb9ao69244.cloudfront.net/383488_1697799675937_7.ogg"
      ]
    },
    "question_21": {
      "question_number": 21,
      "correct_option": 3,
      "sds_id": "SDS0C57",
      "subtopic": "Human Heart: Cardiac Cycle",
      "image_filename": "question_21.png",
      "captured": true,
      "explanation": [
        "https://d1iljb9ao69244.cloudfront.net/436341_1712126216887_14.ogg"
      ]
    },
    "question_22": {
      "question_number": 22,
      "correct_option": 2,
      "sds_id": "SDS0C58",
      "subtopic": "Human Heart: Cardiac Cycle",
      "image_filename": "question_22.png",
      "captured": true,
      "explanation": [
        "https://www.youtube-nocookie.com/embed/UO4aKYm-4UM?rel=0"
      ]
    },
    "question_23": {
      "question_number": 23,
      "correct_option": 1,
      "sds_id": "SDS0C59",
      "subtopic": "ECG & Coronary Artery Disease",
      "image_filename": "question_23.png",
      "captured": true,
      "explanation": [
        "https://d1iljb9ao69244.cloudfront.net/338670_1657389405592_81.ogg"
      ]
    },
    "question_24": {
      "question_number": 24,
      "correct_option": 3,
      "sds_id": "SDS0C5A",
      "subtopic": "Lymph",
      "image_filename": "question_24.png",
      "captured": true,
      "explanation": [
        "https://d1iljb9ao69244.cloudfront.net/448171_1713519027323_8.ogg"
      ]
    },
    "question_25": {
      "question_number": 25,
      "correct_option": 4,
      "sds_id": "SDS0C5B",
      "subtopic": "Lymph",
      "image_filename": "question_25.png",
      "captured": true,
      "explanation": [
        "https://d2f8z173p7073l.cloudfront.net/1585131540044"
      ]
    },
    "question_26": {
      "question_number": 26,
      "correct_option": 4,
      "sds_id": "SDS0C5C",
      "subtopic": "Regulation of Cardiac Activity",
      "image_filename": "question_26.png",
      "captured": true,
      "explanation": [
        "https://d1iljb9ao69244.cloudfront.net/391574_1697601238900_85.ogg"
      ]
    },
    "question_27": {
      "question_number": 27,
      "correct_option": 2,
      "sds_id": "SDS0C5D",
      "subtopic": "Regulation of Cardiac Activity",
      "image_filename": "question_27.png",
      "captured": true,
      "explanation": [
        "https://d1iljb9ao69244.cloudfront.net/338180_1656776150462_4.ogg"
      ]
    },
    "question_28": {
      "question_number": 28,
      "correct_option": 3,
      "sds_id": "SDS0C5E",
      "subtopic": "Blood: General Description & RBC",
      "image_filename": "question_28.png",
      "captured": true,
      "explanation": [
        "https://d1iljb9ao69244.cloudfront.net/333106_1650646771745_1.ogg"
      ]
    },
    "question_29": {
      "question_number": 29,
      "correct_option": 4,
      "sds_id": "SDS0C5F",
      "subtopic": "Blood: General Description & RBC",
      "image_filename": "question_29.png",
      "captured": true,
      "explanation": [
        "https://d1iljb9ao69244.cloudfront.net/447758_1713351325885_40.ogg"
      ]
    },
    "question_30": {
      "question_number": 30,
      "correct_option": 4,
      "sds_id": "SDS0C60",
      "subtopic": "Blood: General Description & RBC",
      "image_filename": "question_30.png",
      "captured": true,
      "explanation": [
        "https://d1iljb9ao69244.cloudfront.net/338669_1657389738585_2.ogg"
      ]
    },
    "question_31": {
      "question_number": 31,
      "correct_option": 4,
      "sds_id": "SDS0C61",
      "subtopic": "Blood: General Description & RBC",
      "image_filename": "question_31.png",
      "captured": true,
      "explanation": [
        "https://www.youtube-nocookie.com/embed/kHJ9CqXiYvc?rel=0"
      ]
    },
    "question_32": {
      "question_number": 32,
      "correct_option": 1,
      "sds_id": "SDS0C62",
      "subtopic": "Blood: General Description & RBC",
      "image_filename": "question_32.png",
      "captured": true,
      "explanation": [
        "https://www.youtube-nocookie.com/embed/ktYDSAixCxA?rel=0"
      ]
    },
    "question_33": {
      "question_number": 33,
      "correct_option": 3,
      "sds_id": "SDS0C63",
      "subtopic": "Blood: General Description & RBC",
      "image_filename": "question_33.png",
      "captured": true,
      "explanation": [
        "https://www.youtube-nocookie.com/embed/cMxgsHn4_Hs?rel=0"
      ]
    },
    "question_34": {
      "question_number": 34,
      "correct_option": 4,
      "sds_id": "SDS0C64",
      "subtopic": "Circulatory Pathways",
      "image_filename": "question_34.png",
      "captured": true,
      "explanation": [
        "https://www.youtube-nocookie.com/embed/2nvlPkVE6so?rel=0"
      ]
    }
  }
}