{
  "chapter_number": 9,
  "chapter_name": "Mechanical Properties of Solids",
  "section_name": "HC Verma",
  "total_questions": 12,
  "questions": {
    "question_1": {
      "question_number": 1,
      "correct_option": 4,
      "sds_id": "SDS00D8",
      "subtopic": "Direct Page Capture",
      "image_filename": "question_1.png",
      "captured": true,
      "explanation": [
        "https://www.youtube.com/watch?v=CrLkq3L1t9c"
      ]
    },
    "question_2": {
      "question_number": 2,
      "correct_option": 1,
      "sds_id": "SDS00D9",
      "subtopic": "Direct Page Capture",
      "image_filename": "question_2.png",
      "captured": true,
      "explanation": [
        "https://www.youtube.com/watch?v=YaQtaIAUqr8"
      ]
    },
    "question_3": {
      "question_number": 3,
      "correct_option": 2,
      "sds_id": "SDS00DA",
      "subtopic": "Direct Page Capture",
      "image_filename": "question_3.png",
      "captured": true,
      "explanation": [
        "https://www.youtube.com/watch?v=7L7zG31awdU"
      ]
    },
    "question_4": {
      "question_number": 4,
      "correct_option": 1,
      "sds_id": "SDS00DB",
      "subtopic": "Direct Page Capture",
      "image_filename": "question_4.png",
      "captured": true,
      "explanation": [
        "https://www.youtube.com/watch?v=kzDiChBG-ag"
      ]
    },
    "question_5": {
      "question_number": 5,
      "correct_option": 2,
      "sds_id": "SDS00DC",
      "subtopic": "Direct Page Capture",
      "image_filename": "question_5.png",
      "captured": true,
      "explanation": [
        "https://www.youtube.com/watch?v=vpxOtYnWg0g"
      ]
    },
    "question_6": {
      "question_number": 6,
      "correct_option": 1,
      "sds_id": "SDS00DD",
      "subtopic": "Direct Page Capture",
      "image_filename": "question_6.png",
      "captured": true,
      "explanation": [
        "https://www.youtube.com/watch?v=k8PpJED_YtQ"
      ]
    },
    "question_7": {
      "question_number": 7,
      "correct_option": 1,
      "sds_id": "SDS00DE",
      "subtopic": "Direct Page Capture",
      "image_filename": "question_7.png",
      "captured": true,
      "explanation": [
        "https://www.youtube.com/watch?v=LsRRp6h3hBg"
      ]
    },
    "question_8": {
      "question_number": 8,
      "correct_option": 3,
      "sds_id": "SDS00DF",
      "subtopic": "Direct Page Capture",
      "image_filename": "question_8.png",
      "captured": true,
      "explanation": [
        "https://www.youtube.com/watch?v=jyWXxZ32yb4"
      ]
    },
    "question_9": {
      "question_number": 9,
      "correct_option": 2,
      "sds_id": "SDS00E0",
      "subtopic": "Direct Page Capture",
      "image_filename": "question_9.png",
      "captured": true,
      "explanation": [
        "https://www.youtube.com/watch?v=4eznJvILqEk"
      ]
    },
    "question_10": {
      "question_number": 10,
      "correct_option": 4,
      "sds_id": "SDS00E1",
      "subtopic": "Direct Page Capture",
      "image_filename": "question_10.png",
      "captured": true,
      "explanation": [
        "https://www.youtube.com/watch?v=3abVaTB9aiU"
      ]
    },
    "question_11": {
      "question_number": 11,
      "correct_option": 3,
      "sds_id": "SDS00E2",
      "subtopic": "Direct Page Capture",
      "image_filename": "question_11.png",
      "captured": true,
      "explanation": [
        "https://www.youtube.com/watch?v=qWik6tahPiY"
      ]
    },
    "question_12": {
      "question_number": 12,
      "correct_option": 4,
      "sds_id": "SDS00E3",
      "subtopic": "Direct Page Capture",
      "image_filename": "question_12.png",
      "captured": true,
      "explanation": [
        "https://www.youtube.com/watch?v=Zb26A3-cbWU"
      ]
    }
  }
}