{
  "chapter_no": 2,
  "chapter_name": "Human Reproduction",
  "section_name": "Level 1",
  "total_questions": 112,
  "questions": {
    "question_1": {
      "question_number": 1,
      "correct_option": 3,
      "sds_id": "SDS0FD1",
      "subtopic": "Introduction",
      "image_filename": "question_1.png",
      "captured": true,
      "explanation": [
        "https://d1iljb9ao69244.cloudfront.net/question_explanations_359413_1671875547718.ogg"
      ]
    },
    "question_2": {
      "question_number": 2,
      "correct_option": 2,
      "sds_id": "SDS0FD2",
      "subtopic": "Male Reproductive System",
      "image_filename": "question_2.png",
      "captured": true,
      "explanation": [
        "https://d2f8z173p7073l.cloudfront.net/1583995657650"
      ]
    },
    "question_3": {
      "question_number": 3,
      "correct_option": 3,
      "sds_id": "SDS0FD3",
      "subtopic": "Male Reproductive System",
      "image_filename": "question_3.png",
      "captured": true,
      "explanation": [
        "https://www.youtube-nocookie.com/embed/BVdSYizL3Lg?rel=0"
      ]
    },
    "question_4": {
      "question_number": 4,
      "correct_option": 3,
      "sds_id": "SDS0FD4",
      "subtopic": "Male Reproductive System",
      "image_filename": "question_4.png",
      "captured": true,
      "explanation": [
        "https://d2f8z173p7073l.cloudfront.net/1583995718390"
      ]
    },
    "question_5": {
      "question_number": 5,
      "correct_option": 3,
      "sds_id": "SDS0FD5",
      "subtopic": "Male Reproductive System",
      "image_filename": "question_5.png",
      "captured": true,
      "explanation": [
        "https://d2f8z173p7073l.cloudfront.net/1583995768429"
      ]
    },
    "question_6": {
      "question_number": 6,
      "correct_option": 1,
      "sds_id": "SDS0FD6",
      "subtopic": "Male Reproductive System",
      "image_filename": "question_6.png",
      "captured": true,
      "explanation": [
        "https://d1iljb9ao69244.cloudfront.net/395675_1700036209829_Z8.ogg",
        "https://d2f8z173p7073l.cloudfront.net/1699871431955"
      ]
    },
    "question_7": {
      "question_number": 7,
      "correct_option": 1,
      "sds_id": "SDS0FD7",
      "subtopic": "Male Reproductive System",
      "image_filename": "question_7.png",
      "captured": true,
      "explanation": [
        "https://d1iljb9ao69244.cloudfront.net/409314_1705461385385_39.ogg"
      ]
    },
    "question_8": {
      "question_number": 8,
      "correct_option": 1,
      "sds_id": "SDS0FD8",
      "subtopic": "Male Reproductive System",
      "image_filename": "question_8.png",
      "captured": true,
      "explanation": [
        "https://d1iljb9ao69244.cloudfront.net/422317_1709061344994_52.ogg"
      ]
    },
    "question_9": {
      "question_number": 9,
      "correct_option": 2,
      "sds_id": "SDS0FD9",
      "subtopic": "Male Reproductive System",
      "image_filename": "question_9.png",
      "captured": true,
      "explanation": [
        "https://d1iljb9ao69244.cloudfront.net/395678_1714222153700_20.ogg",
        "https://d2f8z173p7073l.cloudfront.net/1699871558840",
        "https://www.youtube-nocookie.com/embed/4R_fTWnRkDs?rel=0"
      ]
    },
    "question_10": {
      "question_number": 10,
      "correct_option": 3,
      "sds_id": "SDS0FDA",
      "subtopic": "Male Reproductive System",
      "image_filename": "question_10.png",
      "captured": true,
      "explanation": [
        "https://d1iljb9ao69244.cloudfront.net/423765_1709890374949_6.ogg"
      ]
    },
    "question_11": {
      "question_number": 11,
      "correct_option": 4,
      "sds_id": "SDS0FDB",
      "subtopic": "Basic Anatomy of Testis",
      "image_filename": "question_11.png",
      "captured": true,
      "explanation": [
        "https://d2f8z173p7073l.cloudfront.net/1583995693366"
      ]
    },
    "question_12": {
      "question_number": 12,
      "correct_option": 4,
      "sds_id": "SDS0FDC",
      "subtopic": "Seminiferous Tubules & Spermatogenesis",
      "image_filename": "question_12.png",
      "captured": true,
      "explanation": [
        "https://d2f8z173p7073l.cloudfront.net/1583995828767"
      ]
    },
    "question_13": {
      "question_number": 13,
      "correct_option": 2,
      "sds_id": "SDS0FDD",
      "subtopic": "Seminiferous Tubules & Spermatogenesis",
      "image_filename": "question_13.png",
      "captured": true,
      "explanation": [
        "https://d2f8z173p7073l.cloudfront.net/1583995868258"
      ]
    },
    "question_14": {
      "question_number": 14,
      "correct_option": 2,
      "sds_id": "SDS0FDE",
      "subtopic": "Seminiferous Tubules & Spermatogenesis",
      "image_filename": "question_14.png",
      "captured": true,
      "explanation": [
        "https://d1iljb9ao69244.cloudfront.net/399681_1702263674941_53.ogg"
      ]
    },
    "question_15": {
      "question_number": 15,
      "correct_option": 3,
      "sds_id": "SDS0FDF",
      "subtopic": "Seminiferous Tubules & Spermatogenesis",
      "image_filename": "question_15.png",
      "captured": true,
      "explanation": [
        "https://d1iljb9ao69244.cloudfront.net/450736_1714043344252_17.ogg"
      ]
    },
    "question_16": {
      "question_number": 16,
      "correct_option": 3,
      "sds_id": "SDS0FE0",
      "subtopic": "Spermiogenesis/Sperm Structure/Hormonal Regulation",
      "image_filename": "question_16.png",
      "captured": true,
      "explanation": [
        "https://d1iljb9ao69244.cloudfront.net/415587_1707116328023_89.ogg"
      ]
    },
    "question_17": {
      "question_number": 17,
      "correct_option": 1,
      "sds_id": "SDS0FE1",
      "subtopic": "Spermiogenesis/Sperm Structure/Hormonal Regulation",
      "image_filename": "question_17.png",
      "captured": true,
      "explanation": [
        "https://d1iljb9ao69244.cloudfront.net/395659_1700036171379_Z6.ogg"
      ]
    },
    "question_18": {
      "question_number": 18,
      "correct_option": 4,
      "sds_id": "SDS0FE2",
      "subtopic": "Spermiogenesis/Sperm Structure/Hormonal Regulation",
      "image_filename": "question_18.png",
      "captured": true,
      "explanation": [
        "https://d1iljb9ao69244.cloudfront.net/395666_1700036191085_Z7.ogg"
      ]
    },
    "question_19": {
      "question_number": 19,
      "correct_option": 1,
      "sds_id": "SDS0FE3",
      "subtopic": "Spermiogenesis/Sperm Structure/Hormonal Regulation",
      "image_filename": "question_19.png",
      "captured": true,
      "explanation": [
        "https://d1iljb9ao69244.cloudfront.net/394456_1699009215633_9.ogg"
      ]
    },
    "question_20": {
      "question_number": 20,
      "correct_option": 1,
      "sds_id": "SDS0FE4",
      "subtopic": "Spermiogenesis/Sperm Structure/Hormonal Regulation",
      "image_filename": "question_20.png",
      "captured": true,
      "explanation": [
        "https://www.youtube-nocookie.com/embed/beAr6nzpUv4?rel=0"
      ]
    },
    "question_21": {
      "question_number": 21,
      "correct_option": 1,
      "sds_id": "SDS0FE5",
      "subtopic": "Spermiogenesis/Sperm Structure/Hormonal Regulation",
      "image_filename": "question_21.png",
      "captured": true,
      "explanation": [
        "https://d1iljb9ao69244.cloudfront.net/423756_1711179271451_40.ogg"
      ]
    },
    "question_22": {
      "question_number": 22,
      "correct_option": 4,
      "sds_id": "SDS0FE6",
      "subtopic": "Spermiogenesis/Sperm Structure/Hormonal Regulation",
      "image_filename": "question_22.png",
      "captured": true,
      "explanation": [
        "https://d2f8z173p7073l.cloudfront.net/1548851768636"
      ]
    },
    "question_23": {
      "question_number": 23,
      "correct_option": 1,
      "sds_id": "SDS0FE7",
      "subtopic": "Spermiogenesis/Sperm Structure/Hormonal Regulation",
      "image_filename": "question_23.png",
      "captured": true,
      "explanation": [
        "https://d1iljb9ao69244.cloudfront.net/395694_1700036302037_Z12.ogg"
      ]
    },
    "question_24": {
      "question_number": 24,
      "correct_option": 3,
      "sds_id": "SDS0FE8",
      "subtopic": "Spermiogenesis/Sperm Structure/Hormonal Regulation",
      "image_filename": "question_24.png",
      "captured": true,
      "explanation": [
        "https://d1iljb9ao69244.cloudfront.net/395696_1700036319397_Z13.ogg"
      ]
    },
    "question_25": {
      "question_number": 25,
      "correct_option": 1,
      "sds_id": "SDS0FE9",
      "subtopic": "Spermiogenesis/Sperm Structure/Hormonal Regulation",
      "image_filename": "question_25.png",
      "captured": true,
      "explanation": [
        "https://www.youtube-nocookie.com/embed/0fb8vlFQg90?rel=0"
      ]
    },
    "question_26": {
      "question_number": 26,
      "correct_option": 1,
      "sds_id": "SDS0FEA",
      "subtopic": "Spermiogenesis/Sperm Structure/Hormonal Regulation",
      "image_filename": "question_26.png",
      "captured": true,
      "explanation": [
        "https://www.youtube-nocookie.com/embed/DjFcABWRNGM?rel=0"
      ]
    },
    "question_27": {
      "question_number": 27,
      "correct_option": 3,
      "sds_id": "SDS0FEB",
      "subtopic": "Spermiogenesis/Sperm Structure/Hormonal Regulation",
      "image_filename": "question_27.png",
      "captured": true,
      "explanation": [
        "https://d1iljb9ao69244.cloudfront.net/431627_1711178355663_25.ogg"
      ]
    },
    "question_28": {
      "question_number": 28,
      "correct_option": 1,
      "sds_id": "SDS0FEC",
      "subtopic": "Spermiogenesis/Sperm Structure/Hormonal Regulation",
      "image_filename": "question_28.png",
      "captured": true,
      "explanation": [
        "https://d1iljb9ao69244.cloudfront.net/399690_1702263907428_63.ogg"
      ]
    },
    "question_29": {
      "question_number": 29,
      "correct_option": 2,
      "sds_id": "SDS0FED",
      "subtopic": "Spermiogenesis/Sperm Structure/Hormonal Regulation",
      "image_filename": "question_29.png",
      "captured": true,
      "explanation": [
        "https://d1iljb9ao69244.cloudfront.net/423759_1709890340105_3.ogg"
      ]
    },
    "question_30": {
      "question_number": 30,
      "correct_option": 4,
      "sds_id": "SDS0FEE",
      "subtopic": "Spermiogenesis/Sperm Structure/Hormonal Regulation",
      "image_filename": "question_30.png",
      "captured": true,
      "explanation": [
        "https://d1iljb9ao69244.cloudfront.net/409330_1705462053393_52.ogg"
      ]
    },
    "question_31": {
      "question_number": 31,
      "correct_option": 3,
      "sds_id": "SDS0FEF",
      "subtopic": "Spermiogenesis/Sperm Structure/Hormonal Regulation",
      "image_filename": "question_31.png",
      "captured": true,
      "explanation": [
        "https://d1iljb9ao69244.cloudfront.net/395708_1700036366891_Z15.ogg"
      ]
    },
    "question_32": {
      "question_number": 32,
      "correct_option": 3,
      "sds_id": "SDS0FF0",
      "subtopic": "Spermiogenesis/Sperm Structure/Hormonal Regulation",
      "image_filename": "question_32.png",
      "captured": true,
      "explanation": [
        "https://www.youtube-nocookie.com/embed/DVlNgmSuT1g?rel=0"
      ]
    },
    "question_33": {
      "question_number": 33,
      "correct_option": 1,
      "sds_id": "SDS0FF1",
      "subtopic": "Spermiogenesis/Sperm Structure/Hormonal Regulation",
      "image_filename": "question_33.png",
      "captured": true,
      "explanation": [
        "https://d1iljb9ao69244.cloudfront.net/449536_1713782362441_39.ogg"
      ]
    },
    "question_34": {
      "question_number": 34,
      "correct_option": 1,
      "sds_id": "SDS0FF2",
      "subtopic": "Male Reproductive Duct System",
      "image_filename": "question_34.png",
      "captured": true,
      "explanation": [
        "https://d2f8z173p7073l.cloudfront.net/1583995797706"
      ]
    },
    "question_35": {
      "question_number": 35,
      "correct_option": 3,
      "sds_id": "SDS0FF3",
      "subtopic": "Male Reproductive Duct System",
      "image_filename": "question_35.png",
      "captured": true,
      "explanation": [
        "https://d1iljb9ao69244.cloudfront.net/394457_1699009418234_10.ogg"
      ]
    },
    "question_36": {
      "question_number": 36,
      "correct_option": 3,
      "sds_id": "SDS0FF4",
      "subtopic": "Semen and Male Fertility",
      "image_filename": "question_36.png",
      "captured": true,
      "explanation": [
        "https://d2f8z173p7073l.cloudfront.net/1583995895900"
      ]
    },
    "question_37": {
      "question_number": 37,
      "correct_option": 3,
      "sds_id": "SDS0FF5",
      "subtopic": "Semen and Male Fertility",
      "image_filename": "question_37.png",
      "captured": true,
      "explanation": [
        "https://d1iljb9ao69244.cloudfront.net/325782_1645887387917_15.ogg"
      ]
    },
    "question_38": {
      "question_number": 38,
      "correct_option": 1,
      "sds_id": "SDS0FF6",
      "subtopic": "Ovary",
      "image_filename": "question_38.png",
      "captured": true,
      "explanation": [
        "https://d2f8z173p7073l.cloudfront.net/1583995948876"
      ]
    },
    "question_39": {
      "question_number": 39,
      "correct_option": 2,
      "sds_id": "SDS0FF7",
      "subtopic": "Ovary",
      "image_filename": "question_39.png",
      "captured": true,
      "explanation": [
        "https://d2f8z173p7073l.cloudfront.net/1583995983387"
      ]
    },
    "question_40": {
      "question_number": 40,
      "correct_option": 3,
      "sds_id": "SDS0FF8",
      "subtopic": "Ovary",
      "image_filename": "question_40.png",
      "captured": true,
      "explanation": [
        "https://d2f8z173p7073l.cloudfront.net/1583996007324"
      ]
    },
    "question_41": {
      "question_number": 41,
      "correct_option": 1,
      "sds_id": "SDS0FF9",
      "subtopic": "Menstrual Cycle: Pre Ovulatory Phase",
      "image_filename": "question_41.png",
      "captured": true,
      "explanation": [
        "https://d2f8z173p7073l.cloudfront.net/1583997014194"
      ]
    },
    "question_42": {
      "question_number": 42,
      "correct_option": 1,
      "sds_id": "SDS0FFA",
      "subtopic": "Menstrual Cycle: Pre Ovulatory Phase",
      "image_filename": "question_42.png",
      "captured": true,
      "explanation": [
        "https://d1iljb9ao69244.cloudfront.net/395658_1726054746804_59.ogg",
        "https://www.youtube-nocookie.com/embed/VsXmiw8MBD0?rel=0"
      ]
    },
    "question_43": {
      "question_number": 43,
      "correct_option": 2,
      "sds_id": "SDS0FFB",
      "subtopic": "Menstrual Cycle: Pre Ovulatory Phase",
      "image_filename": "question_43.png",
      "captured": true,
      "explanation": [
        "https://d2f8z173p7073l.cloudfront.net/1583997237389"
      ]
    },
    "question_44": {
      "question_number": 44,
      "correct_option": 4,
      "sds_id": "SDS0FFC",
      "subtopic": "Menstrual Cycle: Pre Ovulatory Phase",
      "image_filename": "question_44.png",
      "captured": true,
      "explanation": [
        "https://d2f8z173p7073l.cloudfront.net/1548830738000"
      ]
    },
    "question_45": {
      "question_number": 45,
      "correct_option": 1,
      "sds_id": "SDS0FFD",
      "subtopic": "Menstrual Cycle: Pre Ovulatory Phase",
      "image_filename": "question_45.png",
      "captured": true,
      "explanation": [
        "https://d2f8z173p7073l.cloudfront.net/1583997296586"
      ]
    },
    "question_46": {
      "question_number": 46,
      "correct_option": 3,
      "sds_id": "SDS0FFE",
      "subtopic": "Menstrual Cycle: Luteal Phase",
      "image_filename": "question_46.png",
      "captured": true,
      "explanation": [
        "https://d2f8z173p7073l.cloudfront.net/1549082936075"
      ]
    },
    "question_47": {
      "question_number": 47,
      "correct_option": 2,
      "sds_id": "SDS0FFF",
      "subtopic": "Menstrual Cycle: Luteal Phase",
      "image_filename": "question_47.png",
      "captured": true,
      "explanation": [
        "https://d1iljb9ao69244.cloudfront.net/394469_1699017421983_18.ogg"
      ]
    },
    "question_48": {
      "question_number": 48,
      "correct_option": 1,
      "sds_id": "SDS1000",
      "subtopic": "Menstrual Cycle: Luteal Phase",
      "image_filename": "question_48.png",
      "captured": true,
      "explanation": [
        "https://d1iljb9ao69244.cloudfront.net/439292_1712657335665_43.ogg"
      ]
    },
    "question_49": {
      "question_number": 49,
      "correct_option": 4,
      "sds_id": "SDS1001",
      "subtopic": "Menstrual Cycle: Luteal Phase",
      "image_filename": "question_49.png",
      "captured": true,
      "explanation": [
        "https://d2f8z173p7073l.cloudfront.net/1583997434451"
      ]
    },
    "question_50": {
      "question_number": 50,
      "correct_option": 1,
      "sds_id": "SDS1002",
      "subtopic": "Menstrual Cycle: Luteal Phase",
      "image_filename": "question_50.png",
      "captured": true,
      "explanation": [
        "https://d2f8z173p7073l.cloudfront.net/1549083125098"
      ]
    },
    "question_51": {
      "question_number": 51,
      "correct_option": 1,
      "sds_id": "SDS1003",
      "subtopic": "Embryonic Development till Gastrulation",
      "image_filename": "question_51.png",
      "captured": true,
      "explanation": [
        "https://d1iljb9ao69244.cloudfront.net/question_explanations_179062_1672663467205.ogg"
      ]
    },
    "question_52": {
      "question_number": 52,
      "correct_option": 4,
      "sds_id": "SDS1004",
      "subtopic": "Embryonic Development till Gastrulation",
      "image_filename": "question_52.png",
      "captured": true,
      "explanation": [
        "https://www.youtube-nocookie.com/embed/roDNy1PZb9o?rel=0"
      ]
    },
    "question_53": {
      "question_number": 53,
      "correct_option": 3,
      "sds_id": "SDS1005",
      "subtopic": "Embryonic Development till Gastrulation",
      "image_filename": "question_53.png",
      "captured": true,
      "explanation": [
        "https://d1iljb9ao69244.cloudfront.net/395689_1700040987385_Z37.ogg"
      ]
    },
    "question_54": {
      "question_number": 54,
      "correct_option": 3,
      "sds_id": "SDS1006",
      "subtopic": "Fetal Development & Parturition",
      "image_filename": "question_54.png",
      "captured": true,
      "explanation": [
        "https://d2f8z173p7073l.cloudfront.net/1583997820452"
      ]
    },
    "question_55": {
      "question_number": 55,
      "correct_option": 4,
      "sds_id": "SDS1007",
      "subtopic": "Fetal Development & Parturition",
      "image_filename": "question_55.png",
      "captured": true,
      "explanation": [
        "https://d2f8z173p7073l.cloudfront.net/1583997876610"
      ]
    },
    "question_56": {
      "question_number": 56,
      "correct_option": 1,
      "sds_id": "SDS1008",
      "subtopic": "Fetal Development & Parturition",
      "image_filename": "question_56.png",
      "captured": true,
      "explanation": [
        "https://d2f8z173p7073l.cloudfront.net/1583997954179"
      ]
    },
    "question_57": {
      "question_number": 57,
      "correct_option": 4,
      "sds_id": "SDS1009",
      "subtopic": "Fetal Development & Parturition",
      "image_filename": "question_57.png",
      "captured": true,
      "explanation": [
        "https://d2f8z173p7073l.cloudfront.net/1583998088793"
      ]
    },
    "question_58": {
      "question_number": 58,
      "correct_option": 3,
      "sds_id": "SDS100A",
      "subtopic": "Fetal Development & Parturition",
      "image_filename": "question_58.png",
      "captured": true,
      "explanation": [
        "https://d1iljb9ao69244.cloudfront.net/422320_1709061388123_55.ogg"
      ]
    },
    "question_59": {
      "question_number": 59,
      "correct_option": 4,
      "sds_id": "SDS100B",
      "subtopic": "Fetal Development & Parturition",
      "image_filename": "question_59.png",
      "captured": true,
      "explanation": [
        "https://d2f8z173p7073l.cloudfront.net/1583998146488"
      ]
    },
    "question_60": {
      "question_number": 60,
      "correct_option": 3,
      "sds_id": "SDS100C",
      "subtopic": "Fetal Development & Parturition",
      "image_filename": "question_60.png",
      "captured": true,
      "explanation": [
        "https://d1iljb9ao69244.cloudfront.net/395701_1700041034517_Z40.ogg"
      ]
    },
    "question_61": {
      "question_number": 61,
      "correct_option": 1,
      "sds_id": "SDS100D",
      "subtopic": "Fetal Development & Parturition",
      "image_filename": "question_61.png",
      "captured": true,
      "explanation": [
        "https://www.youtube-nocookie.com/embed/syUhehDLd3g?rel=0"
      ]
    },
    "question_62": {
      "question_number": 62,
      "correct_option": 1,
      "sds_id": "SDS100E",
      "subtopic": "Mammary Gland & Lactation",
      "image_filename": "question_62.png",
      "captured": true,
      "explanation": [
        "https://d1iljb9ao69244.cloudfront.net/question_explanations_64009_1672629022165.ogg",
        "https://dsbihjlymzdyy.cloudfront.net/bio_images/all/Diagrams%20in%20Svg%20form%2FSVG%20Diagrams%20of%20class%2012th%2FMixed%20SVG%20Diagrams%2F64009.SVG.svg"
      ]
    },
    "question_63": {
      "question_number": 63,
      "correct_option": 1,
      "sds_id": "SDS100F",
      "subtopic": "Mammary Gland & Lactation",
      "image_filename": "question_63.png",
      "captured": true,
      "explanation": [
        "https://www.youtube-nocookie.com/embed/vnbbqCAHhHw?rel=0"
      ]
    },
    "question_64": {
      "question_number": 64,
      "correct_option": 1,
      "sds_id": "SDS1010",
      "subtopic": "Mammary Gland & Lactation",
      "image_filename": "question_64.png",
      "captured": true,
      "explanation": [
        "https://d1iljb9ao69244.cloudfront.net/394471_1699017772877_20.ogg"
      ]
    },
    "question_65": {
      "question_number": 65,
      "correct_option": 1,
      "sds_id": "SDS1011",
      "subtopic": "Mammary Gland & Lactation",
      "image_filename": "question_65.png",
      "captured": true,
      "explanation": [
        "https://www.youtube-nocookie.com/embed/8eq4JAAr5fs?rel=0"
      ]
    },
    "question_66": {
      "question_number": 66,
      "correct_option": 2,
      "sds_id": "SDS1012",
      "subtopic": "Female Reproductive System-1",
      "image_filename": "question_66.png",
      "captured": true,
      "explanation": [
        "https://d2f8z173p7073l.cloudfront.net/1583996081999"
      ]
    },
    "question_67": {
      "question_number": 67,
      "correct_option": 1,
      "sds_id": "SDS1013",
      "subtopic": "Female Reproductive System-2",
      "image_filename": "question_67.png",
      "captured": true,
      "explanation": [
        "https://d1iljb9ao69244.cloudfront.net/395681_1700036230172_Z9.ogg"
      ]
    },
    "question_68": {
      "question_number": 68,
      "correct_option": 4,
      "sds_id": "SDS1014",
      "subtopic": "Female Reproductive System-2",
      "image_filename": "question_68.png",
      "captured": true,
      "explanation": [
        "https://www.youtube-nocookie.com/embed/c2KYx33g8pM?rel=0"
      ]
    },
    "question_69": {
      "question_number": 69,
      "correct_option": 2,
      "sds_id": "SDS1015",
      "subtopic": "Female Reproductive System-2",
      "image_filename": "question_69.png",
      "captured": true,
      "explanation": [
        "https://d1iljb9ao69244.cloudfront.net/394451_1699008900844_5.ogg"
      ]
    },
    "question_70": {
      "question_number": 70,
      "correct_option": 2,
      "sds_id": "SDS1016",
      "subtopic": "Female Reproductive System-2",
      "image_filename": "question_70.png",
      "captured": true,
      "explanation": [
        "https://d1iljb9ao69244.cloudfront.net/395684_1700036264566_Z10.ogg"
      ]
    },
    "question_71": {
      "question_number": 71,
      "correct_option": 4,
      "sds_id": "SDS1017",
      "subtopic": "Female Reproductive System-2",
      "image_filename": "question_71.png",
      "captured": true,
      "explanation": [
        "https://www.youtube-nocookie.com/embed/OHwYa7RrcCM?rel=0"
      ]
    },
    "question_72": {
      "question_number": 72,
      "correct_option": 2,
      "sds_id": "SDS1018",
      "subtopic": "Female Reproductive System-2",
      "image_filename": "question_72.png",
      "captured": true,
      "explanation": [
        "https://www.youtube-nocookie.com/embed/GDYcI_SffCc?rel=0"
      ]
    },
    "question_73": {
      "question_number": 73,
      "correct_option": 4,
      "sds_id": "SDS1019",
      "subtopic": "Female Reproductive System-2",
      "image_filename": "question_73.png",
      "captured": true,
      "explanation": [
        "https://d1iljb9ao69244.cloudfront.net/395715_1700036445013_Z19.ogg"
      ]
    },
    "question_74": {
      "question_number": 74,
      "correct_option": 1,
      "sds_id": "SDS101A",
      "subtopic": "Female Reproductive System-2",
      "image_filename": "question_74.png",
      "captured": true,
      "explanation": [
        "https://d1iljb9ao69244.cloudfront.net/395710_1700036384620_Z16.ogg"
      ]
    },
    "question_75": {
      "question_number": 75,
      "correct_option": 3,
      "sds_id": "SDS101B",
      "subtopic": "Female Reproductive System-2",
      "image_filename": "question_75.png",
      "captured": true,
      "explanation": [
        "https://d1iljb9ao69244.cloudfront.net/395640_1700036553771_Z21.ogg"
      ]
    },
    "question_76": {
      "question_number": 76,
      "correct_option": 3,
      "sds_id": "SDS101C",
      "subtopic": "Female Reproductive System-2",
      "image_filename": "question_76.png",
      "captured": true,
      "explanation": [
        "https://d1iljb9ao69244.cloudfront.net/395660_1700038796808_Z27.ogg"
      ]
    },
    "question_77": {
      "question_number": 77,
      "correct_option": 2,
      "sds_id": "SDS101D",
      "subtopic": "Female Reproductive System-2",
      "image_filename": "question_77.png",
      "captured": true,
      "explanation": [
        "https://d1iljb9ao69244.cloudfront.net/395664_1700039492149_Z28.ogg"
      ]
    },
    "question_78": {
      "question_number": 78,
      "correct_option": 1,
      "sds_id": "SDS101E",
      "subtopic": "Female Reproductive System-2",
      "image_filename": "question_78.png",
      "captured": true,
      "explanation": [
        "https://www.youtube-nocookie.com/embed/di_lq6RAbT4?rel=0"
      ]
    },
    "question_79": {
      "question_number": 79,
      "correct_option": 1,
      "sds_id": "SDS101F",
      "subtopic": "Female Reproductive System-2",
      "image_filename": "question_79.png",
      "captured": true,
      "explanation": [
        "https://www.youtube-nocookie.com/embed/pPFIzl6hmOc?rel=0"
      ]
    },
    "question_80": {
      "question_number": 80,
      "correct_option": 3,
      "sds_id": "SDS1020",
      "subtopic": "Female Reproductive System-2",
      "image_filename": "question_80.png",
      "captured": true,
      "explanation": [
        "https://d1iljb9ao69244.cloudfront.net/394473_1699017870146_22.ogg",
        "https://d2f8z173p7073l.cloudfront.net/1698902954101",
        "https://d2f8z173p7073l.cloudfront.net/1698902954095",
        "https://d2f8z173p7073l.cloudfront.net/1698902954105",
        "https://d2f8z173p7073l.cloudfront.net/1698902967528"
      ]
    },
    "question_81": {
      "question_number": 81,
      "correct_option": 4,
      "sds_id": "SDS1021",
      "subtopic": "Female Reproductive System-2",
      "image_filename": "question_81.png",
      "captured": true,
      "explanation": [
        "https://d1iljb9ao69244.cloudfront.net/395679_1700040749326_Z34.ogg"
      ]
    },
    "question_82": {
      "question_number": 82,
      "correct_option": 2,
      "sds_id": "SDS1022",
      "subtopic": "Female Reproductive System-2",
      "image_filename": "question_82.png",
      "captured": true,
      "explanation": [
        "https://d1iljb9ao69244.cloudfront.net/394474_1699017942060_23.ogg"
      ]
    },
    "question_83": {
      "question_number": 83,
      "correct_option": 3,
      "sds_id": "SDS1023",
      "subtopic": "Female External Genitalia",
      "image_filename": "question_83.png",
      "captured": true,
      "explanation": [
        "https://d2f8z173p7073l.cloudfront.net/1583996109297"
      ]
    },
    "question_84": {
      "question_number": 84,
      "correct_option": 1,
      "sds_id": "SDS1024",
      "subtopic": "Fertilization",
      "image_filename": "question_84.png",
      "captured": true,
      "explanation": [
        "https://d2f8z173p7073l.cloudfront.net/1583997519679"
      ]
    },
    "question_85": {
      "question_number": 85,
      "correct_option": 3,
      "sds_id": "SDS1025",
      "subtopic": "Fertilization",
      "image_filename": "question_85.png",
      "captured": true,
      "explanation": [
        "https://d1iljb9ao69244.cloudfront.net/447735_1713350071783_17a.ogg"
      ]
    },
    "question_86": {
      "question_number": 86,
      "correct_option": 2,
      "sds_id": "SDS1026",
      "subtopic": "Fertilization",
      "image_filename": "question_86.png",
      "captured": true,
      "explanation": [
        "https://d1iljb9ao69244.cloudfront.net/question_explanations_63964_1672139023099.ogg"
      ]
    },
    "question_87": {
      "question_number": 87,
      "correct_option": 2,
      "sds_id": "SDS1027",
      "subtopic": "Fertilization",
      "image_filename": "question_87.png",
      "captured": true,
      "explanation": [
        "https://d2f8z173p7073l.cloudfront.net/1583997584104"
      ]
    },
    "question_88": {
      "question_number": 88,
      "correct_option": 1,
      "sds_id": "SDS1028",
      "subtopic": "Implantation",
      "image_filename": "question_88.png",
      "captured": true,
      "explanation": [
        "https://d1iljb9ao69244.cloudfront.net/409322_1705461676033_46.ogg"
      ]
    },
    "question_89": {
      "question_number": 89,
      "correct_option": 3,
      "sds_id": "SDS1029",
      "subtopic": "Implantation",
      "image_filename": "question_89.png",
      "captured": true,
      "explanation": [
        "https://d1iljb9ao69244.cloudfront.net/395676_1700040731738_Z33.ogg"
      ]
    },
    "question_90": {
      "question_number": 90,
      "correct_option": 3,
      "sds_id": "SDS102A",
      "subtopic": "Implantation",
      "image_filename": "question_90.png",
      "captured": true,
      "explanation": [
        "https://d2f8z173p7073l.cloudfront.net/1583997756001"
      ]
    },
    "question_91": {
      "question_number": 91,
      "correct_option": 1,
      "sds_id": "SDS102B",
      "subtopic": "Implantation",
      "image_filename": "question_91.png",
      "captured": true,
      "explanation": [
        "https://d1iljb9ao69244.cloudfront.net/399694_1702263970148_67.ogg",
        "https://d2f8z173p7073l.cloudfront.net/1702187048500"
      ]
    },
    "question_92": {
      "question_number": 92,
      "correct_option": 2,
      "sds_id": "SDS102C",
      "subtopic": "Implantation",
      "image_filename": "question_92.png",
      "captured": true,
      "explanation": [
        "https://d1iljb9ao69244.cloudfront.net/394475_1699018003098_24.ogg"
      ]
    },
    "question_93": {
      "question_number": 93,
      "correct_option": 4,
      "sds_id": "SDS102D",
      "subtopic": "Menstrual Cycle",
      "image_filename": "question_93.png",
      "captured": true,
      "explanation": [
        "https://d1iljb9ao69244.cloudfront.net/426779_1709871235655_87.ogg"
      ]
    },
    "question_94": {
      "question_number": 94,
      "correct_option": 4,
      "sds_id": "SDS102E",
      "subtopic": "Menstrual Cycle",
      "image_filename": "question_94.png",
      "captured": true,
      "explanation": [
        "https://d1iljb9ao69244.cloudfront.net/394468_1699017353123_17.ogg"
      ]
    },
    "question_95": {
      "question_number": 95,
      "correct_option": 1,
      "sds_id": "SDS102F",
      "subtopic": "Menstrual Cycle",
      "image_filename": "question_95.png",
      "captured": true,
      "explanation": [
        "https://d1iljb9ao69244.cloudfront.net/447763_1713352179683_45.ogg"
      ]
    },
    "question_96": {
      "question_number": 96,
      "correct_option": 1,
      "sds_id": "SDS1030",
      "subtopic": "Menstrual Cycle",
      "image_filename": "question_96.png",
      "captured": true,
      "explanation": [
        "https://d2f8z173p7073l.cloudfront.net/1583997408099"
      ]
    },
    "question_97": {
      "question_number": 97,
      "correct_option": 4,
      "sds_id": "SDS1031",
      "subtopic": "Menstrual Cycle",
      "image_filename": "question_97.png",
      "captured": true,
      "explanation": [
        "https://d1iljb9ao69244.cloudfront.net/399684_1702263716677_56.ogg"
      ]
    },
    "question_98": {
      "question_number": 98,
      "correct_option": 3,
      "sds_id": "SDS1032",
      "subtopic": "oogenesis",
      "image_filename": "question_98.png",
      "captured": true,
      "explanation": [
        "https://d1iljb9ao69244.cloudfront.net/423760_1709974126334_4.ogg"
      ]
    },
    "question_99": {
      "question_number": 99,
      "correct_option": 1,
      "sds_id": "SDS1033",
      "subtopic": "oogenesis",
      "image_filename": "question_99.png",
      "captured": true,
      "explanation": [
        "https://d1iljb9ao69244.cloudfront.net/446656_1713095364765_49.ogg"
      ]
    },
    "question_100": {
      "question_number": 100,
      "correct_option": 1,
      "sds_id": "SDS1034",
      "subtopic": "oogenesis",
      "image_filename": "question_100.png",
      "captured": true,
      "explanation": [
        "https://d2f8z173p7073l.cloudfront.net/1583996614792"
      ]
    },
    "question_101": {
      "question_number": 101,
      "correct_option": 4,
      "sds_id": "SDS1035",
      "subtopic": "oogenesis",
      "image_filename": "question_101.png",
      "captured": true,
      "explanation": [
        "https://d2f8z173p7073l.cloudfront.net/1588062544956"
      ]
    },
    "question_102": {
      "question_number": 102,
      "correct_option": 3,
      "sds_id": "SDS1036",
      "subtopic": "oogenesis",
      "image_filename": "question_102.png",
      "captured": true,
      "explanation": [
        "https://d1iljb9ao69244.cloudfront.net/394463_1699017094747_14.ogg"
      ]
    },
    "question_103": {
      "question_number": 103,
      "correct_option": 3,
      "sds_id": "SDS1037",
      "subtopic": "oogenesis",
      "image_filename": "question_103.png",
      "captured": true,
      "explanation": [
        "https://d1iljb9ao69244.cloudfront.net/399685_1702263731611_57.ogg"
      ]
    },
    "question_104": {
      "question_number": 104,
      "correct_option": 3,
      "sds_id": "SDS1038",
      "subtopic": "oogenesis",
      "image_filename": "question_104.png",
      "captured": true,
      "explanation": [
        "https://d1iljb9ao69244.cloudfront.net/439273_1712655082725_26.ogg"
      ]
    },
    "question_105": {
      "question_number": 105,
      "correct_option": 1,
      "sds_id": "SDS1039",
      "subtopic": "oogenesis",
      "image_filename": "question_105.png",
      "captured": true,
      "explanation": [
        "https://www.youtube-nocookie.com/embed/4pe7PqsX08I?rel=0"
      ]
    },
    "question_106": {
      "question_number": 106,
      "correct_option": 2,
      "sds_id": "SDS103A",
      "subtopic": "oogenesis",
      "image_filename": "question_106.png",
      "captured": true,
      "explanation": [
        "https://d2f8z173p7073l.cloudfront.net/1583996824035"
      ]
    },
    "question_107": {
      "question_number": 107,
      "correct_option": 2,
      "sds_id": "SDS103B",
      "subtopic": "oogenesis",
      "image_filename": "question_107.png",
      "captured": true,
      "explanation": [
        "https://d2f8z173p7073l.cloudfront.net/1583996695406"
      ]
    },
    "question_108": {
      "question_number": 108,
      "correct_option": 4,
      "sds_id": "SDS103C",
      "subtopic": "oogenesis",
      "image_filename": "question_108.png",
      "captured": true,
      "explanation": [
        "https://d2f8z173p7073l.cloudfront.net/1583996855776"
      ]
    },
    "question_109": {
      "question_number": 109,
      "correct_option": 3,
      "sds_id": "SDS103D",
      "subtopic": "oogenesis",
      "image_filename": "question_109.png",
      "captured": true,
      "explanation": [
        "https://d2f8z173p7073l.cloudfront.net/1548845307746"
      ]
    },
    "question_110": {
      "question_number": 110,
      "correct_option": 1,
      "sds_id": "SDS103E",
      "subtopic": "oogenesis",
      "image_filename": "question_110.png",
      "captured": true,
      "explanation": [
        "https://www.youtube-nocookie.com/embed/qojRVMHUh6Q?rel=0"
      ]
    },
    "question_111": {
      "question_number": 111,
      "correct_option": 3,
      "sds_id": "SDS103F",
      "subtopic": "oogenesis",
      "image_filename": "question_111.png",
      "captured": true,
      "explanation": [
        "https://www.youtube-nocookie.com/embed/oqtUHiLpFk8?rel=0"
      ]
    },
    "question_112": {
      "question_number": 112,
      "correct_option": 4,
      "sds_id": "SDS1040",
      "subtopic": "oogenesis",
      "image_filename": "question_112.png",
      "captured": true,
      "explanation": [
        "https://d2f8z173p7073l.cloudfront.net/1583996912226"
      ]
    }
  }
}