{
  "chapter_no": 11,
  "chapter_name": "Organisms and Populations",
  "section_name": "Organisms and Population (101 MCQs)",
  "total_questions": 101,
  "questions": {
    "question_1": {
      "question_number": 1,
      "correct_option": 4,
      "sds_id": "SDS1718",
      "subtopic": "Introduction to Ecology",
      "image_filename": "question_1.png",
      "captured": true,
      "explanation": [
        "https://d1iljb9ao69244.cloudfront.net/433477_1711523051274_37.ogg"
      ]
    },
    "question_2": {
      "question_number": 2,
      "correct_option": 3,
      "sds_id": "SDS1719",
      "subtopic": "Introduction to Ecology",
      "image_filename": "question_2.png",
      "captured": true,
      "explanation": [
        "https://d1iljb9ao69244.cloudfront.net/411239_1705755743400_12.ogg"
      ]
    },
    "question_3": {
      "question_number": 3,
      "correct_option": 2,
      "sds_id": "SDS171A",
      "subtopic": "Organisms and its Environment",
      "image_filename": "question_3.png",
      "captured": true,
      "explanation": [
        "https://d1iljb9ao69244.cloudfront.net/question_explanations_358120_1672373903812.ogg"
      ]
    },
    "question_4": {
      "question_number": 4,
      "correct_option": 2,
      "sds_id": "SDS171B",
      "subtopic": "Organisms and its Environment",
      "image_filename": "question_4.png",
      "captured": true,
      "explanation": [
        "https://d2f8z173p7073l.cloudfront.net/1551638223952"
      ]
    },
    "question_5": {
      "question_number": 5,
      "correct_option": 2,
      "sds_id": "SDS171C",
      "subtopic": "Population Characters: Natality & Mortality",
      "image_filename": "question_5.png",
      "captured": true,
      "explanation": [
        "https://d1iljb9ao69244.cloudfront.net/416614_1707638605319_4.ogg"
      ]
    },
    "question_6": {
      "question_number": 6,
      "correct_option": 2,
      "sds_id": "SDS171D",
      "subtopic": "Population Characters: Natality & Mortality",
      "image_filename": "question_6.png",
      "captured": true,
      "explanation": [
        "https://d1iljb9ao69244.cloudfront.net/411225_1705753418413_3.ogg"
      ]
    },
    "question_7": {
      "question_number": 7,
      "correct_option": 3,
      "sds_id": "SDS171E",
      "subtopic": "Population Characters: Age Structure & Migration",
      "image_filename": "question_7.png",
      "captured": true,
      "explanation": [
        "https://d1iljb9ao69244.cloudfront.net/405843_1704533396665_100.ogg"
      ]
    },
    "question_8": {
      "question_number": 8,
      "correct_option": 4,
      "sds_id": "SDS171F",
      "subtopic": "Population Dynamic",
      "image_filename": "question_8.png",
      "captured": true,
      "explanation": [
        "https://d1iljb9ao69244.cloudfront.net/416605_1707638562314_1.ogg"
      ]
    },
    "question_9": {
      "question_number": 9,
      "correct_option": 1,
      "sds_id": "SDS1720",
      "subtopic": "Population Dynamic",
      "image_filename": "question_9.png",
      "captured": true,
      "explanation": [
        "https://d2f8z173p7073l.cloudfront.net/1551682082644"
      ]
    },
    "question_10": {
      "question_number": 10,
      "correct_option": 3,
      "sds_id": "SDS1721",
      "subtopic": "Population Dynamic",
      "image_filename": "question_10.png",
      "captured": true,
      "explanation": [
        "https://d1iljb9ao69244.cloudfront.net/163656_1712041395673_31.ogg",
        "https://d1iljb9ao69244.cloudfront.net/question_explanations_163656_1672659414498.ogg"
      ]
    },
    "question_11": {
      "question_number": 11,
      "correct_option": 4,
      "sds_id": "SDS1722",
      "subtopic": "Population Dynamic",
      "image_filename": "question_11.png",
      "captured": true,
      "explanation": [
        "https://d1iljb9ao69244.cloudfront.net/416616_1707501608301_4.ogg"
      ]
    },
    "question_12": {
      "question_number": 12,
      "correct_option": 1,
      "sds_id": "SDS1723",
      "subtopic": "Population: Exponential Growth Model",
      "image_filename": "question_12.png",
      "captured": true,
      "explanation": [
        "https://d1iljb9ao69244.cloudfront.net/question_explanations_358137_1672549183236.ogg"
      ]
    },
    "question_13": {
      "question_number": 13,
      "correct_option": 3,
      "sds_id": "SDS1724",
      "subtopic": "Population: Exponential Growth Model",
      "image_filename": "question_13.png",
      "captured": true,
      "explanation": [
        "https://d2f8z173p7073l.cloudfront.net/1551622517240"
      ]
    },
    "question_14": {
      "question_number": 14,
      "correct_option": 4,
      "sds_id": "SDS1725",
      "subtopic": "Population: Exponential Growth Model",
      "image_filename": "question_14.png",
      "captured": true,
      "explanation": [
        "https://d2f8z173p7073l.cloudfront.net/1551622561409"
      ]
    },
    "question_15": {
      "question_number": 15,
      "correct_option": 4,
      "sds_id": "SDS1726",
      "subtopic": "Population: Exponential Growth Model",
      "image_filename": "question_15.png",
      "captured": true,
      "explanation": [
        "https://d2f8z173p7073l.cloudfront.net/1551682194550"
      ]
    },
    "question_16": {
      "question_number": 16,
      "correct_option": 1,
      "sds_id": "SDS1727",
      "subtopic": "Population: Exponential Growth Model",
      "image_filename": "question_16.png",
      "captured": true,
      "explanation": [
        "https://d1iljb9ao69244.cloudfront.net/405909_1704524613362_44.ogg"
      ]
    },
    "question_17": {
      "question_number": 17,
      "correct_option": 3,
      "sds_id": "SDS1728",
      "subtopic": "Population: Exponential Growth Model",
      "image_filename": "question_17.png",
      "captured": true,
      "explanation": [
        "https://d1iljb9ao69244.cloudfront.net/411228_1705753448341_5.ogg"
      ]
    },
    "question_18": {
      "question_number": 18,
      "correct_option": 1,
      "sds_id": "SDS1729",
      "subtopic": "Population: Logistic Growth Model",
      "image_filename": "question_18.png",
      "captured": true,
      "explanation": [
        "https://d2f8z173p7073l.cloudfront.net/1551622480771"
      ]
    },
    "question_19": {
      "question_number": 19,
      "correct_option": 2,
      "sds_id": "SDS172A",
      "subtopic": "Population: Logistic Growth Model",
      "image_filename": "question_19.png",
      "captured": true,
      "explanation": [
        "https://d2f8z173p7073l.cloudfront.net/1551622625228"
      ]
    },
    "question_20": {
      "question_number": 20,
      "correct_option": 3,
      "sds_id": "SDS172B",
      "subtopic": "Population: Logistic Growth Model",
      "image_filename": "question_20.png",
      "captured": true,
      "explanation": [
        "https://d2f8z173p7073l.cloudfront.net/1551622669416"
      ]
    },
    "question_21": {
      "question_number": 21,
      "correct_option": 1,
      "sds_id": "SDS172C",
      "subtopic": "Population: Logistic Growth Model",
      "image_filename": "question_21.png",
      "captured": true,
      "explanation": [
        "https://d1iljb9ao69244.cloudfront.net/question_explanations_184028_1672145146075.ogg"
      ]
    },
    "question_22": {
      "question_number": 22,
      "correct_option": 1,
      "sds_id": "SDS172D",
      "subtopic": "Population: Logistic Growth Model",
      "image_filename": "question_22.png",
      "captured": true,
      "explanation": [
        "https://d1iljb9ao69244.cloudfront.net/411243_1705755845615_14.ogg"
      ]
    },
    "question_23": {
      "question_number": 23,
      "correct_option": 2,
      "sds_id": "SDS172E",
      "subtopic": "Population: Logistic Growth Model",
      "image_filename": "question_23.png",
      "captured": true,
      "explanation": [
        "https://d1iljb9ao69244.cloudfront.net/442380_1712910952473_29.ogg"
      ]
    },
    "question_24": {
      "question_number": 24,
      "correct_option": 1,
      "sds_id": "SDS172F",
      "subtopic": "Population: Logistic Growth Model",
      "image_filename": "question_24.png",
      "captured": true,
      "explanation": [
        "https://d1iljb9ao69244.cloudfront.net/449491_1713791636901_44.ogg"
      ]
    },
    "question_25": {
      "question_number": 25,
      "correct_option": 3,
      "sds_id": "SDS1730",
      "subtopic": "Population: Logistic Growth Model",
      "image_filename": "question_25.png",
      "captured": true,
      "explanation": [
        "https://d1iljb9ao69244.cloudfront.net/450710_1714039640643_33.ogg"
      ]
    },
    "question_26": {
      "question_number": 26,
      "correct_option": 2,
      "sds_id": "SDS1731",
      "subtopic": "Life History Variations",
      "image_filename": "question_26.png",
      "captured": true,
      "explanation": [
        "https://d2f8z173p7073l.cloudfront.net/1551622720556"
      ]
    },
    "question_27": {
      "question_number": 27,
      "correct_option": 1,
      "sds_id": "SDS1732",
      "subtopic": "Life History Variations",
      "image_filename": "question_27.png",
      "captured": true,
      "explanation": [
        "https://d1iljb9ao69244.cloudfront.net/405601_1704522995904_27.ogg"
      ]
    },
    "question_28": {
      "question_number": 28,
      "correct_option": 4,
      "sds_id": "SDS1733",
      "subtopic": "Life History Variations",
      "image_filename": "question_28.png",
      "captured": true,
      "explanation": [
        "https://d1iljb9ao69244.cloudfront.net/447752_1713351236797_34.ogg"
      ]
    },
    "question_29": {
      "question_number": 29,
      "correct_option": 2,
      "sds_id": "SDS1734",
      "subtopic": "Population Interactions: Competition",
      "image_filename": "question_29.png",
      "captured": true,
      "explanation": [
        "https://d2f8z173p7073l.cloudfront.net/1551622893331"
      ]
    },
    "question_30": {
      "question_number": 30,
      "correct_option": 3,
      "sds_id": "SDS1735",
      "subtopic": "Population Interactions: Competition",
      "image_filename": "question_30.png",
      "captured": true,
      "explanation": [
        "https://d1iljb9ao69244.cloudfront.net/416621_1707638629788_6.ogg"
      ]
    },
    "question_31": {
      "question_number": 31,
      "correct_option": 2,
      "sds_id": "SDS1736",
      "subtopic": "Population Interactions: Competition",
      "image_filename": "question_31.png",
      "captured": true,
      "explanation": [
        "https://d2f8z173p7073l.cloudfront.net/1551683042432"
      ]
    },
    "question_32": {
      "question_number": 32,
      "correct_option": 2,
      "sds_id": "SDS1737",
      "subtopic": "Population Interactions: Competition",
      "image_filename": "question_32.png",
      "captured": true,
      "explanation": [
        "https://d2f8z173p7073l.cloudfront.net/1551623529509"
      ]
    },
    "question_33": {
      "question_number": 33,
      "correct_option": 1,
      "sds_id": "SDS1738",
      "subtopic": "Population Interactions: Competition",
      "image_filename": "question_33.png",
      "captured": true,
      "explanation": [
        "https://d2f8z173p7073l.cloudfront.net/1551683084810"
      ]
    },
    "question_34": {
      "question_number": 34,
      "correct_option": 4,
      "sds_id": "SDS1739",
      "subtopic": "Population Interactions: Competition",
      "image_filename": "question_34.png",
      "captured": true,
      "explanation": [
        "https://d2f8z173p7073l.cloudfront.net/1551623470181"
      ]
    },
    "question_35": {
      "question_number": 35,
      "correct_option": 3,
      "sds_id": "SDS173A",
      "subtopic": "Population Interactions: Competition",
      "image_filename": "question_35.png",
      "captured": true,
      "explanation": [
        "https://d2f8z173p7073l.cloudfront.net/1551623577380"
      ]
    },
    "question_36": {
      "question_number": 36,
      "correct_option": 2,
      "sds_id": "SDS173B",
      "subtopic": "Population Interactions: Competition",
      "image_filename": "question_36.png",
      "captured": true,
      "explanation": [
        "https://d2f8z173p7073l.cloudfront.net/1551623635034"
      ]
    },
    "question_37": {
      "question_number": 37,
      "correct_option": 1,
      "sds_id": "SDS173C",
      "subtopic": "Population Interactions: Competition",
      "image_filename": "question_37.png",
      "captured": true,
      "explanation": [
        "https://d2f8z173p7073l.cloudfront.net/1551623662191"
      ]
    },
    "question_38": {
      "question_number": 38,
      "correct_option": 2,
      "sds_id": "SDS173D",
      "subtopic": "Population Interactions: Competition",
      "image_filename": "question_38.png",
      "captured": true,
      "explanation": [
        "https://d2f8z173p7073l.cloudfront.net/1551623691546"
      ]
    },
    "question_39": {
      "question_number": 39,
      "correct_option": 4,
      "sds_id": "SDS173E",
      "subtopic": "Population Interactions: Competition",
      "image_filename": "question_39.png",
      "captured": true,
      "explanation": [
        "https://d2f8z173p7073l.cloudfront.net/1551623864000"
      ]
    },
    "question_40": {
      "question_number": 40,
      "correct_option": 3,
      "sds_id": "SDS173F",
      "subtopic": "Population Interactions: Competition",
      "image_filename": "question_40.png",
      "captured": true,
      "explanation": [
        "https://d2f8z173p7073l.cloudfront.net/1551683188026"
      ]
    },
    "question_41": {
      "question_number": 41,
      "correct_option": 1,
      "sds_id": "SDS1740",
      "subtopic": "Population Interactions: Competition",
      "image_filename": "question_41.png",
      "captured": true,
      "explanation": [
        "https://d1iljb9ao69244.cloudfront.net/416624_1707638641899_7.ogg"
      ]
    },
    "question_42": {
      "question_number": 42,
      "correct_option": 2,
      "sds_id": "SDS1741",
      "subtopic": "Population Interactions: Competition",
      "image_filename": "question_42.png",
      "captured": true,
      "explanation": [
        "https://d1iljb9ao69244.cloudfront.net/422297_1709058150039_27.ogg"
      ]
    },
    "question_43": {
      "question_number": 43,
      "correct_option": 3,
      "sds_id": "SDS1742",
      "subtopic": "Population Interactions: Competition",
      "image_filename": "question_43.png",
      "captured": true,
      "explanation": [
        "https://d2f8z173p7073l.cloudfront.net/1551623911055"
      ]
    },
    "question_44": {
      "question_number": 44,
      "correct_option": 1,
      "sds_id": "SDS1743",
      "subtopic": "Population Interactions: Competition",
      "image_filename": "question_44.png",
      "captured": true,
      "explanation": [
        "https://d2f8z173p7073l.cloudfront.net/1551683221104"
      ]
    },
    "question_45": {
      "question_number": 45,
      "correct_option": 3,
      "sds_id": "SDS1744",
      "subtopic": "Population Interactions: Predation",
      "image_filename": "question_45.png",
      "captured": true,
      "explanation": [
        "https://d2f8z173p7073l.cloudfront.net/1551622960754"
      ]
    },
    "question_46": {
      "question_number": 46,
      "correct_option": 3,
      "sds_id": "SDS1745",
      "subtopic": "Population Interactions: Predation",
      "image_filename": "question_46.png",
      "captured": true,
      "explanation": [
        "https://d1iljb9ao69244.cloudfront.net/447225_1713289049342_33.ogg"
      ]
    },
    "question_47": {
      "question_number": 47,
      "correct_option": 3,
      "sds_id": "SDS1746",
      "subtopic": "Population Interactions: Predation",
      "image_filename": "question_47.png",
      "captured": true,
      "explanation": [
        "https://d1iljb9ao69244.cloudfront.net/426736_1709870903091_49.ogg"
      ]
    },
    "question_48": {
      "question_number": 48,
      "correct_option": 4,
      "sds_id": "SDS1747",
      "subtopic": "Population Interactions: Predation",
      "image_filename": "question_48.png",
      "captured": true,
      "explanation": [
        "https://d2f8z173p7073l.cloudfront.net/1551622996181"
      ]
    },
    "question_49": {
      "question_number": 49,
      "correct_option": 3,
      "sds_id": "SDS1748",
      "subtopic": "Population Interactions: Predation",
      "image_filename": "question_49.png",
      "captured": true,
      "explanation": [
        "https://d2f8z173p7073l.cloudfront.net/1551623028936"
      ]
    },
    "question_50": {
      "question_number": 50,
      "correct_option": 1,
      "sds_id": "SDS1749",
      "subtopic": "Population Interactions: Predation",
      "image_filename": "question_50.png",
      "captured": true,
      "explanation": [
        "https://d1iljb9ao69244.cloudfront.net/405915_1704524644528_46.ogg"
      ]
    },
    "question_51": {
      "question_number": 51,
      "correct_option": 3,
      "sds_id": "SDS174A",
      "subtopic": "Population Interactions: Predation",
      "image_filename": "question_51.png",
      "captured": true,
      "explanation": [
        "https://d1iljb9ao69244.cloudfront.net/411253_1705755921942_19.ogg"
      ]
    },
    "question_52": {
      "question_number": 52,
      "correct_option": 1,
      "sds_id": "SDS174B",
      "subtopic": "Population Interactions: Predation",
      "image_filename": "question_52.png",
      "captured": true,
      "explanation": [
        "https://d1iljb9ao69244.cloudfront.net/416664_1707537775839_37.ogg"
      ]
    },
    "question_53": {
      "question_number": 53,
      "correct_option": 3,
      "sds_id": "SDS174C",
      "subtopic": "Population Interactions: Predation",
      "image_filename": "question_53.png",
      "captured": true,
      "explanation": [
        "https://d1iljb9ao69244.cloudfront.net/417460_1707538777535_61.ogg"
      ]
    },
    "question_54": {
      "question_number": 54,
      "correct_option": 2,
      "sds_id": "SDS174D",
      "subtopic": "Population Interactions: Predation",
      "image_filename": "question_54.png",
      "captured": true,
      "explanation": [
        "https://d2f8z173p7073l.cloudfront.net/1551623130737"
      ]
    },
    "question_55": {
      "question_number": 55,
      "correct_option": 1,
      "sds_id": "SDS174E",
      "subtopic": "Population Interactions: Predation",
      "image_filename": "question_55.png",
      "captured": true,
      "explanation": [
        "https://d1iljb9ao69244.cloudfront.net/433478_1711523071713_38.ogg"
      ]
    },
    "question_56": {
      "question_number": 56,
      "correct_option": 2,
      "sds_id": "SDS174F",
      "subtopic": "Population Interactions: Predation",
      "image_filename": "question_56.png",
      "captured": true,
      "explanation": [
        "https://d2f8z173p7073l.cloudfront.net/1551683017421"
      ]
    },
    "question_57": {
      "question_number": 57,
      "correct_option": 2,
      "sds_id": "SDS1750",
      "subtopic": "Population Interactions: Predation",
      "image_filename": "question_57.png",
      "captured": true,
      "explanation": [
        "https://d2f8z173p7073l.cloudfront.net/1551623061957"
      ]
    },
    "question_58": {
      "question_number": 58,
      "correct_option": 1,
      "sds_id": "SDS1751",
      "subtopic": "Population Interactions: Predation",
      "image_filename": "question_58.png",
      "captured": true,
      "explanation": [
        "https://d2f8z173p7073l.cloudfront.net/1551623223560"
      ]
    },
    "question_59": {
      "question_number": 59,
      "correct_option": 2,
      "sds_id": "SDS1752",
      "subtopic": "Population Interactions: Predation",
      "image_filename": "question_59.png",
      "captured": true,
      "explanation": [
        "https://d2f8z173p7073l.cloudfront.net/1551623268697"
      ]
    },
    "question_60": {
      "question_number": 60,
      "correct_option": 3,
      "sds_id": "SDS1753",
      "subtopic": "Population Interactions: Predation",
      "image_filename": "question_60.png",
      "captured": true,
      "explanation": [
        "https://d2f8z173p7073l.cloudfront.net/1551623308745"
      ]
    },
    "question_61": {
      "question_number": 61,
      "correct_option": 4,
      "sds_id": "SDS1754",
      "subtopic": "Population Interactions: Predation",
      "image_filename": "question_61.png",
      "captured": true,
      "explanation": [
        "https://d2f8z173p7073l.cloudfront.net/1551623422278"
      ]
    },
    "question_62": {
      "question_number": 62,
      "correct_option": 4,
      "sds_id": "SDS1755",
      "subtopic": "Population Interactions: Predation",
      "image_filename": "question_62.png",
      "captured": true,
      "explanation": [
        "https://d1iljb9ao69244.cloudfront.net/405610_1704523703917_33.ogg"
      ]
    },
    "question_63": {
      "question_number": 63,
      "correct_option": 4,
      "sds_id": "SDS1756",
      "subtopic": "Population Interactions: Predation",
      "image_filename": "question_63.png",
      "captured": true,
      "explanation": [
        "https://d1iljb9ao69244.cloudfront.net/452778_1714308500134_40.ogg"
      ]
    },
    "question_64": {
      "question_number": 64,
      "correct_option": 2,
      "sds_id": "SDS1757",
      "subtopic": "Population Interactions: Parasitism",
      "image_filename": "question_64.png",
      "captured": true,
      "explanation": [
        "https://d1iljb9ao69244.cloudfront.net/448219_1713523850851_34.ogg"
      ]
    },
    "question_65": {
      "question_number": 65,
      "correct_option": 4,
      "sds_id": "SDS1758",
      "subtopic": "Population Interactions: Parasitism",
      "image_filename": "question_65.png",
      "captured": true,
      "explanation": [
        "https://d1iljb9ao69244.cloudfront.net/405608_1704523688141_32.ogg"
      ]
    },
    "question_66": {
      "question_number": 66,
      "correct_option": 2,
      "sds_id": "SDS1759",
      "subtopic": "Population Interactions: Parasitism",
      "image_filename": "question_66.png",
      "captured": true,
      "explanation": [
        "https://d1iljb9ao69244.cloudfront.net/329717_1648309937805_14.ogg"
      ]
    },
    "question_67": {
      "question_number": 67,
      "correct_option": 2,
      "sds_id": "SDS175A",
      "subtopic": "Population Interactions: Parasitism",
      "image_filename": "question_67.png",
      "captured": true,
      "explanation": [
        "https://d2f8z173p7073l.cloudfront.net/1551683282538"
      ]
    },
    "question_68": {
      "question_number": 68,
      "correct_option": 3,
      "sds_id": "SDS175B",
      "subtopic": "Population Interactions: Parasitism",
      "image_filename": "question_68.png",
      "captured": true,
      "explanation": [
        "https://d1iljb9ao69244.cloudfront.net/411257_1705756191782_22.ogg"
      ]
    },
    "question_69": {
      "question_number": 69,
      "correct_option": 4,
      "sds_id": "SDS175C",
      "subtopic": "Population Interactions: Parasitism",
      "image_filename": "question_69.png",
      "captured": true,
      "explanation": [
        "https://d1iljb9ao69244.cloudfront.net/438425_1712642720468_2.ogg"
      ]
    },
    "question_70": {
      "question_number": 70,
      "correct_option": 3,
      "sds_id": "SDS175D",
      "subtopic": "Population Interactions: Parasitism",
      "image_filename": "question_70.png",
      "captured": true,
      "explanation": [
        "https://d1iljb9ao69244.cloudfront.net/405618_1704523826662_38.ogg"
      ]
    },
    "question_71": {
      "question_number": 71,
      "correct_option": 2,
      "sds_id": "SDS175E",
      "subtopic": "Population Interactions: Parasitism",
      "image_filename": "question_71.png",
      "captured": true,
      "explanation": [
        "https://d1iljb9ao69244.cloudfront.net/429895_1710823347086_43.ogg"
      ]
    },
    "question_72": {
      "question_number": 72,
      "correct_option": 4,
      "sds_id": "SDS175F",
      "subtopic": "Population Interactions: Parasitism",
      "image_filename": "question_72.png",
      "captured": true,
      "explanation": [
        "https://d2f8z173p7073l.cloudfront.net/1551624054192"
      ]
    },
    "question_73": {
      "question_number": 73,
      "correct_option": 4,
      "sds_id": "SDS1760",
      "subtopic": "Population Interactions: Parasitism",
      "image_filename": "question_73.png",
      "captured": true,
      "explanation": [
        "https://d2f8z173p7073l.cloudfront.net/1551624196974"
      ]
    },
    "question_74": {
      "question_number": 74,
      "correct_option": 4,
      "sds_id": "SDS1761",
      "subtopic": "Population Interactions: Amensalism",
      "image_filename": "question_74.png",
      "captured": true,
      "explanation": [
        "https://d2f8z173p7073l.cloudfront.net/1551622921564"
      ]
    },
    "question_75": {
      "question_number": 75,
      "correct_option": 1,
      "sds_id": "SDS1762",
      "subtopic": "Population Interactions: Amensalism",
      "image_filename": "question_75.png",
      "captured": true,
      "explanation": [
        "https://d1iljb9ao69244.cloudfront.net/411245_1705755875588_16.ogg"
      ]
    },
    "question_76": {
      "question_number": 76,
      "correct_option": 3,
      "sds_id": "SDS1763",
      "subtopic": "Population Interactions: Commensalism, Protocooperation & Mutualism",
      "image_filename": "question_76.png",
      "captured": true,
      "explanation": [
        "https://d1iljb9ao69244.cloudfront.net/439179_1712667153799_31.ogg"
      ]
    },
    "question_77": {
      "question_number": 77,
      "correct_option": 2,
      "sds_id": "SDS1764",
      "subtopic": "Population Interactions: Commensalism, Protocooperation & Mutualism",
      "image_filename": "question_77.png",
      "captured": true,
      "explanation": [
        "https://d1iljb9ao69244.cloudfront.net/411241_1705755825352_13.ogg"
      ]
    },
    "question_78": {
      "question_number": 78,
      "correct_option": 3,
      "sds_id": "SDS1765",
      "subtopic": "Population Interactions: Commensalism, Protocooperation & Mutualism",
      "image_filename": "question_78.png",
      "captured": true,
      "explanation": [
        "https://d2f8z173p7073l.cloudfront.net/1551624101507"
      ]
    },
    "question_79": {
      "question_number": 79,
      "correct_option": 1,
      "sds_id": "SDS1766",
      "subtopic": "Population Interactions: Commensalism, Protocooperation & Mutualism",
      "image_filename": "question_79.png",
      "captured": true,
      "explanation": [
        "https://d1iljb9ao69244.cloudfront.net/405615_1704523778399_36.ogg"
      ]
    },
    "question_80": {
      "question_number": 80,
      "correct_option": 3,
      "sds_id": "SDS1767",
      "subtopic": "Population Interactions: Commensalism, Protocooperation & Mutualism",
      "image_filename": "question_80.png",
      "captured": true,
      "explanation": [
        "https://d1iljb9ao69244.cloudfront.net/405840_1704533382045_99.ogg"
      ]
    },
    "question_81": {
      "question_number": 81,
      "correct_option": 3,
      "sds_id": "SDS1768",
      "subtopic": "Population Interactions: Commensalism, Protocooperation & Mutualism",
      "image_filename": "question_81.png",
      "captured": true,
      "explanation": [
        "https://d1iljb9ao69244.cloudfront.net/417499_1707539772117_96.ogg"
      ]
    },
    "question_82": {
      "question_number": 82,
      "correct_option": 4,
      "sds_id": "SDS1769",
      "subtopic": "Population Interactions: Commensalism, Protocooperation & Mutualism",
      "image_filename": "question_82.png",
      "captured": true,
      "explanation": [
        "https://d1iljb9ao69244.cloudfront.net/453621_1714480512347_33.ogg"
      ]
    },
    "question_83": {
      "question_number": 83,
      "correct_option": 4,
      "sds_id": "SDS176A",
      "subtopic": "Population Interactions: Commensalism, Protocooperation & Mutualism",
      "image_filename": "question_83.png",
      "captured": true,
      "explanation": [
        "https://d2f8z173p7073l.cloudfront.net/1551624229930"
      ]
    },
    "question_84": {
      "question_number": 84,
      "correct_option": 4,
      "sds_id": "SDS176B",
      "subtopic": "Population Interactions: Commensalism, Protocooperation & Mutualism",
      "image_filename": "question_84.png",
      "captured": true,
      "explanation": [
        "https://d1iljb9ao69244.cloudfront.net/417498_1707539757509_95.ogg"
      ]
    },
    "question_85": {
      "question_number": 85,
      "correct_option": 1,
      "sds_id": "SDS176C",
      "subtopic": "Population Interactions: Commensalism, Protocooperation & Mutualism",
      "image_filename": "question_85.png",
      "captured": true,
      "explanation": [
        "https://d1iljb9ao69244.cloudfront.net/446640_1713094655397_33.ogg"
      ]
    },
    "question_86": {
      "question_number": 86,
      "correct_option": 1,
      "sds_id": "SDS176D",
      "subtopic": "Population Interactions: Commensalism, Protocooperation & Mutualism",
      "image_filename": "question_86.png",
      "captured": true,
      "explanation": [
        "https://d1iljb9ao69244.cloudfront.net/411261_1705756219815_24.ogg"
      ]
    },
    "question_87": {
      "question_number": 87,
      "correct_option": 2,
      "sds_id": "SDS176E",
      "subtopic": "Population Interactions: Commensalism, Protocooperation & Mutualism",
      "image_filename": "question_87.png",
      "captured": true,
      "explanation": [
        "https://d2f8z173p7073l.cloudfront.net/1551624309230"
      ]
    },
    "question_88": {
      "question_number": 88,
      "correct_option": 1,
      "sds_id": "SDS176F",
      "subtopic": "Population Interactions: Commensalism, Protocooperation & Mutualism",
      "image_filename": "question_88.png",
      "captured": true,
      "explanation": [
        "https://d2f8z173p7073l.cloudfront.net/1551624344366"
      ]
    },
    "question_89": {
      "question_number": 89,
      "correct_option": 3,
      "sds_id": "SDS1770",
      "subtopic": "Age Pyramid",
      "image_filename": "question_89.png",
      "captured": true,
      "explanation": [
        "https://d2f8z173p7073l.cloudfront.net/1551529827134"
      ]
    },
    "question_90": {
      "question_number": 90,
      "correct_option": 3,
      "sds_id": "SDS1771",
      "subtopic": "Age Pyramid",
      "image_filename": "question_90.png",
      "captured": true,
      "explanation": [
        "https://d1iljb9ao69244.cloudfront.net/411231_1705753476624_7.ogg",
        "https://d2f8z173p7073l.cloudfront.net/1705758392636"
      ]
    },
    "question_91": {
      "question_number": 91,
      "correct_option": 3,
      "sds_id": "SDS1772",
      "subtopic": "Age Pyramid",
      "image_filename": "question_91.png",
      "captured": true,
      "explanation": [
        "https://d1iljb9ao69244.cloudfront.net/447226_1713289061400_34.ogg"
      ]
    },
    "question_92": {
      "question_number": 92,
      "correct_option": 3,
      "sds_id": "SDS1773",
      "subtopic": "Population Attributes",
      "image_filename": "question_92.png",
      "captured": true,
      "explanation": [
        "https://d1iljb9ao69244.cloudfront.net/411223_1705753387682_1.ogg"
      ]
    },
    "question_93": {
      "question_number": 93,
      "correct_option": 2,
      "sds_id": "SDS1774",
      "subtopic": "Population Attributes",
      "image_filename": "question_93.png",
      "captured": true,
      "explanation": [
        "https://d1iljb9ao69244.cloudfront.net/405885_1704523843211_39.ogg"
      ]
    },
    "question_94": {
      "question_number": 94,
      "correct_option": 1,
      "sds_id": "SDS1775",
      "subtopic": "Population Attributes",
      "image_filename": "question_94.png",
      "captured": true,
      "explanation": [
        "https://d1iljb9ao69244.cloudfront.net/405890_1704524566085_41.ogg"
      ]
    },
    "question_95": {
      "question_number": 95,
      "correct_option": 1,
      "sds_id": "SDS1776",
      "subtopic": "Population Attributes",
      "image_filename": "question_95.png",
      "captured": true,
      "explanation": [
        "https://d2f8z173p7073l.cloudfront.net/1551622211446"
      ]
    },
    "question_96": {
      "question_number": 96,
      "correct_option": 4,
      "sds_id": "SDS1777",
      "subtopic": "Population Attributes",
      "image_filename": "question_96.png",
      "captured": true,
      "explanation": [
        "https://d1iljb9ao69244.cloudfront.net/416608_1707638578625_2.ogg"
      ]
    },
    "question_97": {
      "question_number": 97,
      "correct_option": 2,
      "sds_id": "SDS1778",
      "subtopic": "Population Attributes",
      "image_filename": "question_97.png",
      "captured": true,
      "explanation": [
        "https://d1iljb9ao69244.cloudfront.net/416606_1707501566743_1.ogg"
      ]
    },
    "question_98": {
      "question_number": 98,
      "correct_option": 4,
      "sds_id": "SDS1779",
      "subtopic": "Population Attributes",
      "image_filename": "question_98.png",
      "captured": true,
      "explanation": [
        "https://d1iljb9ao69244.cloudfront.net/405611_1704523718772_34.ogg",
        "https://d2f8z173p7073l.cloudfront.net/1704537461392",
        "https://d2f8z173p7073l.cloudfront.net/1704537477174"
      ]
    },
    "question_99": {
      "question_number": 99,
      "correct_option": 3,
      "sds_id": "SDS177A",
      "subtopic": "Population Attributes",
      "image_filename": "question_99.png",
      "captured": true,
      "explanation": [
        "https://d1iljb9ao69244.cloudfront.net/416612_1707501594145_3.ogg",
        "https://dsbihjlymzdyy.cloudfront.net/question-assets/key__2024-06-20%2006%3A50%3A07%20%2B0000image.png"
      ]
    },
    "question_100": {
      "question_number": 100,
      "correct_option": 2,
      "sds_id": "SDS177B",
      "subtopic": "Population Attributes",
      "image_filename": "question_100.png",
      "captured": true,
      "explanation": [
        "https://d1iljb9ao69244.cloudfront.net/405898_1704524582435_42.ogg"
      ]
    },
    "question_101": {
      "question_number": 101,
      "correct_option": 2,
      "sds_id": "SDS177C",
      "subtopic": "Population Attributes",
      "image_filename": "question_101.png",
      "captured": true,
      "explanation": [
        "https://d1iljb9ao69244.cloudfront.net/405602_1704523010058_28.ogg"
      ]
    }
  }
}