{
  "chapter_number": 7,
  "chapter_name": "Systems of Particles and Rotational Motion",
  "section_name": "HC Verma",
  "total_questions": 39,
  "questions": {
    "question_1": {
      "question_number": 1,
      "correct_option": 3,
      "sds_id": "SDS009A",
      "subtopic": "Direct Page Capture",
      "image_filename": "question_1.png",
      "captured": true,
      "explanation": [
        "https://www.youtube.com/watch?v=Xf4KAVOm1JI"
      ]
    },
    "question_2": {
      "question_number": 2,
      "correct_option": 4,
      "sds_id": "SDS009B",
      "subtopic": "Direct Page Capture",
      "image_filename": "question_2.png",
      "captured": true,
      "explanation": [
        "https://www.youtube.com/watch?v=cPAXhRkCM5U"
      ]
    },
    "question_3": {
      "question_number": 3,
      "correct_option": 4,
      "sds_id": "SDS009C",
      "subtopic": "Direct Page Capture",
      "image_filename": "question_3.png",
      "captured": true,
      "explanation": [
        "https://www.youtube.com/watch?v=Qa2a_gt4a_k"
      ]
    },
    "question_4": {
      "question_number": 4,
      "correct_option": 2,
      "sds_id": "SDS009D",
      "subtopic": "Direct Page Capture",
      "image_filename": "question_4.png",
      "captured": true,
      "explanation": [
        "https://www.youtube.com/watch?v=wq_2o7Lpii8"
      ]
    },
    "question_5": {
      "question_number": 5,
      "correct_option": 2,
      "sds_id": "SDS009E",
      "subtopic": "Direct Page Capture",
      "image_filename": "question_5.png",
      "captured": true,
      "explanation": [
        "https://www.youtube.com/watch?v=nTO0WuqorXE"
      ]
    },
    "question_6": {
      "question_number": 6,
      "correct_option": 2,
      "sds_id": "SDS009F",
      "subtopic": "Direct Page Capture",
      "image_filename": "question_6.png",
      "captured": true,
      "explanation": [
        "https://www.youtube.com/watch?v=jFOfnGYb5So"
      ]
    },
    "question_7": {
      "question_number": 7,
      "correct_option": 4,
      "sds_id": "SDS00A0",
      "subtopic": "Direct Page Capture",
      "image_filename": "question_7.png",
      "captured": true,
      "explanation": [
        "https://www.youtube.com/watch?v=qm5dxy6TcMI"
      ]
    },
    "question_8": {
      "question_number": 8,
      "correct_option": 3,
      "sds_id": "SDS00A1",
      "subtopic": "Direct Page Capture",
      "image_filename": "question_8.png",
      "captured": true,
      "explanation": [
        "https://www.youtube.com/watch?v=XQFHuJiWIao"
      ]
    },
    "question_9": {
      "question_number": 9,
      "correct_option": 3,
      "sds_id": "SDS00A2",
      "subtopic": "Direct Page Capture",
      "image_filename": "question_9.png",
      "captured": true,
      "explanation": [
        "https://www.youtube.com/watch?v=ZhgoaTxhx-I"
      ]
    },
    "question_10": {
      "question_number": 10,
      "correct_option": 4,
      "sds_id": "SDS00A3",
      "subtopic": "Direct Page Capture",
      "image_filename": "question_10.png",
      "captured": true,
      "explanation": [
        "https://www.youtube.com/watch?v=7mo1iLOnFMI"
      ]
    },
    "question_11": {
      "question_number": 11,
      "correct_option": 3,
      "sds_id": "SDS00A4",
      "subtopic": "Direct Page Capture",
      "image_filename": "question_11.png",
      "captured": true,
      "explanation": [
        "https://www.youtube.com/watch?v=Kod3dexZPkY"
      ]
    },
    "question_12": {
      "question_number": 12,
      "correct_option": 1,
      "sds_id": "SDS00A5",
      "subtopic": "Direct Page Capture",
      "image_filename": "question_12.png",
      "captured": true,
      "explanation": [
        "https://www.youtube.com/watch?v=Kba_B4KCzLs"
      ]
    },
    "question_13": {
      "question_number": 13,
      "correct_option": 2,
      "sds_id": "SDS00A6",
      "subtopic": "Direct Page Capture",
      "image_filename": "question_13.png",
      "captured": true,
      "explanation": [
        "https://www.youtube.com/watch?v=Kq6cx_Zhh6Q"
      ]
    },
    "question_14": {
      "question_number": 14,
      "correct_option": 4,
      "sds_id": "SDS00A7",
      "subtopic": "Direct Page Capture",
      "image_filename": "question_14.png",
      "captured": true,
      "explanation": [
        "https://www.youtube.com/watch?v=_4scJH1so-Y"
      ]
    },
    "question_15": {
      "question_number": 15,
      "correct_option": 4,
      "sds_id": "SDS00A8",
      "subtopic": "Direct Page Capture",
      "image_filename": "question_15.png",
      "captured": true,
      "explanation": [
        "https://www.youtube.com/watch?v=ngkBFozsy6g"
      ]
    },
    "question_16": {
      "question_number": 16,
      "correct_option": 3,
      "sds_id": "SDS00A9",
      "subtopic": "Direct Page Capture",
      "image_filename": "question_16.png",
      "captured": true,
      "explanation": [
        "https://www.youtube.com/watch?v=U8Cm9T4kAEo"
      ]
    },
    "question_17": {
      "question_number": 17,
      "correct_option": 3,
      "sds_id": "SDS00AA",
      "subtopic": "Direct Page Capture",
      "image_filename": "question_17.png",
      "captured": true,
      "explanation": [
        "https://www.youtube.com/watch?v=pZi-vgPuLK8"
      ]
    },
    "question_18": {
      "question_number": 18,
      "correct_option": 2,
      "sds_id": "SDS00AB",
      "subtopic": "Direct Page Capture",
      "image_filename": "question_18.png",
      "captured": true,
      "explanation": [
        "https://www.youtube.com/watch?v=y44b317-WzQ"
      ]
    },
    "question_19": {
      "question_number": 19,
      "correct_option": 4,
      "sds_id": "SDS00AC",
      "subtopic": "Direct Page Capture",
      "image_filename": "question_19.png",
      "captured": true,
      "explanation": [
        "https://www.youtube.com/watch?v=P1WHb4ZU2wQ"
      ]
    },
    "question_20": {
      "question_number": 20,
      "correct_option": 3,
      "sds_id": "SDS00AD",
      "subtopic": "Direct Page Capture",
      "image_filename": "question_20.png",
      "captured": true,
      "explanation": [
        "https://www.youtube.com/watch?v=yInV_gXt-QM"
      ]
    },
    "question_21": {
      "question_number": 21,
      "correct_option": 2,
      "sds_id": "SDS00AE",
      "subtopic": "Direct Page Capture",
      "image_filename": "question_21.png",
      "captured": true,
      "explanation": [
        "https://www.youtube.com/watch?v=M8TatPHcJNE"
      ]
    },
    "question_22": {
      "question_number": 22,
      "correct_option": 1,
      "sds_id": "SDS00AF",
      "subtopic": "Direct Page Capture",
      "image_filename": "question_22.png",
      "captured": true,
      "explanation": [
        "https://www.youtube.com/watch?v=d0NWGRT--YM"
      ]
    },
    "question_23": {
      "question_number": 23,
      "correct_option": 3,
      "sds_id": "SDS00B0",
      "subtopic": "Direct Page Capture",
      "image_filename": "question_23.png",
      "captured": true,
      "explanation": [
        "https://www.youtube.com/watch?v=ZtPj99Igo-M"
      ]
    },
    "question_24": {
      "question_number": 24,
      "correct_option": 3,
      "sds_id": "SDS00B1",
      "subtopic": "Direct Page Capture",
      "image_filename": "question_24.png",
      "captured": true,
      "explanation": [
        "https://www.youtube.com/watch?v=3RbaPKTDKSQ"
      ]
    },
    "question_25": {
      "question_number": 25,
      "correct_option": 1,
      "sds_id": "SDS00B2",
      "subtopic": "Direct Page Capture",
      "image_filename": "question_25.png",
      "captured": true,
      "explanation": [
        "https://www.youtube.com/watch?v=UFbd_0NR2Ss"
      ]
    },
    "question_26": {
      "question_number": 26,
      "correct_option": 1,
      "sds_id": "SDS00B3",
      "subtopic": "Direct Page Capture",
      "image_filename": "question_26.png",
      "captured": true,
      "explanation": [
        "https://www.youtube.com/watch?v=nfW8OrZq1pk"
      ]
    },
    "question_27": {
      "question_number": 27,
      "correct_option": 1,
      "sds_id": "SDS00B4",
      "subtopic": "Direct Page Capture",
      "image_filename": "question_27.png",
      "captured": true,
      "explanation": [
        "https://www.youtube.com/watch?v=wiWH7Qm9TXc"
      ]
    },
    "question_28": {
      "question_number": 28,
      "correct_option": 1,
      "sds_id": "SDS00B5",
      "subtopic": "Direct Page Capture",
      "image_filename": "question_28.png",
      "captured": true,
      "explanation": [
        "https://www.youtube.com/watch?v=wxqVOMaz8Xg"
      ]
    },
    "question_29": {
      "question_number": 29,
      "correct_option": 4,
      "sds_id": "SDS00B6",
      "subtopic": "Direct Page Capture",
      "image_filename": "question_29.png",
      "captured": true,
      "explanation": [
        "https://www.youtube.com/watch?v=xTIna1EivWE"
      ]
    },
    "question_30": {
      "question_number": 30,
      "correct_option": 4,
      "sds_id": "SDS00B7",
      "subtopic": "Direct Page Capture",
      "image_filename": "question_30.png",
      "captured": true,
      "explanation": [
        "https://www.youtube.com/watch?v=2Ozo7uBO5I0"
      ]
    },
    "question_31": {
      "question_number": 31,
      "correct_option": 2,
      "sds_id": "SDS00B8",
      "subtopic": "Direct Page Capture",
      "image_filename": "question_31.png",
      "captured": true,
      "explanation": [
        "https://www.youtube.com/watch?v=zb-_FJrLZxE"
      ]
    },
    "question_32": {
      "question_number": 32,
      "correct_option": 3,
      "sds_id": "SDS00B9",
      "subtopic": "Direct Page Capture",
      "image_filename": "question_32.png",
      "captured": true,
      "explanation": [
        "https://www.youtube.com/watch?v=as_L3ukIOrA"
      ]
    },
    "question_33": {
      "question_number": 33,
      "correct_option": 2,
      "sds_id": "SDS00BA",
      "subtopic": "Direct Page Capture",
      "image_filename": "question_33.png",
      "captured": true,
      "explanation": [
        "https://www.youtube.com/watch?v=SWcwQBjitbg"
      ]
    },
    "question_34": {
      "question_number": 34,
      "correct_option": 2,
      "sds_id": "SDS00BB",
      "subtopic": "Direct Page Capture",
      "image_filename": "question_34.png",
      "captured": true,
      "explanation": [
        "https://www.youtube.com/watch?v=i--6lEVAULw"
      ]
    },
    "question_35": {
      "question_number": 35,
      "correct_option": 3,
      "sds_id": "SDS00BC",
      "subtopic": "Direct Page Capture",
      "image_filename": "question_35.png",
      "captured": true,
      "explanation": [
        "https://www.youtube.com/watch?v=FSKf6Ndi-a4"
      ]
    },
    "question_36": {
      "question_number": 36,
      "correct_option": 1,
      "sds_id": "SDS00BD",
      "subtopic": "Direct Page Capture",
      "image_filename": "question_36.png",
      "captured": true,
      "explanation": [
        "https://www.youtube.com/watch?v=jtj8Xi1LMVo"
      ]
    },
    "question_37": {
      "question_number": 37,
      "correct_option": 3,
      "sds_id": "SDS00BE",
      "subtopic": "Direct Page Capture",
      "image_filename": "question_37.png",
      "captured": true,
      "explanation": [
        "https://www.youtube.com/watch?v=Q9ocab4h0MQ"
      ]
    },
    "question_38": {
      "question_number": 38,
      "correct_option": 2,
      "sds_id": "SDS00BF",
      "subtopic": "Direct Page Capture",
      "image_filename": "question_38.png",
      "captured": true,
      "explanation": [
        "https://www.youtube.com/watch?v=SlgFX-f6jq4"
      ]
    },
    "question_39": {
      "question_number": 39,
      "correct_option": 4,
      "sds_id": "SDS00C0",
      "subtopic": "Direct Page Capture",
      "image_filename": "question_39.png",
      "captured": true,
      "explanation": [
        "https://www.youtube.com/watch?v=hR3EVc_A8IY"
      ]
    }
  }
}