{
  "chapter_no": 10,
  "chapter_name": "Cell Cycle and Cell Division",
  "section_name": "Cell Cycle and Cell Division (LEVEL 3 MCQs)",
  "total_questions": 33,
  "questions": {
    "question_1": {
      "question_number": 1,
      "correct_option": 4,
      "sds_id": "SDS0910",
      "subtopic": "Intro to Cell Cycle & Interphase",
      "image_filename": "question_1.png",
      "captured": true,
      "explanation": [
        "https://d1iljb9ao69244.cloudfront.net/200796_1606803941339_130.ogg"
      ]
    },
    "question_2": {
      "question_number": 2,
      "correct_option": 3,
      "sds_id": "SDS0911",
      "subtopic": "Intro to Cell Cycle & Interphase",
      "image_filename": "question_2.png",
      "captured": true,
      "explanation": [
        "https://d1iljb9ao69244.cloudfront.net/408089_1704971339843_79.ogg"
      ]
    },
    "question_3": {
      "question_number": 3,
      "correct_option": 1,
      "sds_id": "SDS0912",
      "subtopic": "Intro to Cell Cycle & Interphase",
      "image_filename": "question_3.png",
      "captured": true,
      "explanation": [
        "https://d1iljb9ao69244.cloudfront.net/376426_1690779193285_3.ogg"
      ]
    },
    "question_4": {
      "question_number": 4,
      "correct_option": 1,
      "sds_id": "SDS0913",
      "subtopic": "Intro to Cell Cycle & Interphase",
      "image_filename": "question_4.png",
      "captured": true,
      "explanation": [
        "https://d1iljb9ao69244.cloudfront.net/437237_1712310182969_12.ogg"
      ]
    },
    "question_5": {
      "question_number": 5,
      "correct_option": 2,
      "sds_id": "SDS0914",
      "subtopic": "Intro to Cell Cycle & Interphase",
      "image_filename": "question_5.png",
      "captured": true,
      "explanation": [
        "https://d1iljb9ao69244.cloudfront.net/438440_1712646793927_33.ogg"
      ]
    },
    "question_6": {
      "question_number": 6,
      "correct_option": 1,
      "sds_id": "SDS0915",
      "subtopic": "Intro to Cell Cycle & Interphase",
      "image_filename": "question_6.png",
      "captured": true,
      "explanation": [
        "https://d1iljb9ao69244.cloudfront.net/450684_1714038315478_11.ogg"
      ]
    },
    "question_7": {
      "question_number": 7,
      "correct_option": 3,
      "sds_id": "SDS0916",
      "subtopic": "Intro to Cell Cycle & Interphase",
      "image_filename": "question_7.png",
      "captured": true,
      "explanation": [
        "https://d1iljb9ao69244.cloudfront.net/338230_1656776755521_14.ogg"
      ]
    },
    "question_8": {
      "question_number": 8,
      "correct_option": 1,
      "sds_id": "SDS0917",
      "subtopic": "Intro to Cell Cycle & Interphase",
      "image_filename": "question_8.png",
      "captured": true,
      "explanation": [
        "https://www.youtube-nocookie.com/embed/ADNsc5_H0gc?rel=0"
      ]
    },
    "question_9": {
      "question_number": 9,
      "correct_option": 4,
      "sds_id": "SDS0918",
      "subtopic": "Intro to Cell Cycle & Interphase",
      "image_filename": "question_9.png",
      "captured": true,
      "explanation": [
        "https://www.youtube-nocookie.com/embed/b34dQxWyWdM?rel=0"
      ]
    },
    "question_10": {
      "question_number": 10,
      "correct_option": 3,
      "sds_id": "SDS0919",
      "subtopic": "Intro to Cell Cycle & Interphase",
      "image_filename": "question_10.png",
      "captured": true,
      "explanation": [
        "https://www.youtube-nocookie.com/embed/2nuOQzijfuY?rel=0"
      ]
    },
    "question_11": {
      "question_number": 11,
      "correct_option": 3,
      "sds_id": "SDS091A",
      "subtopic": "Intro to Cell Cycle & Interphase",
      "image_filename": "question_11.png",
      "captured": true,
      "explanation": [
        "https://www.youtube-nocookie.com/embed/QhOBEmgjE3g?rel=0"
      ]
    },
    "question_12": {
      "question_number": 12,
      "correct_option": 4,
      "sds_id": "SDS091B",
      "subtopic": "Intro to Cell Cycle & Interphase",
      "image_filename": "question_12.png",
      "captured": true,
      "explanation": [
        "https://d2f8z173p7073l.cloudfront.net/1579193852676"
      ]
    },
    "question_13": {
      "question_number": 13,
      "correct_option": 3,
      "sds_id": "SDS091C",
      "subtopic": "Cell Division: Mitosis (Karyokinesis)",
      "image_filename": "question_13.png",
      "captured": true,
      "explanation": [
        "https://d1iljb9ao69244.cloudfront.net/376456_1691147118702_43.ogg"
      ]
    },
    "question_14": {
      "question_number": 14,
      "correct_option": 2,
      "sds_id": "SDS091D",
      "subtopic": "Cell Division: Mitosis (Karyokinesis)",
      "image_filename": "question_14.png",
      "captured": true,
      "explanation": [
        "https://d1iljb9ao69244.cloudfront.net/439257_1712654440892_11.ogg"
      ]
    },
    "question_15": {
      "question_number": 15,
      "correct_option": 1,
      "sds_id": "SDS091E",
      "subtopic": "Cell Division: Mitosis (Karyokinesis)",
      "image_filename": "question_15.png",
      "captured": true,
      "explanation": [
        "https://d1iljb9ao69244.cloudfront.net/449400_1713787140456_17.ogg"
      ]
    },
    "question_16": {
      "question_number": 16,
      "correct_option": 3,
      "sds_id": "SDS091F",
      "subtopic": "Cell Division: Mitosis (Karyokinesis)",
      "image_filename": "question_16.png",
      "captured": true,
      "explanation": [
        "https://d2f8z173p7073l.cloudfront.net/1583303796019"
      ]
    },
    "question_17": {
      "question_number": 17,
      "correct_option": 2,
      "sds_id": "SDS0920",
      "subtopic": "Cell Division: Mitosis (Karyokinesis)",
      "image_filename": "question_17.png",
      "captured": true,
      "explanation": [
        "https://www.youtube-nocookie.com/embed/Gc0Gvjj8fqs?rel=0"
      ]
    },
    "question_18": {
      "question_number": 18,
      "correct_option": 1,
      "sds_id": "SDS0921",
      "subtopic": "Cell Division: Mitosis (Karyokinesis)",
      "image_filename": "question_18.png",
      "captured": true,
      "explanation": [
        "https://www.youtube-nocookie.com/embed/k_shgbsIKhc?rel=0"
      ]
    },
    "question_19": {
      "question_number": 19,
      "correct_option": 4,
      "sds_id": "SDS0922",
      "subtopic": "Cell Division: Mitosis (Cytokinesis)",
      "image_filename": "question_19.png",
      "captured": true,
      "explanation": [
        "https://d1iljb9ao69244.cloudfront.net/410935_1705904365496_50.ogg"
      ]
    },
    "question_20": {
      "question_number": 20,
      "correct_option": 1,
      "sds_id": "SDS0923",
      "subtopic": "Cell Division: Mitosis (Cytokinesis)",
      "image_filename": "question_20.png",
      "captured": true,
      "explanation": [
        "https://d1iljb9ao69244.cloudfront.net/376459_1691148608325_92.ogg"
      ]
    },
    "question_21": {
      "question_number": 21,
      "correct_option": 3,
      "sds_id": "SDS0924",
      "subtopic": "Cell Cycle: Meiosis I",
      "image_filename": "question_21.png",
      "captured": true,
      "explanation": [
        "https://d1iljb9ao69244.cloudfront.net/408110_1705036647111_94.ogg"
      ]
    },
    "question_22": {
      "question_number": 22,
      "correct_option": 4,
      "sds_id": "SDS0925",
      "subtopic": "Cell Cycle: Meiosis I",
      "image_filename": "question_22.png",
      "captured": true,
      "explanation": [
        "https://d1iljb9ao69244.cloudfront.net/408107_1705036813295_91.ogg"
      ]
    },
    "question_23": {
      "question_number": 23,
      "correct_option": 1,
      "sds_id": "SDS0926",
      "subtopic": "Cell Cycle: Meiosis I",
      "image_filename": "question_23.png",
      "captured": true,
      "explanation": [
        "https://d1iljb9ao69244.cloudfront.net/376439_1714220214804_8.ogg",
        "https://d1iljb9ao69244.cloudfront.net/376439_1690779600020_16.ogg"
      ]
    },
    "question_24": {
      "question_number": 24,
      "correct_option": 2,
      "sds_id": "SDS0927",
      "subtopic": "Cell Cycle: Meiosis I",
      "image_filename": "question_24.png",
      "captured": true,
      "explanation": [
        "https://d1iljb9ao69244.cloudfront.net/376466_1691147181492_48.ogg"
      ]
    },
    "question_25": {
      "question_number": 25,
      "correct_option": 3,
      "sds_id": "SDS0928",
      "subtopic": "Cell Cycle: Meiosis I",
      "image_filename": "question_25.png",
      "captured": true,
      "explanation": [
        "https://d1iljb9ao69244.cloudfront.net/439258_1712654453253_12.ogg"
      ]
    },
    "question_26": {
      "question_number": 26,
      "correct_option": 3,
      "sds_id": "SDS0929",
      "subtopic": "Cell Cycle: Meiosis I",
      "image_filename": "question_26.png",
      "captured": true,
      "explanation": [
        "https://d1iljb9ao69244.cloudfront.net/436337_1712126166615_11.ogg"
      ]
    },
    "question_27": {
      "question_number": 27,
      "correct_option": 3,
      "sds_id": "SDS092A",
      "subtopic": "Cell Cycle: Meiosis I",
      "image_filename": "question_27.png",
      "captured": true,
      "explanation": [
        "https://d1iljb9ao69244.cloudfront.net/452782_1714309040149_42.ogg"
      ]
    },
    "question_28": {
      "question_number": 28,
      "correct_option": 1,
      "sds_id": "SDS092B",
      "subtopic": "Cell Cycle: Meiosis I",
      "image_filename": "question_28.png",
      "captured": true,
      "explanation": [
        "https://d2f8z173p7073l.cloudfront.net/1591692309153"
      ]
    },
    "question_29": {
      "question_number": 29,
      "correct_option": 1,
      "sds_id": "SDS092C",
      "subtopic": "Cell Cycle: Meiosis I",
      "image_filename": "question_29.png",
      "captured": true,
      "explanation": [
        "https://d1iljb9ao69244.cloudfront.net/338688_1657389626322_90.ogg",
        "https://www.youtube-nocookie.com/embed/3PGIfKdq38c?rel=0"
      ]
    },
    "question_30": {
      "question_number": 30,
      "correct_option": 2,
      "sds_id": "SDS092D",
      "subtopic": "Cell Cycle: Meiosis II",
      "image_filename": "question_30.png",
      "captured": true,
      "explanation": [
        "https://d1iljb9ao69244.cloudfront.net/376471_1691148688445_98.ogg"
      ]
    },
    "question_31": {
      "question_number": 31,
      "correct_option": 3,
      "sds_id": "SDS092E",
      "subtopic": "Cell Cycle: Meiosis II",
      "image_filename": "question_31.png",
      "captured": true,
      "explanation": [
        "https://d1iljb9ao69244.cloudfront.net/433537_1711523960040_45.ogg"
      ]
    },
    "question_32": {
      "question_number": 32,
      "correct_option": 1,
      "sds_id": "SDS092F",
      "subtopic": "Cell Cycle: Meiosis II",
      "image_filename": "question_32.png",
      "captured": true,
      "explanation": [
        "https://d1iljb9ao69244.cloudfront.net/438468_1712647271897_47.ogg"
      ]
    },
    "question_33": {
      "question_number": 33,
      "correct_option": 2,
      "sds_id": "SDS0930",
      "subtopic": "Significance of mitosis and miosis",
      "image_filename": "question_33.png",
      "captured": true,
      "explanation": [
        "https://www.youtube-nocookie.com/embed/LHO8ylS4ohM?rel=0"
      ]
    }
  }
}