{
  "chapter_no": 1,
  "chapter_name": "Sexual Reproduction in Flowering Plants",
  "section_name": "Invictus- Sexual Reproduction in Flowering Plants",
  "total_questions": 36,
  "questions": {
    "question_1": {
      "question_number": 1,
      "correct_option": 4,
      "sds_id": "SDS0FAD",
      "subtopic": "Stamen: Microsporangium",
      "image_filename": "question_1.png",
      "captured": true,
      "explanation": [
        "https://d2f8z173p7073l.cloudfront.net/1582615764125"
      ]
    },
    "question_2": {
      "question_number": 2,
      "correct_option": 4,
      "sds_id": "SDS0FAE",
      "subtopic": "Stamen: Microsporangium",
      "image_filename": "question_2.png",
      "captured": true,
      "explanation": [
        "https://d2f8z173p7073l.cloudfront.net/1582791535088"
      ]
    },
    "question_3": {
      "question_number": 3,
      "correct_option": 3,
      "sds_id": "SDS0FAF",
      "subtopic": "Stamen: Microsporangium",
      "image_filename": "question_3.png",
      "captured": true,
      "explanation": [
        "https://d2f8z173p7073l.cloudfront.net/1582617428015"
      ]
    },
    "question_4": {
      "question_number": 4,
      "correct_option": 1,
      "sds_id": "SDS0FB0",
      "subtopic": "Stamen: Microsporangium",
      "image_filename": "question_4.png",
      "captured": true,
      "explanation": [
        "https://d2f8z173p7073l.cloudfront.net/1582445358749"
      ]
    },
    "question_5": {
      "question_number": 5,
      "correct_option": 4,
      "sds_id": "SDS0FB1",
      "subtopic": "Stamen: Male Gametophyte",
      "image_filename": "question_5.png",
      "captured": true,
      "explanation": [
        "https://d2f8z173p7073l.cloudfront.net/1582617770098"
      ]
    },
    "question_6": {
      "question_number": 6,
      "correct_option": 4,
      "sds_id": "SDS0FB2",
      "subtopic": "Stamen: Male Gametophyte",
      "image_filename": "question_6.png",
      "captured": true,
      "explanation": [
        "https://d1iljb9ao69244.cloudfront.net/question_explanations_250990_1629268062510.ogg",
        "https://www.youtube-nocookie.com/embed/MM9ia2Nv-hU?rel=0",
        "https://www.youtube.com/embed/Pi-ysjasFqY?rel=0&amp;modestbranding=1&amp;loop=1&amp;playlist=Pi-ysjasFqY&amp;start=4936&amp;end=5004",
        "https://www.youtube.com/embed/Pi-ysjasFqY?rel=0&modestbranding=1&loop=1&playlist=Pi-ysjasFqY&start=4936&end=5004"
      ]
    },
    "question_7": {
      "question_number": 7,
      "correct_option": 4,
      "sds_id": "SDS0FB3",
      "subtopic": "Stamen: Male Gametophyte",
      "image_filename": "question_7.png",
      "captured": true,
      "explanation": [
        "https://d2f8z173p7073l.cloudfront.net/1582617459575"
      ]
    },
    "question_8": {
      "question_number": 8,
      "correct_option": 3,
      "sds_id": "SDS0FB4",
      "subtopic": "Stamen: Male Gametophyte",
      "image_filename": "question_8.png",
      "captured": true,
      "explanation": [
        "https://d2f8z173p7073l.cloudfront.net/1582617300799",
        "https://www.youtube.com/embed/nC6EyX1Bq3o?rel=0&amp;modestbranding=1&amp;loop=1&amp;playlist=nC6EyX1Bq3o&amp;start=5566&amp;end=5604",
        "https://www.youtube.com/embed/nC6EyX1Bq3o?rel=0&modestbranding=1&loop=1&playlist=nC6EyX1Bq3o&start=5566&end=5604"
      ]
    },
    "question_9": {
      "question_number": 9,
      "correct_option": 1,
      "sds_id": "SDS0FB5",
      "subtopic": "Stamen: Male Gametophyte",
      "image_filename": "question_9.png",
      "captured": true,
      "explanation": [
        "https://d2f8z173p7073l.cloudfront.net/1582615875141",
        "https://www.youtube.com/embed/_ZQPRQETQH4?rel=0&amp;modestbranding=1&amp;loop=1&amp;playlist=_ZQPRQETQH4&amp;start=389&amp;end=427",
        "https://www.youtube.com/embed/_ZQPRQETQH4?rel=0&modestbranding=1&loop=1&playlist=_ZQPRQETQH4&start=389&end=427"
      ]
    },
    "question_10": {
      "question_number": 10,
      "correct_option": 3,
      "sds_id": "SDS0FB6",
      "subtopic": "Stamen: Male Gametophyte",
      "image_filename": "question_10.png",
      "captured": true,
      "explanation": [
        "https://d2f8z173p7073l.cloudfront.net/1582617962064"
      ]
    },
    "question_11": {
      "question_number": 11,
      "correct_option": 3,
      "sds_id": "SDS0FB7",
      "subtopic": "Pistil: Ovule",
      "image_filename": "question_11.png",
      "captured": true,
      "explanation": [
        "https://d2f8z173p7073l.cloudfront.net/1582617139048"
      ]
    },
    "question_12": {
      "question_number": 12,
      "correct_option": 2,
      "sds_id": "SDS0FB8",
      "subtopic": "Pistil: Female Gametophyte",
      "image_filename": "question_12.png",
      "captured": true,
      "explanation": [
        "https://d1iljb9ao69244.cloudfront.net/131667_1597768791919_WhatsApp%20Audio%202020-08-18%20at%2010.09.28%20PM.ogg",
        "https://d1iljb9ao69244.cloudfront.net/131667_1597768791919_WhatsApp",
        "https://www.youtube-nocookie.com/embed/iSAnyv736oI?rel=0",
        "https://www.youtube.com/embed/PWWjVWuhfFU?rel=0&amp;modestbranding=1&amp;loop=1&amp;playlist=PWWjVWuhfFU&amp;start=660&amp;end=711",
        "https://www.youtube.com/embed/PWWjVWuhfFU?rel=0&modestbranding=1&loop=1&playlist=PWWjVWuhfFU&start=660&end=711"
      ]
    },
    "question_13": {
      "question_number": 13,
      "correct_option": 2,
      "sds_id": "SDS0FB9",
      "subtopic": "Pistil: Female Gametophyte",
      "image_filename": "question_13.png",
      "captured": true,
      "explanation": [
        "https://d1iljb9ao69244.cloudfront.net/251294_1630735577856_20.ogg",
        "https://d1iljb9ao69244.cloudfront.net/question_explanations_251294_1629268402289.ogg",
        "https://www.youtube.com/embed/_ZQPRQETQH4?rel=0&amp;modestbranding=1&amp;loop=1&amp;playlist=_ZQPRQETQH4&amp;start=797&amp;end=820",
        "https://www.youtube.com/embed/_ZQPRQETQH4?rel=0&modestbranding=1&loop=1&playlist=_ZQPRQETQH4&start=797&end=820"
      ]
    },
    "question_14": {
      "question_number": 14,
      "correct_option": 1,
      "sds_id": "SDS0FBA",
      "subtopic": "Pistil: Female Gametophyte",
      "image_filename": "question_14.png",
      "captured": true,
      "explanation": [
        "https://d2f8z173p7073l.cloudfront.net/1582618450426"
      ]
    },
    "question_15": {
      "question_number": 15,
      "correct_option": 3,
      "sds_id": "SDS0FBB",
      "subtopic": "Pollination & Outbreeding Devices",
      "image_filename": "question_15.png",
      "captured": true,
      "explanation": [
        "https://d2f8z173p7073l.cloudfront.net/1582615845481"
      ]
    },
    "question_16": {
      "question_number": 16,
      "correct_option": 3,
      "sds_id": "SDS0FBC",
      "subtopic": "Pollination & Outbreeding Devices",
      "image_filename": "question_16.png",
      "captured": true,
      "explanation": [
        "https://d2f8z173p7073l.cloudfront.net/1619846788206"
      ]
    },
    "question_17": {
      "question_number": 17,
      "correct_option": 4,
      "sds_id": "SDS0FBD",
      "subtopic": "Pollination & Outbreeding Devices",
      "image_filename": "question_17.png",
      "captured": true,
      "explanation": [
        "https://d2f8z173p7073l.cloudfront.net/1582617029400"
      ]
    },
    "question_18": {
      "question_number": 18,
      "correct_option": 1,
      "sds_id": "SDS0FBE",
      "subtopic": "Pollination & Outbreeding Devices",
      "image_filename": "question_18.png",
      "captured": true,
      "explanation": [
        "https://d2f8z173p7073l.cloudfront.net/1582616202283"
      ]
    },
    "question_19": {
      "question_number": 19,
      "correct_option": 1,
      "sds_id": "SDS0FBF",
      "subtopic": "Pollination & Outbreeding Devices",
      "image_filename": "question_19.png",
      "captured": true,
      "explanation": [
        "https://d2f8z173p7073l.cloudfront.net/1582615962794"
      ]
    },
    "question_20": {
      "question_number": 20,
      "correct_option": 3,
      "sds_id": "SDS0FC0",
      "subtopic": "Pollination & Outbreeding Devices",
      "image_filename": "question_20.png",
      "captured": true,
      "explanation": [
        "https://d2f8z173p7073l.cloudfront.net/1582616175484"
      ]
    },
    "question_21": {
      "question_number": 21,
      "correct_option": 3,
      "sds_id": "SDS0FC1",
      "subtopic": "Pollination & Outbreeding Devices",
      "image_filename": "question_21.png",
      "captured": true,
      "explanation": [
        "https://d2f8z173p7073l.cloudfront.net/1582618522470",
        "https://www.youtube.com/embed/Nl2gqV2g-T0?rel=0&amp;modestbranding=1&amp;loop=1&amp;playlist=Nl2gqV2g-T0&amp;start=909&amp;end=946",
        "https://www.youtube.com/embed/Nl2gqV2g-T0?rel=0&modestbranding=1&loop=1&playlist=Nl2gqV2g-T0&start=909&end=946"
      ]
    },
    "question_22": {
      "question_number": 22,
      "correct_option": 1,
      "sds_id": "SDS0FC2",
      "subtopic": "Pollination & Outbreeding Devices",
      "image_filename": "question_22.png",
      "captured": true,
      "explanation": [
        "https://d2f8z173p7073l.cloudfront.net/1582617370711"
      ]
    },
    "question_23": {
      "question_number": 23,
      "correct_option": 1,
      "sds_id": "SDS0FC3",
      "subtopic": "Pollination & Outbreeding Devices",
      "image_filename": "question_23.png",
      "captured": true,
      "explanation": [
        "https://d2f8z173p7073l.cloudfront.net/1582616040779",
        "https://www.youtube.com/embed/M1I3M069Bp0?rel=0&amp;modestbranding=1&amp;loop=1&amp;playlist=M1I3M069Bp0&amp;start=348&amp;end=376",
        "https://www.youtube.com/embed/M1I3M069Bp0?rel=0&modestbranding=1&loop=1&playlist=M1I3M069Bp0&start=348&end=376"
      ]
    },
    "question_24": {
      "question_number": 24,
      "correct_option": 1,
      "sds_id": "SDS0FC4",
      "subtopic": "Post Pollination Events",
      "image_filename": "question_24.png",
      "captured": true,
      "explanation": [
        "https://d2f8z173p7073l.cloudfront.net/1582617830514"
      ]
    },
    "question_25": {
      "question_number": 25,
      "correct_option": 2,
      "sds_id": "SDS0FC5",
      "subtopic": "Post Pollination Events",
      "image_filename": "question_25.png",
      "captured": true,
      "explanation": [
        "https://d1iljb9ao69244.cloudfront.net/349507_1668240538929_349507.ogg"
      ]
    },
    "question_26": {
      "question_number": 26,
      "correct_option": 1,
      "sds_id": "SDS0FC6",
      "subtopic": "Double Fertilization",
      "image_filename": "question_26.png",
      "captured": true,
      "explanation": [
        "https://d1iljb9ao69244.cloudfront.net/question_explanations_265249_1629272002350.ogg",
        "https://www.youtube.com/embed/Nl2gqV2g-T0?rel=0&amp;modestbranding=1&amp;loop=1&amp;playlist=Nl2gqV2g-T0&amp;start=1097&amp;end=1154",
        "https://www.youtube.com/embed/Nl2gqV2g-T0?rel=0&modestbranding=1&loop=1&playlist=Nl2gqV2g-T0&start=1097&end=1154"
      ]
    },
    "question_27": {
      "question_number": 27,
      "correct_option": 1,
      "sds_id": "SDS0FC7",
      "subtopic": "Endosperm",
      "image_filename": "question_27.png",
      "captured": true,
      "explanation": [
        "https://d2f8z173p7073l.cloudfront.net/1582617799755"
      ]
    },
    "question_28": {
      "question_number": 28,
      "correct_option": 1,
      "sds_id": "SDS0FC8",
      "subtopic": "Endosperm",
      "image_filename": "question_28.png",
      "captured": true,
      "explanation": [
        "https://d2f8z173p7073l.cloudfront.net/1582618221670"
      ]
    },
    "question_29": {
      "question_number": 29,
      "correct_option": 4,
      "sds_id": "SDS0FC9",
      "subtopic": "Seed",
      "image_filename": "question_29.png",
      "captured": true,
      "explanation": [
        "https://d2f8z173p7073l.cloudfront.net/1582617557188"
      ]
    },
    "question_30": {
      "question_number": 30,
      "correct_option": 4,
      "sds_id": "SDS0FCA",
      "subtopic": "Seed",
      "image_filename": "question_30.png",
      "captured": true,
      "explanation": [
        "https://d2f8z173p7073l.cloudfront.net/1582618393828"
      ]
    },
    "question_31": {
      "question_number": 31,
      "correct_option": 1,
      "sds_id": "SDS0FCB",
      "subtopic": "Apomixis & Polyembryony",
      "image_filename": "question_31.png",
      "captured": true,
      "explanation": [
        "https://d2f8z173p7073l.cloudfront.net/1582615933369"
      ]
    },
    "question_32": {
      "question_number": 32,
      "correct_option": 3,
      "sds_id": "SDS0FCC",
      "subtopic": "Apomixis & Polyembryony",
      "image_filename": "question_32.png",
      "captured": true,
      "explanation": [
        "https://d1iljb9ao69244.cloudfront.net/349497_1668241476790_349497.ogg"
      ]
    },
    "question_33": {
      "question_number": 33,
      "correct_option": 1,
      "sds_id": "SDS0FCD",
      "subtopic": "Apomixis & Polyembryony",
      "image_filename": "question_33.png",
      "captured": true,
      "explanation": [
        "https://d2f8z173p7073l.cloudfront.net/1566151172739",
        "https://www.youtube.com/embed/nC6EyX1Bq3o?rel=0&amp;modestbranding=1&amp;loop=1&amp;playlist=nC6EyX1Bq3o&amp;start=5797&amp;end=5842",
        "https://www.youtube.com/embed/nC6EyX1Bq3o?rel=0&modestbranding=1&loop=1&playlist=nC6EyX1Bq3o&start=5797&end=5842"
      ]
    },
    "question_34": {
      "question_number": 34,
      "correct_option": 1,
      "sds_id": "SDS0FCE",
      "subtopic": "Apomixis & Polyembryony",
      "image_filename": "question_34.png",
      "captured": true,
      "explanation": [
        "https://d2f8z173p7073l.cloudfront.net/1582618300547"
      ]
    },
    "question_35": {
      "question_number": 35,
      "correct_option": 2,
      "sds_id": "SDS0FCF",
      "subtopic": "Pollen - Pistil Interaction",
      "image_filename": "question_35.png",
      "captured": true,
      "explanation": [
        "https://d1iljb9ao69244.cloudfront.net/question_explanations_250959_1629271908917.ogg",
        "https://www.youtube-nocookie.com/embed/a8qQrqYkC1g?rel=0"
      ]
    },
    "question_36": {
      "question_number": 36,
      "correct_option": 4,
      "sds_id": "SDS0FD0",
      "subtopic": "Pollen - Pistil Interaction",
      "image_filename": "question_36.png",
      "captured": true,
      "explanation": [
        "https://d1iljb9ao69244.cloudfront.net/question_explanations_265508_1629266292463.ogg"
      ]
    }
  }
}