{
  "chapter_name": "1 The Living World",
  "sets": {
    "Invictus": {
      "name": "Invictus",
      "path": "Invictus/",
      "questions": {
        "question_1": {
          "question_number": 1,
          "image_filename": "question_1.png",
          "correct_option": 1,
          "sds_id": "GEN_1"
        },
        "question_2": {
          "question_number": 2,
          "image_filename": "question_2.png",
          "correct_option": 1,
          "sds_id": "GEN_2"
        },
        "question_3": {
          "question_number": 3,
          "image_filename": "question_3.png",
          "correct_option": 1,
          "sds_id": "GEN_3"
        },
        "question_4": {
          "question_number": 4,
          "image_filename": "question_4.png",
          "correct_option": 1,
          "sds_id": "GEN_4"
        },
        "question_5": {
          "question_number": 5,
          "image_filename": "question_5.png",
          "correct_option": 1,
          "sds_id": "GEN_5"
        }
      }
    },
    "The Living World (41 MCQs)": {
      "name": "The Living World (41 MCQs)",
      "path": "The Living World (41 MCQs)/",
      "questions": {
        "question_1": {
          "question_number": 1,
          "image_filename": "question_1.png",
          "correct_option": 1,
          "sds_id": "GEN_1"
        },
        "question_2": {
          "question_number": 2,
          "image_filename": "question_10.png",
          "correct_option": 1,
          "sds_id": "GEN_2"
        },
        "question_3": {
          "question_number": 3,
          "image_filename": "question_11.png",
          "correct_option": 1,
          "sds_id": "GEN_3"
        },
        "question_4": {
          "question_number": 4,
          "image_filename": "question_12.png",
          "correct_option": 1,
          "sds_id": "GEN_4"
        },
        "question_5": {
          "question_number": 5,
          "image_filename": "question_13.png",
          "correct_option": 1,
          "sds_id": "GEN_5"
        },
        "question_6": {
          "question_number": 6,
          "image_filename": "question_14.png",
          "correct_option": 1,
          "sds_id": "GEN_6"
        },
        "question_7": {
          "question_number": 7,
          "image_filename": "question_15.png",
          "correct_option": 1,
          "sds_id": "GEN_7"
        },
        "question_8": {
          "question_number": 8,
          "image_filename": "question_16.png",
          "correct_option": 1,
          "sds_id": "GEN_8"
        },
        "question_9": {
          "question_number": 9,
          "image_filename": "question_17.png",
          "correct_option": 1,
          "sds_id": "GEN_9"
        },
        "question_10": {
          "question_number": 10,
          "image_filename": "question_18.png",
          "correct_option": 1,
          "sds_id": "GEN_10"
        },
        "question_11": {
          "question_number": 11,
          "image_filename": "question_19.png",
          "correct_option": 1,
          "sds_id": "GEN_11"
        },
        "question_12": {
          "question_number": 12,
          "image_filename": "question_2.png",
          "correct_option": 1,
          "sds_id": "GEN_12"
        },
        "question_13": {
          "question_number": 13,
          "image_filename": "question_20.png",
          "correct_option": 1,
          "sds_id": "GEN_13"
        },
        "question_14": {
          "question_number": 14,
          "image_filename": "question_21.png",
          "correct_option": 1,
          "sds_id": "GEN_14"
        },
        "question_15": {
          "question_number": 15,
          "image_filename": "question_22.png",
          "correct_option": 1,
          "sds_id": "GEN_15"
        },
        "question_16": {
          "question_number": 16,
          "image_filename": "question_23.png",
          "correct_option": 1,
          "sds_id": "GEN_16"
        },
        "question_17": {
          "question_number": 17,
          "image_filename": "question_24.png",
          "correct_option": 1,
          "sds_id": "GEN_17"
        },
        "question_18": {
          "question_number": 18,
          "image_filename": "question_25.png",
          "correct_option": 1,
          "sds_id": "GEN_18"
        },
        "question_19": {
          "question_number": 19,
          "image_filename": "question_26.png",
          "correct_option": 1,
          "sds_id": "GEN_19"
        },
        "question_20": {
          "question_number": 20,
          "image_filename": "question_27.png",
          "correct_option": 1,
          "sds_id": "GEN_20"
        },
        "question_21": {
          "question_number": 21,
          "image_filename": "question_28.png",
          "correct_option": 1,
          "sds_id": "GEN_21"
        },
        "question_22": {
          "question_number": 22,
          "image_filename": "question_29.png",
          "correct_option": 1,
          "sds_id": "GEN_22"
        },
        "question_23": {
          "question_number": 23,
          "image_filename": "question_3.png",
          "correct_option": 1,
          "sds_id": "GEN_23"
        },
        "question_24": {
          "question_number": 24,
          "image_filename": "question_30.png",
          "correct_option": 1,
          "sds_id": "GEN_24"
        },
        "question_25": {
          "question_number": 25,
          "image_filename": "question_31.png",
          "correct_option": 1,
          "sds_id": "GEN_25"
        },
        "question_26": {
          "question_number": 26,
          "image_filename": "question_32.png",
          "correct_option": 1,
          "sds_id": "GEN_26"
        },
        "question_27": {
          "question_number": 27,
          "image_filename": "question_33.png",
          "correct_option": 1,
          "sds_id": "GEN_27"
        },
        "question_28": {
          "question_number": 28,
          "image_filename": "question_34.png",
          "correct_option": 1,
          "sds_id": "GEN_28"
        },
        "question_29": {
          "question_number": 29,
          "image_filename": "question_35.png",
          "correct_option": 1,
          "sds_id": "GEN_29"
        },
        "question_30": {
          "question_number": 30,
          "image_filename": "question_36.png",
          "correct_option": 1,
          "sds_id": "GEN_30"
        },
        "question_31": {
          "question_number": 31,
          "image_filename": "question_37.png",
          "correct_option": 1,
          "sds_id": "GEN_31"
        },
        "question_32": {
          "question_number": 32,
          "image_filename": "question_38.png",
          "correct_option": 1,
          "sds_id": "GEN_32"
        },
        "question_33": {
          "question_number": 33,
          "image_filename": "question_39.png",
          "correct_option": 1,
          "sds_id": "GEN_33"
        },
        "question_34": {
          "question_number": 34,
          "image_filename": "question_4.png",
          "correct_option": 1,
          "sds_id": "GEN_34"
        },
        "question_35": {
          "question_number": 35,
          "image_filename": "question_40.png",
          "correct_option": 1,
          "sds_id": "GEN_35"
        },
        "question_36": {
          "question_number": 36,
          "image_filename": "question_41.png",
          "correct_option": 1,
          "sds_id": "GEN_36"
        },
        "question_37": {
          "question_number": 37,
          "image_filename": "question_5.png",
          "correct_option": 1,
          "sds_id": "GEN_37"
        },
        "question_38": {
          "question_number": 38,
          "image_filename": "question_6.png",
          "correct_option": 1,
          "sds_id": "GEN_38"
        },
        "question_39": {
          "question_number": 39,
          "image_filename": "question_7.png",
          "correct_option": 1,
          "sds_id": "GEN_39"
        },
        "question_40": {
          "question_number": 40,
          "image_filename": "question_8.png",
          "correct_option": 1,
          "sds_id": "GEN_40"
        },
        "question_41": {
          "question_number": 41,
          "image_filename": "question_9.png",
          "correct_option": 1,
          "sds_id": "GEN_41"
        }
      }
    },
    "The Living World (LEVEL 3 MCQs)": {
      "name": "The Living World (LEVEL 3 MCQs)",
      "path": "The Living World (LEVEL 3 MCQs)/",
      "questions": {
        "question_1": {
          "question_number": 1,
          "image_filename": "question_1.png",
          "correct_option": 1,
          "sds_id": "GEN_1"
        },
        "question_2": {
          "question_number": 2,
          "image_filename": "question_10.png",
          "correct_option": 1,
          "sds_id": "GEN_2"
        },
        "question_3": {
          "question_number": 3,
          "image_filename": "question_11.png",
          "correct_option": 1,
          "sds_id": "GEN_3"
        },
        "question_4": {
          "question_number": 4,
          "image_filename": "question_12.png",
          "correct_option": 1,
          "sds_id": "GEN_4"
        },
        "question_5": {
          "question_number": 5,
          "image_filename": "question_13.png",
          "correct_option": 1,
          "sds_id": "GEN_5"
        },
        "question_6": {
          "question_number": 6,
          "image_filename": "question_14.png",
          "correct_option": 1,
          "sds_id": "GEN_6"
        },
        "question_7": {
          "question_number": 7,
          "image_filename": "question_15.png",
          "correct_option": 1,
          "sds_id": "GEN_7"
        },
        "question_8": {
          "question_number": 8,
          "image_filename": "question_16.png",
          "correct_option": 1,
          "sds_id": "GEN_8"
        },
        "question_9": {
          "question_number": 9,
          "image_filename": "question_17.png",
          "correct_option": 1,
          "sds_id": "GEN_9"
        },
        "question_10": {
          "question_number": 10,
          "image_filename": "question_18.png",
          "correct_option": 1,
          "sds_id": "GEN_10"
        },
        "question_11": {
          "question_number": 11,
          "image_filename": "question_19.png",
          "correct_option": 1,
          "sds_id": "GEN_11"
        },
        "question_12": {
          "question_number": 12,
          "image_filename": "question_2.png",
          "correct_option": 1,
          "sds_id": "GEN_12"
        },
        "question_13": {
          "question_number": 13,
          "image_filename": "question_20.png",
          "correct_option": 1,
          "sds_id": "GEN_13"
        },
        "question_14": {
          "question_number": 14,
          "image_filename": "question_3.png",
          "correct_option": 1,
          "sds_id": "GEN_14"
        },
        "question_15": {
          "question_number": 15,
          "image_filename": "question_4.png",
          "correct_option": 1,
          "sds_id": "GEN_15"
        },
        "question_16": {
          "question_number": 16,
          "image_filename": "question_5.png",
          "correct_option": 1,
          "sds_id": "GEN_16"
        },
        "question_17": {
          "question_number": 17,
          "image_filename": "question_6.png",
          "correct_option": 1,
          "sds_id": "GEN_17"
        },
        "question_18": {
          "question_number": 18,
          "image_filename": "question_7.png",
          "correct_option": 1,
          "sds_id": "GEN_18"
        },
        "question_19": {
          "question_number": 19,
          "image_filename": "question_8.png",
          "correct_option": 1,
          "sds_id": "GEN_19"
        },
        "question_20": {
          "question_number": 20,
          "image_filename": "question_9.png",
          "correct_option": 1,
          "sds_id": "GEN_20"
        }
      }
    }
  },
  "type": "multi_set"
}