{
  "chapter_no": 7,
  "chapter_name": "Structural Organisation in Animals",
  "section_name": "Level 3",
  "total_questions": 20,
  "questions": {
    "question_1": {
      "question_number": 1,
      "correct_option": 2,
      "sds_id": "SDS0729",
      "subtopic": "Frogs",
      "image_filename": "question_1.png",
      "captured": true,
      "explanation": "none"
    },
    "question_2": {
      "question_number": 2,
      "correct_option": 2,
      "sds_id": "SDS072A",
      "subtopic": "Frogs",
      "image_filename": "question_2.png",
      "captured": true,
      "explanation": "none"
    },
    "question_3": {
      "question_number": 3,
      "correct_option": 3,
      "sds_id": "SDS072B",
      "subtopic": "Frogs",
      "image_filename": "question_3.png",
      "captured": true,
      "explanation": "none"
    },
    "question_4": {
      "question_number": 4,
      "correct_option": 3,
      "sds_id": "SDS072C",
      "subtopic": "Frogs",
      "image_filename": "question_4.png",
      "captured": true,
      "explanation": "none"
    },
    "question_5": {
      "question_number": 5,
      "correct_option": 3,
      "sds_id": "SDS072D",
      "subtopic": "Frogs: Morphology",
      "image_filename": "question_5.png",
      "captured": true,
      "explanation": "none"
    },
    "question_6": {
      "question_number": 6,
      "correct_option": 3,
      "sds_id": "SDS072E",
      "subtopic": "Frogs: Anatomy (Respiratory System)",
      "image_filename": "question_6.png",
      "captured": true,
      "explanation": [
        "https://d1iljb9ao69244.cloudfront.net/375900_1712043704203_4.ogg"
      ]
    },
    "question_7": {
      "question_number": 7,
      "correct_option": 1,
      "sds_id": "SDS072F",
      "subtopic": "Frogs: Anatomy (Respiratory System)",
      "image_filename": "question_7.png",
      "captured": true,
      "explanation": "none"
    },
    "question_8": {
      "question_number": 8,
      "correct_option": 3,
      "sds_id": "SDS0730",
      "subtopic": "Frogs: Anatomy (Nervous System)",
      "image_filename": "question_8.png",
      "captured": true,
      "explanation": "none"
    },
    "question_9": {
      "question_number": 9,
      "correct_option": 1,
      "sds_id": "SDS0731",
      "subtopic": "Frogs: Anatomy (Female Reproductive System)",
      "image_filename": "question_9.png",
      "captured": true,
      "explanation": "none"
    },
    "question_10": {
      "question_number": 10,
      "correct_option": 1,
      "sds_id": "SDS0732",
      "subtopic": "Simple Epithelium",
      "image_filename": "question_10.png",
      "captured": true,
      "explanation": [
        "https://d1iljb9ao69244.cloudfront.net/429642_1710825239137_3.ogg"
      ]
    },
    "question_11": {
      "question_number": 11,
      "correct_option": 3,
      "sds_id": "SDS0733",
      "subtopic": "Simple Epithelium",
      "image_filename": "question_11.png",
      "captured": true,
      "explanation": [
        "https://d1iljb9ao69244.cloudfront.net/452712_1714306328715_2.ogg"
      ]
    },
    "question_12": {
      "question_number": 12,
      "correct_option": 1,
      "sds_id": "SDS0734",
      "subtopic": "Simple Epithelium",
      "image_filename": "question_12.png",
      "captured": true,
      "explanation": [
        "https://d2f8z173p7073l.cloudfront.net/1580921564245"
      ]
    },
    "question_13": {
      "question_number": 13,
      "correct_option": 3,
      "sds_id": "SDS0735",
      "subtopic": "Glandular Epithelium & Cell Junction",
      "image_filename": "question_13.png",
      "captured": true,
      "explanation": [
        "https://d2f8z173p7073l.cloudfront.net/1580527316167"
      ]
    },
    "question_14": {
      "question_number": 14,
      "correct_option": 3,
      "sds_id": "SDS0736",
      "subtopic": "Connective Tissue",
      "image_filename": "question_14.png",
      "captured": true,
      "explanation": [
        "https://d2f8z173p7073l.cloudfront.net/1580921488330"
      ]
    },
    "question_15": {
      "question_number": 15,
      "correct_option": 3,
      "sds_id": "SDS0737",
      "subtopic": "Connective Tissue",
      "image_filename": "question_15.png",
      "captured": true,
      "explanation": [
        "https://d1iljb9ao69244.cloudfront.net/410995_1705904886432_91.ogg",
        "https://d2f8z173p7073l.cloudfront.net/1705914735233"
      ]
    },
    "question_16": {
      "question_number": 16,
      "correct_option": 1,
      "sds_id": "SDS0738",
      "subtopic": "Connective Tissue",
      "image_filename": "question_16.png",
      "captured": true,
      "explanation": [
        "https://d1iljb9ao69244.cloudfront.net/448223_1713523896067_37.ogg"
      ]
    },
    "question_17": {
      "question_number": 17,
      "correct_option": 2,
      "sds_id": "SDS0739",
      "subtopic": "Cardiac Muscle & Smooth Muscle",
      "image_filename": "question_17.png",
      "captured": true,
      "explanation": [
        "https://d2f8z173p7073l.cloudfront.net/1580921011795",
        "https://dsbihjlymzdyy.cloudfront.net/bio_images/all/Diagrams%20in%20Svg%20form%2FStructural%20Organisation%20in%20Animals%2F122242.svg.svg"
      ]
    },
    "question_18": {
      "question_number": 18,
      "correct_option": 3,
      "sds_id": "SDS073A",
      "subtopic": "Cardiac Muscle & Smooth Muscle",
      "image_filename": "question_18.png",
      "captured": true,
      "explanation": [
        "https://d1iljb9ao69244.cloudfront.net/437228_1712309031147_5.ogg"
      ]
    },
    "question_19": {
      "question_number": 19,
      "correct_option": 2,
      "sds_id": "SDS073B",
      "subtopic": "Nervous Tissue",
      "image_filename": "question_19.png",
      "captured": true,
      "explanation": [
        "https://d1iljb9ao69244.cloudfront.net/410961_1705922694685_71.ogg"
      ]
    },
    "question_20": {
      "question_number": 20,
      "correct_option": 1,
      "sds_id": "SDS073C",
      "subtopic": "Cockroach: Digestive System",
      "image_filename": "question_20.png",
      "captured": true,
      "explanation": [
        "https://d1iljb9ao69244.cloudfront.net/200904_1606802779066_113.ogg"
      ]
    }
  }
}