{
  "chapter_number": 9,
  "chapter_name": "Ray Optics and Optical Instruments",
  "section_name": "HC Verma",
  "total_questions": 52,
  "questions": {
    "question_1": {
      "question_number": 1,
      "correct_option": 1,
      "sds_id": "SDS02A9",
      "subtopic": "Direct Page Capture",
      "image_filename": "question_1.png",
      "captured": true,
      "explanation": [
        "https://www.youtube.com/watch?v=RX0kxI8wuFU"
      ]
    },
    "question_2": {
      "question_number": 2,
      "correct_option": 2,
      "sds_id": "SDS02AA",
      "subtopic": "Direct Page Capture",
      "image_filename": "question_2.png",
      "captured": true,
      "explanation": [
        "https://www.youtube.com/watch?v=HcxWh2sVQ4c"
      ]
    },
    "question_3": {
      "question_number": 3,
      "correct_option": 3,
      "sds_id": "SDS02AB",
      "subtopic": "Direct Page Capture",
      "image_filename": "question_3.png",
      "captured": true,
      "explanation": [
        "https://www.youtube.com/watch?v=c0OjSbUlRwQ"
      ]
    },
    "question_4": {
      "question_number": 4,
      "correct_option": 4,
      "sds_id": "SDS02AC",
      "subtopic": "Direct Page Capture",
      "image_filename": "question_4.png",
      "captured": true,
      "explanation": [
        "https://www.youtube.com/watch?v=1crNy5iq93Y"
      ]
    },
    "question_5": {
      "question_number": 5,
      "correct_option": 1,
      "sds_id": "SDS02AD",
      "subtopic": "Direct Page Capture",
      "image_filename": "question_5.png",
      "captured": true,
      "explanation": [
        "https://www.youtube.com/watch?v=mZZPwOUggWA"
      ]
    },
    "question_6": {
      "question_number": 6,
      "correct_option": 3,
      "sds_id": "SDS02AE",
      "subtopic": "Direct Page Capture",
      "image_filename": "question_6.png",
      "captured": true,
      "explanation": [
        "https://www.youtube.com/watch?v=F4s2qqc61Io"
      ]
    },
    "question_7": {
      "question_number": 7,
      "correct_option": 4,
      "sds_id": "SDS02AF",
      "subtopic": "Direct Page Capture",
      "image_filename": "question_7.png",
      "captured": true,
      "explanation": [
        "https://www.youtube.com/watch?v=g6ArlwBdjAM"
      ]
    },
    "question_8": {
      "question_number": 8,
      "correct_option": 3,
      "sds_id": "SDS02B0",
      "subtopic": "Direct Page Capture",
      "image_filename": "question_8.png",
      "captured": true,
      "explanation": [
        "https://www.youtube.com/watch?v=WQBAn8BVzR8"
      ]
    },
    "question_9": {
      "question_number": 9,
      "correct_option": 2,
      "sds_id": "SDS02B1",
      "subtopic": "Direct Page Capture",
      "image_filename": "question_9.png",
      "captured": true,
      "explanation": [
        "https://www.youtube.com/watch?v=CqazA3HiTz8"
      ]
    },
    "question_10": {
      "question_number": 10,
      "correct_option": 3,
      "sds_id": "SDS02B2",
      "subtopic": "Direct Page Capture",
      "image_filename": "question_10.png",
      "captured": true,
      "explanation": [
        "https://www.youtube.com/watch?v=3vvIWdw-ydE"
      ]
    },
    "question_11": {
      "question_number": 11,
      "correct_option": 4,
      "sds_id": "SDS02B3",
      "subtopic": "Direct Page Capture",
      "image_filename": "question_11.png",
      "captured": true,
      "explanation": [
        "https://www.youtube.com/watch?v=EQGMk3f2jLM"
      ]
    },
    "question_12": {
      "question_number": 12,
      "correct_option": 1,
      "sds_id": "SDS02B4",
      "subtopic": "Direct Page Capture",
      "image_filename": "question_12.png",
      "captured": true,
      "explanation": [
        "https://www.youtube.com/watch?v=pFN9E9KQaAY"
      ]
    },
    "question_13": {
      "question_number": 13,
      "correct_option": 3,
      "sds_id": "SDS02B5",
      "subtopic": "Direct Page Capture",
      "image_filename": "question_13.png",
      "captured": true,
      "explanation": [
        "https://www.youtube.com/watch?v=acQaGmPysMs"
      ]
    },
    "question_14": {
      "question_number": 14,
      "correct_option": 3,
      "sds_id": "SDS02B6",
      "subtopic": "Direct Page Capture",
      "image_filename": "question_14.png",
      "captured": true,
      "explanation": [
        "https://www.youtube.com/watch?v=_g5wudanMwg"
      ]
    },
    "question_15": {
      "question_number": 15,
      "correct_option": 1,
      "sds_id": "SDS02B7",
      "subtopic": "Direct Page Capture",
      "image_filename": "question_15.png",
      "captured": true,
      "explanation": [
        "https://www.youtube.com/watch?v=N4j9s1AwD4Y"
      ]
    },
    "question_16": {
      "question_number": 16,
      "correct_option": 2,
      "sds_id": "SDS02B8",
      "subtopic": "Direct Page Capture",
      "image_filename": "question_16.png",
      "captured": true,
      "explanation": [
        "https://www.youtube.com/watch?v=O6ZAgnGmnQ0"
      ]
    },
    "question_17": {
      "question_number": 17,
      "correct_option": 2,
      "sds_id": "SDS02B9",
      "subtopic": "Direct Page Capture",
      "image_filename": "question_17.png",
      "captured": true,
      "explanation": [
        "https://www.youtube.com/watch?v=N9J3EkJwLuI"
      ]
    },
    "question_18": {
      "question_number": 18,
      "correct_option": 4,
      "sds_id": "SDS02BA",
      "subtopic": "Direct Page Capture",
      "image_filename": "question_18.png",
      "captured": true,
      "explanation": [
        "https://www.youtube.com/watch?v=Q8FxditM7is"
      ]
    },
    "question_19": {
      "question_number": 19,
      "correct_option": 1,
      "sds_id": "SDS02BB",
      "subtopic": "Direct Page Capture",
      "image_filename": "question_19.png",
      "captured": true,
      "explanation": [
        "https://www.youtube.com/watch?v=l8u1FTunJwI"
      ]
    },
    "question_20": {
      "question_number": 20,
      "correct_option": 2,
      "sds_id": "SDS02BC",
      "subtopic": "Direct Page Capture",
      "image_filename": "question_20.png",
      "captured": true,
      "explanation": [
        "https://www.youtube.com/watch?v=lW_4BSoRMGM"
      ]
    },
    "question_21": {
      "question_number": 21,
      "correct_option": 4,
      "sds_id": "SDS02BD",
      "subtopic": "Direct Page Capture",
      "image_filename": "question_21.png",
      "captured": true,
      "explanation": [
        "https://www.youtube.com/watch?v=hj8e9vXA1OM"
      ]
    },
    "question_22": {
      "question_number": 22,
      "correct_option": 3,
      "sds_id": "SDS02BE",
      "subtopic": "Direct Page Capture",
      "image_filename": "question_22.png",
      "captured": true,
      "explanation": [
        "https://www.youtube.com/watch?v=lpu3ApDZ3po"
      ]
    },
    "question_23": {
      "question_number": 23,
      "correct_option": 3,
      "sds_id": "SDS02BF",
      "subtopic": "Direct Page Capture",
      "image_filename": "question_23.png",
      "captured": true,
      "explanation": [
        "https://www.youtube.com/watch?v=ofORO12dVyc"
      ]
    },
    "question_24": {
      "question_number": 24,
      "correct_option": 1,
      "sds_id": "SDS02C0",
      "subtopic": "Direct Page Capture",
      "image_filename": "question_24.png",
      "captured": true,
      "explanation": [
        "https://www.youtube.com/watch?v=7g0pvIbyToo"
      ]
    },
    "question_25": {
      "question_number": 25,
      "correct_option": 2,
      "sds_id": "SDS02C1",
      "subtopic": "Direct Page Capture",
      "image_filename": "question_25.png",
      "captured": true,
      "explanation": []
    },
    "question_26": {
      "question_number": 26,
      "correct_option": 4,
      "sds_id": "SDS02C2",
      "subtopic": "Direct Page Capture",
      "image_filename": "question_26.png",
      "captured": true,
      "explanation": [
        "https://www.youtube.com/watch?v=T4QzjvRdX3o"
      ]
    },
    "question_27": {
      "question_number": 27,
      "correct_option": 1,
      "sds_id": "SDS02C3",
      "subtopic": "Direct Page Capture",
      "image_filename": "question_27.png",
      "captured": true,
      "explanation": [
        "https://www.youtube.com/watch?v=JPFMqpIdfe8"
      ]
    },
    "question_28": {
      "question_number": 28,
      "correct_option": 4,
      "sds_id": "SDS02C4",
      "subtopic": "Direct Page Capture",
      "image_filename": "question_28.png",
      "captured": true,
      "explanation": [
        "https://www.youtube.com/watch?v=9JHIoPIvnUQ"
      ]
    },
    "question_29": {
      "question_number": 29,
      "correct_option": 4,
      "sds_id": "SDS02C5",
      "subtopic": "Direct Page Capture",
      "image_filename": "question_29.png",
      "captured": true,
      "explanation": [
        "https://www.youtube.com/watch?v=kSX4pnKQhSU"
      ]
    },
    "question_30": {
      "question_number": 30,
      "correct_option": 2,
      "sds_id": "SDS02C6",
      "subtopic": "Direct Page Capture",
      "image_filename": "question_30.png",
      "captured": true,
      "explanation": [
        "https://www.youtube.com/watch?v=xVlmBZxaTVo"
      ]
    },
    "question_31": {
      "question_number": 31,
      "correct_option": 2,
      "sds_id": "SDS02C7",
      "subtopic": "Direct Page Capture",
      "image_filename": "question_31.png",
      "captured": true,
      "explanation": [
        "https://www.youtube.com/watch?v=gnnjYIi8qGg"
      ]
    },
    "question_32": {
      "question_number": 32,
      "correct_option": 1,
      "sds_id": "SDS02C8",
      "subtopic": "Direct Page Capture",
      "image_filename": "question_32.png",
      "captured": true,
      "explanation": [
        "https://www.youtube.com/watch?v=s1B_LDNjzD4"
      ]
    },
    "question_33": {
      "question_number": 33,
      "correct_option": 4,
      "sds_id": "SDS02C9",
      "subtopic": "Direct Page Capture",
      "image_filename": "question_33.png",
      "captured": true,
      "explanation": [
        "https://www.youtube.com/watch?v=DgiHeXkv8VU"
      ]
    },
    "question_34": {
      "question_number": 34,
      "correct_option": 3,
      "sds_id": "SDS02CA",
      "subtopic": "Direct Page Capture",
      "image_filename": "question_34.png",
      "captured": true,
      "explanation": [
        "https://www.youtube.com/watch?v=Lqf809ajoWM"
      ]
    },
    "question_35": {
      "question_number": 35,
      "correct_option": 2,
      "sds_id": "SDS02CB",
      "subtopic": "Direct Page Capture",
      "image_filename": "question_35.png",
      "captured": true,
      "explanation": [
        "https://www.youtube.com/watch?v=wEaRNDqV944"
      ]
    },
    "question_36": {
      "question_number": 36,
      "correct_option": 3,
      "sds_id": "SDS02CC",
      "subtopic": "Direct Page Capture",
      "image_filename": "question_36.png",
      "captured": true,
      "explanation": []
    },
    "question_37": {
      "question_number": 37,
      "correct_option": 4,
      "sds_id": "SDS02CD",
      "subtopic": "Direct Page Capture",
      "image_filename": "question_37.png",
      "captured": true,
      "explanation": []
    },
    "question_38": {
      "question_number": 38,
      "correct_option": 4,
      "sds_id": "SDS02CE",
      "subtopic": "Direct Page Capture",
      "image_filename": "question_38.png",
      "captured": true,
      "explanation": []
    },
    "question_39": {
      "question_number": 39,
      "correct_option": 1,
      "sds_id": "SDS02CF",
      "subtopic": "Direct Page Capture",
      "image_filename": "question_39.png",
      "captured": true,
      "explanation": []
    },
    "question_40": {
      "question_number": 40,
      "correct_option": 3,
      "sds_id": "SDS02D0",
      "subtopic": "Direct Page Capture",
      "image_filename": "question_40.png",
      "captured": true,
      "explanation": []
    },
    "question_41": {
      "question_number": 41,
      "correct_option": 2,
      "sds_id": "SDS02D1",
      "subtopic": "Direct Page Capture",
      "image_filename": "question_41.png",
      "captured": true,
      "explanation": []
    },
    "question_42": {
      "question_number": 42,
      "correct_option": 1,
      "sds_id": "SDS02D2",
      "subtopic": "Direct Page Capture",
      "image_filename": "question_42.png",
      "captured": true,
      "explanation": []
    },
    "question_43": {
      "question_number": 43,
      "correct_option": 2,
      "sds_id": "SDS02D3",
      "subtopic": "Direct Page Capture",
      "image_filename": "question_43.png",
      "captured": true,
      "explanation": []
    },
    "question_44": {
      "question_number": 44,
      "correct_option": 2,
      "sds_id": "SDS02D4",
      "subtopic": "Direct Page Capture",
      "image_filename": "question_44.png",
      "captured": true,
      "explanation": []
    },
    "question_45": {
      "question_number": 45,
      "correct_option": 4,
      "sds_id": "SDS02D5",
      "subtopic": "Direct Page Capture",
      "image_filename": "question_45.png",
      "captured": true,
      "explanation": []
    },
    "question_46": {
      "question_number": 46,
      "correct_option": 3,
      "sds_id": "SDS02D6",
      "subtopic": "Direct Page Capture",
      "image_filename": "question_46.png",
      "captured": true,
      "explanation": []
    },
    "question_47": {
      "question_number": 47,
      "correct_option": 2,
      "sds_id": "SDS02D7",
      "subtopic": "Direct Page Capture",
      "image_filename": "question_47.png",
      "captured": true,
      "explanation": []
    },
    "question_48": {
      "question_number": 48,
      "correct_option": 3,
      "sds_id": "SDS02D8",
      "subtopic": "Direct Page Capture",
      "image_filename": "question_48.png",
      "captured": true,
      "explanation": []
    },
    "question_49": {
      "question_number": 49,
      "correct_option": 4,
      "sds_id": "SDS02D9",
      "subtopic": "Direct Page Capture",
      "image_filename": "question_49.png",
      "captured": true,
      "explanation": []
    },
    "question_50": {
      "question_number": 50,
      "correct_option": 1,
      "sds_id": "SDS02DA",
      "subtopic": "Direct Page Capture",
      "image_filename": "question_50.png",
      "captured": true,
      "explanation": []
    },
    "question_51": {
      "question_number": 51,
      "correct_option": 3,
      "sds_id": "SDS02DB",
      "subtopic": "Direct Page Capture",
      "image_filename": "question_51.png",
      "captured": true,
      "explanation": []
    },
    "question_52": {
      "question_number": 52,
      "correct_option": 2,
      "sds_id": "SDS02DC",
      "subtopic": "Direct Page Capture",
      "image_filename": "question_52.png",
      "captured": true,
      "explanation": []
    }
  }
}