{
  "chapter_no": 14,
  "chapter_name": "Breathing and Exchange of Gases",
  "section_name": "Level 3",
  "total_questions": 33,
  "questions": {
    "question_1": {
      "question_number": 1,
      "correct_option": 1,
      "sds_id": "SDS0B6E",
      "subtopic": "Respiratory System: Trachea & Basic Anatomy of Lung",
      "image_filename": "question_1.png",
      "captured": true,
      "explanation": [
        "https://d1iljb9ao69244.cloudfront.net/383469_1694191271514_4.ogg"
      ]
    },
    "question_2": {
      "question_number": 2,
      "correct_option": 3,
      "sds_id": "SDS0B6F",
      "subtopic": "Respiratory System: Trachea & Basic Anatomy of Lung",
      "image_filename": "question_2.png",
      "captured": true,
      "explanation": [
        "https://d1iljb9ao69244.cloudfront.net/383466_1697799453783_1.ogg"
      ]
    },
    "question_3": {
      "question_number": 3,
      "correct_option": 4,
      "sds_id": "SDS0B70",
      "subtopic": "Respiratory System: Trachea & Basic Anatomy of Lung",
      "image_filename": "question_3.png",
      "captured": true,
      "explanation": [
        "https://d1iljb9ao69244.cloudfront.net/392578_1697798048040_5.ogg"
      ]
    },
    "question_4": {
      "question_number": 4,
      "correct_option": 3,
      "sds_id": "SDS0B71",
      "subtopic": "Respiratory System: Trachea & Basic Anatomy of Lung",
      "image_filename": "question_4.png",
      "captured": true,
      "explanation": [
        "https://www.youtube-nocookie.com/embed/6DXmMjAyLtw?rel=0"
      ]
    },
    "question_5": {
      "question_number": 5,
      "correct_option": 2,
      "sds_id": "SDS0B72",
      "subtopic": "Respiratory System: Pulmonary Ventilation",
      "image_filename": "question_5.png",
      "captured": true,
      "explanation": [
        "https://d2f8z173p7073l.cloudfront.net/1586843682858"
      ]
    },
    "question_6": {
      "question_number": 6,
      "correct_option": 4,
      "sds_id": "SDS0B73",
      "subtopic": "Respiratory System: Pulmonary Volumes & Capacities",
      "image_filename": "question_6.png",
      "captured": true,
      "explanation": [
        "https://d1iljb9ao69244.cloudfront.net/412964_1706507954084_56.ogg"
      ]
    },
    "question_7": {
      "question_number": 7,
      "correct_option": 4,
      "sds_id": "SDS0B74",
      "subtopic": "Respiratory System: Pulmonary Volumes & Capacities",
      "image_filename": "question_7.png",
      "captured": true,
      "explanation": [
        "https://d1iljb9ao69244.cloudfront.net/420562_1708423823386_62.ogg"
      ]
    },
    "question_8": {
      "question_number": 8,
      "correct_option": 1,
      "sds_id": "SDS0B75",
      "subtopic": "Respiratory System: Pulmonary Volumes & Capacities",
      "image_filename": "question_8.png",
      "captured": true,
      "explanation": [
        "https://d2f8z173p7073l.cloudfront.net/1548038133491"
      ]
    },
    "question_9": {
      "question_number": 9,
      "correct_option": 2,
      "sds_id": "SDS0B76",
      "subtopic": "Respiratory System: Pulmonary Volumes & Capacities",
      "image_filename": "question_9.png",
      "captured": true,
      "explanation": [
        "https://www.youtube-nocookie.com/embed/3UfmsrB3ZZg?rel=0"
      ]
    },
    "question_10": {
      "question_number": 10,
      "correct_option": 3,
      "sds_id": "SDS0B77",
      "subtopic": "Respiratory System: Exchange of Gases",
      "image_filename": "question_10.png",
      "captured": true,
      "explanation": [
        "https://d1iljb9ao69244.cloudfront.net/383481_1694191333042_10.ogg"
      ]
    },
    "question_11": {
      "question_number": 11,
      "correct_option": 1,
      "sds_id": "SDS0B78",
      "subtopic": "Respiratory System: Exchange of Gases",
      "image_filename": "question_11.png",
      "captured": true,
      "explanation": [
        "https://d1iljb9ao69244.cloudfront.net/383472_1697799481303_2.ogg"
      ]
    },
    "question_12": {
      "question_number": 12,
      "correct_option": 2,
      "sds_id": "SDS0B79",
      "subtopic": "Respiratory System: Exchange of Gases",
      "image_filename": "question_12.png",
      "captured": true,
      "explanation": [
        "https://d1iljb9ao69244.cloudfront.net/447237_1713289140995_40.ogg"
      ]
    },
    "question_13": {
      "question_number": 13,
      "correct_option": 3,
      "sds_id": "SDS0B7A",
      "subtopic": "Respiratory System: Exchange of Gases",
      "image_filename": "question_13.png",
      "captured": true,
      "explanation": [
        "https://d1iljb9ao69244.cloudfront.net/333137_1650647345762_8.ogg"
      ]
    },
    "question_14": {
      "question_number": 14,
      "correct_option": 3,
      "sds_id": "SDS0B7B",
      "subtopic": "Respiratory System: Exchange of Gases",
      "image_filename": "question_14.png",
      "captured": true,
      "explanation": [
        "https://www.youtube-nocookie.com/embed/UhCSU7VLt-M?rel=0"
      ]
    },
    "question_15": {
      "question_number": 15,
      "correct_option": 4,
      "sds_id": "SDS0B7C",
      "subtopic": "Respiratory System: Regulation of Respiration",
      "image_filename": "question_15.png",
      "captured": true,
      "explanation": [
        "https://d1iljb9ao69244.cloudfront.net/383484_1697799602817_6.ogg"
      ]
    },
    "question_16": {
      "question_number": 16,
      "correct_option": 3,
      "sds_id": "SDS0B7D",
      "subtopic": "Respiratory System: Regulation of Respiration",
      "image_filename": "question_16.png",
      "captured": true,
      "explanation": [
        "https://d1iljb9ao69244.cloudfront.net/391603_1697601692646_100.ogg"
      ]
    },
    "question_17": {
      "question_number": 17,
      "correct_option": 2,
      "sds_id": "SDS0B7E",
      "subtopic": "Respiratory System: Regulation of Respiration",
      "image_filename": "question_17.png",
      "captured": true,
      "explanation": [
        "https://d1iljb9ao69244.cloudfront.net/420642_1709209904741_1.ogg"
      ]
    },
    "question_18": {
      "question_number": 18,
      "correct_option": 2,
      "sds_id": "SDS0B7F",
      "subtopic": "Respiratory System: Regulation of Respiration",
      "image_filename": "question_18.png",
      "captured": true,
      "explanation": [
        "https://d1iljb9ao69244.cloudfront.net/437239_1712310815744_14.ogg"
      ]
    },
    "question_19": {
      "question_number": 19,
      "correct_option": 2,
      "sds_id": "SDS0B80",
      "subtopic": "Respiratory System: Regulation of Respiration",
      "image_filename": "question_19.png",
      "captured": true,
      "explanation": [
        "https://d1iljb9ao69244.cloudfront.net/question_explanations_334904_1651845853531.ogg"
      ]
    },
    "question_20": {
      "question_number": 20,
      "correct_option": 2,
      "sds_id": "SDS0B81",
      "subtopic": "Respiratory System: Regulation of Respiration",
      "image_filename": "question_20.png",
      "captured": true,
      "explanation": [
        "https://www.youtube-nocookie.com/embed/tM7mv2UXe4M?rel=0"
      ]
    },
    "question_21": {
      "question_number": 21,
      "correct_option": 1,
      "sds_id": "SDS0B82",
      "subtopic": "Respiratory Disorders: Part 1",
      "image_filename": "question_21.png",
      "captured": true,
      "explanation": [
        "https://d1iljb9ao69244.cloudfront.net/90511_1658633200616_7.ogg"
      ]
    },
    "question_22": {
      "question_number": 22,
      "correct_option": 1,
      "sds_id": "SDS0B83",
      "subtopic": "Respiratory Disorders: Part 2",
      "image_filename": "question_22.png",
      "captured": true,
      "explanation": [
        "https://d1iljb9ao69244.cloudfront.net/323466_1644345332972_12.ogg"
      ]
    },
    "question_23": {
      "question_number": 23,
      "correct_option": 1,
      "sds_id": "SDS0B84",
      "subtopic": "Respiratory System: Transport of Gases",
      "image_filename": "question_23.png",
      "captured": true,
      "explanation": [
        "https://d1iljb9ao69244.cloudfront.net/400000_1702456017335_55.ogg"
      ]
    },
    "question_24": {
      "question_number": 24,
      "correct_option": 2,
      "sds_id": "SDS0B85",
      "subtopic": "Respiratory System: Transport of Gases",
      "image_filename": "question_24.png",
      "captured": true,
      "explanation": [
        "https://d1iljb9ao69244.cloudfront.net/413004_1706511159339_88.ogg"
      ]
    },
    "question_25": {
      "question_number": 25,
      "correct_option": 1,
      "sds_id": "SDS0B86",
      "subtopic": "Respiratory System: Transport of Gases",
      "image_filename": "question_25.png",
      "captured": true,
      "explanation": [
        "https://d1iljb9ao69244.cloudfront.net/question_explanations_57847_1585752458519.ogg",
        "https://d1iljb9ao69244.cloudfront.net/question_explanations_57847_1585752307727.ogg"
      ]
    },
    "question_26": {
      "question_number": 26,
      "correct_option": 3,
      "sds_id": "SDS0B87",
      "subtopic": "Respiratory System: Transport of Gases",
      "image_filename": "question_26.png",
      "captured": true,
      "explanation": [
        "https://d1iljb9ao69244.cloudfront.net/420611_1708424739049_90.ogg"
      ]
    },
    "question_27": {
      "question_number": 27,
      "correct_option": 3,
      "sds_id": "SDS0B88",
      "subtopic": "Respiratory System: Transport of Gases",
      "image_filename": "question_27.png",
      "captured": true,
      "explanation": [
        "https://www.youtube-nocookie.com/embed/OPFM4zdrVtY?rel=0"
      ]
    },
    "question_28": {
      "question_number": 28,
      "correct_option": 2,
      "sds_id": "SDS0B89",
      "subtopic": "Respiratory System: Transport of Gases",
      "image_filename": "question_28.png",
      "captured": true,
      "explanation": [
        "https://www.youtube-nocookie.com/embed/vUHJOgWih9k?rel=0"
      ]
    },
    "question_29": {
      "question_number": 29,
      "correct_option": 1,
      "sds_id": "SDS0B8A",
      "subtopic": "Respiratory Organs",
      "image_filename": "question_29.png",
      "captured": true,
      "explanation": [
        "https://www.youtube-nocookie.com/embed/bpD_GLy90e8?rel=0"
      ]
    },
    "question_30": {
      "question_number": 30,
      "correct_option": 4,
      "sds_id": "SDS0B8B",
      "subtopic": "Respiratory Organs",
      "image_filename": "question_30.png",
      "captured": true,
      "explanation": [
        "https://www.youtube-nocookie.com/embed/bvRo7NjBuuY?rel=0"
      ]
    },
    "question_31": {
      "question_number": 31,
      "correct_option": 1,
      "sds_id": "SDS0B8C",
      "subtopic": "Respiratory Organs",
      "image_filename": "question_31.png",
      "captured": true,
      "explanation": [
        "https://www.youtube-nocookie.com/embed/t4nbOjDjIT4?rel=0"
      ]
    },
    "question_32": {
      "question_number": 32,
      "correct_option": 1,
      "sds_id": "SDS0B8D",
      "subtopic": "Mechanism of Breathing",
      "image_filename": "question_32.png",
      "captured": true,
      "explanation": [
        "https://d1iljb9ao69244.cloudfront.net/437242_1712310227208_15.ogg"
      ]
    },
    "question_33": {
      "question_number": 33,
      "correct_option": 4,
      "sds_id": "SDS0B8E",
      "subtopic": "Mechanism of Breathing",
      "image_filename": "question_33.png",
      "captured": true,
      "explanation": [
        "https://d1iljb9ao69244.cloudfront.net/448145_1713519013395_7.ogg"
      ]
    }
  }
}