{
  "chapter_name": "1 Sexual Reproduction in Flowering Plants",
  "sets": {
    "Level 1": {
      "name": "Level 1",
      "path": "Level 1/",
      "questions": {
        "question_1": {
          "question_number": 1,
          "correct_option": 3,
          "sds_id": "SDS0EFA",
          "subtopic": "Stamen: Anther",
          "image_filename": "question_1.png",
          "captured": true,
          "explanation": [
            "https://d2f8z173p7073l.cloudfront.net/1582791715994"
          ]
        },
        "question_2": {
          "question_number": 2,
          "correct_option": 3,
          "sds_id": "SDS0EFB",
          "subtopic": "Stamen: Anther",
          "image_filename": "question_2.png",
          "captured": true,
          "explanation": [
            "https://d2f8z173p7073l.cloudfront.net/1582355437722"
          ]
        },
        "question_3": {
          "question_number": 3,
          "correct_option": 3,
          "sds_id": "SDS0EFC",
          "subtopic": "Stamen: Anther",
          "image_filename": "question_3.png",
          "captured": true,
          "explanation": [
            "https://www.youtube-nocookie.com/embed/9CD95CNZfbw?rel=0"
          ]
        },
        "question_4": {
          "question_number": 4,
          "correct_option": 1,
          "sds_id": "SDS0EFD",
          "subtopic": "Stamen: Anther",
          "image_filename": "question_4.png",
          "captured": true,
          "explanation": [
            "https://d1iljb9ao69244.cloudfront.net/427493_1710126099429_39.ogg"
          ]
        },
        "question_5": {
          "question_number": 5,
          "correct_option": 4,
          "sds_id": "SDS0EFE",
          "subtopic": "Stamen: Anther",
          "image_filename": "question_5.png",
          "captured": true,
          "explanation": [
            "https://d1iljb9ao69244.cloudfront.net/399659_1702262695503_31.ogg"
          ]
        },
        "question_6": {
          "question_number": 6,
          "correct_option": 4,
          "sds_id": "SDS0EFF",
          "subtopic": "Stamen: Anther",
          "image_filename": "question_6.png",
          "captured": true,
          "explanation": [
            "https://d1iljb9ao69244.cloudfront.net/question_explanations_179032_1672069791837.ogg"
          ]
        },
        "question_7": {
          "question_number": 7,
          "correct_option": 2,
          "sds_id": "SDS0F00",
          "subtopic": "Stamen: Anther",
          "image_filename": "question_7.png",
          "captured": true,
          "explanation": [
            "https://d1iljb9ao69244.cloudfront.net/409273_1705427108898_7.ogg"
          ]
        },
        "question_8": {
          "question_number": 8,
          "correct_option": 4,
          "sds_id": "SDS0F01",
          "subtopic": "Stamen: Microsporangium",
          "image_filename": "question_8.png",
          "captured": true,
          "explanation": [
            "https://d1iljb9ao69244.cloudfront.net/414577_1707055483616_37.ogg"
          ]
        },
        "question_9": {
          "question_number": 9,
          "correct_option": 4,
          "sds_id": "SDS0F02",
          "subtopic": "Stamen: Microsporangium",
          "image_filename": "question_9.png",
          "captured": true,
          "explanation": [
            "https://d2f8z173p7073l.cloudfront.net/1582792074003"
          ]
        },
        "question_10": {
          "question_number": 10,
          "correct_option": 3,
          "sds_id": "SDS0F03",
          "subtopic": "Stamen: Microsporangium",
          "image_filename": "question_10.png",
          "captured": true,
          "explanation": [
            "https://d2f8z173p7073l.cloudfront.net/1619844516057"
          ]
        },
        "question_11": {
          "question_number": 11,
          "correct_option": 1,
          "sds_id": "SDS0F04",
          "subtopic": "Stamen: Microsporangium",
          "image_filename": "question_11.png",
          "captured": true,
          "explanation": [
            "https://www.youtube-nocookie.com/embed/YqE3iOoRF30?rel=0"
          ]
        },
        "question_12": {
          "question_number": 12,
          "correct_option": 3,
          "sds_id": "SDS0F05",
          "subtopic": "Stamen: Microsporangium",
          "image_filename": "question_12.png",
          "captured": true,
          "explanation": [
            "https://d1iljb9ao69244.cloudfront.net/124753_1712040385239_19.ogg",
            "https://d2f8z173p7073l.cloudfront.net/1582792383975"
          ]
        },
        "question_13": {
          "question_number": 13,
          "correct_option": 4,
          "sds_id": "SDS0F06",
          "subtopic": "Stamen: Microsporangium",
          "image_filename": "question_13.png",
          "captured": true,
          "explanation": [
            "https://d1iljb9ao69244.cloudfront.net/395553_1700027286216_B2.ogg",
            "https://www.youtube-nocookie.com/embed/2dZKjVMjwl4?rel=0",
            "https://www.youtube-nocookie.com/embed/ef7sowmaoh0?rel=0"
          ]
        },
        "question_14": {
          "question_number": 14,
          "correct_option": 1,
          "sds_id": "SDS0F07",
          "subtopic": "Stamen: Microsporangium",
          "image_filename": "question_14.png",
          "captured": true,
          "explanation": [
            "https://d1iljb9ao69244.cloudfront.net/409274_1705427123272_8.ogg"
          ]
        },
        "question_15": {
          "question_number": 15,
          "correct_option": 1,
          "sds_id": "SDS0F08",
          "subtopic": "Stamen: Microsporangium",
          "image_filename": "question_15.png",
          "captured": true,
          "explanation": [
            "https://www.youtube-nocookie.com/embed/cUoOuXycFVY?rel=0"
          ]
        },
        "question_16": {
          "question_number": 16,
          "correct_option": 1,
          "sds_id": "SDS0F09",
          "subtopic": "Stamen: Microsporangium",
          "image_filename": "question_16.png",
          "captured": true,
          "explanation": [
            "https://www.youtube-nocookie.com/embed/QZD8Xnege9M?rel=0"
          ]
        },
        "question_17": {
          "question_number": 17,
          "correct_option": 1,
          "sds_id": "SDS0F0A",
          "subtopic": "Stamen: Microsporangium",
          "image_filename": "question_17.png",
          "captured": true,
          "explanation": [
            "https://d1iljb9ao69244.cloudfront.net/395554_1700027304227_B3.ogg"
          ]
        },
        "question_18": {
          "question_number": 18,
          "correct_option": 2,
          "sds_id": "SDS0F0B",
          "subtopic": "Stamen: Microsporangium",
          "image_filename": "question_18.png",
          "captured": true,
          "explanation": [
            "https://d2f8z173p7073l.cloudfront.net/1582792104281"
          ]
        },
        "question_19": {
          "question_number": 19,
          "correct_option": 1,
          "sds_id": "SDS0F0C",
          "subtopic": "Stamen: Microsporangium",
          "image_filename": "question_19.png",
          "captured": true,
          "explanation": [
            "https://www.youtube-nocookie.com/embed/T3Uynil2yVY?rel=0"
          ]
        },
        "question_20": {
          "question_number": 20,
          "correct_option": 2,
          "sds_id": "SDS0F0D",
          "subtopic": "Stamen: Microsporangium",
          "image_filename": "question_20.png",
          "captured": true,
          "explanation": [
            "https://www.youtube-nocookie.com/embed/f4vDI29ucYM?rel=0"
          ]
        },
        "question_21": {
          "question_number": 21,
          "correct_option": 3,
          "sds_id": "SDS0F0E",
          "subtopic": "Stamen: Microsporangium",
          "image_filename": "question_21.png",
          "captured": true,
          "explanation": [
            "https://d2f8z173p7073l.cloudfront.net/1582791846279"
          ]
        },
        "question_22": {
          "question_number": 22,
          "correct_option": 1,
          "sds_id": "SDS0F0F",
          "subtopic": "Stamen: Microsporangium",
          "image_filename": "question_22.png",
          "captured": true,
          "explanation": [
            "https://www.youtube-nocookie.com/embed/cmvX1p1yEaQ?rel=0"
          ]
        },
        "question_23": {
          "question_number": 23,
          "correct_option": 1,
          "sds_id": "SDS0F10",
          "subtopic": "Stamen: Microsporangium",
          "image_filename": "question_23.png",
          "captured": true,
          "explanation": [
            "https://d1iljb9ao69244.cloudfront.net/414589_1707113876918_49.ogg"
          ]
        },
        "question_24": {
          "question_number": 24,
          "correct_option": 3,
          "sds_id": "SDS0F11",
          "subtopic": "Stamen: Microsporangium",
          "image_filename": "question_24.png",
          "captured": true,
          "explanation": [
            "https://d1iljb9ao69244.cloudfront.net/409267_1705427015667_2.ogg",
            "https://www.youtube-nocookie.com/embed/QZD8Xnege9M?rel=0"
          ]
        },
        "question_25": {
          "question_number": 25,
          "correct_option": 2,
          "sds_id": "SDS0F12",
          "subtopic": "Stamen: Male Gametophyte",
          "image_filename": "question_25.png",
          "captured": true,
          "explanation": [
            "https://d2f8z173p7073l.cloudfront.net/1582358340481"
          ]
        },
        "question_26": {
          "question_number": 26,
          "correct_option": 1,
          "sds_id": "SDS0F13",
          "subtopic": "Stamen: Male Gametophyte",
          "image_filename": "question_26.png",
          "captured": true,
          "explanation": [
            "https://d1iljb9ao69244.cloudfront.net/442365_1712907046077_19.ogg"
          ]
        },
        "question_27": {
          "question_number": 27,
          "correct_option": 4,
          "sds_id": "SDS0F14",
          "subtopic": "Stamen: Male Gametophyte",
          "image_filename": "question_27.png",
          "captured": true,
          "explanation": [
            "https://d2f8z173p7073l.cloudfront.net/1619846754068"
          ]
        },
        "question_28": {
          "question_number": 28,
          "correct_option": 1,
          "sds_id": "SDS0F15",
          "subtopic": "Stamen: Male Gametophyte",
          "image_filename": "question_28.png",
          "captured": true,
          "explanation": [
            "https://d1iljb9ao69244.cloudfront.net/447206_1713268226843_46.ogg"
          ]
        },
        "question_29": {
          "question_number": 29,
          "correct_option": 4,
          "sds_id": "SDS0F16",
          "subtopic": "Stamen: Male Gametophyte",
          "image_filename": "question_29.png",
          "captured": true,
          "explanation": [
            "https://d1iljb9ao69244.cloudfront.net/437184_1712299959909_19.ogg",
            "https://dsbihjlymzdyy.cloudfront.net/question-assets/key__2025-10-03%2003%3A42%3A15%20%2B0000image.png"
          ]
        },
        "question_30": {
          "question_number": 30,
          "correct_option": 1,
          "sds_id": "SDS0F17",
          "subtopic": "Stamen: Male Gametophyte",
          "image_filename": "question_30.png",
          "captured": true,
          "explanation": [
            "https://d2f8z173p7073l.cloudfront.net/1582792841646"
          ]
        },
        "question_31": {
          "question_number": 31,
          "correct_option": 4,
          "sds_id": "SDS0F18",
          "subtopic": "Stamen: Male Gametophyte",
          "image_filename": "question_31.png",
          "captured": true,
          "explanation": [
            "https://d2f8z173p7073l.cloudfront.net/1582792411655"
          ]
        },
        "question_32": {
          "question_number": 32,
          "correct_option": 1,
          "sds_id": "SDS0F19",
          "subtopic": "Stamen: Male Gametophyte",
          "image_filename": "question_32.png",
          "captured": true,
          "explanation": [
            "https://d1iljb9ao69244.cloudfront.net/399662_1702262744351_34.ogg"
          ]
        },
        "question_33": {
          "question_number": 33,
          "correct_option": 3,
          "sds_id": "SDS0F1A",
          "subtopic": "Stamen: Male Gametophyte",
          "image_filename": "question_33.png",
          "captured": true,
          "explanation": [
            "https://d2f8z173p7073l.cloudfront.net/1582791405459"
          ]
        },
        "question_34": {
          "question_number": 34,
          "correct_option": 1,
          "sds_id": "SDS0F1B",
          "subtopic": "Pistil: Ovule",
          "image_filename": "question_34.png",
          "captured": true,
          "explanation": [
            "https://d2f8z173p7073l.cloudfront.net/1582792135888"
          ]
        },
        "question_35": {
          "question_number": 35,
          "correct_option": 3,
          "sds_id": "SDS0F1C",
          "subtopic": "Pistil: Ovule",
          "image_filename": "question_35.png",
          "captured": true,
          "explanation": [
            "https://d1iljb9ao69244.cloudfront.net/question_explanations_156063_1672629850511.ogg",
            "https://dsbihjlymzdyy.cloudfront.net/bio_images/all/Diagrams%20in%20Svg%20form%2FSVG%20Diagrams%20of%20class%2012th%2FMixed%20SVG%20Diagrams%2F156063.SVG.svg"
          ]
        },
        "question_36": {
          "question_number": 36,
          "correct_option": 4,
          "sds_id": "SDS0F1D",
          "subtopic": "Pistil: Ovule",
          "image_filename": "question_36.png",
          "captured": true,
          "explanation": [
            "https://www.youtube-nocookie.com/embed/gfq9aTQiKq4?rel=0"
          ]
        },
        "question_37": {
          "question_number": 37,
          "correct_option": 1,
          "sds_id": "SDS0F1E",
          "subtopic": "Pistil: Ovule",
          "image_filename": "question_37.png",
          "captured": true,
          "explanation": [
            "https://d1iljb9ao69244.cloudfront.net/question_explanations_179034_1672070004760.ogg"
          ]
        },
        "question_38": {
          "question_number": 38,
          "correct_option": 3,
          "sds_id": "SDS0F1F",
          "subtopic": "Pistil: Ovule",
          "image_filename": "question_38.png",
          "captured": true,
          "explanation": [
            "https://d2f8z173p7073l.cloudfront.net/1582792875374"
          ]
        },
        "question_39": {
          "question_number": 39,
          "correct_option": 3,
          "sds_id": "SDS0F20",
          "subtopic": "Pistil: Ovule",
          "image_filename": "question_39.png",
          "captured": true,
          "explanation": [
            "https://d1iljb9ao69244.cloudfront.net/395563_1700027399415_B8.ogg"
          ]
        },
        "question_40": {
          "question_number": 40,
          "correct_option": 3,
          "sds_id": "SDS0F21",
          "subtopic": "Pistil: Ovule",
          "image_filename": "question_40.png",
          "captured": true,
          "explanation": [
            "https://d1iljb9ao69244.cloudfront.net/409281_1705427347202_13.ogg"
          ]
        },
        "question_41": {
          "question_number": 41,
          "correct_option": 2,
          "sds_id": "SDS0F22",
          "subtopic": "Pistil: Ovule",
          "image_filename": "question_41.png",
          "captured": true,
          "explanation": [
            "https://d2f8z173p7073l.cloudfront.net/1582362106489"
          ]
        },
        "question_42": {
          "question_number": 42,
          "correct_option": 2,
          "sds_id": "SDS0F23",
          "subtopic": "Pistil: Ovule",
          "image_filename": "question_42.png",
          "captured": true,
          "explanation": [
            "https://d1iljb9ao69244.cloudfront.net/395565_1726756506974_WhatsApp%20Ptt%202024-09-19%20at%208.02.18%20PM.ogg",
            "https://d1iljb9ao69244.cloudfront.net/395565_1726756506974_WhatsApp"
          ]
        },
        "question_43": {
          "question_number": 43,
          "correct_option": 4,
          "sds_id": "SDS0F24",
          "subtopic": "Pistil: Ovule",
          "image_filename": "question_43.png",
          "captured": true,
          "explanation": [
            "https://www.youtube-nocookie.com/embed/FjLcEi1SsY0?rel=0"
          ]
        },
        "question_44": {
          "question_number": 44,
          "correct_option": 1,
          "sds_id": "SDS0F25",
          "subtopic": "Pistil: Ovule",
          "image_filename": "question_44.png",
          "captured": true,
          "explanation": [
            "https://d2f8z173p7073l.cloudfront.net/1582792165073"
          ]
        },
        "question_45": {
          "question_number": 45,
          "correct_option": 2,
          "sds_id": "SDS0F26",
          "subtopic": "Pistil: Ovule",
          "image_filename": "question_45.png",
          "captured": true,
          "explanation": [
            "https://d1iljb9ao69244.cloudfront.net/447718_1713346879860_50.ogg"
          ]
        },
        "question_46": {
          "question_number": 46,
          "correct_option": 3,
          "sds_id": "SDS0F27",
          "subtopic": "Pistil: Ovule",
          "image_filename": "question_46.png",
          "captured": true,
          "explanation": [
            "https://d1iljb9ao69244.cloudfront.net/395576_1700027693831_B14.ogg"
          ]
        },
        "question_47": {
          "question_number": 47,
          "correct_option": 1,
          "sds_id": "SDS0F28",
          "subtopic": "Pistil: Ovule",
          "image_filename": "question_47.png",
          "captured": true,
          "explanation": [
            "https://dsbihjlymzdyy.cloudfront.net/question-assets/key__2024-06-05%2009%3A41%3A52%20%2B0000image.png",
            "https://www.youtube-nocookie.com/embed/SK0V1lWrVf0?rel=0"
          ]
        },
        "question_48": {
          "question_number": 48,
          "correct_option": 4,
          "sds_id": "SDS0F29",
          "subtopic": "Pistil: Ovule",
          "image_filename": "question_48.png",
          "captured": true,
          "explanation": [
            "https://d1iljb9ao69244.cloudfront.net/395545_1725948993550_18.ogg",
            "https://www.youtube-nocookie.com/embed/OfTKw_jb1xI?rel=0"
          ]
        },
        "question_49": {
          "question_number": 49,
          "correct_option": 3,
          "sds_id": "SDS0F2A",
          "subtopic": "Pistil: Ovule",
          "image_filename": "question_49.png",
          "captured": true,
          "explanation": [
            "https://d2f8z173p7073l.cloudfront.net/1582791925562"
          ]
        },
        "question_50": {
          "question_number": 50,
          "correct_option": 2,
          "sds_id": "SDS0F2B",
          "subtopic": "Pistil: Ovule",
          "image_filename": "question_50.png",
          "captured": true,
          "explanation": [
            "https://www.youtube-nocookie.com/embed/G2mSAC85c6k?rel=0"
          ]
        },
        "question_51": {
          "question_number": 51,
          "correct_option": 1,
          "sds_id": "SDS0F2C",
          "subtopic": "Pistil: Ovule",
          "image_filename": "question_51.png",
          "captured": true,
          "explanation": [
            "https://www.youtube-nocookie.com/embed/G-nkHUpToJc?rel=0"
          ]
        },
        "question_52": {
          "question_number": 52,
          "correct_option": 3,
          "sds_id": "SDS0F2D",
          "subtopic": "Pistil: Ovule",
          "image_filename": "question_52.png",
          "captured": true,
          "explanation": [
            "https://d1iljb9ao69244.cloudfront.net/395623_1700028588260_B40.ogg"
          ]
        },
        "question_53": {
          "question_number": 53,
          "correct_option": 4,
          "sds_id": "SDS0F2E",
          "subtopic": "Pistil: Ovule",
          "image_filename": "question_53.png",
          "captured": true,
          "explanation": [
            "https://d1iljb9ao69244.cloudfront.net/395624_1700029100825_B41.ogg"
          ]
        },
        "question_54": {
          "question_number": 54,
          "correct_option": 3,
          "sds_id": "SDS0F2F",
          "subtopic": "Pistil: Ovule",
          "image_filename": "question_54.png",
          "captured": true,
          "explanation": [
            "https://www.youtube-nocookie.com/embed/g-FGE8yuumA?rel=0"
          ]
        },
        "question_55": {
          "question_number": 55,
          "correct_option": 1,
          "sds_id": "SDS0F30",
          "subtopic": "Pistil: Female Gametophyte",
          "image_filename": "question_55.png",
          "captured": true,
          "explanation": [
            "https://d2f8z173p7073l.cloudfront.net/1582792523952"
          ]
        },
        "question_56": {
          "question_number": 56,
          "correct_option": 1,
          "sds_id": "SDS0F31",
          "subtopic": "Pistil: Female Gametophyte",
          "image_filename": "question_56.png",
          "captured": true,
          "explanation": [
            "https://d2f8z173p7073l.cloudfront.net/1582362073382"
          ]
        },
        "question_57": {
          "question_number": 57,
          "correct_option": 4,
          "sds_id": "SDS0F32",
          "subtopic": "Pistil: Female Gametophyte",
          "image_filename": "question_57.png",
          "captured": true,
          "explanation": [
            "https://d2f8z173p7073l.cloudfront.net/1582791883565"
          ]
        },
        "question_58": {
          "question_number": 58,
          "correct_option": 4,
          "sds_id": "SDS0F33",
          "subtopic": "Pistil: Female Gametophyte",
          "image_filename": "question_58.png",
          "captured": true,
          "explanation": [
            "https://d1iljb9ao69244.cloudfront.net/423724_1709886674577_4.ogg"
          ]
        },
        "question_59": {
          "question_number": 59,
          "correct_option": 3,
          "sds_id": "SDS0F34",
          "subtopic": "Pistil: Female Gametophyte",
          "image_filename": "question_59.png",
          "captured": true,
          "explanation": [
            "https://d1iljb9ao69244.cloudfront.net/452135_1714302066425_44.ogg",
            "https://dsbihjlymzdyy.cloudfront.net/question-assets/key__2024-04-27%2008%3A48%3A32%20%2B0000image-20240427141832-1.png"
          ]
        },
        "question_60": {
          "question_number": 60,
          "correct_option": 2,
          "sds_id": "SDS0F35",
          "subtopic": "Pistil: Female Gametophyte",
          "image_filename": "question_60.png",
          "captured": true,
          "explanation": [
            "https://www.youtube-nocookie.com/embed/mazv-Ssq2zw?rel=0"
          ]
        },
        "question_61": {
          "question_number": 61,
          "correct_option": 3,
          "sds_id": "SDS0F36",
          "subtopic": "Pollination & Outbreeding Devices",
          "image_filename": "question_61.png",
          "captured": true,
          "explanation": [
            "https://d1iljb9ao69244.cloudfront.net/395588_1700027800720_B19.ogg"
          ]
        },
        "question_62": {
          "question_number": 62,
          "correct_option": 1,
          "sds_id": "SDS0F37",
          "subtopic": "Pollination & Outbreeding Devices",
          "image_filename": "question_62.png",
          "captured": true,
          "explanation": [
            "https://d1iljb9ao69244.cloudfront.net/395578_1700027712272_B15.ogg"
          ]
        },
        "question_63": {
          "question_number": 63,
          "correct_option": 1,
          "sds_id": "SDS0F38",
          "subtopic": "Pollination & Outbreeding Devices",
          "image_filename": "question_63.png",
          "captured": true,
          "explanation": [
            "https://d2f8z173p7073l.cloudfront.net/1582792954535"
          ]
        },
        "question_64": {
          "question_number": 64,
          "correct_option": 1,
          "sds_id": "SDS0F39",
          "subtopic": "Pollination & Outbreeding Devices",
          "image_filename": "question_64.png",
          "captured": true,
          "explanation": [
            "https://d2f8z173p7073l.cloudfront.net/1582362198651"
          ]
        },
        "question_65": {
          "question_number": 65,
          "correct_option": 3,
          "sds_id": "SDS0F3A",
          "subtopic": "Pollination & Outbreeding Devices",
          "image_filename": "question_65.png",
          "captured": true,
          "explanation": [
            "https://d2f8z173p7073l.cloudfront.net/1582791956531"
          ]
        },
        "question_66": {
          "question_number": 66,
          "correct_option": 4,
          "sds_id": "SDS0F3B",
          "subtopic": "Pollination & Outbreeding Devices",
          "image_filename": "question_66.png",
          "captured": true,
          "explanation": [
            "https://d1iljb9ao69244.cloudfront.net/395581_1700027755766_B17.ogg"
          ]
        },
        "question_67": {
          "question_number": 67,
          "correct_option": 2,
          "sds_id": "SDS0F3C",
          "subtopic": "Pollination & Outbreeding Devices",
          "image_filename": "question_67.png",
          "captured": true,
          "explanation": [
            "https://d1iljb9ao69244.cloudfront.net/399668_1702262829698_40.ogg"
          ]
        },
        "question_68": {
          "question_number": 68,
          "correct_option": 1,
          "sds_id": "SDS0F3D",
          "subtopic": "Pollination & Outbreeding Devices",
          "image_filename": "question_68.png",
          "captured": true,
          "explanation": [
            "https://www.youtube-nocookie.com/embed/8CAtSscFIPQ?rel=0"
          ]
        },
        "question_69": {
          "question_number": 69,
          "correct_option": 1,
          "sds_id": "SDS0F3E",
          "subtopic": "Pollination & Outbreeding Devices",
          "image_filename": "question_69.png",
          "captured": true,
          "explanation": [
            "https://d2f8z173p7073l.cloudfront.net/1582792220626"
          ]
        },
        "question_70": {
          "question_number": 70,
          "correct_option": 4,
          "sds_id": "SDS0F3F",
          "subtopic": "Pollination & Outbreeding Devices",
          "image_filename": "question_70.png",
          "captured": true,
          "explanation": [
            "https://d1iljb9ao69244.cloudfront.net/409288_1705427816128_19.ogg"
          ]
        },
        "question_71": {
          "question_number": 71,
          "correct_option": 4,
          "sds_id": "SDS0F40",
          "subtopic": "Pollination & Outbreeding Devices",
          "image_filename": "question_71.png",
          "captured": true,
          "explanation": [
            "https://d2f8z173p7073l.cloudfront.net/1582792640227"
          ]
        },
        "question_72": {
          "question_number": 72,
          "correct_option": 2,
          "sds_id": "SDS0F41",
          "subtopic": "Pollination & Outbreeding Devices",
          "image_filename": "question_72.png",
          "captured": true,
          "explanation": [
            "https://d2f8z173p7073l.cloudfront.net/1582792985076"
          ]
        },
        "question_73": {
          "question_number": 73,
          "correct_option": 4,
          "sds_id": "SDS0F42",
          "subtopic": "Pollination & Outbreeding Devices",
          "image_filename": "question_73.png",
          "captured": true,
          "explanation": [
            "https://d1iljb9ao69244.cloudfront.net/395589_1700027829425_B20.ogg"
          ]
        },
        "question_74": {
          "question_number": 74,
          "correct_option": 3,
          "sds_id": "SDS0F43",
          "subtopic": "Pollination & Outbreeding Devices",
          "image_filename": "question_74.png",
          "captured": true,
          "explanation": [
            "https://d2f8z173p7073l.cloudfront.net/1619846921640"
          ]
        },
        "question_75": {
          "question_number": 75,
          "correct_option": 1,
          "sds_id": "SDS0F44",
          "subtopic": "Pollination & Outbreeding Devices",
          "image_filename": "question_75.png",
          "captured": true,
          "explanation": [
            "https://d1iljb9ao69244.cloudfront.net/409297_1705460800315_25.ogg"
          ]
        },
        "question_76": {
          "question_number": 76,
          "correct_option": 3,
          "sds_id": "SDS0F45",
          "subtopic": "Pollination & Outbreeding Devices",
          "image_filename": "question_76.png",
          "captured": true,
          "explanation": [
            "https://d2f8z173p7073l.cloudfront.net/1582618601422"
          ]
        },
        "question_77": {
          "question_number": 77,
          "correct_option": 1,
          "sds_id": "SDS0F46",
          "subtopic": "Pollination & Outbreeding Devices",
          "image_filename": "question_77.png",
          "captured": true,
          "explanation": [
            "https://d1iljb9ao69244.cloudfront.net/409284_1705427565491_16.ogg"
          ]
        },
        "question_78": {
          "question_number": 78,
          "correct_option": 3,
          "sds_id": "SDS0F47",
          "subtopic": "Pollination & Outbreeding Devices",
          "image_filename": "question_78.png",
          "captured": true,
          "explanation": [
            "https://d1iljb9ao69244.cloudfront.net/395598_1700028061738_B24.ogg"
          ]
        },
        "question_79": {
          "question_number": 79,
          "correct_option": 3,
          "sds_id": "SDS0F48",
          "subtopic": "Pollination & Outbreeding Devices",
          "image_filename": "question_79.png",
          "captured": true,
          "explanation": [
            "https://d1iljb9ao69244.cloudfront.net/395602_1700028081299_B25.ogg"
          ]
        },
        "question_80": {
          "question_number": 80,
          "correct_option": 1,
          "sds_id": "SDS0F49",
          "subtopic": "Pollination & Outbreeding Devices",
          "image_filename": "question_80.png",
          "captured": true,
          "explanation": [
            "https://d2f8z173p7073l.cloudfront.net/1582793011308"
          ]
        },
        "question_81": {
          "question_number": 81,
          "correct_option": 1,
          "sds_id": "SDS0F4A",
          "subtopic": "Pollination & Outbreeding Devices",
          "image_filename": "question_81.png",
          "captured": true,
          "explanation": [
            "https://www.youtube-nocookie.com/embed/E-a3SNrOVNA?rel=0"
          ]
        },
        "question_82": {
          "question_number": 82,
          "correct_option": 2,
          "sds_id": "SDS0F4B",
          "subtopic": "Pollination & Outbreeding Devices",
          "image_filename": "question_82.png",
          "captured": true,
          "explanation": [
            "https://d1iljb9ao69244.cloudfront.net/395566_1725963180754_28.ogg",
            "https://www.youtube-nocookie.com/embed/J3imBOEAHug?rel=0"
          ]
        },
        "question_83": {
          "question_number": 83,
          "correct_option": 4,
          "sds_id": "SDS0F4C",
          "subtopic": "Pollination & Outbreeding Devices",
          "image_filename": "question_83.png",
          "captured": true,
          "explanation": [
            "https://d2f8z173p7073l.cloudfront.net/1582791573514"
          ]
        },
        "question_84": {
          "question_number": 84,
          "correct_option": 2,
          "sds_id": "SDS0F4D",
          "subtopic": "Pollination & Outbreeding Devices",
          "image_filename": "question_84.png",
          "captured": true,
          "explanation": [
            "https://d1iljb9ao69244.cloudfront.net/395603_1700028102535_B26.ogg"
          ]
        },
        "question_85": {
          "question_number": 85,
          "correct_option": 4,
          "sds_id": "SDS0F4E",
          "subtopic": "Pollination & Outbreeding Devices",
          "image_filename": "question_85.png",
          "captured": true,
          "explanation": [
            "https://d1iljb9ao69244.cloudfront.net/395605_1700028122608_B27.ogg"
          ]
        },
        "question_86": {
          "question_number": 86,
          "correct_option": 3,
          "sds_id": "SDS0F4F",
          "subtopic": "Pollination & Outbreeding Devices",
          "image_filename": "question_86.png",
          "captured": true,
          "explanation": [
            "https://d1iljb9ao69244.cloudfront.net/395606_1700028140682_B28.ogg"
          ]
        },
        "question_87": {
          "question_number": 87,
          "correct_option": 2,
          "sds_id": "SDS0F50",
          "subtopic": "Pollination & Outbreeding Devices",
          "image_filename": "question_87.png",
          "captured": true,
          "explanation": [
            "https://d2f8z173p7073l.cloudfront.net/1582791987611"
          ]
        },
        "question_88": {
          "question_number": 88,
          "correct_option": 2,
          "sds_id": "SDS0F51",
          "subtopic": "Pollination & Outbreeding Devices",
          "image_filename": "question_88.png",
          "captured": true,
          "explanation": [
            "https://d1iljb9ao69244.cloudfront.net/395609_1700028157603_B29.ogg"
          ]
        },
        "question_89": {
          "question_number": 89,
          "correct_option": 2,
          "sds_id": "SDS0F52",
          "subtopic": "Pollination & Outbreeding Devices",
          "image_filename": "question_89.png",
          "captured": true,
          "explanation": [
            "https://www.youtube-nocookie.com/embed/5IncjrmEK2s?rel=0"
          ]
        },
        "question_90": {
          "question_number": 90,
          "correct_option": 1,
          "sds_id": "SDS0F53",
          "subtopic": "Pollination & Outbreeding Devices",
          "image_filename": "question_90.png",
          "captured": true,
          "explanation": [
            "https://d2f8z173p7073l.cloudfront.net/1619795799828"
          ]
        },
        "question_91": {
          "question_number": 91,
          "correct_option": 1,
          "sds_id": "SDS0F54",
          "subtopic": "Pollination & Outbreeding Devices",
          "image_filename": "question_91.png",
          "captured": true,
          "explanation": [
            "https://d1iljb9ao69244.cloudfront.net/395610_1700028181562_B30.ogg"
          ]
        },
        "question_92": {
          "question_number": 92,
          "correct_option": 3,
          "sds_id": "SDS0F55",
          "subtopic": "Pollination & Outbreeding Devices",
          "image_filename": "question_92.png",
          "captured": true,
          "explanation": [
            "https://d1iljb9ao69244.cloudfront.net/442400_1712912079569_44.ogg"
          ]
        },
        "question_93": {
          "question_number": 93,
          "correct_option": 1,
          "sds_id": "SDS0F56",
          "subtopic": "Pollination & Outbreeding Devices",
          "image_filename": "question_93.png",
          "captured": true,
          "explanation": [
            "https://d1iljb9ao69244.cloudfront.net/409301_1718331026674_WhatsApp%20Ptt%202024-06-12%20at%207.05.59%20PM.ogg",
            "https://d1iljb9ao69244.cloudfront.net/409301_1718331026674_WhatsApp"
          ]
        },
        "question_94": {
          "question_number": 94,
          "correct_option": 1,
          "sds_id": "SDS0F57",
          "subtopic": "Pollination & Outbreeding Devices",
          "image_filename": "question_94.png",
          "captured": true,
          "explanation": [
            "https://d1iljb9ao69244.cloudfront.net/395613_1700028413458_B32.ogg"
          ]
        },
        "question_95": {
          "question_number": 95,
          "correct_option": 2,
          "sds_id": "SDS0F58",
          "subtopic": "Pollination & Outbreeding Devices",
          "image_filename": "question_95.png",
          "captured": true,
          "explanation": [
            "https://d1iljb9ao69244.cloudfront.net/409302_1705460861156_29.ogg"
          ]
        },
        "question_96": {
          "question_number": 96,
          "correct_option": 3,
          "sds_id": "SDS0F59",
          "subtopic": "Pollination & Outbreeding Devices",
          "image_filename": "question_96.png",
          "captured": true,
          "explanation": [
            "https://d2f8z173p7073l.cloudfront.net/1582792326500"
          ]
        },
        "question_97": {
          "question_number": 97,
          "correct_option": 3,
          "sds_id": "SDS0F5A",
          "subtopic": "Pollination & Outbreeding Devices",
          "image_filename": "question_97.png",
          "captured": true,
          "explanation": [
            "https://www.youtube-nocookie.com/embed/6tta8p4I_gM?rel=0"
          ]
        },
        "question_98": {
          "question_number": 98,
          "correct_option": 4,
          "sds_id": "SDS0F5B",
          "subtopic": "Pollination & Outbreeding Devices",
          "image_filename": "question_98.png",
          "captured": true,
          "explanation": [
            "https://d1iljb9ao69244.cloudfront.net/395616_1700028477954_B35.ogg"
          ]
        },
        "question_99": {
          "question_number": 99,
          "correct_option": 3,
          "sds_id": "SDS0F5C",
          "subtopic": "Pollination & Outbreeding Devices",
          "image_filename": "question_99.png",
          "captured": true,
          "explanation": [
            "https://d1iljb9ao69244.cloudfront.net/399673_1702263054658_45.ogg"
          ]
        },
        "question_100": {
          "question_number": 100,
          "correct_option": 3,
          "sds_id": "SDS0F5D",
          "subtopic": "Pollination & Outbreeding Devices",
          "image_filename": "question_100.png",
          "captured": true,
          "explanation": [
            "https://d1iljb9ao69244.cloudfront.net/395617_1700028504239_B36.ogg"
          ]
        },
        "question_101": {
          "question_number": 101,
          "correct_option": 2,
          "sds_id": "SDS0F5E",
          "subtopic": "Post Pollination Events",
          "image_filename": "question_101.png",
          "captured": true,
          "explanation": [
            "https://d1iljb9ao69244.cloudfront.net/414551_1707054596677_11.ogg"
          ]
        },
        "question_102": {
          "question_number": 102,
          "correct_option": 3,
          "sds_id": "SDS0F5F",
          "subtopic": "Post Pollination Events",
          "image_filename": "question_102.png",
          "captured": true,
          "explanation": [
            "https://d1iljb9ao69244.cloudfront.net/399669_1702262995950_41.ogg"
          ]
        },
        "question_103": {
          "question_number": 103,
          "correct_option": 1,
          "sds_id": "SDS0F60",
          "subtopic": "Post Pollination Events",
          "image_filename": "question_103.png",
          "captured": true,
          "explanation": [
            "https://d1iljb9ao69244.cloudfront.net/395596_1700028043675_B23.ogg"
          ]
        },
        "question_104": {
          "question_number": 104,
          "correct_option": 4,
          "sds_id": "SDS0F61",
          "subtopic": "Post Pollination Events",
          "image_filename": "question_104.png",
          "captured": true,
          "explanation": [
            "https://d1iljb9ao69244.cloudfront.net/395614_1700028438295_B33.ogg"
          ]
        },
        "question_105": {
          "question_number": 105,
          "correct_option": 1,
          "sds_id": "SDS0F62",
          "subtopic": "Post Pollination Events",
          "image_filename": "question_105.png",
          "captured": true,
          "explanation": [
            "https://www.youtube-nocookie.com/embed/lTZeVbDhCfI?rel=0"
          ]
        },
        "question_106": {
          "question_number": 106,
          "correct_option": 1,
          "sds_id": "SDS0F63",
          "subtopic": "Post Pollination Events",
          "image_filename": "question_106.png",
          "captured": true,
          "explanation": [
            "https://www.youtube-nocookie.com/embed/Z9dUj9no8Bk?rel=0"
          ]
        },
        "question_107": {
          "question_number": 107,
          "correct_option": 1,
          "sds_id": "SDS0F64",
          "subtopic": "Double Fertilization",
          "image_filename": "question_107.png",
          "captured": true,
          "explanation": [
            "https://d1iljb9ao69244.cloudfront.net/question_explanations_179040_1672070670825.ogg"
          ]
        },
        "question_108": {
          "question_number": 108,
          "correct_option": 3,
          "sds_id": "SDS0F65",
          "subtopic": "Double Fertilization",
          "image_filename": "question_108.png",
          "captured": true,
          "explanation": [
            "https://d2f8z173p7073l.cloudfront.net/1619844550060",
            "https://www.youtube-nocookie.com/embed/Zuu8QvOTCf0?rel=0"
          ]
        },
        "question_109": {
          "question_number": 109,
          "correct_option": 4,
          "sds_id": "SDS0F66",
          "subtopic": "Double Fertilization",
          "image_filename": "question_109.png",
          "captured": true,
          "explanation": [
            "https://d1iljb9ao69244.cloudfront.net/399675_1702263083474_47.ogg"
          ]
        },
        "question_110": {
          "question_number": 110,
          "correct_option": 1,
          "sds_id": "SDS0F67",
          "subtopic": "Double Fertilization",
          "image_filename": "question_110.png",
          "captured": true,
          "explanation": [
            "https://d1iljb9ao69244.cloudfront.net/409287_1705427801565_18.ogg"
          ]
        },
        "question_111": {
          "question_number": 111,
          "correct_option": 3,
          "sds_id": "SDS0F68",
          "subtopic": "Endosperm",
          "image_filename": "question_111.png",
          "captured": true,
          "explanation": [
            "https://www.youtube-nocookie.com/embed/ob05WHvGgKo?rel=0"
          ]
        },
        "question_112": {
          "question_number": 112,
          "correct_option": 2,
          "sds_id": "SDS0F69",
          "subtopic": "Endosperm",
          "image_filename": "question_112.png",
          "captured": true,
          "explanation": [
            "https://d2f8z173p7073l.cloudfront.net/1619796408561"
          ]
        },
        "question_113": {
          "question_number": 113,
          "correct_option": 3,
          "sds_id": "SDS0F6A",
          "subtopic": "Endosperm",
          "image_filename": "question_113.png",
          "captured": true,
          "explanation": [
            "https://d1iljb9ao69244.cloudfront.net/395627_1700029142133_B43.ogg"
          ]
        },
        "question_114": {
          "question_number": 114,
          "correct_option": 3,
          "sds_id": "SDS0F6B",
          "subtopic": "Endosperm",
          "image_filename": "question_114.png",
          "captured": true,
          "explanation": [
            "https://www.youtube-nocookie.com/embed/S0cOOp0tEl0?rel=0"
          ]
        },
        "question_115": {
          "question_number": 115,
          "correct_option": 1,
          "sds_id": "SDS0F6C",
          "subtopic": "Endosperm",
          "image_filename": "question_115.png",
          "captured": true,
          "explanation": [
            "https://d1iljb9ao69244.cloudfront.net/453666_1714483130288_8.ogg"
          ]
        },
        "question_116": {
          "question_number": 116,
          "correct_option": 3,
          "sds_id": "SDS0F6D",
          "subtopic": "Embryo",
          "image_filename": "question_116.png",
          "captured": true,
          "explanation": [
            "https://d1iljb9ao69244.cloudfront.net/399665_1702262786753_37.ogg"
          ]
        },
        "question_117": {
          "question_number": 117,
          "correct_option": 1,
          "sds_id": "SDS0F6E",
          "subtopic": "Embryo",
          "image_filename": "question_117.png",
          "captured": true,
          "explanation": [
            "https://d1iljb9ao69244.cloudfront.net/442369_1712910846935_21.ogg"
          ]
        },
        "question_118": {
          "question_number": 118,
          "correct_option": 1,
          "sds_id": "SDS0F6F",
          "subtopic": "Embryo",
          "image_filename": "question_118.png",
          "captured": true,
          "explanation": [
            "https://d1iljb9ao69244.cloudfront.net/question_explanations_179042_1672071062108.ogg"
          ]
        },
        "question_119": {
          "question_number": 119,
          "correct_option": 4,
          "sds_id": "SDS0F70",
          "subtopic": "Seed",
          "image_filename": "question_119.png",
          "captured": true,
          "explanation": [
            "https://www.youtube-nocookie.com/embed/x-omcwj7dHM?rel=0"
          ]
        },
        "question_120": {
          "question_number": 120,
          "correct_option": 1,
          "sds_id": "SDS0F71",
          "subtopic": "Seed",
          "image_filename": "question_120.png",
          "captured": true,
          "explanation": [
            "https://d1iljb9ao69244.cloudfront.net/399676_1702263112978_49.ogg",
            "https://dsbihjlymzdyy.cloudfront.net/question-assets/key__2024-04-28%2007%3A59%3A01%20%2B0000image-20240428132819-2.png"
          ]
        },
        "question_121": {
          "question_number": 121,
          "correct_option": 4,
          "sds_id": "SDS0F72",
          "subtopic": "Seed",
          "image_filename": "question_121.png",
          "captured": true,
          "explanation": [
            "https://d1iljb9ao69244.cloudfront.net/395629_1700029159987_B44.ogg"
          ]
        },
        "question_122": {
          "question_number": 122,
          "correct_option": 1,
          "sds_id": "SDS0F73",
          "subtopic": "Seed",
          "image_filename": "question_122.png",
          "captured": true,
          "explanation": [
            "https://d1iljb9ao69244.cloudfront.net/395630_1700029178748_B45.ogg"
          ]
        },
        "question_123": {
          "question_number": 123,
          "correct_option": 1,
          "sds_id": "SDS0F74",
          "subtopic": "Seed",
          "image_filename": "question_123.png",
          "captured": true,
          "explanation": [
            "https://d1iljb9ao69244.cloudfront.net/395633_1700029309540_B47.ogg"
          ]
        },
        "question_124": {
          "question_number": 124,
          "correct_option": 1,
          "sds_id": "SDS0F75",
          "subtopic": "Seed",
          "image_filename": "question_124.png",
          "captured": true,
          "explanation": [
            "https://d2f8z173p7073l.cloudfront.net/1588062156731"
          ]
        },
        "question_125": {
          "question_number": 125,
          "correct_option": 1,
          "sds_id": "SDS0F76",
          "subtopic": "Seed",
          "image_filename": "question_125.png",
          "captured": true,
          "explanation": [
            "https://www.youtube-nocookie.com/embed/E4ZL1GR9jzg?rel=0"
          ]
        },
        "question_126": {
          "question_number": 126,
          "correct_option": 3,
          "sds_id": "SDS0F77",
          "subtopic": "Seed",
          "image_filename": "question_126.png",
          "captured": true,
          "explanation": [
            "https://d1iljb9ao69244.cloudfront.net/395634_1700029327317_B48.ogg"
          ]
        },
        "question_127": {
          "question_number": 127,
          "correct_option": 1,
          "sds_id": "SDS0F78",
          "subtopic": "Seed",
          "image_filename": "question_127.png",
          "captured": true,
          "explanation": [
            "https://www.youtube-nocookie.com/embed/z56DXRBkQ9g?rel=0"
          ]
        },
        "question_128": {
          "question_number": 128,
          "correct_option": 1,
          "sds_id": "SDS0F79",
          "subtopic": "Seed",
          "image_filename": "question_128.png",
          "captured": true,
          "explanation": [
            "https://d2f8z173p7073l.cloudfront.net/1619846842822"
          ]
        },
        "question_129": {
          "question_number": 129,
          "correct_option": 2,
          "sds_id": "SDS0F7A",
          "subtopic": "Seed",
          "image_filename": "question_129.png",
          "captured": true,
          "explanation": [
            "https://d1iljb9ao69244.cloudfront.net/409290_1705427978085_20.ogg"
          ]
        },
        "question_130": {
          "question_number": 130,
          "correct_option": 2,
          "sds_id": "SDS0F7B",
          "subtopic": "Seed",
          "image_filename": "question_130.png",
          "captured": true,
          "explanation": [
            "https://d1iljb9ao69244.cloudfront.net/409306_1705461282515_32.ogg"
          ]
        },
        "question_131": {
          "question_number": 131,
          "correct_option": 2,
          "sds_id": "SDS0F7C",
          "subtopic": "Seed",
          "image_filename": "question_131.png",
          "captured": true,
          "explanation": [
            "https://www.youtube-nocookie.com/embed/DD35vuCQ6aw?rel=0"
          ]
        },
        "question_132": {
          "question_number": 132,
          "correct_option": 4,
          "sds_id": "SDS0F7D",
          "subtopic": "Apomixis & Polyembryony",
          "image_filename": "question_132.png",
          "captured": true,
          "explanation": [
            "https://d1iljb9ao69244.cloudfront.net/question_explanations_179046_1672071631167.ogg"
          ]
        },
        "question_133": {
          "question_number": 133,
          "correct_option": 4,
          "sds_id": "SDS0F7E",
          "subtopic": "Apomixis & Polyembryony",
          "image_filename": "question_133.png",
          "captured": true,
          "explanation": [
            "https://d1iljb9ao69244.cloudfront.net/399680_1702263659980_52.ogg"
          ]
        },
        "question_134": {
          "question_number": 134,
          "correct_option": 2,
          "sds_id": "SDS0F7F",
          "subtopic": "Apomixis & Polyembryony",
          "image_filename": "question_134.png",
          "captured": true,
          "explanation": [
            "https://d1iljb9ao69244.cloudfront.net/447688_1713344505713_20.ogg"
          ]
        },
        "question_135": {
          "question_number": 135,
          "correct_option": 3,
          "sds_id": "SDS0F80",
          "subtopic": "Apomixis & Polyembryony",
          "image_filename": "question_135.png",
          "captured": true,
          "explanation": [
            "https://d1iljb9ao69244.cloudfront.net/448154_1713512847851_26.ogg"
          ]
        },
        "question_136": {
          "question_number": 136,
          "correct_option": 1,
          "sds_id": "SDS0F81",
          "subtopic": "Apomixis & Polyembryony",
          "image_filename": "question_136.png",
          "captured": true,
          "explanation": [
            "https://d1iljb9ao69244.cloudfront.net/325510_1645850739591_34.ogg"
          ]
        },
        "question_137": {
          "question_number": 137,
          "correct_option": 1,
          "sds_id": "SDS0F82",
          "subtopic": "Apomixis & Polyembryony",
          "image_filename": "question_137.png",
          "captured": true,
          "explanation": [
            "https://www.youtube-nocookie.com/embed/C-kTCWPOFc8?rel=0"
          ]
        },
        "question_138": {
          "question_number": 138,
          "correct_option": 3,
          "sds_id": "SDS0F83",
          "subtopic": "Apomixis & Polyembryony",
          "image_filename": "question_138.png",
          "captured": true,
          "explanation": [
            "https://d1iljb9ao69244.cloudfront.net/409285_1705427787805_17.ogg"
          ]
        },
        "question_139": {
          "question_number": 139,
          "correct_option": 2,
          "sds_id": "SDS0F84",
          "subtopic": "Fruit",
          "image_filename": "question_139.png",
          "captured": true,
          "explanation": [
            "https://d2f8z173p7073l.cloudfront.net/1619844004409"
          ]
        },
        "question_140": {
          "question_number": 140,
          "correct_option": 1,
          "sds_id": "SDS0F85",
          "subtopic": "Pollen - Pistil Interaction",
          "image_filename": "question_140.png",
          "captured": true,
          "explanation": [
            "https://d2f8z173p7073l.cloudfront.net/1582355810595"
          ]
        },
        "question_141": {
          "question_number": 141,
          "correct_option": 2,
          "sds_id": "SDS0F86",
          "subtopic": "Pollen - Pistil Interaction",
          "image_filename": "question_141.png",
          "captured": true,
          "explanation": [
            "https://d1iljb9ao69244.cloudfront.net/414588_1707113263716_48.ogg"
          ]
        },
        "question_142": {
          "question_number": 142,
          "correct_option": 2,
          "sds_id": "SDS0F87",
          "subtopic": "Pollen - Pistil Interaction",
          "image_filename": "question_142.png",
          "captured": true,
          "explanation": [
            "https://www.youtube-nocookie.com/embed/TpiSUakKHPc?rel=0"
          ]
        },
        "question_143": {
          "question_number": 143,
          "correct_option": 2,
          "sds_id": "SDS0F88",
          "subtopic": "Pollen - Pistil Interaction",
          "image_filename": "question_143.png",
          "captured": true,
          "explanation": [
            "https://d1iljb9ao69244.cloudfront.net/question_explanations_179038_1672070504409.ogg"
          ]
        },
        "question_144": {
          "question_number": 144,
          "correct_option": 3,
          "sds_id": "SDS0F89",
          "subtopic": "Pollen - Pistil Interaction",
          "image_filename": "question_144.png",
          "captured": true,
          "explanation": [
            "https://d1iljb9ao69244.cloudfront.net/395582_1725963117984_20.ogg",
            "https://www.youtube-nocookie.com/embed/mHJIDJs6Ylw?rel=0"
          ]
        },
        "question_145": {
          "question_number": 145,
          "correct_option": 4,
          "sds_id": "SDS0F8A",
          "subtopic": "Pollen - Pistil Interaction",
          "image_filename": "question_145.png",
          "captured": true,
          "explanation": [
            "https://d1iljb9ao69244.cloudfront.net/414549_1707054209083_9.ogg"
          ]
        },
        "question_146": {
          "question_number": 146,
          "correct_option": 4,
          "sds_id": "SDS0F8B",
          "subtopic": "Pollen - Pistil Interaction",
          "image_filename": "question_146.png",
          "captured": true,
          "explanation": [
            "https://d2f8z173p7073l.cloudfront.net/1582791641687"
          ]
        },
        "question_147": {
          "question_number": 147,
          "correct_option": 1,
          "sds_id": "SDS0F8C",
          "subtopic": "Pollen - Pistil Interaction",
          "image_filename": "question_147.png",
          "captured": true,
          "explanation": [
            "https://www.youtube-nocookie.com/embed/qZe3YUVTwwU?rel=0"
          ]
        },
        "question_148": {
          "question_number": 148,
          "correct_option": 3,
          "sds_id": "SDS0F8D",
          "subtopic": "FLOWER – A FASCINATING ORGAN OF ANGIOSPERMS",
          "image_filename": "question_148.png",
          "captured": true,
          "explanation": [
            "https://d1iljb9ao69244.cloudfront.net/question_explanations_359420_1672245478185.ogg"
          ]
        },
        "question_149": {
          "question_number": 149,
          "correct_option": 2,
          "sds_id": "SDS0F8E",
          "subtopic": "FLOWER – A FASCINATING ORGAN OF ANGIOSPERMS",
          "image_filename": "question_149.png",
          "captured": true,
          "explanation": [
            "https://d1iljb9ao69244.cloudfront.net/399663_1702262758527_35.ogg"
          ]
        }
      }
    },
    "Level 2": {
      "name": "Level 2",
      "path": "Level 2/",
      "questions": {
        "question_1": {
          "question_number": 1,
          "correct_option": 4,
          "sds_id": "SDS0FAD",
          "subtopic": "Stamen: Microsporangium",
          "image_filename": "question_1.png",
          "captured": true,
          "explanation": [
            "https://d2f8z173p7073l.cloudfront.net/1582615764125"
          ]
        },
        "question_2": {
          "question_number": 2,
          "correct_option": 4,
          "sds_id": "SDS0FAE",
          "subtopic": "Stamen: Microsporangium",
          "image_filename": "question_2.png",
          "captured": true,
          "explanation": [
            "https://d2f8z173p7073l.cloudfront.net/1582791535088"
          ]
        },
        "question_3": {
          "question_number": 3,
          "correct_option": 3,
          "sds_id": "SDS0FAF",
          "subtopic": "Stamen: Microsporangium",
          "image_filename": "question_3.png",
          "captured": true,
          "explanation": [
            "https://d2f8z173p7073l.cloudfront.net/1582617428015"
          ]
        },
        "question_4": {
          "question_number": 4,
          "correct_option": 1,
          "sds_id": "SDS0FB0",
          "subtopic": "Stamen: Microsporangium",
          "image_filename": "question_4.png",
          "captured": true,
          "explanation": [
            "https://d2f8z173p7073l.cloudfront.net/1582445358749"
          ]
        },
        "question_5": {
          "question_number": 5,
          "correct_option": 4,
          "sds_id": "SDS0FB1",
          "subtopic": "Stamen: Male Gametophyte",
          "image_filename": "question_5.png",
          "captured": true,
          "explanation": [
            "https://d2f8z173p7073l.cloudfront.net/1582617770098"
          ]
        },
        "question_6": {
          "question_number": 6,
          "correct_option": 4,
          "sds_id": "SDS0FB2",
          "subtopic": "Stamen: Male Gametophyte",
          "image_filename": "question_6.png",
          "captured": true,
          "explanation": [
            "https://d1iljb9ao69244.cloudfront.net/question_explanations_250990_1629268062510.ogg",
            "https://www.youtube-nocookie.com/embed/MM9ia2Nv-hU?rel=0",
            "https://www.youtube.com/embed/Pi-ysjasFqY?rel=0&amp;modestbranding=1&amp;loop=1&amp;playlist=Pi-ysjasFqY&amp;start=4936&amp;end=5004",
            "https://www.youtube.com/embed/Pi-ysjasFqY?rel=0&modestbranding=1&loop=1&playlist=Pi-ysjasFqY&start=4936&end=5004"
          ]
        },
        "question_7": {
          "question_number": 7,
          "correct_option": 4,
          "sds_id": "SDS0FB3",
          "subtopic": "Stamen: Male Gametophyte",
          "image_filename": "question_7.png",
          "captured": true,
          "explanation": [
            "https://d2f8z173p7073l.cloudfront.net/1582617459575"
          ]
        },
        "question_8": {
          "question_number": 8,
          "correct_option": 3,
          "sds_id": "SDS0FB4",
          "subtopic": "Stamen: Male Gametophyte",
          "image_filename": "question_8.png",
          "captured": true,
          "explanation": [
            "https://d2f8z173p7073l.cloudfront.net/1582617300799",
            "https://www.youtube.com/embed/nC6EyX1Bq3o?rel=0&amp;modestbranding=1&amp;loop=1&amp;playlist=nC6EyX1Bq3o&amp;start=5566&amp;end=5604",
            "https://www.youtube.com/embed/nC6EyX1Bq3o?rel=0&modestbranding=1&loop=1&playlist=nC6EyX1Bq3o&start=5566&end=5604"
          ]
        },
        "question_9": {
          "question_number": 9,
          "correct_option": 1,
          "sds_id": "SDS0FB5",
          "subtopic": "Stamen: Male Gametophyte",
          "image_filename": "question_9.png",
          "captured": true,
          "explanation": [
            "https://d2f8z173p7073l.cloudfront.net/1582615875141",
            "https://www.youtube.com/embed/_ZQPRQETQH4?rel=0&amp;modestbranding=1&amp;loop=1&amp;playlist=_ZQPRQETQH4&amp;start=389&amp;end=427",
            "https://www.youtube.com/embed/_ZQPRQETQH4?rel=0&modestbranding=1&loop=1&playlist=_ZQPRQETQH4&start=389&end=427"
          ]
        },
        "question_10": {
          "question_number": 10,
          "correct_option": 3,
          "sds_id": "SDS0FB6",
          "subtopic": "Stamen: Male Gametophyte",
          "image_filename": "question_10.png",
          "captured": true,
          "explanation": [
            "https://d2f8z173p7073l.cloudfront.net/1582617962064"
          ]
        },
        "question_11": {
          "question_number": 11,
          "correct_option": 3,
          "sds_id": "SDS0FB7",
          "subtopic": "Pistil: Ovule",
          "image_filename": "question_11.png",
          "captured": true,
          "explanation": [
            "https://d2f8z173p7073l.cloudfront.net/1582617139048"
          ]
        },
        "question_12": {
          "question_number": 12,
          "correct_option": 2,
          "sds_id": "SDS0FB8",
          "subtopic": "Pistil: Female Gametophyte",
          "image_filename": "question_12.png",
          "captured": true,
          "explanation": [
            "https://d1iljb9ao69244.cloudfront.net/131667_1597768791919_WhatsApp%20Audio%202020-08-18%20at%2010.09.28%20PM.ogg",
            "https://d1iljb9ao69244.cloudfront.net/131667_1597768791919_WhatsApp",
            "https://www.youtube-nocookie.com/embed/iSAnyv736oI?rel=0",
            "https://www.youtube.com/embed/PWWjVWuhfFU?rel=0&amp;modestbranding=1&amp;loop=1&amp;playlist=PWWjVWuhfFU&amp;start=660&amp;end=711",
            "https://www.youtube.com/embed/PWWjVWuhfFU?rel=0&modestbranding=1&loop=1&playlist=PWWjVWuhfFU&start=660&end=711"
          ]
        },
        "question_13": {
          "question_number": 13,
          "correct_option": 2,
          "sds_id": "SDS0FB9",
          "subtopic": "Pistil: Female Gametophyte",
          "image_filename": "question_13.png",
          "captured": true,
          "explanation": [
            "https://d1iljb9ao69244.cloudfront.net/251294_1630735577856_20.ogg",
            "https://d1iljb9ao69244.cloudfront.net/question_explanations_251294_1629268402289.ogg",
            "https://www.youtube.com/embed/_ZQPRQETQH4?rel=0&amp;modestbranding=1&amp;loop=1&amp;playlist=_ZQPRQETQH4&amp;start=797&amp;end=820",
            "https://www.youtube.com/embed/_ZQPRQETQH4?rel=0&modestbranding=1&loop=1&playlist=_ZQPRQETQH4&start=797&end=820"
          ]
        },
        "question_14": {
          "question_number": 14,
          "correct_option": 1,
          "sds_id": "SDS0FBA",
          "subtopic": "Pistil: Female Gametophyte",
          "image_filename": "question_14.png",
          "captured": true,
          "explanation": [
            "https://d2f8z173p7073l.cloudfront.net/1582618450426"
          ]
        },
        "question_15": {
          "question_number": 15,
          "correct_option": 3,
          "sds_id": "SDS0FBB",
          "subtopic": "Pollination & Outbreeding Devices",
          "image_filename": "question_15.png",
          "captured": true,
          "explanation": [
            "https://d2f8z173p7073l.cloudfront.net/1582615845481"
          ]
        },
        "question_16": {
          "question_number": 16,
          "correct_option": 3,
          "sds_id": "SDS0FBC",
          "subtopic": "Pollination & Outbreeding Devices",
          "image_filename": "question_16.png",
          "captured": true,
          "explanation": [
            "https://d2f8z173p7073l.cloudfront.net/1619846788206"
          ]
        },
        "question_17": {
          "question_number": 17,
          "correct_option": 4,
          "sds_id": "SDS0FBD",
          "subtopic": "Pollination & Outbreeding Devices",
          "image_filename": "question_17.png",
          "captured": true,
          "explanation": [
            "https://d2f8z173p7073l.cloudfront.net/1582617029400"
          ]
        },
        "question_18": {
          "question_number": 18,
          "correct_option": 1,
          "sds_id": "SDS0FBE",
          "subtopic": "Pollination & Outbreeding Devices",
          "image_filename": "question_18.png",
          "captured": true,
          "explanation": [
            "https://d2f8z173p7073l.cloudfront.net/1582616202283"
          ]
        },
        "question_19": {
          "question_number": 19,
          "correct_option": 1,
          "sds_id": "SDS0FBF",
          "subtopic": "Pollination & Outbreeding Devices",
          "image_filename": "question_19.png",
          "captured": true,
          "explanation": [
            "https://d2f8z173p7073l.cloudfront.net/1582615962794"
          ]
        },
        "question_20": {
          "question_number": 20,
          "correct_option": 3,
          "sds_id": "SDS0FC0",
          "subtopic": "Pollination & Outbreeding Devices",
          "image_filename": "question_20.png",
          "captured": true,
          "explanation": [
            "https://d2f8z173p7073l.cloudfront.net/1582616175484"
          ]
        },
        "question_21": {
          "question_number": 21,
          "correct_option": 3,
          "sds_id": "SDS0FC1",
          "subtopic": "Pollination & Outbreeding Devices",
          "image_filename": "question_21.png",
          "captured": true,
          "explanation": [
            "https://d2f8z173p7073l.cloudfront.net/1582618522470",
            "https://www.youtube.com/embed/Nl2gqV2g-T0?rel=0&amp;modestbranding=1&amp;loop=1&amp;playlist=Nl2gqV2g-T0&amp;start=909&amp;end=946",
            "https://www.youtube.com/embed/Nl2gqV2g-T0?rel=0&modestbranding=1&loop=1&playlist=Nl2gqV2g-T0&start=909&end=946"
          ]
        },
        "question_22": {
          "question_number": 22,
          "correct_option": 1,
          "sds_id": "SDS0FC2",
          "subtopic": "Pollination & Outbreeding Devices",
          "image_filename": "question_22.png",
          "captured": true,
          "explanation": [
            "https://d2f8z173p7073l.cloudfront.net/1582617370711"
          ]
        },
        "question_23": {
          "question_number": 23,
          "correct_option": 1,
          "sds_id": "SDS0FC3",
          "subtopic": "Pollination & Outbreeding Devices",
          "image_filename": "question_23.png",
          "captured": true,
          "explanation": [
            "https://d2f8z173p7073l.cloudfront.net/1582616040779",
            "https://www.youtube.com/embed/M1I3M069Bp0?rel=0&amp;modestbranding=1&amp;loop=1&amp;playlist=M1I3M069Bp0&amp;start=348&amp;end=376",
            "https://www.youtube.com/embed/M1I3M069Bp0?rel=0&modestbranding=1&loop=1&playlist=M1I3M069Bp0&start=348&end=376"
          ]
        },
        "question_24": {
          "question_number": 24,
          "correct_option": 1,
          "sds_id": "SDS0FC4",
          "subtopic": "Post Pollination Events",
          "image_filename": "question_24.png",
          "captured": true,
          "explanation": [
            "https://d2f8z173p7073l.cloudfront.net/1582617830514"
          ]
        },
        "question_25": {
          "question_number": 25,
          "correct_option": 2,
          "sds_id": "SDS0FC5",
          "subtopic": "Post Pollination Events",
          "image_filename": "question_25.png",
          "captured": true,
          "explanation": [
            "https://d1iljb9ao69244.cloudfront.net/349507_1668240538929_349507.ogg"
          ]
        },
        "question_26": {
          "question_number": 26,
          "correct_option": 1,
          "sds_id": "SDS0FC6",
          "subtopic": "Double Fertilization",
          "image_filename": "question_26.png",
          "captured": true,
          "explanation": [
            "https://d1iljb9ao69244.cloudfront.net/question_explanations_265249_1629272002350.ogg",
            "https://www.youtube.com/embed/Nl2gqV2g-T0?rel=0&amp;modestbranding=1&amp;loop=1&amp;playlist=Nl2gqV2g-T0&amp;start=1097&amp;end=1154",
            "https://www.youtube.com/embed/Nl2gqV2g-T0?rel=0&modestbranding=1&loop=1&playlist=Nl2gqV2g-T0&start=1097&end=1154"
          ]
        },
        "question_27": {
          "question_number": 27,
          "correct_option": 1,
          "sds_id": "SDS0FC7",
          "subtopic": "Endosperm",
          "image_filename": "question_27.png",
          "captured": true,
          "explanation": [
            "https://d2f8z173p7073l.cloudfront.net/1582617799755"
          ]
        },
        "question_28": {
          "question_number": 28,
          "correct_option": 1,
          "sds_id": "SDS0FC8",
          "subtopic": "Endosperm",
          "image_filename": "question_28.png",
          "captured": true,
          "explanation": [
            "https://d2f8z173p7073l.cloudfront.net/1582618221670"
          ]
        },
        "question_29": {
          "question_number": 29,
          "correct_option": 4,
          "sds_id": "SDS0FC9",
          "subtopic": "Seed",
          "image_filename": "question_29.png",
          "captured": true,
          "explanation": [
            "https://d2f8z173p7073l.cloudfront.net/1582617557188"
          ]
        },
        "question_30": {
          "question_number": 30,
          "correct_option": 4,
          "sds_id": "SDS0FCA",
          "subtopic": "Seed",
          "image_filename": "question_30.png",
          "captured": true,
          "explanation": [
            "https://d2f8z173p7073l.cloudfront.net/1582618393828"
          ]
        },
        "question_31": {
          "question_number": 31,
          "correct_option": 1,
          "sds_id": "SDS0FCB",
          "subtopic": "Apomixis & Polyembryony",
          "image_filename": "question_31.png",
          "captured": true,
          "explanation": [
            "https://d2f8z173p7073l.cloudfront.net/1582615933369"
          ]
        },
        "question_32": {
          "question_number": 32,
          "correct_option": 3,
          "sds_id": "SDS0FCC",
          "subtopic": "Apomixis & Polyembryony",
          "image_filename": "question_32.png",
          "captured": true,
          "explanation": [
            "https://d1iljb9ao69244.cloudfront.net/349497_1668241476790_349497.ogg"
          ]
        },
        "question_33": {
          "question_number": 33,
          "correct_option": 1,
          "sds_id": "SDS0FCD",
          "subtopic": "Apomixis & Polyembryony",
          "image_filename": "question_33.png",
          "captured": true,
          "explanation": [
            "https://d2f8z173p7073l.cloudfront.net/1566151172739",
            "https://www.youtube.com/embed/nC6EyX1Bq3o?rel=0&amp;modestbranding=1&amp;loop=1&amp;playlist=nC6EyX1Bq3o&amp;start=5797&amp;end=5842",
            "https://www.youtube.com/embed/nC6EyX1Bq3o?rel=0&modestbranding=1&loop=1&playlist=nC6EyX1Bq3o&start=5797&end=5842"
          ]
        },
        "question_34": {
          "question_number": 34,
          "correct_option": 1,
          "sds_id": "SDS0FCE",
          "subtopic": "Apomixis & Polyembryony",
          "image_filename": "question_34.png",
          "captured": true,
          "explanation": [
            "https://d2f8z173p7073l.cloudfront.net/1582618300547"
          ]
        },
        "question_35": {
          "question_number": 35,
          "correct_option": 2,
          "sds_id": "SDS0FCF",
          "subtopic": "Pollen - Pistil Interaction",
          "image_filename": "question_35.png",
          "captured": true,
          "explanation": [
            "https://d1iljb9ao69244.cloudfront.net/question_explanations_250959_1629271908917.ogg",
            "https://www.youtube-nocookie.com/embed/a8qQrqYkC1g?rel=0"
          ]
        },
        "question_36": {
          "question_number": 36,
          "correct_option": 4,
          "sds_id": "SDS0FD0",
          "subtopic": "Pollen - Pistil Interaction",
          "image_filename": "question_36.png",
          "captured": true,
          "explanation": [
            "https://d1iljb9ao69244.cloudfront.net/question_explanations_265508_1629266292463.ogg"
          ]
        }
      }
    },
    "Level 3": {
      "name": "Level 3",
      "path": "Level 3/",
      "questions": {
        "question_1": {
          "question_number": 1,
          "correct_option": 3,
          "sds_id": "SDS0F8F",
          "subtopic": "Stamen: Microsporangium",
          "image_filename": "question_1.png",
          "captured": true,
          "explanation": [
            "https://d2f8z173p7073l.cloudfront.net/1591695481612"
          ]
        },
        "question_2": {
          "question_number": 2,
          "correct_option": 3,
          "sds_id": "SDS0F90",
          "subtopic": "Stamen: Male Gametophyte",
          "image_filename": "question_2.png",
          "captured": true,
          "explanation": [
            "https://d1iljb9ao69244.cloudfront.net/397827_1702287466795_91.ogg"
          ]
        },
        "question_3": {
          "question_number": 3,
          "correct_option": 1,
          "sds_id": "SDS0F91",
          "subtopic": "Stamen: Male Gametophyte",
          "image_filename": "question_3.png",
          "captured": true,
          "explanation": [
            "https://d1iljb9ao69244.cloudfront.net/452074_1714297346580_20.ogg"
          ]
        },
        "question_4": {
          "question_number": 4,
          "correct_option": 2,
          "sds_id": "SDS0F92",
          "subtopic": "Pistil: Ovule",
          "image_filename": "question_4.png",
          "captured": true,
          "explanation": [
            "https://d1iljb9ao69244.cloudfront.net/325408_1645846722088_3.ogg"
          ]
        },
        "question_5": {
          "question_number": 5,
          "correct_option": 1,
          "sds_id": "SDS0F93",
          "subtopic": "Pistil: Ovule",
          "image_filename": "question_5.png",
          "captured": true,
          "explanation": [
            "https://d1iljb9ao69244.cloudfront.net/395574_1700027673907_B13.ogg"
          ]
        },
        "question_6": {
          "question_number": 6,
          "correct_option": 2,
          "sds_id": "SDS0F94",
          "subtopic": "Pistil: Ovule",
          "image_filename": "question_6.png",
          "captured": true,
          "explanation": [
            "https://d1iljb9ao69244.cloudfront.net/409269_1705427058621_4.ogg"
          ]
        },
        "question_7": {
          "question_number": 7,
          "correct_option": 2,
          "sds_id": "SDS0F95",
          "subtopic": "Pistil: Ovule",
          "image_filename": "question_7.png",
          "captured": true,
          "explanation": [
            "https://d1iljb9ao69244.cloudfront.net/426671_1709870734634_37.ogg"
          ]
        },
        "question_8": {
          "question_number": 8,
          "correct_option": 2,
          "sds_id": "SDS0F96",
          "subtopic": "Pistil: Female Gametophyte",
          "image_filename": "question_8.png",
          "captured": true,
          "explanation": [
            "https://d1iljb9ao69244.cloudfront.net/427491_1710126073790_37.ogg"
          ]
        },
        "question_9": {
          "question_number": 9,
          "correct_option": 4,
          "sds_id": "SDS0F97",
          "subtopic": "Pistil: Female Gametophyte",
          "image_filename": "question_9.png",
          "captured": true,
          "explanation": [
            "https://d1iljb9ao69244.cloudfront.net/448152_1713512818235_24.ogg"
          ]
        },
        "question_10": {
          "question_number": 10,
          "correct_option": 1,
          "sds_id": "SDS0F98",
          "subtopic": "Pollination & Outbreeding Devices",
          "image_filename": "question_10.png",
          "captured": true,
          "explanation": [
            "https://d1iljb9ao69244.cloudfront.net/299750_1712041716576_46.ogg",
            "https://d1iljb9ao69244.cloudfront.net/299750_1637777246648_4.ogg"
          ]
        },
        "question_11": {
          "question_number": 11,
          "correct_option": 1,
          "sds_id": "SDS0F99",
          "subtopic": "Pollination & Outbreeding Devices",
          "image_filename": "question_11.png",
          "captured": true,
          "explanation": [
            "https://d1iljb9ao69244.cloudfront.net/395580_1700027730919_B16.ogg"
          ]
        },
        "question_12": {
          "question_number": 12,
          "correct_option": 4,
          "sds_id": "SDS0F9A",
          "subtopic": "Pollination & Outbreeding Devices",
          "image_filename": "question_12.png",
          "captured": true,
          "explanation": [
            "https://www.youtube-nocookie.com/embed/A_vL76gZF3E?rel=0"
          ]
        },
        "question_13": {
          "question_number": 13,
          "correct_option": 1,
          "sds_id": "SDS0F9B",
          "subtopic": "Pollination & Outbreeding Devices",
          "image_filename": "question_13.png",
          "captured": true,
          "explanation": [
            "https://d1iljb9ao69244.cloudfront.net/399668_1702262829698_40.ogg",
            "https://www.youtube-nocookie.com/embed/pJBjt2qC4mA?rel=0"
          ]
        },
        "question_14": {
          "question_number": 14,
          "correct_option": 1,
          "sds_id": "SDS0F9C",
          "subtopic": "Pollination & Outbreeding Devices",
          "image_filename": "question_14.png",
          "captured": true,
          "explanation": [
            "https://www.youtube-nocookie.com/embed/yBjt6e9KtIE?rel=0"
          ]
        },
        "question_15": {
          "question_number": 15,
          "correct_option": 2,
          "sds_id": "SDS0F9D",
          "subtopic": "Pollination & Outbreeding Devices",
          "image_filename": "question_15.png",
          "captured": true,
          "explanation": [
            "https://www.youtube-nocookie.com/embed/egk8uFjkjqM?rel=0"
          ]
        },
        "question_16": {
          "question_number": 16,
          "correct_option": 4,
          "sds_id": "SDS0F9E",
          "subtopic": "Pollination & Outbreeding Devices",
          "image_filename": "question_16.png",
          "captured": true,
          "explanation": [
            "https://d1iljb9ao69244.cloudfront.net/409300_1705460830976_27.ogg"
          ]
        },
        "question_17": {
          "question_number": 17,
          "correct_option": 4,
          "sds_id": "SDS0F9F",
          "subtopic": "Pollination & Outbreeding Devices",
          "image_filename": "question_17.png",
          "captured": true,
          "explanation": [
            "https://d1iljb9ao69244.cloudfront.net/409294_1705460749428_22.ogg"
          ]
        },
        "question_18": {
          "question_number": 18,
          "correct_option": 2,
          "sds_id": "SDS0FA0",
          "subtopic": "Pollination & Outbreeding Devices",
          "image_filename": "question_18.png",
          "captured": true,
          "explanation": [
            "https://d1iljb9ao69244.cloudfront.net/409296_1705460785201_24.ogg"
          ]
        },
        "question_19": {
          "question_number": 19,
          "correct_option": 4,
          "sds_id": "SDS0FA1",
          "subtopic": "Pollination & Outbreeding Devices",
          "image_filename": "question_19.png",
          "captured": true,
          "explanation": [
            "https://d1iljb9ao69244.cloudfront.net/423726_1709972033804_5.ogg"
          ]
        },
        "question_20": {
          "question_number": 20,
          "correct_option": 1,
          "sds_id": "SDS0FA2",
          "subtopic": "Pollination & Outbreeding Devices",
          "image_filename": "question_20.png",
          "captured": true,
          "explanation": [
            "https://d1iljb9ao69244.cloudfront.net/427490_1710126059670_36.ogg"
          ]
        },
        "question_21": {
          "question_number": 21,
          "correct_option": 3,
          "sds_id": "SDS0FA3",
          "subtopic": "Pollination & Outbreeding Devices",
          "image_filename": "question_21.png",
          "captured": true,
          "explanation": [
            "https://d1iljb9ao69244.cloudfront.net/427494_1710126111208_40.ogg"
          ]
        },
        "question_22": {
          "question_number": 22,
          "correct_option": 4,
          "sds_id": "SDS0FA4",
          "subtopic": "Double Fertilization",
          "image_filename": "question_22.png",
          "captured": true,
          "explanation": [
            "https://d2f8z173p7073l.cloudfront.net/1582793064556"
          ]
        },
        "question_23": {
          "question_number": 23,
          "correct_option": 1,
          "sds_id": "SDS0FA5",
          "subtopic": "Double Fertilization",
          "image_filename": "question_23.png",
          "captured": true,
          "explanation": [
            "https://d1iljb9ao69244.cloudfront.net/450735_1714040475945_43.ogg"
          ]
        },
        "question_24": {
          "question_number": 24,
          "correct_option": 2,
          "sds_id": "SDS0FA6",
          "subtopic": "Endosperm",
          "image_filename": "question_24.png",
          "captured": true,
          "explanation": [
            "https://d1iljb9ao69244.cloudfront.net/question_explanations_359414_1672246051011.ogg"
          ]
        },
        "question_25": {
          "question_number": 25,
          "correct_option": 1,
          "sds_id": "SDS0FA7",
          "subtopic": "Embryo",
          "image_filename": "question_25.png",
          "captured": true,
          "explanation": [
            "https://www.youtube-nocookie.com/embed/9tz4rIGn1nA?rel=0"
          ]
        },
        "question_26": {
          "question_number": 26,
          "correct_option": 4,
          "sds_id": "SDS0FA8",
          "subtopic": "Embryo",
          "image_filename": "question_26.png",
          "captured": true,
          "explanation": [
            "https://d1iljb9ao69244.cloudfront.net/399666_1702262801124_38.ogg"
          ]
        },
        "question_27": {
          "question_number": 27,
          "correct_option": 1,
          "sds_id": "SDS0FA9",
          "subtopic": "Seed",
          "image_filename": "question_27.png",
          "captured": true,
          "explanation": [
            "https://www.youtube-nocookie.com/embed/X8q84AootTw?rel=0"
          ]
        },
        "question_28": {
          "question_number": 28,
          "correct_option": 3,
          "sds_id": "SDS0FAA",
          "subtopic": "Seed",
          "image_filename": "question_28.png",
          "captured": true,
          "explanation": [
            "https://d1iljb9ao69244.cloudfront.net/question_explanations_360832_1672574045881.ogg",
            "https://www.youtube.com/embed/_ZQPRQETQH4?rel=0&amp;modestbranding=1&amp;loop=1&amp;playlist=_ZQPRQETQH4&amp;start=258&amp;end=270",
            "https://www.youtube.com/embed/_ZQPRQETQH4?rel=0&modestbranding=1&loop=1&playlist=_ZQPRQETQH4&start=258&end=270"
          ]
        },
        "question_29": {
          "question_number": 29,
          "correct_option": 2,
          "sds_id": "SDS0FAB",
          "subtopic": "Apomixis & Polyembryony",
          "image_filename": "question_29.png",
          "captured": true,
          "explanation": [
            "https://d1iljb9ao69244.cloudfront.net/446690_1713085275653_21.ogg"
          ]
        },
        "question_30": {
          "question_number": 30,
          "correct_option": 3,
          "sds_id": "SDS0FAC",
          "subtopic": "Apomixis & Polyembryony",
          "image_filename": "question_30.png",
          "captured": true,
          "explanation": [
            "https://d2f8z173p7073l.cloudfront.net/1588062201496"
          ]
        }
      }
    }
  },
  "type": "multi_set"
}