{
  "chapter_no": 13,
  "chapter_name": "Plant Growth and Development",
  "section_name": "Plant Growth & Development (93 MCQs)",
  "total_questions": 93,
  "questions": {
    "question_1": {
      "question_number": 1,
      "correct_option": 1,
      "sds_id": "SDS0A7B",
      "subtopic": "Growth",
      "image_filename": "question_1.png",
      "captured": true,
      "explanation": [
        "https://d1iljb9ao69244.cloudfront.net/63775_1726226137510_246.ogg",
        "https://d2f8z173p7073l.cloudfront.net/1550906764858"
      ]
    },
    "question_2": {
      "question_number": 2,
      "correct_option": 2,
      "sds_id": "SDS0A7C",
      "subtopic": "Growth",
      "image_filename": "question_2.png",
      "captured": true,
      "explanation": [
        "https://d1iljb9ao69244.cloudfront.net/382191_1693453684863_4.ogg"
      ]
    },
    "question_3": {
      "question_number": 3,
      "correct_option": 1,
      "sds_id": "SDS0A7D",
      "subtopic": "Growth",
      "image_filename": "question_3.png",
      "captured": true,
      "explanation": [
        "https://d1iljb9ao69244.cloudfront.net/382193_1693453725482_6.ogg"
      ]
    },
    "question_4": {
      "question_number": 4,
      "correct_option": 1,
      "sds_id": "SDS0A7E",
      "subtopic": "Growth",
      "image_filename": "question_4.png",
      "captured": true,
      "explanation": [
        "https://d1iljb9ao69244.cloudfront.net/382195_1693453785780_8.ogg"
      ]
    },
    "question_5": {
      "question_number": 5,
      "correct_option": 3,
      "sds_id": "SDS0A7F",
      "subtopic": "Growth",
      "image_filename": "question_5.png",
      "captured": true,
      "explanation": [
        "https://d1iljb9ao69244.cloudfront.net/63745_1726218812151_226.ogg",
        "https://d2f8z173p7073l.cloudfront.net/1550691821612"
      ]
    },
    "question_6": {
      "question_number": 6,
      "correct_option": 3,
      "sds_id": "SDS0A80",
      "subtopic": "Growth",
      "image_filename": "question_6.png",
      "captured": true,
      "explanation": [
        "https://d1iljb9ao69244.cloudfront.net/382197_1693453799587_10.ogg"
      ]
    },
    "question_7": {
      "question_number": 7,
      "correct_option": 2,
      "sds_id": "SDS0A81",
      "subtopic": "Growth",
      "image_filename": "question_7.png",
      "captured": true,
      "explanation": [
        "https://d1iljb9ao69244.cloudfront.net/382201_1693453832835_14.ogg"
      ]
    },
    "question_8": {
      "question_number": 8,
      "correct_option": 2,
      "sds_id": "SDS0A82",
      "subtopic": "Growth Model",
      "image_filename": "question_8.png",
      "captured": true,
      "explanation": [
        "https://d1iljb9ao69244.cloudfront.net/63743_1726218728290_225.ogg",
        "https://d2f8z173p7073l.cloudfront.net/1550691654708"
      ]
    },
    "question_9": {
      "question_number": 9,
      "correct_option": 1,
      "sds_id": "SDS0A83",
      "subtopic": "Growth Model",
      "image_filename": "question_9.png",
      "captured": true,
      "explanation": [
        "https://d1iljb9ao69244.cloudfront.net/402265_1703755878141_41.ogg"
      ]
    },
    "question_10": {
      "question_number": 10,
      "correct_option": 3,
      "sds_id": "SDS0A84",
      "subtopic": "Growth Model",
      "image_filename": "question_10.png",
      "captured": true,
      "explanation": [
        "https://d1iljb9ao69244.cloudfront.net/382192_1693713537658_3.ogg"
      ]
    },
    "question_11": {
      "question_number": 11,
      "correct_option": 4,
      "sds_id": "SDS0A85",
      "subtopic": "Growth Model",
      "image_filename": "question_11.png",
      "captured": true,
      "explanation": [
        "https://d1iljb9ao69244.cloudfront.net/382196_1693714480144_5.ogg"
      ]
    },
    "question_12": {
      "question_number": 12,
      "correct_option": 3,
      "sds_id": "SDS0A86",
      "subtopic": "Growth Model",
      "image_filename": "question_12.png",
      "captured": true,
      "explanation": [
        "https://d1iljb9ao69244.cloudfront.net/382199_1693714504646_7.ogg"
      ]
    },
    "question_13": {
      "question_number": 13,
      "correct_option": 2,
      "sds_id": "SDS0A87",
      "subtopic": "Growth Model",
      "image_filename": "question_13.png",
      "captured": true,
      "explanation": [
        "https://d1iljb9ao69244.cloudfront.net/448186_1713518059692_44.ogg"
      ]
    },
    "question_14": {
      "question_number": 14,
      "correct_option": 2,
      "sds_id": "SDS0A88",
      "subtopic": "Growth Model",
      "image_filename": "question_14.png",
      "captured": true,
      "explanation": [
        "https://d1iljb9ao69244.cloudfront.net/question_explanations_346262_1669192457225.ogg"
      ]
    },
    "question_15": {
      "question_number": 15,
      "correct_option": 1,
      "sds_id": "SDS0A89",
      "subtopic": "Growth Model",
      "image_filename": "question_15.png",
      "captured": true,
      "explanation": [
        "https://d1iljb9ao69244.cloudfront.net/382200_1693453820782_13.ogg"
      ]
    },
    "question_16": {
      "question_number": 16,
      "correct_option": 3,
      "sds_id": "SDS0A8A",
      "subtopic": "Growth Model",
      "image_filename": "question_16.png",
      "captured": true,
      "explanation": [
        "https://d1iljb9ao69244.cloudfront.net/382203_1693453917214_16.ogg"
      ]
    },
    "question_17": {
      "question_number": 17,
      "correct_option": 2,
      "sds_id": "SDS0A8B",
      "subtopic": "Growth Model",
      "image_filename": "question_17.png",
      "captured": true,
      "explanation": [
        "https://d1iljb9ao69244.cloudfront.net/382207_1693714572785_11.ogg"
      ]
    },
    "question_18": {
      "question_number": 18,
      "correct_option": 3,
      "sds_id": "SDS0A8C",
      "subtopic": "Growth Terminology",
      "image_filename": "question_18.png",
      "captured": true,
      "explanation": [
        "https://d1iljb9ao69244.cloudfront.net/382194_1693713546908_4.ogg"
      ]
    },
    "question_19": {
      "question_number": 19,
      "correct_option": 4,
      "sds_id": "SDS0A8D",
      "subtopic": "Growth Terminology",
      "image_filename": "question_19.png",
      "captured": true,
      "explanation": [
        "https://d1iljb9ao69244.cloudfront.net/382198_1693714494564_6.ogg"
      ]
    },
    "question_20": {
      "question_number": 20,
      "correct_option": 1,
      "sds_id": "SDS0A8E",
      "subtopic": "Growth Terminology",
      "image_filename": "question_20.png",
      "captured": true,
      "explanation": [
        "https://d1iljb9ao69244.cloudfront.net/63746_1726218889179_227.ogg",
        "https://d2f8z173p7073l.cloudfront.net/1550691893241"
      ]
    },
    "question_21": {
      "question_number": 21,
      "correct_option": 2,
      "sds_id": "SDS0A8F",
      "subtopic": "Growth Terminology",
      "image_filename": "question_21.png",
      "captured": true,
      "explanation": [
        "https://d1iljb9ao69244.cloudfront.net/63747_1726218983334_228.ogg",
        "https://d2f8z173p7073l.cloudfront.net/1550691931660"
      ]
    },
    "question_22": {
      "question_number": 22,
      "correct_option": 3,
      "sds_id": "SDS0A90",
      "subtopic": "Growth Terminology",
      "image_filename": "question_22.png",
      "captured": true,
      "explanation": [
        "https://d1iljb9ao69244.cloudfront.net/382204_1693714540940_9.ogg"
      ]
    },
    "question_23": {
      "question_number": 23,
      "correct_option": 3,
      "sds_id": "SDS0A91",
      "subtopic": "Growth Terminology",
      "image_filename": "question_23.png",
      "captured": true,
      "explanation": [
        "https://d1iljb9ao69244.cloudfront.net/63750_1726221341596_231.ogg",
        "https://d2f8z173p7073l.cloudfront.net/1550692085624",
        "https://dsbihjlymzdyy.cloudfront.net/bio_images/all/Diagrams%20in%20Svg%20form%2FPlant%20growth%20and%20development%20%2F63750.SVG%20.svg"
      ]
    },
    "question_24": {
      "question_number": 24,
      "correct_option": 1,
      "sds_id": "SDS0A92",
      "subtopic": "Growth Terminology",
      "image_filename": "question_24.png",
      "captured": true,
      "explanation": [
        "https://d1iljb9ao69244.cloudfront.net/63748_1726219033210_229.ogg",
        "https://d2f8z173p7073l.cloudfront.net/1550691964781"
      ]
    },
    "question_25": {
      "question_number": 25,
      "correct_option": 4,
      "sds_id": "SDS0A93",
      "subtopic": "Growth Terminology",
      "image_filename": "question_25.png",
      "captured": true,
      "explanation": [
        "https://d1iljb9ao69244.cloudfront.net/382206_1693714557988_10.ogg"
      ]
    },
    "question_26": {
      "question_number": 26,
      "correct_option": 3,
      "sds_id": "SDS0A94",
      "subtopic": "Growth Terminology",
      "image_filename": "question_26.png",
      "captured": true,
      "explanation": [
        "https://d1iljb9ao69244.cloudfront.net/63749_1726219091327_230.ogg",
        "https://d2f8z173p7073l.cloudfront.net/1550692029046"
      ]
    },
    "question_27": {
      "question_number": 27,
      "correct_option": 3,
      "sds_id": "SDS0A95",
      "subtopic": "Growth Terminology",
      "image_filename": "question_27.png",
      "captured": true,
      "explanation": [
        "https://d1iljb9ao69244.cloudfront.net/382210_1693714592716_13.ogg"
      ]
    },
    "question_28": {
      "question_number": 28,
      "correct_option": 4,
      "sds_id": "SDS0A96",
      "subtopic": "Development",
      "image_filename": "question_28.png",
      "captured": true,
      "explanation": [
        "https://d1iljb9ao69244.cloudfront.net/63756_1726221511339_233.ogg",
        "https://d2f8z173p7073l.cloudfront.net/1550720412026"
      ]
    },
    "question_29": {
      "question_number": 29,
      "correct_option": 1,
      "sds_id": "SDS0A97",
      "subtopic": "Development",
      "image_filename": "question_29.png",
      "captured": true,
      "explanation": [
        "https://d1iljb9ao69244.cloudfront.net/question_explanations_346266_1668323515027.ogg"
      ]
    },
    "question_30": {
      "question_number": 30,
      "correct_option": 3,
      "sds_id": "SDS0A98",
      "subtopic": "Development",
      "image_filename": "question_30.png",
      "captured": true,
      "explanation": [
        "https://d1iljb9ao69244.cloudfront.net/382212_1693453979309_25.ogg"
      ]
    },
    "question_31": {
      "question_number": 31,
      "correct_option": 4,
      "sds_id": "SDS0A99",
      "subtopic": "Development",
      "image_filename": "question_31.png",
      "captured": true,
      "explanation": [
        "https://d1iljb9ao69244.cloudfront.net/425137_1709534792687_5.ogg"
      ]
    },
    "question_32": {
      "question_number": 32,
      "correct_option": 2,
      "sds_id": "SDS0A9A",
      "subtopic": "Development",
      "image_filename": "question_32.png",
      "captured": true,
      "explanation": [
        "https://d1iljb9ao69244.cloudfront.net/439167_1712666592543_21.ogg"
      ]
    },
    "question_33": {
      "question_number": 33,
      "correct_option": 2,
      "sds_id": "SDS0A9B",
      "subtopic": "Development",
      "image_filename": "question_33.png",
      "captured": true,
      "explanation": [
        "https://d1iljb9ao69244.cloudfront.net/308355_1727427938586_798.ogg",
        "https://d1iljb9ao69244.cloudfront.net/308355_1639592464340_13.ogg"
      ]
    },
    "question_34": {
      "question_number": 34,
      "correct_option": 1,
      "sds_id": "SDS0A9C",
      "subtopic": "Growth Hormones & Auxin",
      "image_filename": "question_34.png",
      "captured": true,
      "explanation": [
        "https://d1iljb9ao69244.cloudfront.net/412953_1706507492623_48.ogg"
      ]
    },
    "question_35": {
      "question_number": 35,
      "correct_option": 2,
      "sds_id": "SDS0A9D",
      "subtopic": "Growth Hormones & Auxin",
      "image_filename": "question_35.png",
      "captured": true,
      "explanation": [
        "https://d1iljb9ao69244.cloudfront.net/382218_1693454077324_31.ogg"
      ]
    },
    "question_36": {
      "question_number": 36,
      "correct_option": 1,
      "sds_id": "SDS0A9E",
      "subtopic": "Growth Hormones & Auxin",
      "image_filename": "question_36.png",
      "captured": true,
      "explanation": [
        "https://d1iljb9ao69244.cloudfront.net/382220_1693714673582_20.ogg"
      ]
    },
    "question_37": {
      "question_number": 37,
      "correct_option": 1,
      "sds_id": "SDS0A9F",
      "subtopic": "Growth Hormones & Auxin",
      "image_filename": "question_37.png",
      "captured": true,
      "explanation": [
        "https://d1iljb9ao69244.cloudfront.net/338639_1657388543312_66.ogg",
        "https://www.youtube-nocookie.com/embed/uYXhaQrzKxk?rel=0"
      ]
    },
    "question_38": {
      "question_number": 38,
      "correct_option": 4,
      "sds_id": "SDS0AA0",
      "subtopic": "Growth Hormones & Auxin",
      "image_filename": "question_38.png",
      "captured": true,
      "explanation": [
        "https://d1iljb9ao69244.cloudfront.net/63761_1726222133439_237.ogg",
        "https://d2f8z173p7073l.cloudfront.net/1550720746489"
      ]
    },
    "question_39": {
      "question_number": 39,
      "correct_option": 1,
      "sds_id": "SDS0AA1",
      "subtopic": "Growth Hormones & Auxin",
      "image_filename": "question_39.png",
      "captured": true,
      "explanation": [
        "https://d1iljb9ao69244.cloudfront.net/question_explanations_346267_1669273786514.ogg"
      ]
    },
    "question_40": {
      "question_number": 40,
      "correct_option": 2,
      "sds_id": "SDS0AA2",
      "subtopic": "Growth Hormones & Auxin",
      "image_filename": "question_40.png",
      "captured": true,
      "explanation": [
        "https://d1iljb9ao69244.cloudfront.net/question_explanations_346269_1669274092955.ogg"
      ]
    },
    "question_41": {
      "question_number": 41,
      "correct_option": 1,
      "sds_id": "SDS0AA3",
      "subtopic": "Growth Hormones & Auxin",
      "image_filename": "question_41.png",
      "captured": true,
      "explanation": [
        "https://d1iljb9ao69244.cloudfront.net/382225_1693454130039_38.ogg"
      ]
    },
    "question_42": {
      "question_number": 42,
      "correct_option": 1,
      "sds_id": "SDS0AA4",
      "subtopic": "Growth Hormones & Auxin",
      "image_filename": "question_42.png",
      "captured": true,
      "explanation": [
        "https://d1iljb9ao69244.cloudfront.net/question_explanations_346268_1669273974976.ogg"
      ]
    },
    "question_43": {
      "question_number": 43,
      "correct_option": 4,
      "sds_id": "SDS0AA5",
      "subtopic": "Growth Hormones & Auxin",
      "image_filename": "question_43.png",
      "captured": true,
      "explanation": [
        "https://d1iljb9ao69244.cloudfront.net/402272_1703755982669_47.ogg"
      ]
    },
    "question_44": {
      "question_number": 44,
      "correct_option": 2,
      "sds_id": "SDS0AA6",
      "subtopic": "Growth Hormones & Auxin",
      "image_filename": "question_44.png",
      "captured": true,
      "explanation": [
        "https://d1iljb9ao69244.cloudfront.net/382236_1693714877138_29.ogg"
      ]
    },
    "question_45": {
      "question_number": 45,
      "correct_option": 4,
      "sds_id": "SDS0AA7",
      "subtopic": "Growth Hormones & Auxin",
      "image_filename": "question_45.png",
      "captured": true,
      "explanation": [
        "https://d1iljb9ao69244.cloudfront.net/63765_1726225407911_240.ogg",
        "https://d2f8z173p7073l.cloudfront.net/1550722685478"
      ]
    },
    "question_46": {
      "question_number": 46,
      "correct_option": 2,
      "sds_id": "SDS0AA8",
      "subtopic": "Growth Hormones & Auxin",
      "image_filename": "question_46.png",
      "captured": true,
      "explanation": [
        "https://d1iljb9ao69244.cloudfront.net/382247_1693715137460_35.ogg"
      ]
    },
    "question_47": {
      "question_number": 47,
      "correct_option": 4,
      "sds_id": "SDS0AA9",
      "subtopic": "Auxin Function",
      "image_filename": "question_47.png",
      "captured": true,
      "explanation": [
        "https://d1iljb9ao69244.cloudfront.net/412504_1706503988028_9.ogg"
      ]
    },
    "question_48": {
      "question_number": 48,
      "correct_option": 1,
      "sds_id": "SDS0AAA",
      "subtopic": "Auxin Function",
      "image_filename": "question_48.png",
      "captured": true,
      "explanation": [
        "https://d1iljb9ao69244.cloudfront.net/439171_1712666638623_23.ogg"
      ]
    },
    "question_49": {
      "question_number": 49,
      "correct_option": 2,
      "sds_id": "SDS0AAB",
      "subtopic": "Auxin Function",
      "image_filename": "question_49.png",
      "captured": true,
      "explanation": [
        "https://d1iljb9ao69244.cloudfront.net/63739_1726218668099_224.ogg",
        "https://d2f8z173p7073l.cloudfront.net/1550686365648",
        "https://www.youtube.com/embed/ZLtpJRpJGuo?rel=0&amp;modestbranding=1&amp;loop=1&amp;playlist=ZLtpJRpJGuo&amp;start=416&amp;end=459",
        "https://www.youtube.com/embed/ZLtpJRpJGuo?rel=0&modestbranding=1&loop=1&playlist=ZLtpJRpJGuo&start=416&end=459"
      ]
    },
    "question_50": {
      "question_number": 50,
      "correct_option": 2,
      "sds_id": "SDS0AAC",
      "subtopic": "Auxin Function",
      "image_filename": "question_50.png",
      "captured": true,
      "explanation": [
        "https://d1iljb9ao69244.cloudfront.net/392526_1697795993504_19.ogg"
      ]
    },
    "question_51": {
      "question_number": 51,
      "correct_option": 3,
      "sds_id": "SDS0AAD",
      "subtopic": "Gibberellin",
      "image_filename": "question_51.png",
      "captured": true,
      "explanation": [
        "https://d1iljb9ao69244.cloudfront.net/63759_1726221775376_236.ogg",
        "https://d2f8z173p7073l.cloudfront.net/1550720597832"
      ]
    },
    "question_52": {
      "question_number": 52,
      "correct_option": 2,
      "sds_id": "SDS0AAE",
      "subtopic": "Gibberellin",
      "image_filename": "question_52.png",
      "captured": true,
      "explanation": [
        "https://d1iljb9ao69244.cloudfront.net/382219_1693714660970_19.ogg"
      ]
    },
    "question_53": {
      "question_number": 53,
      "correct_option": 3,
      "sds_id": "SDS0AAF",
      "subtopic": "Gibberellin",
      "image_filename": "question_53.png",
      "captured": true,
      "explanation": [
        "https://d1iljb9ao69244.cloudfront.net/382228_1693454147921_41.ogg"
      ]
    },
    "question_54": {
      "question_number": 54,
      "correct_option": 3,
      "sds_id": "SDS0AB0",
      "subtopic": "Gibberellin",
      "image_filename": "question_54.png",
      "captured": true,
      "explanation": [
        "https://d1iljb9ao69244.cloudfront.net/382230_1693454159859_43.ogg"
      ]
    },
    "question_55": {
      "question_number": 55,
      "correct_option": 4,
      "sds_id": "SDS0AB1",
      "subtopic": "Gibberellin",
      "image_filename": "question_55.png",
      "captured": true,
      "explanation": [
        "https://d1iljb9ao69244.cloudfront.net/question_explanations_346271_1669284894695.ogg"
      ]
    },
    "question_56": {
      "question_number": 56,
      "correct_option": 1,
      "sds_id": "SDS0AB2",
      "subtopic": "Gibberellin",
      "image_filename": "question_56.png",
      "captured": true,
      "explanation": [
        "https://d1iljb9ao69244.cloudfront.net/447709_1713346681734_41.ogg"
      ]
    },
    "question_57": {
      "question_number": 57,
      "correct_option": 2,
      "sds_id": "SDS0AB3",
      "subtopic": "Gibberellin",
      "image_filename": "question_57.png",
      "captured": true,
      "explanation": [
        "https://d1iljb9ao69244.cloudfront.net/63763_1726225296155_238.ogg",
        "https://d2f8z173p7073l.cloudfront.net/1550720840163"
      ]
    },
    "question_58": {
      "question_number": 58,
      "correct_option": 1,
      "sds_id": "SDS0AB4",
      "subtopic": "Gibberellin",
      "image_filename": "question_58.png",
      "captured": true,
      "explanation": [
        "https://d1iljb9ao69244.cloudfront.net/382231_1693714840752_26.ogg"
      ]
    },
    "question_59": {
      "question_number": 59,
      "correct_option": 1,
      "sds_id": "SDS0AB5",
      "subtopic": "Gibberellin",
      "image_filename": "question_59.png",
      "captured": true,
      "explanation": [
        "https://d1iljb9ao69244.cloudfront.net/question_explanations_346270_1669274180955.ogg"
      ]
    },
    "question_60": {
      "question_number": 60,
      "correct_option": 4,
      "sds_id": "SDS0AB6",
      "subtopic": "Gibberellin",
      "image_filename": "question_60.png",
      "captured": true,
      "explanation": [
        "https://d1iljb9ao69244.cloudfront.net/382233_1693714852286_27.ogg"
      ]
    },
    "question_61": {
      "question_number": 61,
      "correct_option": 2,
      "sds_id": "SDS0AB7",
      "subtopic": "Gibberellin",
      "image_filename": "question_61.png",
      "captured": true,
      "explanation": [
        "https://d1iljb9ao69244.cloudfront.net/412539_1706507091823_36.ogg",
        "https://d2f8z173p7073l.cloudfront.net/1706088915308"
      ]
    },
    "question_62": {
      "question_number": 62,
      "correct_option": 2,
      "sds_id": "SDS0AB8",
      "subtopic": "Gibberellin",
      "image_filename": "question_62.png",
      "captured": true,
      "explanation": [
        "https://d1iljb9ao69244.cloudfront.net/382234_1693714863386_28.ogg"
      ]
    },
    "question_63": {
      "question_number": 63,
      "correct_option": 2,
      "sds_id": "SDS0AB9",
      "subtopic": "Gibberellin",
      "image_filename": "question_63.png",
      "captured": true,
      "explanation": [
        "https://d1iljb9ao69244.cloudfront.net/412498_1706503944603_6.ogg"
      ]
    },
    "question_64": {
      "question_number": 64,
      "correct_option": 1,
      "sds_id": "SDS0ABA",
      "subtopic": "Gibberellin",
      "image_filename": "question_64.png",
      "captured": true,
      "explanation": [
        "https://d1iljb9ao69244.cloudfront.net/63770_1726225738730_245.ogg",
        "https://d2f8z173p7073l.cloudfront.net/1550723243974"
      ]
    },
    "question_65": {
      "question_number": 65,
      "correct_option": 2,
      "sds_id": "SDS0ABB",
      "subtopic": "Cytokinin",
      "image_filename": "question_65.png",
      "captured": true,
      "explanation": [
        "https://d1iljb9ao69244.cloudfront.net/63757_1726221561555_234.ogg",
        "https://d2f8z173p7073l.cloudfront.net/1550720460044"
      ]
    },
    "question_66": {
      "question_number": 66,
      "correct_option": 1,
      "sds_id": "SDS0ABC",
      "subtopic": "Cytokinin",
      "image_filename": "question_66.png",
      "captured": true,
      "explanation": [
        "https://d1iljb9ao69244.cloudfront.net/402271_1703755965762_46.ogg"
      ]
    },
    "question_67": {
      "question_number": 67,
      "correct_option": 1,
      "sds_id": "SDS0ABD",
      "subtopic": "Cytokinin",
      "image_filename": "question_67.png",
      "captured": true,
      "explanation": [
        "https://d1iljb9ao69244.cloudfront.net/63764_1726225358251_239.ogg",
        "https://d2f8z173p7073l.cloudfront.net/1550721383620"
      ]
    },
    "question_68": {
      "question_number": 68,
      "correct_option": 3,
      "sds_id": "SDS0ABE",
      "subtopic": "Cytokinin",
      "image_filename": "question_68.png",
      "captured": true,
      "explanation": [
        "https://d1iljb9ao69244.cloudfront.net/question_explanations_346272_1669285047890.ogg"
      ]
    },
    "question_69": {
      "question_number": 69,
      "correct_option": 4,
      "sds_id": "SDS0ABF",
      "subtopic": "Cytokinin",
      "image_filename": "question_69.png",
      "captured": true,
      "explanation": [
        "https://d1iljb9ao69244.cloudfront.net/63766_1726225474795_241.ogg",
        "https://d2f8z173p7073l.cloudfront.net/1550722761901"
      ]
    },
    "question_70": {
      "question_number": 70,
      "correct_option": 4,
      "sds_id": "SDS0AC0",
      "subtopic": "Cytokinin",
      "image_filename": "question_70.png",
      "captured": true,
      "explanation": [
        "https://d1iljb9ao69244.cloudfront.net/question_explanations_346273_1669286441126.ogg"
      ]
    },
    "question_71": {
      "question_number": 71,
      "correct_option": 4,
      "sds_id": "SDS0AC1",
      "subtopic": "Cytokinin",
      "image_filename": "question_71.png",
      "captured": true,
      "explanation": [
        "https://d1iljb9ao69244.cloudfront.net/425135_1709534764163_3.ogg"
      ]
    },
    "question_72": {
      "question_number": 72,
      "correct_option": 3,
      "sds_id": "SDS0AC2",
      "subtopic": "Ethylene",
      "image_filename": "question_72.png",
      "captured": true,
      "explanation": [
        "https://d1iljb9ao69244.cloudfront.net/63758_1726221628760_235.ogg",
        "https://d2f8z173p7073l.cloudfront.net/1550720492698"
      ]
    },
    "question_73": {
      "question_number": 73,
      "correct_option": 3,
      "sds_id": "SDS0AC3",
      "subtopic": "Ethylene",
      "image_filename": "question_73.png",
      "captured": true,
      "explanation": [
        "https://d1iljb9ao69244.cloudfront.net/question_explanations_346274_1669284971992.ogg"
      ]
    },
    "question_74": {
      "question_number": 74,
      "correct_option": 4,
      "sds_id": "SDS0AC4",
      "subtopic": "Ethylene",
      "image_filename": "question_74.png",
      "captured": true,
      "explanation": [
        "https://d1iljb9ao69244.cloudfront.net/338642_1657735881550_13.ogg"
      ]
    },
    "question_75": {
      "question_number": 75,
      "correct_option": 4,
      "sds_id": "SDS0AC5",
      "subtopic": "Ethylene",
      "image_filename": "question_75.png",
      "captured": true,
      "explanation": [
        "https://d1iljb9ao69244.cloudfront.net/412956_1706507520128_50.ogg"
      ]
    },
    "question_76": {
      "question_number": 76,
      "correct_option": 3,
      "sds_id": "SDS0AC6",
      "subtopic": "Ethylene",
      "image_filename": "question_76.png",
      "captured": true,
      "explanation": [
        "https://d1iljb9ao69244.cloudfront.net/63767_1726225523226_242.ogg",
        "https://d2f8z173p7073l.cloudfront.net/1550722930866"
      ]
    },
    "question_77": {
      "question_number": 77,
      "correct_option": 3,
      "sds_id": "SDS0AC7",
      "subtopic": "Ethylene",
      "image_filename": "question_77.png",
      "captured": true,
      "explanation": [
        "https://d1iljb9ao69244.cloudfront.net/412493_1706503885177_2.ogg"
      ]
    },
    "question_78": {
      "question_number": 78,
      "correct_option": 2,
      "sds_id": "SDS0AC8",
      "subtopic": "Ethylene",
      "image_filename": "question_78.png",
      "captured": true,
      "explanation": [
        "https://d1iljb9ao69244.cloudfront.net/382240_1693714978772_31.ogg"
      ]
    },
    "question_79": {
      "question_number": 79,
      "correct_option": 3,
      "sds_id": "SDS0AC9",
      "subtopic": "Ethylene",
      "image_filename": "question_79.png",
      "captured": true,
      "explanation": [
        "https://d1iljb9ao69244.cloudfront.net/382241_1693714990514_32.ogg"
      ]
    },
    "question_80": {
      "question_number": 80,
      "correct_option": 3,
      "sds_id": "SDS0ACA",
      "subtopic": "Ethylene",
      "image_filename": "question_80.png",
      "captured": true,
      "explanation": [
        "https://d1iljb9ao69244.cloudfront.net/63768_1726225578526_243.ogg",
        "https://d2f8z173p7073l.cloudfront.net/1550722983746"
      ]
    },
    "question_81": {
      "question_number": 81,
      "correct_option": 1,
      "sds_id": "SDS0ACB",
      "subtopic": "Ethylene",
      "image_filename": "question_81.png",
      "captured": true,
      "explanation": [
        "https://d1iljb9ao69244.cloudfront.net/question_explanations_346277_1669223262066.ogg"
      ]
    },
    "question_82": {
      "question_number": 82,
      "correct_option": 4,
      "sds_id": "SDS0ACC",
      "subtopic": "Ethylene",
      "image_filename": "question_82.png",
      "captured": true,
      "explanation": [
        "https://d1iljb9ao69244.cloudfront.net/382242_1693454381309_55.ogg"
      ]
    },
    "question_83": {
      "question_number": 83,
      "correct_option": 4,
      "sds_id": "SDS0ACD",
      "subtopic": "Ethylene",
      "image_filename": "question_83.png",
      "captured": true,
      "explanation": [
        "https://d1iljb9ao69244.cloudfront.net/382244_1693715114422_33.ogg"
      ]
    },
    "question_84": {
      "question_number": 84,
      "correct_option": 3,
      "sds_id": "SDS0ACE",
      "subtopic": "Abscisic Acid",
      "image_filename": "question_84.png",
      "captured": true,
      "explanation": [
        "https://d1iljb9ao69244.cloudfront.net/382221_1693454091338_34.ogg"
      ]
    },
    "question_85": {
      "question_number": 85,
      "correct_option": 4,
      "sds_id": "SDS0ACF",
      "subtopic": "Abscisic Acid",
      "image_filename": "question_85.png",
      "captured": true,
      "explanation": [
        "https://d1iljb9ao69244.cloudfront.net/392533_1697796088017_23.ogg"
      ]
    },
    "question_86": {
      "question_number": 86,
      "correct_option": 3,
      "sds_id": "SDS0AD0",
      "subtopic": "Abscisic Acid",
      "image_filename": "question_86.png",
      "captured": true,
      "explanation": [
        "https://d1iljb9ao69244.cloudfront.net/63769_1726225651622_244.ogg",
        "https://d2f8z173p7073l.cloudfront.net/1550723032187"
      ]
    },
    "question_87": {
      "question_number": 87,
      "correct_option": 2,
      "sds_id": "SDS0AD1",
      "subtopic": "Abscisic Acid",
      "image_filename": "question_87.png",
      "captured": true,
      "explanation": [
        "https://d1iljb9ao69244.cloudfront.net/382245_1693715126810_34.ogg"
      ]
    },
    "question_88": {
      "question_number": 88,
      "correct_option": 1,
      "sds_id": "SDS0AD2",
      "subtopic": "Differentiation, Dedifferentiation and Redifferentiation",
      "image_filename": "question_88.png",
      "captured": true,
      "explanation": [
        "https://d1iljb9ao69244.cloudfront.net/question_explanations_346265_1669223069616.ogg"
      ]
    },
    "question_89": {
      "question_number": 89,
      "correct_option": 1,
      "sds_id": "SDS0AD3",
      "subtopic": "Differentiation, Dedifferentiation and Redifferentiation",
      "image_filename": "question_89.png",
      "captured": true,
      "explanation": [
        "https://d1iljb9ao69244.cloudfront.net/question_explanations_346264_1669272685309.ogg"
      ]
    },
    "question_90": {
      "question_number": 90,
      "correct_option": 2,
      "sds_id": "SDS0AD4",
      "subtopic": "Differentiation, Dedifferentiation and Redifferentiation",
      "image_filename": "question_90.png",
      "captured": true,
      "explanation": [
        "https://d1iljb9ao69244.cloudfront.net/402275_1703756021250_49.ogg"
      ]
    },
    "question_91": {
      "question_number": 91,
      "correct_option": 1,
      "sds_id": "SDS0AD5",
      "subtopic": "Differentiation, Dedifferentiation and Redifferentiation",
      "image_filename": "question_91.png",
      "captured": true,
      "explanation": [
        "https://d1iljb9ao69244.cloudfront.net/382209_1693453961098_22.ogg"
      ]
    },
    "question_92": {
      "question_number": 92,
      "correct_option": 1,
      "sds_id": "SDS0AD6",
      "subtopic": "Differentiation, Dedifferentiation and Redifferentiation",
      "image_filename": "question_92.png",
      "captured": true,
      "explanation": [
        "https://d1iljb9ao69244.cloudfront.net/442362_1712907012507_17.ogg"
      ]
    },
    "question_93": {
      "question_number": 93,
      "correct_option": 4,
      "sds_id": "SDS0AD7",
      "subtopic": "Differentiation, Dedifferentiation and Redifferentiation",
      "image_filename": "question_93.png",
      "captured": true,
      "explanation": [
        "https://d1iljb9ao69244.cloudfront.net/63754_1726221441807_232.ogg",
        "https://d2f8z173p7073l.cloudfront.net/1550720336249"
      ]
    }
  }
}