{
  "chapter_number": 1,
  "chapter_name": "Electric Charges and Fields",
  "section_name": "HC Verma",
  "total_questions": 21,
  "questions": {
    "question_1": {
      "question_number": 1,
      "correct_option": 3,
      "sds_id": "SDS01D5",
      "subtopic": "Direct Page Capture",
      "image_filename": "question_1.png",
      "captured": true,
      "explanation": [
        "https://www.youtube.com/watch?v=Qdo45V4bnvs"
      ]
    },
    "question_2": {
      "question_number": 2,
      "correct_option": 4,
      "sds_id": "SDS01D6",
      "subtopic": "Direct Page Capture",
      "image_filename": "question_2.png",
      "captured": true,
      "explanation": [
        "https://www.youtube.com/watch?v=G_6v3t2ZRiY"
      ]
    },
    "question_3": {
      "question_number": 3,
      "correct_option": 1,
      "sds_id": "SDS01D7",
      "subtopic": "Direct Page Capture",
      "image_filename": "question_3.png",
      "captured": true,
      "explanation": [
        "https://www.youtube.com/watch?v=bxsQb-SY_s0"
      ]
    },
    "question_4": {
      "question_number": 4,
      "correct_option": 1,
      "sds_id": "SDS01D8",
      "subtopic": "Direct Page Capture",
      "image_filename": "question_4.png",
      "captured": true,
      "explanation": [
        "https://www.youtube.com/watch?v=K1GBMQBgXvc"
      ]
    },
    "question_5": {
      "question_number": 5,
      "correct_option": 3,
      "sds_id": "SDS01D9",
      "subtopic": "Direct Page Capture",
      "image_filename": "question_5.png",
      "captured": true,
      "explanation": [
        "https://www.youtube.com/watch?v=9uRE4PCVtxI"
      ]
    },
    "question_6": {
      "question_number": 6,
      "correct_option": 4,
      "sds_id": "SDS01DA",
      "subtopic": "Direct Page Capture",
      "image_filename": "question_6.png",
      "captured": true,
      "explanation": [
        "https://www.youtube.com/watch?v=DRke09zocH0"
      ]
    },
    "question_7": {
      "question_number": 7,
      "correct_option": 2,
      "sds_id": "SDS01DB",
      "subtopic": "Direct Page Capture",
      "image_filename": "question_7.png",
      "captured": true,
      "explanation": [
        "https://www.youtube.com/watch?v=Zan_bXCyaH4"
      ]
    },
    "question_8": {
      "question_number": 8,
      "correct_option": 3,
      "sds_id": "SDS01DC",
      "subtopic": "Direct Page Capture",
      "image_filename": "question_8.png",
      "captured": true,
      "explanation": [
        "https://www.youtube.com/watch?v=JzUdzSjAezo"
      ]
    },
    "question_9": {
      "question_number": 9,
      "correct_option": 1,
      "sds_id": "SDS01DD",
      "subtopic": "Direct Page Capture",
      "image_filename": "question_9.png",
      "captured": true,
      "explanation": [
        "https://www.youtube.com/watch?v=mGJRS3FG3Mw"
      ]
    },
    "question_10": {
      "question_number": 10,
      "correct_option": 1,
      "sds_id": "SDS01DE",
      "subtopic": "Direct Page Capture",
      "image_filename": "question_10.png",
      "captured": true,
      "explanation": [
        "https://www.youtube.com/watch?v=qmhjhmKFIKM"
      ]
    },
    "question_11": {
      "question_number": 11,
      "correct_option": 4,
      "sds_id": "SDS01DF",
      "subtopic": "Direct Page Capture",
      "image_filename": "question_11.png",
      "captured": true,
      "explanation": [
        "https://www.youtube.com/watch?v=-D-eWiWskco"
      ]
    },
    "question_12": {
      "question_number": 12,
      "correct_option": 3,
      "sds_id": "SDS01E0",
      "subtopic": "Direct Page Capture",
      "image_filename": "question_12.png",
      "captured": true,
      "explanation": [
        "https://www.youtube.com/watch?v=pm9QQS8lk3A"
      ]
    },
    "question_13": {
      "question_number": 13,
      "correct_option": 3,
      "sds_id": "SDS01E1",
      "subtopic": "Direct Page Capture",
      "image_filename": "question_13.png",
      "captured": true,
      "explanation": [
        "https://www.youtube.com/watch?v=t9esOy1uvxE"
      ]
    },
    "question_14": {
      "question_number": 14,
      "correct_option": 3,
      "sds_id": "SDS01E2",
      "subtopic": "Direct Page Capture",
      "image_filename": "question_14.png",
      "captured": true,
      "explanation": [
        "https://www.youtube.com/watch?v=rZm0adeI_4k"
      ]
    },
    "question_15": {
      "question_number": 15,
      "correct_option": 4,
      "sds_id": "SDS01E3",
      "subtopic": "Direct Page Capture",
      "image_filename": "question_15.png",
      "captured": true,
      "explanation": [
        "https://www.youtube.com/watch?v=8_Jd48yAc-8"
      ]
    },
    "question_16": {
      "question_number": 16,
      "correct_option": 2,
      "sds_id": "SDS01E4",
      "subtopic": "Direct Page Capture",
      "image_filename": "question_16.png",
      "captured": true,
      "explanation": [
        "https://www.youtube.com/watch?v=JHj8H_5codw"
      ]
    },
    "question_17": {
      "question_number": 17,
      "correct_option": 1,
      "sds_id": "SDS01E5",
      "subtopic": "Direct Page Capture",
      "image_filename": "question_17.png",
      "captured": true,
      "explanation": [
        "https://www.youtube.com/watch?v=iVW1NBSUiTk"
      ]
    },
    "question_18": {
      "question_number": 18,
      "correct_option": 1,
      "sds_id": "SDS01E6",
      "subtopic": "Direct Page Capture",
      "image_filename": "question_18.png",
      "captured": true,
      "explanation": [
        "https://www.youtube.com/watch?v=RXRNJ9KAnV0"
      ]
    },
    "question_19": {
      "question_number": 19,
      "correct_option": 3,
      "sds_id": "SDS01E7",
      "subtopic": "Direct Page Capture",
      "image_filename": "question_19.png",
      "captured": true,
      "explanation": [
        "https://www.youtube.com/watch?v=FsDgwtmAGhk"
      ]
    },
    "question_20": {
      "question_number": 20,
      "correct_option": 3,
      "sds_id": "SDS01E8",
      "subtopic": "Direct Page Capture",
      "image_filename": "question_20.png",
      "captured": true,
      "explanation": [
        "https://www.youtube.com/watch?v=G1LUxI0XJaE"
      ]
    },
    "question_21": {
      "question_number": 21,
      "correct_option": 2,
      "sds_id": "SDS01E9",
      "subtopic": "Direct Page Capture",
      "image_filename": "question_21.png",
      "captured": true,
      "explanation": [
        "https://www.youtube.com/watch?v=MBV1NN-LDjc"
      ]
    }
  }
}