{
  "chapter_number": 5,
  "chapter_name": "Laws of Motion",
  "section_name": "HC Verma",
  "total_questions": 79,
  "questions": {
    "question_1": {
      "question_number": 1,
      "correct_option": 2,
      "sds_id": "SDS002C",
      "subtopic": "Direct Page Capture",
      "image_filename": "question_1.png",
      "captured": true,
      "explanation": [
        "https://www.youtube.com/watch?v=h-D6pdAhXUc"
      ]
    },
    "question_2": {
      "question_number": 2,
      "correct_option": 2,
      "sds_id": "SDS002D",
      "subtopic": "Direct Page Capture",
      "image_filename": "question_2.png",
      "captured": true,
      "explanation": [
        "https://www.youtube.com/watch?v=8ERaFn8oV2g"
      ]
    },
    "question_3": {
      "question_number": 3,
      "correct_option": 4,
      "sds_id": "SDS002E",
      "subtopic": "Direct Page Capture",
      "image_filename": "question_3.png",
      "captured": true,
      "explanation": [
        "https://www.youtube.com/watch?v=tLjmJY0V8gw"
      ]
    },
    "question_4": {
      "question_number": 4,
      "correct_option": 4,
      "sds_id": "SDS002F",
      "subtopic": "Direct Page Capture",
      "image_filename": "question_4.png",
      "captured": true,
      "explanation": [
        "https://www.youtube.com/watch?v=iHYi5gAEXYQ"
      ]
    },
    "question_5": {
      "question_number": 5,
      "correct_option": 3,
      "sds_id": "SDS0030",
      "subtopic": "Direct Page Capture",
      "image_filename": "question_5.png",
      "captured": true,
      "explanation": [
        "https://www.youtube.com/watch?v=CCyGu8bZpe0"
      ]
    },
    "question_6": {
      "question_number": 6,
      "correct_option": 2,
      "sds_id": "SDS0031",
      "subtopic": "Direct Page Capture",
      "image_filename": "question_6.png",
      "captured": true,
      "explanation": [
        "https://www.youtube.com/watch?v=YPujoCAwVoc"
      ]
    },
    "question_7": {
      "question_number": 7,
      "correct_option": 1,
      "sds_id": "SDS0032",
      "subtopic": "Direct Page Capture",
      "image_filename": "question_7.png",
      "captured": true,
      "explanation": [
        "https://www.youtube.com/watch?v=2ENLxVRCZUg"
      ]
    },
    "question_8": {
      "question_number": 8,
      "correct_option": 2,
      "sds_id": "SDS0033",
      "subtopic": "Direct Page Capture",
      "image_filename": "question_8.png",
      "captured": true,
      "explanation": [
        "https://www.youtube.com/watch?v=C2fyZkbhiZc"
      ]
    },
    "question_9": {
      "question_number": 9,
      "correct_option": 1,
      "sds_id": "SDS0034",
      "subtopic": "Direct Page Capture",
      "image_filename": "question_9.png",
      "captured": true,
      "explanation": [
        "https://www.youtube.com/watch?v=dPW7w-TGB-I"
      ]
    },
    "question_10": {
      "question_number": 10,
      "correct_option": 1,
      "sds_id": "SDS0035",
      "subtopic": "Direct Page Capture",
      "image_filename": "question_10.png",
      "captured": true,
      "explanation": [
        "https://www.youtube.com/watch?v=xSDyt6-mVZM"
      ]
    },
    "question_11": {
      "question_number": 11,
      "correct_option": 4,
      "sds_id": "SDS0036",
      "subtopic": "Direct Page Capture",
      "image_filename": "question_11.png",
      "captured": true,
      "explanation": [
        "https://www.youtube.com/watch?v=oZ50m1x1fuM"
      ]
    },
    "question_12": {
      "question_number": 12,
      "correct_option": 4,
      "sds_id": "SDS0037",
      "subtopic": "Direct Page Capture",
      "image_filename": "question_12.png",
      "captured": true,
      "explanation": [
        "https://www.youtube.com/watch?v=Dj8HjVXg60Y"
      ]
    },
    "question_13": {
      "question_number": 13,
      "correct_option": 3,
      "sds_id": "SDS0038",
      "subtopic": "Direct Page Capture",
      "image_filename": "question_13.png",
      "captured": true,
      "explanation": [
        "https://www.youtube.com/watch?v=y00MKaEH9d4"
      ]
    },
    "question_14": {
      "question_number": 14,
      "correct_option": 2,
      "sds_id": "SDS0039",
      "subtopic": "Direct Page Capture",
      "image_filename": "question_14.png",
      "captured": true,
      "explanation": [
        "https://www.youtube.com/watch?v=7oR66y5HLDQ"
      ]
    },
    "question_15": {
      "question_number": 15,
      "correct_option": 4,
      "sds_id": "SDS003A",
      "subtopic": "Direct Page Capture",
      "image_filename": "question_15.png",
      "captured": true,
      "explanation": []
    },
    "question_16": {
      "question_number": 16,
      "correct_option": 1,
      "sds_id": "SDS003B",
      "subtopic": "Direct Page Capture",
      "image_filename": "question_16.png",
      "captured": true,
      "explanation": [
        "https://www.youtube.com/watch?v=RSoKbJkYvg4"
      ]
    },
    "question_17": {
      "question_number": 17,
      "correct_option": 3,
      "sds_id": "SDS003C",
      "subtopic": "Direct Page Capture",
      "image_filename": "question_17.png",
      "captured": true,
      "explanation": [
        "https://www.youtube.com/watch?v=AEt0Z3zy7u0"
      ]
    },
    "question_18": {
      "question_number": 18,
      "correct_option": 2,
      "sds_id": "SDS003D",
      "subtopic": "Direct Page Capture",
      "image_filename": "question_18.png",
      "captured": true,
      "explanation": [
        "https://www.youtube.com/watch?v=7Y1s2ov1YIM"
      ]
    },
    "question_19": {
      "question_number": 19,
      "correct_option": 4,
      "sds_id": "SDS003E",
      "subtopic": "Direct Page Capture",
      "image_filename": "question_19.png",
      "captured": true,
      "explanation": [
        "https://www.youtube.com/watch?v=kVArjOGkOKw"
      ]
    },
    "question_20": {
      "question_number": 20,
      "correct_option": 1,
      "sds_id": "SDS003F",
      "subtopic": "Direct Page Capture",
      "image_filename": "question_20.png",
      "captured": true,
      "explanation": [
        "https://www.youtube.com/watch?v=Dg9H4y5Wf1A"
      ]
    },
    "question_21": {
      "question_number": 21,
      "correct_option": 2,
      "sds_id": "SDS0040",
      "subtopic": "Direct Page Capture",
      "image_filename": "question_21.png",
      "captured": true,
      "explanation": [
        "https://www.youtube.com/watch?v=eqQIsjzUX-M"
      ]
    },
    "question_22": {
      "question_number": 22,
      "correct_option": 2,
      "sds_id": "SDS0041",
      "subtopic": "Direct Page Capture",
      "image_filename": "question_22.png",
      "captured": true,
      "explanation": [
        "https://www.youtube.com/watch?v=EoiNumPWHjc"
      ]
    },
    "question_23": {
      "question_number": 23,
      "correct_option": 3,
      "sds_id": "SDS0042",
      "subtopic": "Direct Page Capture",
      "image_filename": "question_23.png",
      "captured": true,
      "explanation": [
        "https://www.youtube.com/watch?v=NUbgLIpi8Xw"
      ]
    },
    "question_24": {
      "question_number": 24,
      "correct_option": 2,
      "sds_id": "SDS0043",
      "subtopic": "Direct Page Capture",
      "image_filename": "question_24.png",
      "captured": true,
      "explanation": [
        "https://www.youtube.com/watch?v=RKJ2jy1Qcig"
      ]
    },
    "question_25": {
      "question_number": 25,
      "correct_option": 1,
      "sds_id": "SDS0044",
      "subtopic": "Direct Page Capture",
      "image_filename": "question_25.png",
      "captured": true,
      "explanation": [
        "https://www.youtube.com/watch?v=aB7rdFbztns"
      ]
    },
    "question_26": {
      "question_number": 26,
      "correct_option": 3,
      "sds_id": "SDS0045",
      "subtopic": "Direct Page Capture",
      "image_filename": "question_26.png",
      "captured": true,
      "explanation": [
        "https://www.youtube.com/watch?v=Ha0ttgW-fbU"
      ]
    },
    "question_27": {
      "question_number": 27,
      "correct_option": 4,
      "sds_id": "SDS0046",
      "subtopic": "Direct Page Capture",
      "image_filename": "question_27.png",
      "captured": true,
      "explanation": [
        "https://www.youtube.com/watch?v=qmLU1MNcMTo"
      ]
    },
    "question_28": {
      "question_number": 28,
      "correct_option": 3,
      "sds_id": "SDS0047",
      "subtopic": "Direct Page Capture",
      "image_filename": "question_28.png",
      "captured": true,
      "explanation": [
        "https://www.youtube.com/watch?v=6XGVCgyje70"
      ]
    },
    "question_29": {
      "question_number": 29,
      "correct_option": 1,
      "sds_id": "SDS0048",
      "subtopic": "Direct Page Capture",
      "image_filename": "question_29.png",
      "captured": true,
      "explanation": [
        "https://www.youtube.com/watch?v=O08X1W-3L0o"
      ]
    },
    "question_30": {
      "question_number": 30,
      "correct_option": 3,
      "sds_id": "SDS0049",
      "subtopic": "Direct Page Capture",
      "image_filename": "question_30.png",
      "captured": true,
      "explanation": [
        "https://www.youtube.com/watch?v=pZu-BBrsns8"
      ]
    },
    "question_31": {
      "question_number": 31,
      "correct_option": 1,
      "sds_id": "SDS004A",
      "subtopic": "Direct Page Capture",
      "image_filename": "question_31.png",
      "captured": true,
      "explanation": [
        "https://www.youtube.com/watch?v=-cvYAC8UPIs"
      ]
    },
    "question_32": {
      "question_number": 32,
      "correct_option": 2,
      "sds_id": "SDS004B",
      "subtopic": "Direct Page Capture",
      "image_filename": "question_32.png",
      "captured": true,
      "explanation": [
        "https://www.youtube.com/watch?v=bLPmgWkxGlo"
      ]
    },
    "question_33": {
      "question_number": 33,
      "correct_option": 3,
      "sds_id": "SDS004C",
      "subtopic": "Direct Page Capture",
      "image_filename": "question_33.png",
      "captured": true,
      "explanation": [
        "https://www.youtube.com/watch?v=iWjgNfTOCRQ"
      ]
    },
    "question_34": {
      "question_number": 34,
      "correct_option": 4,
      "sds_id": "SDS004D",
      "subtopic": "Direct Page Capture",
      "image_filename": "question_34.png",
      "captured": true,
      "explanation": [
        "https://www.youtube.com/watch?v=DwJ8qbembJA"
      ]
    },
    "question_35": {
      "question_number": 35,
      "correct_option": 4,
      "sds_id": "SDS004E",
      "subtopic": "Direct Page Capture",
      "image_filename": "question_35.png",
      "captured": true,
      "explanation": [
        "https://www.youtube.com/watch?v=oCeCjCH9GHw"
      ]
    },
    "question_36": {
      "question_number": 36,
      "correct_option": 2,
      "sds_id": "SDS004F",
      "subtopic": "Direct Page Capture",
      "image_filename": "question_36.png",
      "captured": true,
      "explanation": [
        "https://www.youtube.com/watch?v=F0hFRUsS18I"
      ]
    },
    "question_37": {
      "question_number": 37,
      "correct_option": 2,
      "sds_id": "SDS0050",
      "subtopic": "Direct Page Capture",
      "image_filename": "question_37.png",
      "captured": true,
      "explanation": [
        "https://www.youtube.com/watch?v=hllXbZ1MJF0"
      ]
    },
    "question_38": {
      "question_number": 38,
      "correct_option": 3,
      "sds_id": "SDS0051",
      "subtopic": "Direct Page Capture",
      "image_filename": "question_38.png",
      "captured": true,
      "explanation": [
        "https://www.youtube.com/watch?v=GEIFfDFfX24"
      ]
    },
    "question_39": {
      "question_number": 39,
      "correct_option": 4,
      "sds_id": "SDS0052",
      "subtopic": "Direct Page Capture",
      "image_filename": "question_39.png",
      "captured": true,
      "explanation": [
        "https://www.youtube.com/watch?v=rUYj7EhAOp4"
      ]
    },
    "question_40": {
      "question_number": 40,
      "correct_option": 4,
      "sds_id": "SDS0053",
      "subtopic": "Direct Page Capture",
      "image_filename": "question_40.png",
      "captured": true,
      "explanation": [
        "https://www.youtube.com/watch?v=w2bvp0Hn_o4"
      ]
    },
    "question_41": {
      "question_number": 41,
      "correct_option": 1,
      "sds_id": "SDS0054",
      "subtopic": "Direct Page Capture",
      "image_filename": "question_41.png",
      "captured": true,
      "explanation": [
        "https://www.youtube.com/watch?v=IxhobMoL4iE"
      ]
    },
    "question_42": {
      "question_number": 42,
      "correct_option": 3,
      "sds_id": "SDS0055",
      "subtopic": "Direct Page Capture",
      "image_filename": "question_42.png",
      "captured": true,
      "explanation": [
        "https://www.youtube.com/watch?v=nm83_ypb1Rg"
      ]
    },
    "question_43": {
      "question_number": 43,
      "correct_option": 2,
      "sds_id": "SDS0056",
      "subtopic": "Direct Page Capture",
      "image_filename": "question_43.png",
      "captured": true,
      "explanation": [
        "https://www.youtube.com/watch?v=Swuc1RCcXHk"
      ]
    },
    "question_44": {
      "question_number": 44,
      "correct_option": 4,
      "sds_id": "SDS0057",
      "subtopic": "Direct Page Capture",
      "image_filename": "question_44.png",
      "captured": true,
      "explanation": [
        "https://www.youtube.com/watch?v=J7pZJmzJQlg"
      ]
    },
    "question_45": {
      "question_number": 45,
      "correct_option": 1,
      "sds_id": "SDS0058",
      "subtopic": "Direct Page Capture",
      "image_filename": "question_45.png",
      "captured": true,
      "explanation": [
        "https://www.youtube.com/watch?v=fnfFhtxofEc"
      ]
    },
    "question_46": {
      "question_number": 46,
      "correct_option": 2,
      "sds_id": "SDS0059",
      "subtopic": "Direct Page Capture",
      "image_filename": "question_46.png",
      "captured": true,
      "explanation": [
        "https://www.youtube.com/watch?v=MDq8XUhhhK0"
      ]
    },
    "question_47": {
      "question_number": 47,
      "correct_option": 3,
      "sds_id": "SDS005A",
      "subtopic": "Direct Page Capture",
      "image_filename": "question_47.png",
      "captured": true,
      "explanation": [
        "https://www.youtube.com/watch?v=R293CeTFDHM"
      ]
    },
    "question_48": {
      "question_number": 48,
      "correct_option": 2,
      "sds_id": "SDS005B",
      "subtopic": "Direct Page Capture",
      "image_filename": "question_48.png",
      "captured": true,
      "explanation": [
        "https://www.youtube.com/watch?v=kJQ436rYdn4"
      ]
    },
    "question_49": {
      "question_number": 49,
      "correct_option": 3,
      "sds_id": "SDS005C",
      "subtopic": "Direct Page Capture",
      "image_filename": "question_49.png",
      "captured": true,
      "explanation": [
        "https://www.youtube.com/watch?v=O3q3GBknSu8"
      ]
    },
    "question_50": {
      "question_number": 50,
      "correct_option": 1,
      "sds_id": "SDS005D",
      "subtopic": "Direct Page Capture",
      "image_filename": "question_50.png",
      "captured": true,
      "explanation": [
        "https://www.youtube.com/watch?v=ad_Wn1UGi8s"
      ]
    },
    "question_51": {
      "question_number": 51,
      "correct_option": 4,
      "sds_id": "SDS005E",
      "subtopic": "Direct Page Capture",
      "image_filename": "question_51.png",
      "captured": true,
      "explanation": [
        "https://www.youtube.com/watch?v=qLENBqNkyKU"
      ]
    },
    "question_52": {
      "question_number": 52,
      "correct_option": 4,
      "sds_id": "SDS005F",
      "subtopic": "Direct Page Capture",
      "image_filename": "question_52.png",
      "captured": true,
      "explanation": [
        "https://www.youtube.com/watch?v=YInrH8DQ0qY"
      ]
    },
    "question_53": {
      "question_number": 53,
      "correct_option": 3,
      "sds_id": "SDS0060",
      "subtopic": "Direct Page Capture",
      "image_filename": "question_53.png",
      "captured": true,
      "explanation": [
        "https://www.youtube.com/watch?v=qedwWSvymvU"
      ]
    },
    "question_54": {
      "question_number": 54,
      "correct_option": 4,
      "sds_id": "SDS0061",
      "subtopic": "Direct Page Capture",
      "image_filename": "question_54.png",
      "captured": true,
      "explanation": [
        "https://www.youtube.com/watch?v=e0pubgFalUM"
      ]
    },
    "question_55": {
      "question_number": 55,
      "correct_option": 2,
      "sds_id": "SDS0062",
      "subtopic": "Direct Page Capture",
      "image_filename": "question_55.png",
      "captured": true,
      "explanation": [
        "https://www.youtube.com/watch?v=qi0I3m4SWCk"
      ]
    },
    "question_56": {
      "question_number": 56,
      "correct_option": 1,
      "sds_id": "SDS0063",
      "subtopic": "Direct Page Capture",
      "image_filename": "question_56.png",
      "captured": true,
      "explanation": [
        "https://www.youtube.com/watch?v=g2SgLwNYmss"
      ]
    },
    "question_57": {
      "question_number": 57,
      "correct_option": 3,
      "sds_id": "SDS0064",
      "subtopic": "Direct Page Capture",
      "image_filename": "question_57.png",
      "captured": true,
      "explanation": [
        "https://www.youtube.com/watch?v=AT-ssw1460U"
      ]
    },
    "question_58": {
      "question_number": 58,
      "correct_option": 3,
      "sds_id": "SDS0065",
      "subtopic": "Direct Page Capture",
      "image_filename": "question_58.png",
      "captured": true,
      "explanation": [
        "https://www.youtube.com/watch?v=2CLXtYyEYc4"
      ]
    },
    "question_59": {
      "question_number": 59,
      "correct_option": 1,
      "sds_id": "SDS0066",
      "subtopic": "Direct Page Capture",
      "image_filename": "question_59.png",
      "captured": true,
      "explanation": [
        "https://www.youtube.com/watch?v=U-8VLNwJS78"
      ]
    },
    "question_60": {
      "question_number": 60,
      "correct_option": 1,
      "sds_id": "SDS0067",
      "subtopic": "Direct Page Capture",
      "image_filename": "question_60.png",
      "captured": true,
      "explanation": [
        "https://www.youtube.com/watch?v=CHNGt8ndYHo"
      ]
    },
    "question_61": {
      "question_number": 61,
      "correct_option": 3,
      "sds_id": "SDS0068",
      "subtopic": "Direct Page Capture",
      "image_filename": "question_61.png",
      "captured": true,
      "explanation": [
        "https://www.youtube.com/watch?v=Z5-OK3ISWe8"
      ]
    },
    "question_62": {
      "question_number": 62,
      "correct_option": 1,
      "sds_id": "SDS0069",
      "subtopic": "Direct Page Capture",
      "image_filename": "question_62.png",
      "captured": true,
      "explanation": [
        "https://www.youtube.com/watch?v=sGRZf0nJY4Q"
      ]
    },
    "question_63": {
      "question_number": 63,
      "correct_option": 4,
      "sds_id": "SDS006A",
      "subtopic": "Direct Page Capture",
      "image_filename": "question_63.png",
      "captured": true,
      "explanation": [
        "https://www.youtube.com/watch?v=sA-IhQK8u7U"
      ]
    },
    "question_64": {
      "question_number": 64,
      "correct_option": 1,
      "sds_id": "SDS006B",
      "subtopic": "Direct Page Capture",
      "image_filename": "question_64.png",
      "captured": true,
      "explanation": [
        "https://www.youtube.com/watch?v=n5YY8XJGDVQ"
      ]
    },
    "question_65": {
      "question_number": 65,
      "correct_option": 4,
      "sds_id": "SDS006C",
      "subtopic": "Direct Page Capture",
      "image_filename": "question_65.png",
      "captured": true,
      "explanation": [
        "https://www.youtube.com/watch?v=dy09QB4oPpc"
      ]
    },
    "question_66": {
      "question_number": 66,
      "correct_option": 3,
      "sds_id": "SDS006D",
      "subtopic": "Direct Page Capture",
      "image_filename": "question_66.png",
      "captured": true,
      "explanation": [
        "https://www.youtube.com/watch?v=WeCHpWJ58hA"
      ]
    },
    "question_67": {
      "question_number": 67,
      "correct_option": 4,
      "sds_id": "SDS006E",
      "subtopic": "Direct Page Capture",
      "image_filename": "question_67.png",
      "captured": true,
      "explanation": [
        "https://www.youtube.com/watch?v=cCP0aK8IX08"
      ]
    },
    "question_68": {
      "question_number": 68,
      "correct_option": 4,
      "sds_id": "SDS006F",
      "subtopic": "Direct Page Capture",
      "image_filename": "question_68.png",
      "captured": true,
      "explanation": [
        "https://www.youtube.com/watch?v=WuHxMNUl458"
      ]
    },
    "question_69": {
      "question_number": 69,
      "correct_option": 2,
      "sds_id": "SDS0070",
      "subtopic": "Direct Page Capture",
      "image_filename": "question_69.png",
      "captured": true,
      "explanation": [
        "https://www.youtube.com/watch?v=TPhlpgMyTVU"
      ]
    },
    "question_70": {
      "question_number": 70,
      "correct_option": 3,
      "sds_id": "SDS0071",
      "subtopic": "Direct Page Capture",
      "image_filename": "question_70.png",
      "captured": true,
      "explanation": [
        "https://www.youtube.com/watch?v=jSMbynWcnrU"
      ]
    },
    "question_71": {
      "question_number": 71,
      "correct_option": 2,
      "sds_id": "SDS0072",
      "subtopic": "Direct Page Capture",
      "image_filename": "question_71.png",
      "captured": true,
      "explanation": [
        "https://www.youtube.com/watch?v=uSO0DgOZYUE"
      ]
    },
    "question_72": {
      "question_number": 72,
      "correct_option": 1,
      "sds_id": "SDS0073",
      "subtopic": "Direct Page Capture",
      "image_filename": "question_72.png",
      "captured": true,
      "explanation": [
        "https://www.youtube.com/watch?v=YqgUr7sOtk8"
      ]
    },
    "question_73": {
      "question_number": 73,
      "correct_option": 4,
      "sds_id": "SDS0074",
      "subtopic": "Direct Page Capture",
      "image_filename": "question_73.png",
      "captured": true,
      "explanation": [
        "https://www.youtube.com/watch?v=7WIFIcfrURc"
      ]
    },
    "question_74": {
      "question_number": 74,
      "correct_option": 4,
      "sds_id": "SDS0075",
      "subtopic": "Direct Page Capture",
      "image_filename": "question_74.png",
      "captured": true,
      "explanation": [
        "https://www.youtube.com/watch?v=27X-ggRz3mY"
      ]
    },
    "question_75": {
      "question_number": 75,
      "correct_option": 2,
      "sds_id": "SDS0076",
      "subtopic": "Direct Page Capture",
      "image_filename": "question_75.png",
      "captured": true,
      "explanation": [
        "https://www.youtube.com/watch?v=j0WrXeERFW8"
      ]
    },
    "question_76": {
      "question_number": 76,
      "correct_option": 4,
      "sds_id": "SDS0077",
      "subtopic": "Direct Page Capture",
      "image_filename": "question_76.png",
      "captured": true,
      "explanation": [
        "https://www.youtube.com/watch?v=dSshE44-_cY"
      ]
    },
    "question_77": {
      "question_number": 77,
      "correct_option": 1,
      "sds_id": "SDS0078",
      "subtopic": "Direct Page Capture",
      "image_filename": "question_77.png",
      "captured": true,
      "explanation": [
        "https://www.youtube.com/watch?v=61sG7KLuaVo"
      ]
    },
    "question_78": {
      "question_number": 78,
      "correct_option": 4,
      "sds_id": "SDS0079",
      "subtopic": "Direct Page Capture",
      "image_filename": "question_78.png",
      "captured": true,
      "explanation": [
        "https://www.youtube.com/watch?v=-Dq2XgIRR9E"
      ]
    },
    "question_79": {
      "question_number": 79,
      "correct_option": 1,
      "sds_id": "SDS007A",
      "subtopic": "Direct Page Capture",
      "image_filename": "question_79.png",
      "captured": true,
      "explanation": []
    }
  }
}