{
  "chapter_name": "13 Biodiversity and Conservation",
  "sets": {
    "Biodiversity and Conservation (96 MCQs)": {
      "name": "Biodiversity and Conservation (96 MCQs)",
      "path": "Biodiversity and Conservation (96 MCQs)/",
      "questions": {
        "question_1": {
          "question_number": 1,
          "correct_option": 3,
          "sds_id": "SDS1856",
          "subtopic": "Introduction & Types",
          "image_filename": "question_1.png",
          "captured": true,
          "explanation": [
            "https://d1iljb9ao69244.cloudfront.net/405584_1704521967632_13.ogg"
          ]
        },
        "question_2": {
          "question_number": 2,
          "correct_option": 1,
          "sds_id": "SDS1857",
          "subtopic": "Introduction & Types",
          "image_filename": "question_2.png",
          "captured": true,
          "explanation": [
            "https://d1iljb9ao69244.cloudfront.net/405923_1704524706365_50.ogg"
          ]
        },
        "question_3": {
          "question_number": 3,
          "correct_option": 2,
          "sds_id": "SDS1858",
          "subtopic": "Introduction & Types",
          "image_filename": "question_3.png",
          "captured": true,
          "explanation": [
            "https://d1iljb9ao69244.cloudfront.net/417429_1707502905113_24.ogg"
          ]
        },
        "question_4": {
          "question_number": 4,
          "correct_option": 1,
          "sds_id": "SDS1859",
          "subtopic": "Introduction & Types",
          "image_filename": "question_4.png",
          "captured": true,
          "explanation": [
            "https://d1iljb9ao69244.cloudfront.net/417351_1707641268488_24.ogg"
          ]
        },
        "question_5": {
          "question_number": 5,
          "correct_option": 1,
          "sds_id": "SDS185A",
          "subtopic": "Introduction & Types",
          "image_filename": "question_5.png",
          "captured": true,
          "explanation": [
            "https://d1iljb9ao69244.cloudfront.net/447703_1713345775416_35.ogg"
          ]
        },
        "question_6": {
          "question_number": 6,
          "correct_option": 1,
          "sds_id": "SDS185B",
          "subtopic": "Introduction & Types",
          "image_filename": "question_6.png",
          "captured": true,
          "explanation": [
            "https://d1iljb9ao69244.cloudfront.net/449475_1713789061777_28.ogg"
          ]
        },
        "question_7": {
          "question_number": 7,
          "correct_option": 3,
          "sds_id": "SDS185C",
          "subtopic": "Introduction & Types",
          "image_filename": "question_7.png",
          "captured": true,
          "explanation": [
            "https://d1iljb9ao69244.cloudfront.net/449410_1713789046801_27.ogg"
          ]
        },
        "question_8": {
          "question_number": 8,
          "correct_option": 2,
          "sds_id": "SDS185D",
          "subtopic": "Introduction & Types",
          "image_filename": "question_8.png",
          "captured": true,
          "explanation": [
            "https://d2f8z173p7073l.cloudfront.net/1551629573659"
          ]
        },
        "question_9": {
          "question_number": 9,
          "correct_option": 3,
          "sds_id": "SDS185E",
          "subtopic": "Introduction & Types",
          "image_filename": "question_9.png",
          "captured": true,
          "explanation": [
            "https://d2f8z173p7073l.cloudfront.net/1551599707830"
          ]
        },
        "question_10": {
          "question_number": 10,
          "correct_option": 3,
          "sds_id": "SDS185F",
          "subtopic": "Introduction & Types",
          "image_filename": "question_10.png",
          "captured": true,
          "explanation": [
            "https://d2f8z173p7073l.cloudfront.net/1551599401054",
            "https://www.youtube.com/embed/8QwPhBWKxG4?rel=0&amp;modestbranding=1&amp;loop=1&amp;playlist=8QwPhBWKxG4&amp;start=131&amp;end=152",
            "https://www.youtube.com/embed/8QwPhBWKxG4?rel=0&modestbranding=1&loop=1&playlist=8QwPhBWKxG4&start=131&end=152"
          ]
        },
        "question_11": {
          "question_number": 11,
          "correct_option": 2,
          "sds_id": "SDS1860",
          "subtopic": "Introduction & Types",
          "image_filename": "question_11.png",
          "captured": true,
          "explanation": [
            "https://d2f8z173p7073l.cloudfront.net/1551629792472"
          ]
        },
        "question_12": {
          "question_number": 12,
          "correct_option": 3,
          "sds_id": "SDS1861",
          "subtopic": "Magnitude of Biodiversity",
          "image_filename": "question_12.png",
          "captured": true,
          "explanation": [
            "https://d1iljb9ao69244.cloudfront.net/question_explanations_358054_1672226105412.ogg"
          ]
        },
        "question_13": {
          "question_number": 13,
          "correct_option": 1,
          "sds_id": "SDS1862",
          "subtopic": "Magnitude of Biodiversity",
          "image_filename": "question_13.png",
          "captured": true,
          "explanation": [
            "https://d2f8z173p7073l.cloudfront.net/1588068618022"
          ]
        },
        "question_14": {
          "question_number": 14,
          "correct_option": 2,
          "sds_id": "SDS1863",
          "subtopic": "Magnitude of Biodiversity",
          "image_filename": "question_14.png",
          "captured": true,
          "explanation": [
            "https://d1iljb9ao69244.cloudfront.net/431620_1711174869621_50.ogg"
          ]
        },
        "question_15": {
          "question_number": 15,
          "correct_option": 4,
          "sds_id": "SDS1864",
          "subtopic": "Magnitude of Biodiversity",
          "image_filename": "question_15.png",
          "captured": true,
          "explanation": [
            "https://d1iljb9ao69244.cloudfront.net/437285_1712312800630_49.ogg"
          ]
        },
        "question_16": {
          "question_number": 16,
          "correct_option": 3,
          "sds_id": "SDS1865",
          "subtopic": "Magnitude of Biodiversity",
          "image_filename": "question_16.png",
          "captured": true,
          "explanation": [
            "https://d1iljb9ao69244.cloudfront.net/question_explanations_163747_1672040304269.ogg"
          ]
        },
        "question_17": {
          "question_number": 17,
          "correct_option": 4,
          "sds_id": "SDS1866",
          "subtopic": "Magnitude of Biodiversity",
          "image_filename": "question_17.png",
          "captured": true,
          "explanation": [
            "https://d2f8z173p7073l.cloudfront.net/1549281877320",
            "https://dsbihjlymzdyy.cloudfront.net/bio_images/all/Diagrams%20in%20Svg%20form%2FSVG%20Diagrams%20of%20class%2012th%2FMixed%20SVG%20Diagrams%2F62844.SVG.svg",
            "https://www.youtube-nocookie.com/embed/exDzcaQ29X8?rel=0"
          ]
        },
        "question_18": {
          "question_number": 18,
          "correct_option": 1,
          "sds_id": "SDS1867",
          "subtopic": "Magnitude of Biodiversity",
          "image_filename": "question_18.png",
          "captured": true,
          "explanation": [
            "https://d1iljb9ao69244.cloudfront.net/405566_1704521467486_4..ogg"
          ]
        },
        "question_19": {
          "question_number": 19,
          "correct_option": 3,
          "sds_id": "SDS1868",
          "subtopic": "Magnitude of Biodiversity",
          "image_filename": "question_19.png",
          "captured": true,
          "explanation": [
            "https://d1iljb9ao69244.cloudfront.net/417431_1707502929643_26.ogg"
          ]
        },
        "question_20": {
          "question_number": 20,
          "correct_option": 3,
          "sds_id": "SDS1869",
          "subtopic": "Magnitude of Biodiversity",
          "image_filename": "question_20.png",
          "captured": true,
          "explanation": [
            "https://d1iljb9ao69244.cloudfront.net/417353_1707641293825_26.ogg"
          ]
        },
        "question_21": {
          "question_number": 21,
          "correct_option": 1,
          "sds_id": "SDS186A",
          "subtopic": "Magnitude of Biodiversity",
          "image_filename": "question_21.png",
          "captured": true,
          "explanation": [
            "https://d1iljb9ao69244.cloudfront.net/414872_1706944801906_3.ogg"
          ]
        },
        "question_22": {
          "question_number": 22,
          "correct_option": 3,
          "sds_id": "SDS186B",
          "subtopic": "Magnitude of Biodiversity",
          "image_filename": "question_22.png",
          "captured": true,
          "explanation": [
            "https://d1iljb9ao69244.cloudfront.net/243321_1712045359381_35.ogg",
            "https://d1iljb9ao69244.cloudfront.net/243321_1621685426689_13.ogg"
          ]
        },
        "question_23": {
          "question_number": 23,
          "correct_option": 3,
          "sds_id": "SDS186C",
          "subtopic": "Biodiversity Patterns",
          "image_filename": "question_23.png",
          "captured": true,
          "explanation": [
            "https://d1iljb9ao69244.cloudfront.net/405569_1704521484705_5..ogg"
          ]
        },
        "question_24": {
          "question_number": 24,
          "correct_option": 4,
          "sds_id": "SDS186D",
          "subtopic": "Biodiversity Patterns",
          "image_filename": "question_24.png",
          "captured": true,
          "explanation": [
            "https://d2f8z173p7073l.cloudfront.net/1551629200804"
          ]
        },
        "question_25": {
          "question_number": 25,
          "correct_option": 2,
          "sds_id": "SDS186E",
          "subtopic": "Biodiversity Patterns",
          "image_filename": "question_25.png",
          "captured": true,
          "explanation": [
            "https://d2f8z173p7073l.cloudfront.net/1551599755605"
          ]
        },
        "question_26": {
          "question_number": 26,
          "correct_option": 4,
          "sds_id": "SDS186F",
          "subtopic": "Biodiversity Patterns",
          "image_filename": "question_26.png",
          "captured": true,
          "explanation": [
            "https://d2f8z173p7073l.cloudfront.net/1551598295535",
            "https://www.youtube.com/embed/9eBfISU8ukQ?rel=0&amp;modestbranding=1&amp;loop=1&amp;playlist=9eBfISU8ukQ&amp;start=117&amp;end=208",
            "https://www.youtube.com/embed/9eBfISU8ukQ?rel=0&modestbranding=1&loop=1&playlist=9eBfISU8ukQ&start=117&end=208"
          ]
        },
        "question_27": {
          "question_number": 27,
          "correct_option": 4,
          "sds_id": "SDS1870",
          "subtopic": "Biodiversity Patterns",
          "image_filename": "question_27.png",
          "captured": true,
          "explanation": [
            "https://d1iljb9ao69244.cloudfront.net/question_explanations_184125_1672372078607.ogg"
          ]
        },
        "question_28": {
          "question_number": 28,
          "correct_option": 1,
          "sds_id": "SDS1871",
          "subtopic": "Biodiversity Patterns",
          "image_filename": "question_28.png",
          "captured": true,
          "explanation": [
            "https://d1iljb9ao69244.cloudfront.net/243398_1621689134014_65.ogg"
          ]
        },
        "question_29": {
          "question_number": 29,
          "correct_option": 4,
          "sds_id": "SDS1872",
          "subtopic": "Biodiversity Patterns",
          "image_filename": "question_29.png",
          "captured": true,
          "explanation": [
            "https://d1iljb9ao69244.cloudfront.net/question_explanations_184131_1672049659010.ogg"
          ]
        },
        "question_30": {
          "question_number": 30,
          "correct_option": 3,
          "sds_id": "SDS1873",
          "subtopic": "Biodiversity Patterns",
          "image_filename": "question_30.png",
          "captured": true,
          "explanation": [
            "https://d1iljb9ao69244.cloudfront.net/414875_1706944845732_6.ogg"
          ]
        },
        "question_31": {
          "question_number": 31,
          "correct_option": 3,
          "sds_id": "SDS1874",
          "subtopic": "Biodiversity Patterns",
          "image_filename": "question_31.png",
          "captured": true,
          "explanation": [
            "https://d1iljb9ao69244.cloudfront.net/417434_1707502968230_29.ogg"
          ]
        },
        "question_32": {
          "question_number": 32,
          "correct_option": 2,
          "sds_id": "SDS1875",
          "subtopic": "Biodiversity Patterns",
          "image_filename": "question_32.png",
          "captured": true,
          "explanation": "none"
        },
        "question_33": {
          "question_number": 33,
          "correct_option": 1,
          "sds_id": "SDS1876",
          "subtopic": "Biodiversity Patterns",
          "image_filename": "question_33.png",
          "captured": true,
          "explanation": [
            "https://d1iljb9ao69244.cloudfront.net/414885_1706945457408_16.ogg"
          ]
        },
        "question_34": {
          "question_number": 34,
          "correct_option": 1,
          "sds_id": "SDS1877",
          "subtopic": "Biodiversity Patterns",
          "image_filename": "question_34.png",
          "captured": true,
          "explanation": [
            "https://d1iljb9ao69244.cloudfront.net/question_explanations_184126_1672152081875.ogg"
          ]
        },
        "question_35": {
          "question_number": 35,
          "correct_option": 1,
          "sds_id": "SDS1878",
          "subtopic": "Importance of Biodiversity",
          "image_filename": "question_35.png",
          "captured": true,
          "explanation": [
            "https://d1iljb9ao69244.cloudfront.net/243400_1621689155809_66.ogg"
          ]
        },
        "question_36": {
          "question_number": 36,
          "correct_option": 1,
          "sds_id": "SDS1879",
          "subtopic": "Importance of Biodiversity",
          "image_filename": "question_36.png",
          "captured": true,
          "explanation": [
            "https://d1iljb9ao69244.cloudfront.net/414886_1706945252026_17.ogg"
          ]
        },
        "question_37": {
          "question_number": 37,
          "correct_option": 1,
          "sds_id": "SDS187A",
          "subtopic": "Importance of Biodiversity",
          "image_filename": "question_37.png",
          "captured": true,
          "explanation": [
            "https://d1iljb9ao69244.cloudfront.net/439201_1712668467367_50.ogg"
          ]
        },
        "question_38": {
          "question_number": 38,
          "correct_option": 4,
          "sds_id": "SDS187B",
          "subtopic": "Importance of Biodiversity",
          "image_filename": "question_38.png",
          "captured": true,
          "explanation": [
            "https://d1iljb9ao69244.cloudfront.net/405929_1704531965732_54.ogg"
          ]
        },
        "question_39": {
          "question_number": 39,
          "correct_option": 2,
          "sds_id": "SDS187C",
          "subtopic": "Importance of Biodiversity",
          "image_filename": "question_39.png",
          "captured": true,
          "explanation": [
            "https://d2f8z173p7073l.cloudfront.net/1551598185595"
          ]
        },
        "question_40": {
          "question_number": 40,
          "correct_option": 1,
          "sds_id": "SDS187D",
          "subtopic": "Importance of Biodiversity",
          "image_filename": "question_40.png",
          "captured": true,
          "explanation": [
            "https://d2f8z173p7073l.cloudfront.net/1551596761815"
          ]
        },
        "question_41": {
          "question_number": 41,
          "correct_option": 4,
          "sds_id": "SDS187E",
          "subtopic": "Importance of Biodiversity",
          "image_filename": "question_41.png",
          "captured": true,
          "explanation": [
            "https://d2f8z173p7073l.cloudfront.net/1551597359337"
          ]
        },
        "question_42": {
          "question_number": 42,
          "correct_option": 3,
          "sds_id": "SDS187F",
          "subtopic": "Loss of Biodiversity",
          "image_filename": "question_42.png",
          "captured": true,
          "explanation": [
            "https://d2f8z173p7073l.cloudfront.net/1551599964047"
          ]
        },
        "question_43": {
          "question_number": 43,
          "correct_option": 1,
          "sds_id": "SDS1880",
          "subtopic": "Loss of Biodiversity",
          "image_filename": "question_43.png",
          "captured": true,
          "explanation": [
            "https://d1iljb9ao69244.cloudfront.net/417501_1707539795463_98.ogg"
          ]
        },
        "question_44": {
          "question_number": 44,
          "correct_option": 4,
          "sds_id": "SDS1881",
          "subtopic": "Loss of Biodiversity",
          "image_filename": "question_44.png",
          "captured": true,
          "explanation": [
            "https://d1iljb9ao69244.cloudfront.net/417456_1707538512292_57.ogg"
          ]
        },
        "question_45": {
          "question_number": 45,
          "correct_option": 4,
          "sds_id": "SDS1882",
          "subtopic": "Loss of Biodiversity",
          "image_filename": "question_45.png",
          "captured": true,
          "explanation": [
            "https://d2f8z173p7073l.cloudfront.net/1551629864515"
          ]
        },
        "question_46": {
          "question_number": 46,
          "correct_option": 1,
          "sds_id": "SDS1883",
          "subtopic": "Loss of Biodiversity",
          "image_filename": "question_46.png",
          "captured": true,
          "explanation": [
            "https://d1iljb9ao69244.cloudfront.net/446641_1713095078933_34.ogg"
          ]
        },
        "question_47": {
          "question_number": 47,
          "correct_option": 4,
          "sds_id": "SDS1884",
          "subtopic": "Loss of Biodiversity",
          "image_filename": "question_47.png",
          "captured": true,
          "explanation": [
            "https://d2f8z173p7073l.cloudfront.net/1551597906315"
          ]
        },
        "question_48": {
          "question_number": 48,
          "correct_option": 1,
          "sds_id": "SDS1885",
          "subtopic": "Loss of Biodiversity",
          "image_filename": "question_48.png",
          "captured": true,
          "explanation": [
            "https://d2f8z173p7073l.cloudfront.net/1551597845404",
            "https://www.youtube.com/embed/dPZ9oQ-JkHY?rel=0&amp;modestbranding=1&amp;loop=1&amp;playlist=dPZ9oQ-JkHY&amp;start=317&amp;end=389",
            "https://www.youtube.com/embed/dPZ9oQ-JkHY?rel=0&modestbranding=1&loop=1&playlist=dPZ9oQ-JkHY&start=317&end=389"
          ]
        },
        "question_49": {
          "question_number": 49,
          "correct_option": 2,
          "sds_id": "SDS1886",
          "subtopic": "Loss of Biodiversity",
          "image_filename": "question_49.png",
          "captured": true,
          "explanation": [
            "https://d1iljb9ao69244.cloudfront.net/414887_1706945265786_18.ogg"
          ]
        },
        "question_50": {
          "question_number": 50,
          "correct_option": 1,
          "sds_id": "SDS1887",
          "subtopic": "Loss of Biodiversity",
          "image_filename": "question_50.png",
          "captured": true,
          "explanation": [
            "https://d1iljb9ao69244.cloudfront.net/422308_1709060642076_43.ogg"
          ]
        },
        "question_51": {
          "question_number": 51,
          "correct_option": 4,
          "sds_id": "SDS1888",
          "subtopic": "Loss of Biodiversity",
          "image_filename": "question_51.png",
          "captured": true,
          "explanation": [
            "https://d1iljb9ao69244.cloudfront.net/405581_1704521936558_11.ogg"
          ]
        },
        "question_52": {
          "question_number": 52,
          "correct_option": 2,
          "sds_id": "SDS1889",
          "subtopic": "Loss of Biodiversity",
          "image_filename": "question_52.png",
          "captured": true,
          "explanation": [
            "https://d1iljb9ao69244.cloudfront.net/447180_1713266007492_34.ogg"
          ]
        },
        "question_53": {
          "question_number": 53,
          "correct_option": 2,
          "sds_id": "SDS188A",
          "subtopic": "Loss of Biodiversity",
          "image_filename": "question_53.png",
          "captured": true,
          "explanation": [
            "https://d2f8z173p7073l.cloudfront.net/1551597730037",
            "https://www.youtube.com/embed/9eBfISU8ukQ?rel=0&amp;modestbranding=1&amp;loop=1&amp;playlist=9eBfISU8ukQ&amp;start=71&amp;end=111",
            "https://www.youtube.com/embed/9eBfISU8ukQ?rel=0&modestbranding=1&loop=1&playlist=9eBfISU8ukQ&start=71&end=111"
          ]
        },
        "question_54": {
          "question_number": 54,
          "correct_option": 3,
          "sds_id": "SDS188B",
          "subtopic": "Loss of Biodiversity",
          "image_filename": "question_54.png",
          "captured": true,
          "explanation": [
            "https://d1iljb9ao69244.cloudfront.net/426648_1709973584513_34.ogg"
          ]
        },
        "question_55": {
          "question_number": 55,
          "correct_option": 4,
          "sds_id": "SDS188C",
          "subtopic": "Loss of Biodiversity",
          "image_filename": "question_55.png",
          "captured": true,
          "explanation": [
            "https://d2f8z173p7073l.cloudfront.net/1588068659481",
            "https://www.youtube.com/embed/2KMpnKul5x8?rel=0&amp;modestbranding=1&amp;loop=1&amp;playlist=2KMpnKul5x8&amp;start=1620&amp;end=1677",
            "https://www.youtube-nocookie.com/embed/_3RDdY8UPeg?rel=0",
            "https://www.youtube.com/embed/2KMpnKul5x8?rel=0&modestbranding=1&loop=1&playlist=2KMpnKul5x8&start=1620&end=1677"
          ]
        },
        "question_56": {
          "question_number": 56,
          "correct_option": 3,
          "sds_id": "SDS188D",
          "subtopic": "Loss of Biodiversity",
          "image_filename": "question_56.png",
          "captured": true,
          "explanation": [
            "https://d2f8z173p7073l.cloudfront.net/1551629052330"
          ]
        },
        "question_57": {
          "question_number": 57,
          "correct_option": 1,
          "sds_id": "SDS188E",
          "subtopic": "Loss of Biodiversity",
          "image_filename": "question_57.png",
          "captured": true,
          "explanation": [
            "https://d1iljb9ao69244.cloudfront.net/243396_1621689088125_63.ogg"
          ]
        },
        "question_58": {
          "question_number": 58,
          "correct_option": 1,
          "sds_id": "SDS188F",
          "subtopic": "Loss of Biodiversity",
          "image_filename": "question_58.png",
          "captured": true,
          "explanation": "none"
        },
        "question_59": {
          "question_number": 59,
          "correct_option": 3,
          "sds_id": "SDS1890",
          "subtopic": "Loss of Biodiversity",
          "image_filename": "question_59.png",
          "captured": true,
          "explanation": [
            "https://d1iljb9ao69244.cloudfront.net/426655_1709888461904_34.ogg"
          ]
        },
        "question_60": {
          "question_number": 60,
          "correct_option": 2,
          "sds_id": "SDS1891",
          "subtopic": "Loss of Biodiversity",
          "image_filename": "question_60.png",
          "captured": true,
          "explanation": [
            "https://d2f8z173p7073l.cloudfront.net/1551597531825"
          ]
        },
        "question_61": {
          "question_number": 61,
          "correct_option": 4,
          "sds_id": "SDS1892",
          "subtopic": "Loss of Biodiversity",
          "image_filename": "question_61.png",
          "captured": true,
          "explanation": [
            "https://d1iljb9ao69244.cloudfront.net/243353_1621687382208_38.ogg"
          ]
        },
        "question_62": {
          "question_number": 62,
          "correct_option": 2,
          "sds_id": "SDS1893",
          "subtopic": "Loss of Biodiversity",
          "image_filename": "question_62.png",
          "captured": true,
          "explanation": [
            "https://d2f8z173p7073l.cloudfront.net/1551547636624"
          ]
        },
        "question_63": {
          "question_number": 63,
          "correct_option": 3,
          "sds_id": "SDS1894",
          "subtopic": "Loss of Biodiversity",
          "image_filename": "question_63.png",
          "captured": true,
          "explanation": [
            "https://d1iljb9ao69244.cloudfront.net/446704_1713089202213_35.ogg"
          ]
        },
        "question_64": {
          "question_number": 64,
          "correct_option": 2,
          "sds_id": "SDS1895",
          "subtopic": "Loss of Biodiversity",
          "image_filename": "question_64.png",
          "captured": true,
          "explanation": [
            "https://d1iljb9ao69244.cloudfront.net/405818_1704533050414_90.ogg"
          ]
        },
        "question_65": {
          "question_number": 65,
          "correct_option": 4,
          "sds_id": "SDS1896",
          "subtopic": "Loss of Biodiversity",
          "image_filename": "question_65.png",
          "captured": true,
          "explanation": [
            "https://d2f8z173p7073l.cloudfront.net/1551629982434"
          ]
        },
        "question_66": {
          "question_number": 66,
          "correct_option": 1,
          "sds_id": "SDS1897",
          "subtopic": "Loss of Biodiversity",
          "image_filename": "question_66.png",
          "captured": true,
          "explanation": [
            "https://d1iljb9ao69244.cloudfront.net/417457_1707538524110_58.ogg"
          ]
        },
        "question_67": {
          "question_number": 67,
          "correct_option": 4,
          "sds_id": "SDS1898",
          "subtopic": "Loss of Biodiversity",
          "image_filename": "question_67.png",
          "captured": true,
          "explanation": [
            "https://d2f8z173p7073l.cloudfront.net/1551629947020"
          ]
        },
        "question_68": {
          "question_number": 68,
          "correct_option": 3,
          "sds_id": "SDS1899",
          "subtopic": "Loss of Biodiversity",
          "image_filename": "question_68.png",
          "captured": true,
          "explanation": [
            "https://d1iljb9ao69244.cloudfront.net/405571_1704521498957_6..ogg"
          ]
        },
        "question_69": {
          "question_number": 69,
          "correct_option": 2,
          "sds_id": "SDS189A",
          "subtopic": "Loss of Biodiversity",
          "image_filename": "question_69.png",
          "captured": true,
          "explanation": [
            "https://d1iljb9ao69244.cloudfront.net/question_explanations_337634_1655488544183.ogg"
          ]
        },
        "question_70": {
          "question_number": 70,
          "correct_option": 1,
          "sds_id": "SDS189B",
          "subtopic": "Loss of Biodiversity",
          "image_filename": "question_70.png",
          "captured": true,
          "explanation": [
            "https://d1iljb9ao69244.cloudfront.net/405565_1704521451371_3..ogg"
          ]
        },
        "question_71": {
          "question_number": 71,
          "correct_option": 2,
          "sds_id": "SDS189C",
          "subtopic": "Loss of Biodiversity",
          "image_filename": "question_71.png",
          "captured": true,
          "explanation": [
            "https://d1iljb9ao69244.cloudfront.net/405563_1704521434857_2..ogg"
          ]
        },
        "question_72": {
          "question_number": 72,
          "correct_option": 3,
          "sds_id": "SDS189D",
          "subtopic": "Loss of Biodiversity",
          "image_filename": "question_72.png",
          "captured": true,
          "explanation": [
            "https://d1iljb9ao69244.cloudfront.net/453623_1714480541907_35.ogg"
          ]
        },
        "question_73": {
          "question_number": 73,
          "correct_option": 1,
          "sds_id": "SDS189E",
          "subtopic": "In Situ Conservation of Biodiversity",
          "image_filename": "question_73.png",
          "captured": true,
          "explanation": [
            "https://d1iljb9ao69244.cloudfront.net/question_explanations_358056_1672551730383.ogg"
          ]
        },
        "question_74": {
          "question_number": 74,
          "correct_option": 2,
          "sds_id": "SDS189F",
          "subtopic": "In Situ Conservation of Biodiversity",
          "image_filename": "question_74.png",
          "captured": true,
          "explanation": [
            "https://d2f8z173p7073l.cloudfront.net/1551596859732",
            "https://www.youtube.com/embed/9eBfISU8ukQ?rel=0&amp;modestbranding=1&amp;loop=1&amp;playlist=9eBfISU8ukQ&amp;start=41&amp;end=66",
            "https://www.youtube.com/embed/9eBfISU8ukQ?rel=0&modestbranding=1&loop=1&playlist=9eBfISU8ukQ&start=41&end=66"
          ]
        },
        "question_75": {
          "question_number": 75,
          "correct_option": 4,
          "sds_id": "SDS18A0",
          "subtopic": "In Situ Conservation of Biodiversity",
          "image_filename": "question_75.png",
          "captured": true,
          "explanation": [
            "https://d1iljb9ao69244.cloudfront.net/405574_1704521514689_7..ogg"
          ]
        },
        "question_76": {
          "question_number": 76,
          "correct_option": 1,
          "sds_id": "SDS18A1",
          "subtopic": "In Situ Conservation of Biodiversity",
          "image_filename": "question_76.png",
          "captured": true,
          "explanation": [
            "https://d1iljb9ao69244.cloudfront.net/question_explanations_184132_1672119008228.ogg"
          ]
        },
        "question_77": {
          "question_number": 77,
          "correct_option": 4,
          "sds_id": "SDS18A2",
          "subtopic": "In Situ Conservation of Biodiversity",
          "image_filename": "question_77.png",
          "captured": true,
          "explanation": [
            "https://d2f8z173p7073l.cloudfront.net/1551630631375"
          ]
        },
        "question_78": {
          "question_number": 78,
          "correct_option": 1,
          "sds_id": "SDS18A3",
          "subtopic": "In Situ Conservation of Biodiversity",
          "image_filename": "question_78.png",
          "captured": true,
          "explanation": [
            "https://d2f8z173p7073l.cloudfront.net/1551630717777"
          ]
        },
        "question_79": {
          "question_number": 79,
          "correct_option": 1,
          "sds_id": "SDS18A4",
          "subtopic": "In Situ Conservation of Biodiversity",
          "image_filename": "question_79.png",
          "captured": true,
          "explanation": [
            "https://d1iljb9ao69244.cloudfront.net/405578_1704521529480_8..ogg"
          ]
        },
        "question_80": {
          "question_number": 80,
          "correct_option": 1,
          "sds_id": "SDS18A5",
          "subtopic": "In Situ Conservation of Biodiversity",
          "image_filename": "question_80.png",
          "captured": true,
          "explanation": [
            "https://d1iljb9ao69244.cloudfront.net/405582_1704521952044_12.ogg"
          ]
        },
        "question_81": {
          "question_number": 81,
          "correct_option": 1,
          "sds_id": "SDS18A6",
          "subtopic": "In Situ Conservation of Biodiversity",
          "image_filename": "question_81.png",
          "captured": true,
          "explanation": [
            "https://d2f8z173p7073l.cloudfront.net/1551630773573"
          ]
        },
        "question_82": {
          "question_number": 82,
          "correct_option": 4,
          "sds_id": "SDS18A7",
          "subtopic": "In Situ Conservation of Biodiversity",
          "image_filename": "question_82.png",
          "captured": true,
          "explanation": [
            "https://d1iljb9ao69244.cloudfront.net/405585_1704521987404_14.ogg"
          ]
        },
        "question_83": {
          "question_number": 83,
          "correct_option": 1,
          "sds_id": "SDS18A8",
          "subtopic": "In Situ Conservation of Biodiversity",
          "image_filename": "question_83.png",
          "captured": true,
          "explanation": [
            "https://d1iljb9ao69244.cloudfront.net/417459_1707538545928_60.ogg"
          ]
        },
        "question_84": {
          "question_number": 84,
          "correct_option": 1,
          "sds_id": "SDS18A9",
          "subtopic": "In Situ Conservation of Biodiversity",
          "image_filename": "question_84.png",
          "captured": true,
          "explanation": [
            "https://d1iljb9ao69244.cloudfront.net/414893_1706946156801_23.ogg",
            "https://d2f8z173p7073l.cloudfront.net/1706849579022"
          ]
        },
        "question_85": {
          "question_number": 85,
          "correct_option": 2,
          "sds_id": "SDS18AA",
          "subtopic": "In Situ Conservation of Biodiversity",
          "image_filename": "question_85.png",
          "captured": true,
          "explanation": [
            "https://d1iljb9ao69244.cloudfront.net/453711_1714484584128_35.ogg"
          ]
        },
        "question_86": {
          "question_number": 86,
          "correct_option": 1,
          "sds_id": "SDS18AB",
          "subtopic": "In Situ Conservation of Biodiversity",
          "image_filename": "question_86.png",
          "captured": true,
          "explanation": [
            "https://d1iljb9ao69244.cloudfront.net/438445_1712646829585_36.ogg"
          ]
        },
        "question_87": {
          "question_number": 87,
          "correct_option": 2,
          "sds_id": "SDS18AC",
          "subtopic": "Ex Situ Conservation of Biodiversity",
          "image_filename": "question_87.png",
          "captured": true,
          "explanation": [
            "https://d2f8z173p7073l.cloudfront.net/1551596737189"
          ]
        },
        "question_88": {
          "question_number": 88,
          "correct_option": 2,
          "sds_id": "SDS18AD",
          "subtopic": "Ex Situ Conservation of Biodiversity",
          "image_filename": "question_88.png",
          "captured": true,
          "explanation": [
            "https://d1iljb9ao69244.cloudfront.net/417381_1707648849105_60.ogg"
          ]
        },
        "question_89": {
          "question_number": 89,
          "correct_option": 2,
          "sds_id": "SDS18AE",
          "subtopic": "Ex Situ Conservation of Biodiversity",
          "image_filename": "question_89.png",
          "captured": true,
          "explanation": [
            "https://d2f8z173p7073l.cloudfront.net/1551548188517"
          ]
        },
        "question_90": {
          "question_number": 90,
          "correct_option": 2,
          "sds_id": "SDS18AF",
          "subtopic": "Ex Situ Conservation of Biodiversity",
          "image_filename": "question_90.png",
          "captured": true,
          "explanation": [
            "https://d2f8z173p7073l.cloudfront.net/1551548154128"
          ]
        },
        "question_91": {
          "question_number": 91,
          "correct_option": 3,
          "sds_id": "SDS18B0",
          "subtopic": "Ex Situ Conservation of Biodiversity",
          "image_filename": "question_91.png",
          "captured": true,
          "explanation": [
            "https://d2f8z173p7073l.cloudfront.net/1589877062423"
          ]
        },
        "question_92": {
          "question_number": 92,
          "correct_option": 2,
          "sds_id": "SDS18B1",
          "subtopic": "Biodiversity Conservation",
          "image_filename": "question_92.png",
          "captured": true,
          "explanation": [
            "https://d1iljb9ao69244.cloudfront.net/450713_1714039665452_35.ogg"
          ]
        },
        "question_93": {
          "question_number": 93,
          "correct_option": 3,
          "sds_id": "SDS18B2",
          "subtopic": "Biodiversity Conservation",
          "image_filename": "question_93.png",
          "captured": true,
          "explanation": [
            "https://d1iljb9ao69244.cloudfront.net/414892_1706946144180_22.ogg"
          ]
        },
        "question_94": {
          "question_number": 94,
          "correct_option": 3,
          "sds_id": "SDS18B3",
          "subtopic": "Biodiversity Conservation",
          "image_filename": "question_94.png",
          "captured": true,
          "explanation": [
            "https://d1iljb9ao69244.cloudfront.net/422305_1709059858770_35.ogg"
          ]
        },
        "question_95": {
          "question_number": 95,
          "correct_option": 3,
          "sds_id": "SDS18B4",
          "subtopic": "Biodiversity Conservation",
          "image_filename": "question_95.png",
          "captured": true,
          "explanation": [
            "https://d1iljb9ao69244.cloudfront.net/447182_1713266020698_35.ogg"
          ]
        },
        "question_96": {
          "question_number": 96,
          "correct_option": 4,
          "sds_id": "SDS18B5",
          "subtopic": "Biodiversity Conservation",
          "image_filename": "question_96.png",
          "captured": true,
          "explanation": [
            "https://d1iljb9ao69244.cloudfront.net/437282_1712312782430_48.ogg"
          ]
        }
      }
    },
    "Biodiversity and Conservation (LEVEL 3 MCQs)": {
      "name": "Biodiversity and Conservation (LEVEL 3 MCQs)",
      "path": "Biodiversity and Conservation (LEVEL 3 MCQs)/",
      "questions": {
        "question_1": {
          "question_number": 1,
          "correct_option": 2,
          "sds_id": "SDS18B6",
          "subtopic": "Magnitude of Biodiversity",
          "image_filename": "question_1.png",
          "captured": true,
          "explanation": [
            "https://d2f8z173p7073l.cloudfront.net/1549004720910"
          ]
        },
        "question_2": {
          "question_number": 2,
          "correct_option": 1,
          "sds_id": "SDS18B7",
          "subtopic": "Magnitude of Biodiversity",
          "image_filename": "question_2.png",
          "captured": true,
          "explanation": [
            "https://d1iljb9ao69244.cloudfront.net/335673_1653067985214_9.ogg"
          ]
        },
        "question_3": {
          "question_number": 3,
          "correct_option": 2,
          "sds_id": "SDS18B8",
          "subtopic": "Magnitude of Biodiversity",
          "image_filename": "question_3.png",
          "captured": true,
          "explanation": [
            "https://d1iljb9ao69244.cloudfront.net/405924_1704531912342_51.ogg"
          ]
        },
        "question_4": {
          "question_number": 4,
          "correct_option": 3,
          "sds_id": "SDS18B9",
          "subtopic": "Biodiversity Patterns",
          "image_filename": "question_4.png",
          "captured": true,
          "explanation": [
            "https://d1iljb9ao69244.cloudfront.net/405925_1704531933254_52.ogg"
          ]
        },
        "question_5": {
          "question_number": 5,
          "correct_option": 2,
          "sds_id": "SDS18BA",
          "subtopic": "Biodiversity Patterns",
          "image_filename": "question_5.png",
          "captured": true,
          "explanation": [
            "https://d1iljb9ao69244.cloudfront.net/405813_1704532984026_87.ogg"
          ]
        },
        "question_6": {
          "question_number": 6,
          "correct_option": 3,
          "sds_id": "SDS18BB",
          "subtopic": "Biodiversity Patterns",
          "image_filename": "question_6.png",
          "captured": true,
          "explanation": [
            "https://d1iljb9ao69244.cloudfront.net/414874_1706944830238_5.ogg"
          ]
        },
        "question_7": {
          "question_number": 7,
          "correct_option": 3,
          "sds_id": "SDS18BC",
          "subtopic": "Biodiversity Patterns",
          "image_filename": "question_7.png",
          "captured": true,
          "explanation": [
            "https://d1iljb9ao69244.cloudfront.net/417370_1707648284669_49.ogg"
          ]
        },
        "question_8": {
          "question_number": 8,
          "correct_option": 3,
          "sds_id": "SDS18BD",
          "subtopic": "Biodiversity Patterns",
          "image_filename": "question_8.png",
          "captured": true,
          "explanation": [
            "https://d1iljb9ao69244.cloudfront.net/453736_1714485109912_50.ogg"
          ]
        },
        "question_9": {
          "question_number": 9,
          "correct_option": 4,
          "sds_id": "SDS18BE",
          "subtopic": "Biodiversity Patterns",
          "image_filename": "question_9.png",
          "captured": true,
          "explanation": [
            "https://d2f8z173p7073l.cloudfront.net/1551547688454"
          ]
        },
        "question_10": {
          "question_number": 10,
          "correct_option": 1,
          "sds_id": "SDS18BF",
          "subtopic": "Loss of Biodiversity",
          "image_filename": "question_10.png",
          "captured": true,
          "explanation": [
            "https://d2f8z173p7073l.cloudfront.net/1551584440760"
          ]
        },
        "question_11": {
          "question_number": 11,
          "correct_option": 3,
          "sds_id": "SDS18C0",
          "subtopic": "Loss of Biodiversity",
          "image_filename": "question_11.png",
          "captured": true,
          "explanation": [
            "https://d2f8z173p7073l.cloudfront.net/1551547777276"
          ]
        },
        "question_12": {
          "question_number": 12,
          "correct_option": 2,
          "sds_id": "SDS18C1",
          "subtopic": "Loss of Biodiversity",
          "image_filename": "question_12.png",
          "captured": true,
          "explanation": [
            "https://d1iljb9ao69244.cloudfront.net/329691_1648309608054_22.ogg"
          ]
        },
        "question_13": {
          "question_number": 13,
          "correct_option": 2,
          "sds_id": "SDS18C2",
          "subtopic": "Loss of Biodiversity",
          "image_filename": "question_13.png",
          "captured": true,
          "explanation": [
            "https://d1iljb9ao69244.cloudfront.net/334652_1651548361606_13.ogg"
          ]
        },
        "question_14": {
          "question_number": 14,
          "correct_option": 1,
          "sds_id": "SDS18C3",
          "subtopic": "Loss of Biodiversity",
          "image_filename": "question_14.png",
          "captured": true,
          "explanation": [
            "https://d1iljb9ao69244.cloudfront.net/338731_1657390221542_27.ogg"
          ]
        },
        "question_15": {
          "question_number": 15,
          "correct_option": 2,
          "sds_id": "SDS18C4",
          "subtopic": "Loss of Biodiversity",
          "image_filename": "question_15.png",
          "captured": true,
          "explanation": [
            "https://d2f8z173p7073l.cloudfront.net/1551628874261"
          ]
        },
        "question_16": {
          "question_number": 16,
          "correct_option": 2,
          "sds_id": "SDS18C5",
          "subtopic": "Loss of Biodiversity",
          "image_filename": "question_16.png",
          "captured": true,
          "explanation": [
            "https://d1iljb9ao69244.cloudfront.net/405562_1704521418998_1..ogg"
          ]
        },
        "question_17": {
          "question_number": 17,
          "correct_option": 3,
          "sds_id": "SDS18C6",
          "subtopic": "Loss of Biodiversity",
          "image_filename": "question_17.png",
          "captured": true,
          "explanation": [
            "https://d1iljb9ao69244.cloudfront.net/447753_1713351250853_35.ogg"
          ]
        },
        "question_18": {
          "question_number": 18,
          "correct_option": 2,
          "sds_id": "SDS18C7",
          "subtopic": "In Situ Conservation of Biodiversity",
          "image_filename": "question_18.png",
          "captured": true,
          "explanation": [
            "https://d1iljb9ao69244.cloudfront.net/335674_1653067993227_10.ogg"
          ]
        },
        "question_19": {
          "question_number": 19,
          "correct_option": 4,
          "sds_id": "SDS18C8",
          "subtopic": "In Situ Conservation of Biodiversity",
          "image_filename": "question_19.png",
          "captured": true,
          "explanation": [
            "https://d1iljb9ao69244.cloudfront.net/243395_1621689070709_62.ogg"
          ]
        },
        "question_20": {
          "question_number": 20,
          "correct_option": 2,
          "sds_id": "SDS18C9",
          "subtopic": "In Situ Conservation of Biodiversity",
          "image_filename": "question_20.png",
          "captured": true,
          "explanation": [
            "https://d1iljb9ao69244.cloudfront.net/414876_1706944862816_7.ogg"
          ]
        },
        "question_21": {
          "question_number": 21,
          "correct_option": 3,
          "sds_id": "SDS18CA",
          "subtopic": "Ex Situ Conservation of Biodiversity",
          "image_filename": "question_21.png",
          "captured": true,
          "explanation": [
            "https://d1iljb9ao69244.cloudfront.net/331888_1649523560013_48.ogg"
          ]
        },
        "question_22": {
          "question_number": 22,
          "correct_option": 2,
          "sds_id": "SDS18CB",
          "subtopic": "Ex Situ Conservation of Biodiversity",
          "image_filename": "question_22.png",
          "captured": true,
          "explanation": [
            "https://d1iljb9ao69244.cloudfront.net/414880_1706945170904_11.ogg"
          ]
        },
        "question_23": {
          "question_number": 23,
          "correct_option": 1,
          "sds_id": "SDS18CC",
          "subtopic": "Biodiversity Conservation",
          "image_filename": "question_23.png",
          "captured": true,
          "explanation": [
            "https://d2f8z173p7073l.cloudfront.net/1551628901258"
          ]
        },
        "question_24": {
          "question_number": 24,
          "correct_option": 1,
          "sds_id": "SDS18CD",
          "subtopic": "Biodiversity Conservation",
          "image_filename": "question_24.png",
          "captured": true,
          "explanation": [
            "https://d1iljb9ao69244.cloudfront.net/446701_1713089158925_32.ogg"
          ]
        },
        "question_25": {
          "question_number": 25,
          "correct_option": 1,
          "sds_id": "SDS18CE",
          "subtopic": "Biodiversity Conservation",
          "image_filename": "question_25.png",
          "captured": true,
          "explanation": [
            "https://d1iljb9ao69244.cloudfront.net/426650_1709888449440_33.ogg"
          ]
        }
      }
    },
    "Invictus": {
      "name": "Invictus",
      "path": "Invictus/",
      "questions": {
        "question_1": {
          "question_number": 1,
          "correct_option": 4,
          "sds_id": "SDS18CF",
          "subtopic": "Introduction & Types",
          "image_filename": "question_1.png",
          "captured": true,
          "explanation": [
            "https://d2f8z173p7073l.cloudfront.net/1551542286918"
          ]
        },
        "question_2": {
          "question_number": 2,
          "correct_option": 1,
          "sds_id": "SDS18D0",
          "subtopic": "Introduction & Types",
          "image_filename": "question_2.png",
          "captured": true,
          "explanation": [
            "https://d2f8z173p7073l.cloudfront.net/1551631031536"
          ]
        },
        "question_3": {
          "question_number": 3,
          "correct_option": 3,
          "sds_id": "SDS18D1",
          "subtopic": "Introduction & Types",
          "image_filename": "question_3.png",
          "captured": true,
          "explanation": [
            "https://d1iljb9ao69244.cloudfront.net/251352_1630736489149_54.ogg",
            "https://www.youtube.com/embed/TjmIt_MkAIg?rel=0&amp;modestbranding=1&amp;loop=1&amp;playlist=TjmIt_MkAIg&amp;start=2130&amp;end=2186",
            "https://www.youtube.com/embed/TjmIt_MkAIg?rel=0&modestbranding=1&loop=1&playlist=TjmIt_MkAIg&start=2130&end=2186"
          ]
        },
        "question_4": {
          "question_number": 4,
          "correct_option": 2,
          "sds_id": "SDS18D2",
          "subtopic": "Introduction & Types",
          "image_filename": "question_4.png",
          "captured": true,
          "explanation": [
            "https://d2f8z173p7073l.cloudfront.net/1551544942651"
          ]
        },
        "question_5": {
          "question_number": 5,
          "correct_option": 1,
          "sds_id": "SDS18D3",
          "subtopic": "Magnitude of Biodiversity",
          "image_filename": "question_5.png",
          "captured": true,
          "explanation": [
            "https://d2f8z173p7073l.cloudfront.net/1551604732148"
          ]
        },
        "question_6": {
          "question_number": 6,
          "correct_option": 3,
          "sds_id": "SDS18D4",
          "subtopic": "Magnitude of Biodiversity",
          "image_filename": "question_6.png",
          "captured": true,
          "explanation": [
            "https://d2f8z173p7073l.cloudfront.net/1579946284833"
          ]
        },
        "question_7": {
          "question_number": 7,
          "correct_option": 3,
          "sds_id": "SDS18D5",
          "subtopic": "Magnitude of Biodiversity",
          "image_filename": "question_7.png",
          "captured": true,
          "explanation": [
            "https://d2f8z173p7073l.cloudfront.net/1551547132834"
          ]
        },
        "question_8": {
          "question_number": 8,
          "correct_option": 1,
          "sds_id": "SDS18D6",
          "subtopic": "Magnitude of Biodiversity",
          "image_filename": "question_8.png",
          "captured": true,
          "explanation": [
            "https://d1iljb9ao69244.cloudfront.net/question_explanations_265063_1630754998115.ogg"
          ]
        },
        "question_9": {
          "question_number": 9,
          "correct_option": 4,
          "sds_id": "SDS18D7",
          "subtopic": "Biodiversity Patterns",
          "image_filename": "question_9.png",
          "captured": true,
          "explanation": [
            "https://d2f8z173p7073l.cloudfront.net/1551543964127"
          ]
        },
        "question_10": {
          "question_number": 10,
          "correct_option": 3,
          "sds_id": "SDS18D8",
          "subtopic": "Biodiversity Patterns",
          "image_filename": "question_10.png",
          "captured": true,
          "explanation": [
            "https://d1iljb9ao69244.cloudfront.net/349495_1668241560989_349495.ogg"
          ]
        },
        "question_11": {
          "question_number": 11,
          "correct_option": 3,
          "sds_id": "SDS18D9",
          "subtopic": "Biodiversity Patterns",
          "image_filename": "question_11.png",
          "captured": true,
          "explanation": [
            "https://d2f8z173p7073l.cloudfront.net/1551528588761"
          ]
        },
        "question_12": {
          "question_number": 12,
          "correct_option": 1,
          "sds_id": "SDS18DA",
          "subtopic": "Importance of Biodiversity",
          "image_filename": "question_12.png",
          "captured": true,
          "explanation": [
            "https://d2f8z173p7073l.cloudfront.net/1551546757862"
          ]
        },
        "question_13": {
          "question_number": 13,
          "correct_option": 3,
          "sds_id": "SDS18DB",
          "subtopic": "Importance of Biodiversity",
          "image_filename": "question_13.png",
          "captured": true,
          "explanation": [
            "https://d2f8z173p7073l.cloudfront.net/1551544918275"
          ]
        },
        "question_14": {
          "question_number": 14,
          "correct_option": 4,
          "sds_id": "SDS18DC",
          "subtopic": "Importance of Biodiversity",
          "image_filename": "question_14.png",
          "captured": true,
          "explanation": [
            "https://d2f8z173p7073l.cloudfront.net/1551546814664"
          ]
        },
        "question_15": {
          "question_number": 15,
          "correct_option": 2,
          "sds_id": "SDS18DD",
          "subtopic": "Loss of Biodiversity",
          "image_filename": "question_15.png",
          "captured": true,
          "explanation": [
            "https://d2f8z173p7073l.cloudfront.net/1551629381160"
          ]
        },
        "question_16": {
          "question_number": 16,
          "correct_option": 3,
          "sds_id": "SDS18DE",
          "subtopic": "Loss of Biodiversity",
          "image_filename": "question_16.png",
          "captured": true,
          "explanation": [
            "https://d2f8z173p7073l.cloudfront.net/1551630462738"
          ]
        },
        "question_17": {
          "question_number": 17,
          "correct_option": 2,
          "sds_id": "SDS18DF",
          "subtopic": "Loss of Biodiversity",
          "image_filename": "question_17.png",
          "captured": true,
          "explanation": [
            "https://d2f8z173p7073l.cloudfront.net/1551605081925"
          ]
        },
        "question_18": {
          "question_number": 18,
          "correct_option": 3,
          "sds_id": "SDS18E0",
          "subtopic": "Loss of Biodiversity",
          "image_filename": "question_18.png",
          "captured": true,
          "explanation": [
            "https://d2f8z173p7073l.cloudfront.net/1551600324393"
          ]
        },
        "question_19": {
          "question_number": 19,
          "correct_option": 1,
          "sds_id": "SDS18E1",
          "subtopic": "Loss of Biodiversity",
          "image_filename": "question_19.png",
          "captured": true,
          "explanation": [
            "https://d2f8z173p7073l.cloudfront.net/1551629282319"
          ]
        },
        "question_20": {
          "question_number": 20,
          "correct_option": 2,
          "sds_id": "SDS18E2",
          "subtopic": "Loss of Biodiversity",
          "image_filename": "question_20.png",
          "captured": true,
          "explanation": [
            "https://d2f8z173p7073l.cloudfront.net/1551542420039"
          ]
        },
        "question_21": {
          "question_number": 21,
          "correct_option": 2,
          "sds_id": "SDS18E3",
          "subtopic": "Loss of Biodiversity",
          "image_filename": "question_21.png",
          "captured": true,
          "explanation": [
            "https://d2f8z173p7073l.cloudfront.net/1551630053030"
          ]
        },
        "question_22": {
          "question_number": 22,
          "correct_option": 1,
          "sds_id": "SDS18E4",
          "subtopic": "Loss of Biodiversity",
          "image_filename": "question_22.png",
          "captured": true,
          "explanation": [
            "https://d2f8z173p7073l.cloudfront.net/1551629912618"
          ]
        },
        "question_23": {
          "question_number": 23,
          "correct_option": 3,
          "sds_id": "SDS18E5",
          "subtopic": "Loss of Biodiversity",
          "image_filename": "question_23.png",
          "captured": true,
          "explanation": [
            "https://d2f8z173p7073l.cloudfront.net/1551597962812"
          ]
        },
        "question_24": {
          "question_number": 24,
          "correct_option": 3,
          "sds_id": "SDS18E6",
          "subtopic": "Loss of Biodiversity",
          "image_filename": "question_24.png",
          "captured": true,
          "explanation": [
            "https://d2f8z173p7073l.cloudfront.net/1551544012529"
          ]
        },
        "question_25": {
          "question_number": 25,
          "correct_option": 1,
          "sds_id": "SDS18E7",
          "subtopic": "Loss of Biodiversity",
          "image_filename": "question_25.png",
          "captured": true,
          "explanation": [
            "https://d2f8z173p7073l.cloudfront.net/1551629342711"
          ]
        },
        "question_26": {
          "question_number": 26,
          "correct_option": 4,
          "sds_id": "SDS18E8",
          "subtopic": "Loss of Biodiversity",
          "image_filename": "question_26.png",
          "captured": true,
          "explanation": [
            "https://d2f8z173p7073l.cloudfront.net/1551546843608",
            "https://d2f8z173p7073l.cloudfront.net/1551546843608Page"
          ]
        },
        "question_27": {
          "question_number": 27,
          "correct_option": 2,
          "sds_id": "SDS18E9",
          "subtopic": "Loss of Biodiversity",
          "image_filename": "question_27.png",
          "captured": true,
          "explanation": [
            "https://d1iljb9ao69244.cloudfront.net/95693_1602516939106_Q164.ogg",
            "https://www.youtube.com/embed/vovGCX4wb8M?rel=0&amp;modestbranding=1&amp;loop=1&amp;playlist=vovGCX4wb8M&amp;start=67&amp;end=102",
            "https://www.youtube.com/embed/6X3IEZKcksA?rel=0&amp;modestbranding=1&amp;loop=1&amp;playlist=6X3IEZKcksA&amp;start=746&amp;end=764",
            "https://www.youtube.com/embed/vovGCX4wb8M?rel=0&modestbranding=1&loop=1&playlist=vovGCX4wb8M&start=67&end=102",
            "https://www.youtube.com/embed/6X3IEZKcksA?rel=0&modestbranding=1&loop=1&playlist=6X3IEZKcksA&start=746&end=764"
          ]
        },
        "question_28": {
          "question_number": 28,
          "correct_option": 2,
          "sds_id": "SDS18EA",
          "subtopic": "Loss of Biodiversity",
          "image_filename": "question_28.png",
          "captured": true,
          "explanation": [
            "https://d2f8z173p7073l.cloudfront.net/1551546391127",
            "https://d2f8z173p7073l.cloudfront.net/1551546391127Page"
          ]
        },
        "question_29": {
          "question_number": 29,
          "correct_option": 3,
          "sds_id": "SDS18EB",
          "subtopic": "In Situ Conservation of Biodiversity",
          "image_filename": "question_29.png",
          "captured": true,
          "explanation": [
            "https://d2f8z173p7073l.cloudfront.net/1551542158455"
          ]
        },
        "question_30": {
          "question_number": 30,
          "correct_option": 1,
          "sds_id": "SDS18EC",
          "subtopic": "In Situ Conservation of Biodiversity",
          "image_filename": "question_30.png",
          "captured": true,
          "explanation": [
            "https://d2f8z173p7073l.cloudfront.net/1551542464048"
          ]
        },
        "question_31": {
          "question_number": 31,
          "correct_option": 4,
          "sds_id": "SDS18ED",
          "subtopic": "In Situ Conservation of Biodiversity",
          "image_filename": "question_31.png",
          "captured": true,
          "explanation": [
            "https://d1iljb9ao69244.cloudfront.net/95652_1602055110005_Q123.ogg",
            "https://www.youtube.com/embed/yNCs6KTdK3Q?rel=0&amp;modestbranding=1&amp;loop=1&amp;playlist=yNCs6KTdK3Q&amp;start=482&amp;end=497",
            "https://www.youtube.com/embed/6X3IEZKcksA?rel=0&amp;modestbranding=1&amp;loop=1&amp;playlist=6X3IEZKcksA&amp;start=1357&amp;end=1372",
            "https://www.youtube.com/embed/yNCs6KTdK3Q?rel=0&modestbranding=1&loop=1&playlist=yNCs6KTdK3Q&start=482&end=497",
            "https://www.youtube.com/embed/6X3IEZKcksA?rel=0&modestbranding=1&loop=1&playlist=6X3IEZKcksA&start=1357&end=1372"
          ]
        },
        "question_32": {
          "question_number": 32,
          "correct_option": 1,
          "sds_id": "SDS18EE",
          "subtopic": "In Situ Conservation of Biodiversity",
          "image_filename": "question_32.png",
          "captured": true,
          "explanation": [
            "https://d2f8z173p7073l.cloudfront.net/1551546921903"
          ]
        },
        "question_33": {
          "question_number": 33,
          "correct_option": 1,
          "sds_id": "SDS18EF",
          "subtopic": "In Situ Conservation of Biodiversity",
          "image_filename": "question_33.png",
          "captured": true,
          "explanation": [
            "https://d2f8z173p7073l.cloudfront.net/1551545031470",
            "https://d2f8z173p7073l.cloudfront.net/1551545031470Page"
          ]
        },
        "question_34": {
          "question_number": 34,
          "correct_option": 3,
          "sds_id": "SDS18F0",
          "subtopic": "In Situ Conservation of Biodiversity",
          "image_filename": "question_34.png",
          "captured": true,
          "explanation": [
            "https://d2f8z173p7073l.cloudfront.net/1551546360622",
            "https://d2f8z173p7073l.cloudfront.net/1551546360622Page"
          ]
        },
        "question_35": {
          "question_number": 35,
          "correct_option": 2,
          "sds_id": "SDS18F1",
          "subtopic": "In Situ Conservation of Biodiversity",
          "image_filename": "question_35.png",
          "captured": true,
          "explanation": [
            "https://d1iljb9ao69244.cloudfront.net/question_explanations_250940_1630755613581.ogg",
            "https://www.youtube.com/embed/TjmIt_MkAIg?rel=0&amp;modestbranding=1&amp;loop=1&amp;playlist=TjmIt_MkAIg&amp;start=1848&amp;end=1913",
            "https://www.youtube.com/embed/TjmIt_MkAIg?rel=0&modestbranding=1&loop=1&playlist=TjmIt_MkAIg&start=1848&end=1913"
          ]
        },
        "question_36": {
          "question_number": 36,
          "correct_option": 4,
          "sds_id": "SDS18F2",
          "subtopic": "In Situ Conservation of Biodiversity",
          "image_filename": "question_36.png",
          "captured": true,
          "explanation": [
            "https://d2f8z173p7073l.cloudfront.net/1551545057595",
            "https://d2f8z173p7073l.cloudfront.net/1551545057595Page"
          ]
        },
        "question_37": {
          "question_number": 37,
          "correct_option": 4,
          "sds_id": "SDS18F3",
          "subtopic": "In Situ Conservation of Biodiversity",
          "image_filename": "question_37.png",
          "captured": true,
          "explanation": [
            "https://d2f8z173p7073l.cloudfront.net/1551545090522",
            "https://d2f8z173p7073l.cloudfront.net/1551545090522Page"
          ]
        },
        "question_38": {
          "question_number": 38,
          "correct_option": 2,
          "sds_id": "SDS18F4",
          "subtopic": "Ex Situ Conservation of Biodiversity",
          "image_filename": "question_38.png",
          "captured": true,
          "explanation": [
            "https://d2f8z173p7073l.cloudfront.net/1551600396132"
          ]
        },
        "question_39": {
          "question_number": 39,
          "correct_option": 3,
          "sds_id": "SDS18F5",
          "subtopic": "Ex Situ Conservation of Biodiversity",
          "image_filename": "question_39.png",
          "captured": true,
          "explanation": [
            "https://d2f8z173p7073l.cloudfront.net/1551600877028"
          ]
        },
        "question_40": {
          "question_number": 40,
          "correct_option": 1,
          "sds_id": "SDS18F6",
          "subtopic": "Ex Situ Conservation of Biodiversity",
          "image_filename": "question_40.png",
          "captured": true,
          "explanation": [
            "https://d2f8z173p7073l.cloudfront.net/1551546872964"
          ]
        },
        "question_41": {
          "question_number": 41,
          "correct_option": 2,
          "sds_id": "SDS18F7",
          "subtopic": "Ex Situ Conservation of Biodiversity",
          "image_filename": "question_41.png",
          "captured": true,
          "explanation": [
            "https://d2f8z173p7073l.cloudfront.net/1551546314802"
          ]
        },
        "question_42": {
          "question_number": 42,
          "correct_option": 3,
          "sds_id": "SDS18F8",
          "subtopic": "Ex Situ Conservation of Biodiversity",
          "image_filename": "question_42.png",
          "captured": true,
          "explanation": [
            "https://d2f8z173p7073l.cloudfront.net/1551552195100"
          ]
        },
        "question_43": {
          "question_number": 43,
          "correct_option": 4,
          "sds_id": "SDS18F9",
          "subtopic": "Ex Situ Conservation of Biodiversity",
          "image_filename": "question_43.png",
          "captured": true,
          "explanation": [
            "https://d2f8z173p7073l.cloudfront.net/1551546943922"
          ]
        },
        "question_44": {
          "question_number": 44,
          "correct_option": 3,
          "sds_id": "SDS18FA",
          "subtopic": "Ex Situ Conservation of Biodiversity",
          "image_filename": "question_44.png",
          "captured": true,
          "explanation": [
            "https://d2f8z173p7073l.cloudfront.net/1551547106761"
          ]
        },
        "question_45": {
          "question_number": 45,
          "correct_option": 1,
          "sds_id": "SDS18FB",
          "subtopic": "Ex Situ Conservation of Biodiversity",
          "image_filename": "question_45.png",
          "captured": true,
          "explanation": [
            "https://d2f8z173p7073l.cloudfront.net/1551546899577"
          ]
        },
        "question_46": {
          "question_number": 46,
          "correct_option": 1,
          "sds_id": "SDS18FC",
          "subtopic": "Ex Situ Conservation of Biodiversity",
          "image_filename": "question_46.png",
          "captured": true,
          "explanation": [
            "https://d2f8z173p7073l.cloudfront.net/1551546690509",
            "https://d2f8z173p7073l.cloudfront.net/1551546690509Page"
          ]
        },
        "question_47": {
          "question_number": 47,
          "correct_option": 3,
          "sds_id": "SDS18FD",
          "subtopic": "Biodiversity Conservation",
          "image_filename": "question_47.png",
          "captured": true,
          "explanation": [
            "https://d2f8z173p7073l.cloudfront.net/1551584313063"
          ]
        },
        "question_48": {
          "question_number": 48,
          "correct_option": 2,
          "sds_id": "SDS18FE",
          "subtopic": "Biodiversity Conservation",
          "image_filename": "question_48.png",
          "captured": true,
          "explanation": [
            "https://d2f8z173p7073l.cloudfront.net/1551604828911"
          ]
        },
        "question_49": {
          "question_number": 49,
          "correct_option": 3,
          "sds_id": "SDS18FF",
          "subtopic": "Biodiversity Conservation",
          "image_filename": "question_49.png",
          "captured": true,
          "explanation": [
            "https://d2f8z173p7073l.cloudfront.net/1551629309455"
          ]
        }
      }
    }
  },
  "type": "multi_set"
}