{
  "chapter_no": 1,
  "chapter_name": "The Living World",
  "section_name": "Level 3",
  "total_questions": 20,
  "questions": {
    "question_1": {
      "question_number": 1,
      "correct_option": 3,
      "sds_id": "SDS0322",
      "subtopic": "Taxonomy 1: Nomenclature",
      "image_filename": "question_1.png",
      "captured": true,
      "explanation": [
        "https://d1iljb9ao69244.cloudfront.net/442314_1712905918629_1.ogg"
      ]
    },
    "question_2": {
      "question_number": 2,
      "correct_option": 3,
      "sds_id": "SDS0323",
      "subtopic": "Taxonomy 1: Nomenclature",
      "image_filename": "question_2.png",
      "captured": true,
      "explanation": [
        "https://d2f8z173p7073l.cloudfront.net/1580571997917"
      ]
    },
    "question_3": {
      "question_number": 3,
      "correct_option": 3,
      "sds_id": "SDS0324",
      "subtopic": "Taxonomy 1: Nomenclature",
      "image_filename": "question_3.png",
      "captured": true,
      "explanation": [
        "https://d2f8z173p7073l.cloudfront.net/1580572017746"
      ]
    },
    "question_4": {
      "question_number": 4,
      "correct_option": 3,
      "sds_id": "SDS0325",
      "subtopic": "Taxonomy 2: Classification up to Genus",
      "image_filename": "question_4.png",
      "captured": true,
      "explanation": [
        "https://d2f8z173p7073l.cloudfront.net/1579945800605"
      ]
    },
    "question_5": {
      "question_number": 5,
      "correct_option": 1,
      "sds_id": "SDS0326",
      "subtopic": "Taxonomy 2: Classification up to Genus",
      "image_filename": "question_5.png",
      "captured": true,
      "explanation": [
        "https://d2f8z173p7073l.cloudfront.net/1579946093285"
      ]
    },
    "question_6": {
      "question_number": 6,
      "correct_option": 1,
      "sds_id": "SDS0327",
      "subtopic": "Taxonomy 2: Classification up to Genus",
      "image_filename": "question_6.png",
      "captured": true,
      "explanation": [
        "https://d2f8z173p7073l.cloudfront.net/1579946569705"
      ]
    },
    "question_7": {
      "question_number": 7,
      "correct_option": 2,
      "sds_id": "SDS0328",
      "subtopic": "Taxonomy 2: Classification up to Genus",
      "image_filename": "question_7.png",
      "captured": true,
      "explanation": [
        "https://d1iljb9ao69244.cloudfront.net/question_explanations_337565_1655526673662.ogg"
      ]
    },
    "question_8": {
      "question_number": 8,
      "correct_option": 3,
      "sds_id": "SDS0329",
      "subtopic": "Taxonomy 2: Classification up to Genus",
      "image_filename": "question_8.png",
      "captured": true,
      "explanation": [
        "https://d1iljb9ao69244.cloudfront.net/426555_1710821462053_2.ogg"
      ]
    },
    "question_9": {
      "question_number": 9,
      "correct_option": 3,
      "sds_id": "SDS032A",
      "subtopic": "Taxonomy 2: Classification up to Genus",
      "image_filename": "question_9.png",
      "captured": true,
      "explanation": [
        "https://d2f8z173p7073l.cloudfront.net/1579947047366"
      ]
    },
    "question_10": {
      "question_number": 10,
      "correct_option": 1,
      "sds_id": "SDS032B",
      "subtopic": "Taxonomy 3: From Family to Classification of Some Organisms",
      "image_filename": "question_10.png",
      "captured": true,
      "explanation": [
        "https://d2f8z173p7073l.cloudfront.net/1579946908672"
      ]
    },
    "question_11": {
      "question_number": 11,
      "correct_option": 2,
      "sds_id": "SDS032C",
      "subtopic": "Taxonomy 3: From Family to Classification of Some Organisms",
      "image_filename": "question_11.png",
      "captured": true,
      "explanation": [
        "https://d2f8z173p7073l.cloudfront.net/1581176492577"
      ]
    },
    "question_12": {
      "question_number": 12,
      "correct_option": 1,
      "sds_id": "SDS032D",
      "subtopic": "Systematics & Type study",
      "image_filename": "question_12.png",
      "captured": true,
      "explanation": [
        "https://d2f8z173p7073l.cloudfront.net/1579945757780"
      ]
    },
    "question_13": {
      "question_number": 13,
      "correct_option": 1,
      "sds_id": "SDS032E",
      "subtopic": "Systematics & Type study",
      "image_filename": "question_13.png",
      "captured": true,
      "explanation": [
        "https://d1iljb9ao69244.cloudfront.net/question_explanations_264954_1629442745323.ogg"
      ]
    },
    "question_14": {
      "question_number": 14,
      "correct_option": 3,
      "sds_id": "SDS032F",
      "subtopic": "Systematics & Type study",
      "image_filename": "question_14.png",
      "captured": true,
      "explanation": [
        "https://d2f8z173p7073l.cloudfront.net/1579947004211"
      ]
    },
    "question_15": {
      "question_number": 15,
      "correct_option": 3,
      "sds_id": "SDS0330",
      "subtopic": "Systematics & Type study",
      "image_filename": "question_15.png",
      "captured": true,
      "explanation": [
        "https://d2f8z173p7073l.cloudfront.net/1580572247132"
      ]
    },
    "question_16": {
      "question_number": 16,
      "correct_option": 4,
      "sds_id": "SDS0331",
      "subtopic": "Systematics & Type study",
      "image_filename": "question_16.png",
      "captured": true,
      "explanation": [
        "https://www.youtube-nocookie.com/embed/GJuV0Ll4VMA?rel=0"
      ]
    },
    "question_17": {
      "question_number": 17,
      "correct_option": 3,
      "sds_id": "SDS0332",
      "subtopic": "Systematics & Type study",
      "image_filename": "question_17.png",
      "captured": true,
      "explanation": [
        "https://d1iljb9ao69244.cloudfront.net/426554_1711166779014_2.ogg"
      ]
    },
    "question_18": {
      "question_number": 18,
      "correct_option": 1,
      "sds_id": "SDS0333",
      "subtopic": "Diversity in the Living World",
      "image_filename": "question_18.png",
      "captured": true,
      "explanation": [
        "https://www.youtube-nocookie.com/embed/8OdyTDmE0t8?rel=0"
      ]
    },
    "question_19": {
      "question_number": 19,
      "correct_option": 3,
      "sds_id": "SDS0334",
      "subtopic": "Diversity in the Living World",
      "image_filename": "question_19.png",
      "captured": true,
      "explanation": [
        "https://www.youtube-nocookie.com/embed/Qnw4apvOS58?rel=0"
      ]
    },
    "question_20": {
      "question_number": 20,
      "correct_option": 4,
      "sds_id": "SDS0335",
      "subtopic": "Diversity in the Living World",
      "image_filename": "question_20.png",
      "captured": true,
      "explanation": [
        "https://d1iljb9ao69244.cloudfront.net/question_explanations_349137_1666681742513.ogg"
      ]
    }
  }
}