{
  "chapter_no": 13,
  "chapter_name": "Biodiversity and Conservation",
  "section_name": "Level 2",
  "total_questions": 49,
  "questions": {
    "question_1": {
      "question_number": 1,
      "correct_option": 4,
      "sds_id": "SDS18CF",
      "subtopic": "Introduction & Types",
      "image_filename": "question_1.png",
      "captured": true,
      "explanation": [
        "https://d2f8z173p7073l.cloudfront.net/1551542286918"
      ]
    },
    "question_2": {
      "question_number": 2,
      "correct_option": 1,
      "sds_id": "SDS18D0",
      "subtopic": "Introduction & Types",
      "image_filename": "question_2.png",
      "captured": true,
      "explanation": [
        "https://d2f8z173p7073l.cloudfront.net/1551631031536"
      ]
    },
    "question_3": {
      "question_number": 3,
      "correct_option": 3,
      "sds_id": "SDS18D1",
      "subtopic": "Introduction & Types",
      "image_filename": "question_3.png",
      "captured": true,
      "explanation": [
        "https://d1iljb9ao69244.cloudfront.net/251352_1630736489149_54.ogg",
        "https://www.youtube.com/embed/TjmIt_MkAIg?rel=0&amp;modestbranding=1&amp;loop=1&amp;playlist=TjmIt_MkAIg&amp;start=2130&amp;end=2186",
        "https://www.youtube.com/embed/TjmIt_MkAIg?rel=0&modestbranding=1&loop=1&playlist=TjmIt_MkAIg&start=2130&end=2186"
      ]
    },
    "question_4": {
      "question_number": 4,
      "correct_option": 2,
      "sds_id": "SDS18D2",
      "subtopic": "Introduction & Types",
      "image_filename": "question_4.png",
      "captured": true,
      "explanation": [
        "https://d2f8z173p7073l.cloudfront.net/1551544942651"
      ]
    },
    "question_5": {
      "question_number": 5,
      "correct_option": 1,
      "sds_id": "SDS18D3",
      "subtopic": "Magnitude of Biodiversity",
      "image_filename": "question_5.png",
      "captured": true,
      "explanation": [
        "https://d2f8z173p7073l.cloudfront.net/1551604732148"
      ]
    },
    "question_6": {
      "question_number": 6,
      "correct_option": 3,
      "sds_id": "SDS18D4",
      "subtopic": "Magnitude of Biodiversity",
      "image_filename": "question_6.png",
      "captured": true,
      "explanation": [
        "https://d2f8z173p7073l.cloudfront.net/1579946284833"
      ]
    },
    "question_7": {
      "question_number": 7,
      "correct_option": 3,
      "sds_id": "SDS18D5",
      "subtopic": "Magnitude of Biodiversity",
      "image_filename": "question_7.png",
      "captured": true,
      "explanation": [
        "https://d2f8z173p7073l.cloudfront.net/1551547132834"
      ]
    },
    "question_8": {
      "question_number": 8,
      "correct_option": 1,
      "sds_id": "SDS18D6",
      "subtopic": "Magnitude of Biodiversity",
      "image_filename": "question_8.png",
      "captured": true,
      "explanation": [
        "https://d1iljb9ao69244.cloudfront.net/question_explanations_265063_1630754998115.ogg"
      ]
    },
    "question_9": {
      "question_number": 9,
      "correct_option": 4,
      "sds_id": "SDS18D7",
      "subtopic": "Biodiversity Patterns",
      "image_filename": "question_9.png",
      "captured": true,
      "explanation": [
        "https://d2f8z173p7073l.cloudfront.net/1551543964127"
      ]
    },
    "question_10": {
      "question_number": 10,
      "correct_option": 3,
      "sds_id": "SDS18D8",
      "subtopic": "Biodiversity Patterns",
      "image_filename": "question_10.png",
      "captured": true,
      "explanation": [
        "https://d1iljb9ao69244.cloudfront.net/349495_1668241560989_349495.ogg"
      ]
    },
    "question_11": {
      "question_number": 11,
      "correct_option": 3,
      "sds_id": "SDS18D9",
      "subtopic": "Biodiversity Patterns",
      "image_filename": "question_11.png",
      "captured": true,
      "explanation": [
        "https://d2f8z173p7073l.cloudfront.net/1551528588761"
      ]
    },
    "question_12": {
      "question_number": 12,
      "correct_option": 1,
      "sds_id": "SDS18DA",
      "subtopic": "Importance of Biodiversity",
      "image_filename": "question_12.png",
      "captured": true,
      "explanation": [
        "https://d2f8z173p7073l.cloudfront.net/1551546757862"
      ]
    },
    "question_13": {
      "question_number": 13,
      "correct_option": 3,
      "sds_id": "SDS18DB",
      "subtopic": "Importance of Biodiversity",
      "image_filename": "question_13.png",
      "captured": true,
      "explanation": [
        "https://d2f8z173p7073l.cloudfront.net/1551544918275"
      ]
    },
    "question_14": {
      "question_number": 14,
      "correct_option": 4,
      "sds_id": "SDS18DC",
      "subtopic": "Importance of Biodiversity",
      "image_filename": "question_14.png",
      "captured": true,
      "explanation": [
        "https://d2f8z173p7073l.cloudfront.net/1551546814664"
      ]
    },
    "question_15": {
      "question_number": 15,
      "correct_option": 2,
      "sds_id": "SDS18DD",
      "subtopic": "Loss of Biodiversity",
      "image_filename": "question_15.png",
      "captured": true,
      "explanation": [
        "https://d2f8z173p7073l.cloudfront.net/1551629381160"
      ]
    },
    "question_16": {
      "question_number": 16,
      "correct_option": 3,
      "sds_id": "SDS18DE",
      "subtopic": "Loss of Biodiversity",
      "image_filename": "question_16.png",
      "captured": true,
      "explanation": [
        "https://d2f8z173p7073l.cloudfront.net/1551630462738"
      ]
    },
    "question_17": {
      "question_number": 17,
      "correct_option": 2,
      "sds_id": "SDS18DF",
      "subtopic": "Loss of Biodiversity",
      "image_filename": "question_17.png",
      "captured": true,
      "explanation": [
        "https://d2f8z173p7073l.cloudfront.net/1551605081925"
      ]
    },
    "question_18": {
      "question_number": 18,
      "correct_option": 3,
      "sds_id": "SDS18E0",
      "subtopic": "Loss of Biodiversity",
      "image_filename": "question_18.png",
      "captured": true,
      "explanation": [
        "https://d2f8z173p7073l.cloudfront.net/1551600324393"
      ]
    },
    "question_19": {
      "question_number": 19,
      "correct_option": 1,
      "sds_id": "SDS18E1",
      "subtopic": "Loss of Biodiversity",
      "image_filename": "question_19.png",
      "captured": true,
      "explanation": [
        "https://d2f8z173p7073l.cloudfront.net/1551629282319"
      ]
    },
    "question_20": {
      "question_number": 20,
      "correct_option": 2,
      "sds_id": "SDS18E2",
      "subtopic": "Loss of Biodiversity",
      "image_filename": "question_20.png",
      "captured": true,
      "explanation": [
        "https://d2f8z173p7073l.cloudfront.net/1551542420039"
      ]
    },
    "question_21": {
      "question_number": 21,
      "correct_option": 2,
      "sds_id": "SDS18E3",
      "subtopic": "Loss of Biodiversity",
      "image_filename": "question_21.png",
      "captured": true,
      "explanation": [
        "https://d2f8z173p7073l.cloudfront.net/1551630053030"
      ]
    },
    "question_22": {
      "question_number": 22,
      "correct_option": 1,
      "sds_id": "SDS18E4",
      "subtopic": "Loss of Biodiversity",
      "image_filename": "question_22.png",
      "captured": true,
      "explanation": [
        "https://d2f8z173p7073l.cloudfront.net/1551629912618"
      ]
    },
    "question_23": {
      "question_number": 23,
      "correct_option": 3,
      "sds_id": "SDS18E5",
      "subtopic": "Loss of Biodiversity",
      "image_filename": "question_23.png",
      "captured": true,
      "explanation": [
        "https://d2f8z173p7073l.cloudfront.net/1551597962812"
      ]
    },
    "question_24": {
      "question_number": 24,
      "correct_option": 3,
      "sds_id": "SDS18E6",
      "subtopic": "Loss of Biodiversity",
      "image_filename": "question_24.png",
      "captured": true,
      "explanation": [
        "https://d2f8z173p7073l.cloudfront.net/1551544012529"
      ]
    },
    "question_25": {
      "question_number": 25,
      "correct_option": 1,
      "sds_id": "SDS18E7",
      "subtopic": "Loss of Biodiversity",
      "image_filename": "question_25.png",
      "captured": true,
      "explanation": [
        "https://d2f8z173p7073l.cloudfront.net/1551629342711"
      ]
    },
    "question_26": {
      "question_number": 26,
      "correct_option": 4,
      "sds_id": "SDS18E8",
      "subtopic": "Loss of Biodiversity",
      "image_filename": "question_26.png",
      "captured": true,
      "explanation": [
        "https://d2f8z173p7073l.cloudfront.net/1551546843608",
        "https://d2f8z173p7073l.cloudfront.net/1551546843608Page"
      ]
    },
    "question_27": {
      "question_number": 27,
      "correct_option": 2,
      "sds_id": "SDS18E9",
      "subtopic": "Loss of Biodiversity",
      "image_filename": "question_27.png",
      "captured": true,
      "explanation": [
        "https://d1iljb9ao69244.cloudfront.net/95693_1602516939106_Q164.ogg",
        "https://www.youtube.com/embed/vovGCX4wb8M?rel=0&amp;modestbranding=1&amp;loop=1&amp;playlist=vovGCX4wb8M&amp;start=67&amp;end=102",
        "https://www.youtube.com/embed/6X3IEZKcksA?rel=0&amp;modestbranding=1&amp;loop=1&amp;playlist=6X3IEZKcksA&amp;start=746&amp;end=764",
        "https://www.youtube.com/embed/vovGCX4wb8M?rel=0&modestbranding=1&loop=1&playlist=vovGCX4wb8M&start=67&end=102",
        "https://www.youtube.com/embed/6X3IEZKcksA?rel=0&modestbranding=1&loop=1&playlist=6X3IEZKcksA&start=746&end=764"
      ]
    },
    "question_28": {
      "question_number": 28,
      "correct_option": 2,
      "sds_id": "SDS18EA",
      "subtopic": "Loss of Biodiversity",
      "image_filename": "question_28.png",
      "captured": true,
      "explanation": [
        "https://d2f8z173p7073l.cloudfront.net/1551546391127",
        "https://d2f8z173p7073l.cloudfront.net/1551546391127Page"
      ]
    },
    "question_29": {
      "question_number": 29,
      "correct_option": 3,
      "sds_id": "SDS18EB",
      "subtopic": "In Situ Conservation of Biodiversity",
      "image_filename": "question_29.png",
      "captured": true,
      "explanation": [
        "https://d2f8z173p7073l.cloudfront.net/1551542158455"
      ]
    },
    "question_30": {
      "question_number": 30,
      "correct_option": 1,
      "sds_id": "SDS18EC",
      "subtopic": "In Situ Conservation of Biodiversity",
      "image_filename": "question_30.png",
      "captured": true,
      "explanation": [
        "https://d2f8z173p7073l.cloudfront.net/1551542464048"
      ]
    },
    "question_31": {
      "question_number": 31,
      "correct_option": 4,
      "sds_id": "SDS18ED",
      "subtopic": "In Situ Conservation of Biodiversity",
      "image_filename": "question_31.png",
      "captured": true,
      "explanation": [
        "https://d1iljb9ao69244.cloudfront.net/95652_1602055110005_Q123.ogg",
        "https://www.youtube.com/embed/yNCs6KTdK3Q?rel=0&amp;modestbranding=1&amp;loop=1&amp;playlist=yNCs6KTdK3Q&amp;start=482&amp;end=497",
        "https://www.youtube.com/embed/6X3IEZKcksA?rel=0&amp;modestbranding=1&amp;loop=1&amp;playlist=6X3IEZKcksA&amp;start=1357&amp;end=1372",
        "https://www.youtube.com/embed/yNCs6KTdK3Q?rel=0&modestbranding=1&loop=1&playlist=yNCs6KTdK3Q&start=482&end=497",
        "https://www.youtube.com/embed/6X3IEZKcksA?rel=0&modestbranding=1&loop=1&playlist=6X3IEZKcksA&start=1357&end=1372"
      ]
    },
    "question_32": {
      "question_number": 32,
      "correct_option": 1,
      "sds_id": "SDS18EE",
      "subtopic": "In Situ Conservation of Biodiversity",
      "image_filename": "question_32.png",
      "captured": true,
      "explanation": [
        "https://d2f8z173p7073l.cloudfront.net/1551546921903"
      ]
    },
    "question_33": {
      "question_number": 33,
      "correct_option": 1,
      "sds_id": "SDS18EF",
      "subtopic": "In Situ Conservation of Biodiversity",
      "image_filename": "question_33.png",
      "captured": true,
      "explanation": [
        "https://d2f8z173p7073l.cloudfront.net/1551545031470",
        "https://d2f8z173p7073l.cloudfront.net/1551545031470Page"
      ]
    },
    "question_34": {
      "question_number": 34,
      "correct_option": 3,
      "sds_id": "SDS18F0",
      "subtopic": "In Situ Conservation of Biodiversity",
      "image_filename": "question_34.png",
      "captured": true,
      "explanation": [
        "https://d2f8z173p7073l.cloudfront.net/1551546360622",
        "https://d2f8z173p7073l.cloudfront.net/1551546360622Page"
      ]
    },
    "question_35": {
      "question_number": 35,
      "correct_option": 2,
      "sds_id": "SDS18F1",
      "subtopic": "In Situ Conservation of Biodiversity",
      "image_filename": "question_35.png",
      "captured": true,
      "explanation": [
        "https://d1iljb9ao69244.cloudfront.net/question_explanations_250940_1630755613581.ogg",
        "https://www.youtube.com/embed/TjmIt_MkAIg?rel=0&amp;modestbranding=1&amp;loop=1&amp;playlist=TjmIt_MkAIg&amp;start=1848&amp;end=1913",
        "https://www.youtube.com/embed/TjmIt_MkAIg?rel=0&modestbranding=1&loop=1&playlist=TjmIt_MkAIg&start=1848&end=1913"
      ]
    },
    "question_36": {
      "question_number": 36,
      "correct_option": 4,
      "sds_id": "SDS18F2",
      "subtopic": "In Situ Conservation of Biodiversity",
      "image_filename": "question_36.png",
      "captured": true,
      "explanation": [
        "https://d2f8z173p7073l.cloudfront.net/1551545057595",
        "https://d2f8z173p7073l.cloudfront.net/1551545057595Page"
      ]
    },
    "question_37": {
      "question_number": 37,
      "correct_option": 4,
      "sds_id": "SDS18F3",
      "subtopic": "In Situ Conservation of Biodiversity",
      "image_filename": "question_37.png",
      "captured": true,
      "explanation": [
        "https://d2f8z173p7073l.cloudfront.net/1551545090522",
        "https://d2f8z173p7073l.cloudfront.net/1551545090522Page"
      ]
    },
    "question_38": {
      "question_number": 38,
      "correct_option": 2,
      "sds_id": "SDS18F4",
      "subtopic": "Ex Situ Conservation of Biodiversity",
      "image_filename": "question_38.png",
      "captured": true,
      "explanation": [
        "https://d2f8z173p7073l.cloudfront.net/1551600396132"
      ]
    },
    "question_39": {
      "question_number": 39,
      "correct_option": 3,
      "sds_id": "SDS18F5",
      "subtopic": "Ex Situ Conservation of Biodiversity",
      "image_filename": "question_39.png",
      "captured": true,
      "explanation": [
        "https://d2f8z173p7073l.cloudfront.net/1551600877028"
      ]
    },
    "question_40": {
      "question_number": 40,
      "correct_option": 1,
      "sds_id": "SDS18F6",
      "subtopic": "Ex Situ Conservation of Biodiversity",
      "image_filename": "question_40.png",
      "captured": true,
      "explanation": [
        "https://d2f8z173p7073l.cloudfront.net/1551546872964"
      ]
    },
    "question_41": {
      "question_number": 41,
      "correct_option": 2,
      "sds_id": "SDS18F7",
      "subtopic": "Ex Situ Conservation of Biodiversity",
      "image_filename": "question_41.png",
      "captured": true,
      "explanation": [
        "https://d2f8z173p7073l.cloudfront.net/1551546314802"
      ]
    },
    "question_42": {
      "question_number": 42,
      "correct_option": 3,
      "sds_id": "SDS18F8",
      "subtopic": "Ex Situ Conservation of Biodiversity",
      "image_filename": "question_42.png",
      "captured": true,
      "explanation": [
        "https://d2f8z173p7073l.cloudfront.net/1551552195100"
      ]
    },
    "question_43": {
      "question_number": 43,
      "correct_option": 4,
      "sds_id": "SDS18F9",
      "subtopic": "Ex Situ Conservation of Biodiversity",
      "image_filename": "question_43.png",
      "captured": true,
      "explanation": [
        "https://d2f8z173p7073l.cloudfront.net/1551546943922"
      ]
    },
    "question_44": {
      "question_number": 44,
      "correct_option": 3,
      "sds_id": "SDS18FA",
      "subtopic": "Ex Situ Conservation of Biodiversity",
      "image_filename": "question_44.png",
      "captured": true,
      "explanation": [
        "https://d2f8z173p7073l.cloudfront.net/1551547106761"
      ]
    },
    "question_45": {
      "question_number": 45,
      "correct_option": 1,
      "sds_id": "SDS18FB",
      "subtopic": "Ex Situ Conservation of Biodiversity",
      "image_filename": "question_45.png",
      "captured": true,
      "explanation": [
        "https://d2f8z173p7073l.cloudfront.net/1551546899577"
      ]
    },
    "question_46": {
      "question_number": 46,
      "correct_option": 1,
      "sds_id": "SDS18FC",
      "subtopic": "Ex Situ Conservation of Biodiversity",
      "image_filename": "question_46.png",
      "captured": true,
      "explanation": [
        "https://d2f8z173p7073l.cloudfront.net/1551546690509",
        "https://d2f8z173p7073l.cloudfront.net/1551546690509Page"
      ]
    },
    "question_47": {
      "question_number": 47,
      "correct_option": 3,
      "sds_id": "SDS18FD",
      "subtopic": "Biodiversity Conservation",
      "image_filename": "question_47.png",
      "captured": true,
      "explanation": [
        "https://d2f8z173p7073l.cloudfront.net/1551584313063"
      ]
    },
    "question_48": {
      "question_number": 48,
      "correct_option": 2,
      "sds_id": "SDS18FE",
      "subtopic": "Biodiversity Conservation",
      "image_filename": "question_48.png",
      "captured": true,
      "explanation": [
        "https://d2f8z173p7073l.cloudfront.net/1551604828911"
      ]
    },
    "question_49": {
      "question_number": 49,
      "correct_option": 3,
      "sds_id": "SDS18FF",
      "subtopic": "Biodiversity Conservation",
      "image_filename": "question_49.png",
      "captured": true,
      "explanation": [
        "https://d2f8z173p7073l.cloudfront.net/1551629309455"
      ]
    }
  }
}