{
  "chapter_name": "14 Environmental Issues",
  "sets": {
    "Level 2": {
      "name": "Level 2",
      "path": "Level 2/",
      "questions": {
        "question_1": {
          "question_number": 1,
          "correct_option": 3,
          "sds_id": "SDS1900",
          "subtopic": "Introduction to Pollution & Types",
          "image_filename": "question_1.png",
          "captured": true,
          "explanation": [
            "https://d2f8z173p7073l.cloudfront.net/1551614068430"
          ]
        },
        "question_2": {
          "question_number": 2,
          "correct_option": 3,
          "sds_id": "SDS1901",
          "subtopic": "Introduction to Pollution & Types",
          "image_filename": "question_2.png",
          "captured": true,
          "explanation": [
            "https://d2f8z173p7073l.cloudfront.net/1551614102290"
          ]
        },
        "question_3": {
          "question_number": 3,
          "correct_option": 2,
          "sds_id": "SDS1902",
          "subtopic": "Introduction to Pollution & Types",
          "image_filename": "question_3.png",
          "captured": true,
          "explanation": [
            "https://d2f8z173p7073l.cloudfront.net/1551582066427"
          ]
        },
        "question_4": {
          "question_number": 4,
          "correct_option": 4,
          "sds_id": "SDS1903",
          "subtopic": "Introduction to Pollution & Types",
          "image_filename": "question_4.png",
          "captured": true,
          "explanation": [
            "https://d2f8z173p7073l.cloudfront.net/1551552621484"
          ]
        },
        "question_5": {
          "question_number": 5,
          "correct_option": 4,
          "sds_id": "SDS1904",
          "subtopic": "Air Pollution",
          "image_filename": "question_5.png",
          "captured": true,
          "explanation": [
            "https://d2f8z173p7073l.cloudfront.net/1551550928335"
          ]
        },
        "question_6": {
          "question_number": 6,
          "correct_option": 4,
          "sds_id": "SDS1905",
          "subtopic": "Air Pollution",
          "image_filename": "question_6.png",
          "captured": true,
          "explanation": [
            "https://d2f8z173p7073l.cloudfront.net/1551612508225"
          ]
        },
        "question_7": {
          "question_number": 7,
          "correct_option": 3,
          "sds_id": "SDS1906",
          "subtopic": "Air Pollution",
          "image_filename": "question_7.png",
          "captured": true,
          "explanation": [
            "https://d2f8z173p7073l.cloudfront.net/1551551716518",
            "https://www.youtube.com/embed/0cuX-VyEOMk?rel=0&amp;modestbranding=1&amp;loop=1&amp;playlist=0cuX-VyEOMk&amp;start=354&amp;end=371",
            "https://www.youtube.com/embed/0cuX-VyEOMk?rel=0&modestbranding=1&loop=1&playlist=0cuX-VyEOMk&start=354&end=371"
          ]
        },
        "question_8": {
          "question_number": 8,
          "correct_option": 4,
          "sds_id": "SDS1907",
          "subtopic": "Air Pollution",
          "image_filename": "question_8.png",
          "captured": true,
          "explanation": [
            "https://d2f8z173p7073l.cloudfront.net/1551551223100"
          ]
        },
        "question_9": {
          "question_number": 9,
          "correct_option": 2,
          "sds_id": "SDS1908",
          "subtopic": "Air Pollution",
          "image_filename": "question_9.png",
          "captured": true,
          "explanation": [
            "https://d2f8z173p7073l.cloudfront.net/1551581780126"
          ]
        },
        "question_10": {
          "question_number": 10,
          "correct_option": 3,
          "sds_id": "SDS1909",
          "subtopic": "Air Pollution",
          "image_filename": "question_10.png",
          "captured": true,
          "explanation": [
            "https://d2f8z173p7073l.cloudfront.net/1551780784468"
          ]
        },
        "question_11": {
          "question_number": 11,
          "correct_option": 2,
          "sds_id": "SDS190A",
          "subtopic": "Air Pollution",
          "image_filename": "question_11.png",
          "captured": true,
          "explanation": [
            "https://d2f8z173p7073l.cloudfront.net/1551581974123"
          ]
        },
        "question_12": {
          "question_number": 12,
          "correct_option": 3,
          "sds_id": "SDS190B",
          "subtopic": "Air Pollution",
          "image_filename": "question_12.png",
          "captured": true,
          "explanation": [
            "https://d2f8z173p7073l.cloudfront.net/1551581561969"
          ]
        },
        "question_13": {
          "question_number": 13,
          "correct_option": 1,
          "sds_id": "SDS190C",
          "subtopic": "Air Pollution",
          "image_filename": "question_13.png",
          "captured": true,
          "explanation": [
            "https://d2f8z173p7073l.cloudfront.net/1551581125955"
          ]
        },
        "question_14": {
          "question_number": 14,
          "correct_option": 1,
          "sds_id": "SDS190D",
          "subtopic": "Air Pollution",
          "image_filename": "question_14.png",
          "captured": true,
          "explanation": [
            "https://d2f8z173p7073l.cloudfront.net/1551552560392"
          ]
        },
        "question_15": {
          "question_number": 15,
          "correct_option": 3,
          "sds_id": "SDS190E",
          "subtopic": "Air Pollution",
          "image_filename": "question_15.png",
          "captured": true,
          "explanation": [
            "https://d2f8z173p7073l.cloudfront.net/1551552269305"
          ]
        },
        "question_16": {
          "question_number": 16,
          "correct_option": 3,
          "sds_id": "SDS190F",
          "subtopic": "Solid Waste Pollution",
          "image_filename": "question_16.png",
          "captured": true,
          "explanation": [
            "https://d1iljb9ao69244.cloudfront.net/243446_1621689695723_89.ogg"
          ]
        },
        "question_17": {
          "question_number": 17,
          "correct_option": 3,
          "sds_id": "SDS1910",
          "subtopic": "Solid Waste Pollution",
          "image_filename": "question_17.png",
          "captured": true,
          "explanation": [
            "https://d1iljb9ao69244.cloudfront.net/131707_1591242843994_Q7.ogg",
            "https://www.youtube-nocookie.com/embed/faTmRv9-3Nk?rel=0",
            "https://www.youtube.com/embed/cC8tqegXbyQ?rel=0&amp;modestbranding=1&amp;loop=1&amp;playlist=cC8tqegXbyQ&amp;start=47&amp;end=74",
            "https://www.youtube.com/embed/fEoB05pkVAA?rel=0&amp;modestbranding=1&amp;loop=1&amp;playlist=fEoB05pkVAA&amp;start=899&amp;end=922",
            "https://www.youtube.com/embed/cC8tqegXbyQ?rel=0&modestbranding=1&loop=1&playlist=cC8tqegXbyQ&start=47&end=74",
            "https://www.youtube.com/embed/fEoB05pkVAA?rel=0&modestbranding=1&loop=1&playlist=fEoB05pkVAA&start=899&end=922"
          ]
        },
        "question_18": {
          "question_number": 18,
          "correct_option": 4,
          "sds_id": "SDS1911",
          "subtopic": "Agrochemical & Radioactive Waste",
          "image_filename": "question_18.png",
          "captured": true,
          "explanation": [
            "https://d2f8z173p7073l.cloudfront.net/1551581351983"
          ]
        },
        "question_19": {
          "question_number": 19,
          "correct_option": 2,
          "sds_id": "SDS1912",
          "subtopic": "Green House Effect & Global Warming",
          "image_filename": "question_19.png",
          "captured": true,
          "explanation": [
            "https://d2f8z173p7073l.cloudfront.net/1551551018497"
          ]
        },
        "question_20": {
          "question_number": 20,
          "correct_option": 4,
          "sds_id": "SDS1913",
          "subtopic": "Green House Effect & Global Warming",
          "image_filename": "question_20.png",
          "captured": true,
          "explanation": [
            "https://d2f8z173p7073l.cloudfront.net/1551581149612"
          ]
        },
        "question_21": {
          "question_number": 21,
          "correct_option": 1,
          "sds_id": "SDS1914",
          "subtopic": "Green House Effect & Global Warming",
          "image_filename": "question_21.png",
          "captured": true,
          "explanation": [
            "https://d2f8z173p7073l.cloudfront.net/1551587706732"
          ]
        },
        "question_22": {
          "question_number": 22,
          "correct_option": 1,
          "sds_id": "SDS1915",
          "subtopic": "Green House Effect & Global Warming",
          "image_filename": "question_22.png",
          "captured": true,
          "explanation": [
            "https://d2f8z173p7073l.cloudfront.net/1551587744861"
          ]
        },
        "question_23": {
          "question_number": 23,
          "correct_option": 1,
          "sds_id": "SDS1916",
          "subtopic": "Green House Effect & Global Warming",
          "image_filename": "question_23.png",
          "captured": true,
          "explanation": [
            "https://d2f8z173p7073l.cloudfront.net/1588068914493"
          ]
        },
        "question_24": {
          "question_number": 24,
          "correct_option": 4,
          "sds_id": "SDS1917",
          "subtopic": "Green House Effect & Global Warming",
          "image_filename": "question_24.png",
          "captured": true,
          "explanation": [
            "https://d2f8z173p7073l.cloudfront.net/1551581433125"
          ]
        },
        "question_25": {
          "question_number": 25,
          "correct_option": 4,
          "sds_id": "SDS1918",
          "subtopic": "Green House Effect & Global Warming",
          "image_filename": "question_25.png",
          "captured": true,
          "explanation": [
            "https://d2f8z173p7073l.cloudfront.net/1551552713757"
          ]
        },
        "question_26": {
          "question_number": 26,
          "correct_option": 4,
          "sds_id": "SDS1919",
          "subtopic": "Green House Effect & Global Warming",
          "image_filename": "question_26.png",
          "captured": true,
          "explanation": [
            "https://d2f8z173p7073l.cloudfront.net/1551552162756"
          ]
        },
        "question_27": {
          "question_number": 27,
          "correct_option": 1,
          "sds_id": "SDS191A",
          "subtopic": "Green House Effect & Global Warming",
          "image_filename": "question_27.png",
          "captured": true,
          "explanation": [
            "https://d1iljb9ao69244.cloudfront.net/95653_1602055220480_Q124.ogg",
            "https://www.youtube.com/embed/IFdOUsS1JuU?rel=0&amp;modestbranding=1&amp;loop=1&amp;playlist=IFdOUsS1JuU&amp;start=3&amp;end=36",
            "https://www.youtube.com/embed/IFdOUsS1JuU?rel=0&modestbranding=1&loop=1&playlist=IFdOUsS1JuU&start=3&end=36"
          ]
        },
        "question_28": {
          "question_number": 28,
          "correct_option": 4,
          "sds_id": "SDS191B",
          "subtopic": "Green House Effect & Global Warming",
          "image_filename": "question_28.png",
          "captured": true,
          "explanation": [
            "https://d2f8z173p7073l.cloudfront.net/1551581183345"
          ]
        },
        "question_29": {
          "question_number": 29,
          "correct_option": 3,
          "sds_id": "SDS191C",
          "subtopic": "Green House Effect & Global Warming",
          "image_filename": "question_29.png",
          "captured": true,
          "explanation": [
            "https://d2f8z173p7073l.cloudfront.net/1551552366766"
          ]
        },
        "question_30": {
          "question_number": 30,
          "correct_option": 2,
          "sds_id": "SDS191D",
          "subtopic": "Ozone Layer Depletion",
          "image_filename": "question_30.png",
          "captured": true,
          "explanation": [
            "https://d2f8z173p7073l.cloudfront.net/1589877183864"
          ]
        },
        "question_31": {
          "question_number": 31,
          "correct_option": 3,
          "sds_id": "SDS191E",
          "subtopic": "Ozone Layer Depletion",
          "image_filename": "question_31.png",
          "captured": true,
          "explanation": [
            "https://d2f8z173p7073l.cloudfront.net/1551581299920"
          ]
        },
        "question_32": {
          "question_number": 32,
          "correct_option": 3,
          "sds_id": "SDS191F",
          "subtopic": "Ozone Layer Depletion",
          "image_filename": "question_32.png",
          "captured": true,
          "explanation": [
            "https://d2f8z173p7073l.cloudfront.net/1551581859077"
          ]
        },
        "question_33": {
          "question_number": 33,
          "correct_option": 3,
          "sds_id": "SDS1920",
          "subtopic": "Ozone Layer Depletion",
          "image_filename": "question_33.png",
          "captured": true,
          "explanation": [
            "https://d2f8z173p7073l.cloudfront.net/1551551124357"
          ]
        },
        "question_34": {
          "question_number": 34,
          "correct_option": 2,
          "sds_id": "SDS1921",
          "subtopic": "Ozone Layer Depletion",
          "image_filename": "question_34.png",
          "captured": true,
          "explanation": [
            "https://d2f8z173p7073l.cloudfront.net/1551581054291"
          ]
        },
        "question_35": {
          "question_number": 35,
          "correct_option": 4,
          "sds_id": "SDS1922",
          "subtopic": "Ozone Layer Depletion",
          "image_filename": "question_35.png",
          "captured": true,
          "explanation": [
            "https://d2f8z173p7073l.cloudfront.net/1551581891244"
          ]
        },
        "question_36": {
          "question_number": 36,
          "correct_option": 3,
          "sds_id": "SDS1923",
          "subtopic": "Ozone Layer Depletion",
          "image_filename": "question_36.png",
          "captured": true,
          "explanation": [
            "https://d2f8z173p7073l.cloudfront.net/1551581380573"
          ]
        },
        "question_37": {
          "question_number": 37,
          "correct_option": 2,
          "sds_id": "SDS1924",
          "subtopic": "Ozone Layer Depletion",
          "image_filename": "question_37.png",
          "captured": true,
          "explanation": [
            "https://d2f8z173p7073l.cloudfront.net/1551552309904"
          ]
        },
        "question_38": {
          "question_number": 38,
          "correct_option": 4,
          "sds_id": "SDS1925",
          "subtopic": "Ozone Layer Depletion",
          "image_filename": "question_38.png",
          "captured": true,
          "explanation": [
            "https://d1iljb9ao69244.cloudfront.net/251298_1630735649273_24.ogg",
            "https://www.youtube.com/embed/WhfOHspNLqg?rel=0&amp;modestbranding=1&amp;loop=1&amp;playlist=WhfOHspNLqg&amp;start=2004&amp;end=2040",
            "https://www.youtube.com/embed/WhfOHspNLqg?rel=0&modestbranding=1&loop=1&playlist=WhfOHspNLqg&start=2004&end=2040"
          ]
        },
        "question_39": {
          "question_number": 39,
          "correct_option": 3,
          "sds_id": "SDS1926",
          "subtopic": "Resource Utilisation & Maintenance",
          "image_filename": "question_39.png",
          "captured": true,
          "explanation": [
            "https://d2f8z173p7073l.cloudfront.net/1551614684629"
          ]
        },
        "question_40": {
          "question_number": 40,
          "correct_option": 4,
          "sds_id": "SDS1927",
          "subtopic": "Resource Utilisation & Maintenance",
          "image_filename": "question_40.png",
          "captured": true,
          "explanation": [
            "https://d2f8z173p7073l.cloudfront.net/1588068876857"
          ]
        },
        "question_41": {
          "question_number": 41,
          "correct_option": 3,
          "sds_id": "SDS1928",
          "subtopic": "Resource Utilisation & Maintenance",
          "image_filename": "question_41.png",
          "captured": true,
          "explanation": [
            "https://d2f8z173p7073l.cloudfront.net/1551613823551"
          ]
        },
        "question_42": {
          "question_number": 42,
          "correct_option": 3,
          "sds_id": "SDS1929",
          "subtopic": "Resource Utilisation & Maintenance",
          "image_filename": "question_42.png",
          "captured": true,
          "explanation": [
            "https://d2f8z173p7073l.cloudfront.net/1551581521517"
          ]
        },
        "question_43": {
          "question_number": 43,
          "correct_option": 3,
          "sds_id": "SDS192A",
          "subtopic": "Water Pollution",
          "image_filename": "question_43.png",
          "captured": true,
          "explanation": [
            "https://d2f8z173p7073l.cloudfront.net/1551551095744"
          ]
        },
        "question_44": {
          "question_number": 44,
          "correct_option": 3,
          "sds_id": "SDS192B",
          "subtopic": "Water Pollution",
          "image_filename": "question_44.png",
          "captured": true,
          "explanation": [
            "https://d2f8z173p7073l.cloudfront.net/1551781491566"
          ]
        },
        "question_45": {
          "question_number": 45,
          "correct_option": 2,
          "sds_id": "SDS192C",
          "subtopic": "Water Pollution",
          "image_filename": "question_45.png",
          "captured": true,
          "explanation": [
            "https://d2f8z173p7073l.cloudfront.net/1551551270975"
          ]
        },
        "question_46": {
          "question_number": 46,
          "correct_option": 3,
          "sds_id": "SDS192D",
          "subtopic": "Water Pollution",
          "image_filename": "question_46.png",
          "captured": true,
          "explanation": [
            "https://d2f8z173p7073l.cloudfront.net/1551612455407"
          ]
        },
        "question_47": {
          "question_number": 47,
          "correct_option": 2,
          "sds_id": "SDS192E",
          "subtopic": "Water Pollution",
          "image_filename": "question_47.png",
          "captured": true,
          "explanation": [
            "https://d2f8z173p7073l.cloudfront.net/1551551847434"
          ]
        },
        "question_48": {
          "question_number": 48,
          "correct_option": 4,
          "sds_id": "SDS192F",
          "subtopic": "Water Pollution",
          "image_filename": "question_48.png",
          "captured": true,
          "explanation": [
            "https://d2f8z173p7073l.cloudfront.net/1551551052344"
          ]
        },
        "question_49": {
          "question_number": 49,
          "correct_option": 4,
          "sds_id": "SDS1930",
          "subtopic": "Water Pollution",
          "image_filename": "question_49.png",
          "captured": true,
          "explanation": [
            "https://d2f8z173p7073l.cloudfront.net/1551581484977"
          ]
        },
        "question_50": {
          "question_number": 50,
          "correct_option": 2,
          "sds_id": "SDS1931",
          "subtopic": "Water Pollution",
          "image_filename": "question_50.png",
          "captured": true,
          "explanation": [
            "https://d2f8z173p7073l.cloudfront.net/1551581946583"
          ]
        },
        "question_51": {
          "question_number": 51,
          "correct_option": 4,
          "sds_id": "SDS1932",
          "subtopic": "Water Pollution",
          "image_filename": "question_51.png",
          "captured": true,
          "explanation": [
            "https://d2f8z173p7073l.cloudfront.net/1551551773137"
          ]
        },
        "question_52": {
          "question_number": 52,
          "correct_option": 1,
          "sds_id": "SDS1933",
          "subtopic": "Water Pollution",
          "image_filename": "question_52.png",
          "captured": true,
          "explanation": [
            "https://d2f8z173p7073l.cloudfront.net/1551582026538"
          ]
        },
        "question_53": {
          "question_number": 53,
          "correct_option": 4,
          "sds_id": "SDS1934",
          "subtopic": "Water Pollution",
          "image_filename": "question_53.png",
          "captured": true,
          "explanation": [
            "https://d2f8z173p7073l.cloudfront.net/1551551164346"
          ]
        },
        "question_54": {
          "question_number": 54,
          "correct_option": 2,
          "sds_id": "SDS1935",
          "subtopic": "Water Pollution",
          "image_filename": "question_54.png",
          "captured": true,
          "explanation": [
            "https://d2f8z173p7073l.cloudfront.net/1551552585321"
          ]
        },
        "question_55": {
          "question_number": 55,
          "correct_option": 1,
          "sds_id": "SDS1936",
          "subtopic": "Water Pollution",
          "image_filename": "question_55.png",
          "captured": true,
          "explanation": [
            "https://d2f8z173p7073l.cloudfront.net/1551581086509"
          ]
        }
      }
    }
  },
  "type": "multi_set"
}