{
  "chapter_no": 13,
  "chapter_name": "Biodiversity and Conservation",
  "section_name": "Level 1",
  "total_questions": 96,
  "questions": {
    "question_1": {
      "question_number": 1,
      "correct_option": 3,
      "sds_id": "SDS1856",
      "subtopic": "Introduction & Types",
      "image_filename": "question_1.png",
      "captured": true,
      "explanation": [
        "https://d1iljb9ao69244.cloudfront.net/405584_1704521967632_13.ogg"
      ]
    },
    "question_2": {
      "question_number": 2,
      "correct_option": 1,
      "sds_id": "SDS1857",
      "subtopic": "Introduction & Types",
      "image_filename": "question_2.png",
      "captured": true,
      "explanation": [
        "https://d1iljb9ao69244.cloudfront.net/405923_1704524706365_50.ogg"
      ]
    },
    "question_3": {
      "question_number": 3,
      "correct_option": 2,
      "sds_id": "SDS1858",
      "subtopic": "Introduction & Types",
      "image_filename": "question_3.png",
      "captured": true,
      "explanation": [
        "https://d1iljb9ao69244.cloudfront.net/417429_1707502905113_24.ogg"
      ]
    },
    "question_4": {
      "question_number": 4,
      "correct_option": 1,
      "sds_id": "SDS1859",
      "subtopic": "Introduction & Types",
      "image_filename": "question_4.png",
      "captured": true,
      "explanation": [
        "https://d1iljb9ao69244.cloudfront.net/417351_1707641268488_24.ogg"
      ]
    },
    "question_5": {
      "question_number": 5,
      "correct_option": 1,
      "sds_id": "SDS185A",
      "subtopic": "Introduction & Types",
      "image_filename": "question_5.png",
      "captured": true,
      "explanation": [
        "https://d1iljb9ao69244.cloudfront.net/447703_1713345775416_35.ogg"
      ]
    },
    "question_6": {
      "question_number": 6,
      "correct_option": 1,
      "sds_id": "SDS185B",
      "subtopic": "Introduction & Types",
      "image_filename": "question_6.png",
      "captured": true,
      "explanation": [
        "https://d1iljb9ao69244.cloudfront.net/449475_1713789061777_28.ogg"
      ]
    },
    "question_7": {
      "question_number": 7,
      "correct_option": 3,
      "sds_id": "SDS185C",
      "subtopic": "Introduction & Types",
      "image_filename": "question_7.png",
      "captured": true,
      "explanation": [
        "https://d1iljb9ao69244.cloudfront.net/449410_1713789046801_27.ogg"
      ]
    },
    "question_8": {
      "question_number": 8,
      "correct_option": 2,
      "sds_id": "SDS185D",
      "subtopic": "Introduction & Types",
      "image_filename": "question_8.png",
      "captured": true,
      "explanation": [
        "https://d2f8z173p7073l.cloudfront.net/1551629573659"
      ]
    },
    "question_9": {
      "question_number": 9,
      "correct_option": 3,
      "sds_id": "SDS185E",
      "subtopic": "Introduction & Types",
      "image_filename": "question_9.png",
      "captured": true,
      "explanation": [
        "https://d2f8z173p7073l.cloudfront.net/1551599707830"
      ]
    },
    "question_10": {
      "question_number": 10,
      "correct_option": 3,
      "sds_id": "SDS185F",
      "subtopic": "Introduction & Types",
      "image_filename": "question_10.png",
      "captured": true,
      "explanation": [
        "https://d2f8z173p7073l.cloudfront.net/1551599401054",
        "https://www.youtube.com/embed/8QwPhBWKxG4?rel=0&amp;modestbranding=1&amp;loop=1&amp;playlist=8QwPhBWKxG4&amp;start=131&amp;end=152",
        "https://www.youtube.com/embed/8QwPhBWKxG4?rel=0&modestbranding=1&loop=1&playlist=8QwPhBWKxG4&start=131&end=152"
      ]
    },
    "question_11": {
      "question_number": 11,
      "correct_option": 2,
      "sds_id": "SDS1860",
      "subtopic": "Introduction & Types",
      "image_filename": "question_11.png",
      "captured": true,
      "explanation": [
        "https://d2f8z173p7073l.cloudfront.net/1551629792472"
      ]
    },
    "question_12": {
      "question_number": 12,
      "correct_option": 3,
      "sds_id": "SDS1861",
      "subtopic": "Magnitude of Biodiversity",
      "image_filename": "question_12.png",
      "captured": true,
      "explanation": [
        "https://d1iljb9ao69244.cloudfront.net/question_explanations_358054_1672226105412.ogg"
      ]
    },
    "question_13": {
      "question_number": 13,
      "correct_option": 1,
      "sds_id": "SDS1862",
      "subtopic": "Magnitude of Biodiversity",
      "image_filename": "question_13.png",
      "captured": true,
      "explanation": [
        "https://d2f8z173p7073l.cloudfront.net/1588068618022"
      ]
    },
    "question_14": {
      "question_number": 14,
      "correct_option": 2,
      "sds_id": "SDS1863",
      "subtopic": "Magnitude of Biodiversity",
      "image_filename": "question_14.png",
      "captured": true,
      "explanation": [
        "https://d1iljb9ao69244.cloudfront.net/431620_1711174869621_50.ogg"
      ]
    },
    "question_15": {
      "question_number": 15,
      "correct_option": 4,
      "sds_id": "SDS1864",
      "subtopic": "Magnitude of Biodiversity",
      "image_filename": "question_15.png",
      "captured": true,
      "explanation": [
        "https://d1iljb9ao69244.cloudfront.net/437285_1712312800630_49.ogg"
      ]
    },
    "question_16": {
      "question_number": 16,
      "correct_option": 3,
      "sds_id": "SDS1865",
      "subtopic": "Magnitude of Biodiversity",
      "image_filename": "question_16.png",
      "captured": true,
      "explanation": [
        "https://d1iljb9ao69244.cloudfront.net/question_explanations_163747_1672040304269.ogg"
      ]
    },
    "question_17": {
      "question_number": 17,
      "correct_option": 4,
      "sds_id": "SDS1866",
      "subtopic": "Magnitude of Biodiversity",
      "image_filename": "question_17.png",
      "captured": true,
      "explanation": [
        "https://d2f8z173p7073l.cloudfront.net/1549281877320",
        "https://dsbihjlymzdyy.cloudfront.net/bio_images/all/Diagrams%20in%20Svg%20form%2FSVG%20Diagrams%20of%20class%2012th%2FMixed%20SVG%20Diagrams%2F62844.SVG.svg",
        "https://www.youtube-nocookie.com/embed/exDzcaQ29X8?rel=0"
      ]
    },
    "question_18": {
      "question_number": 18,
      "correct_option": 1,
      "sds_id": "SDS1867",
      "subtopic": "Magnitude of Biodiversity",
      "image_filename": "question_18.png",
      "captured": true,
      "explanation": [
        "https://d1iljb9ao69244.cloudfront.net/405566_1704521467486_4..ogg"
      ]
    },
    "question_19": {
      "question_number": 19,
      "correct_option": 3,
      "sds_id": "SDS1868",
      "subtopic": "Magnitude of Biodiversity",
      "image_filename": "question_19.png",
      "captured": true,
      "explanation": [
        "https://d1iljb9ao69244.cloudfront.net/417431_1707502929643_26.ogg"
      ]
    },
    "question_20": {
      "question_number": 20,
      "correct_option": 3,
      "sds_id": "SDS1869",
      "subtopic": "Magnitude of Biodiversity",
      "image_filename": "question_20.png",
      "captured": true,
      "explanation": [
        "https://d1iljb9ao69244.cloudfront.net/417353_1707641293825_26.ogg"
      ]
    },
    "question_21": {
      "question_number": 21,
      "correct_option": 1,
      "sds_id": "SDS186A",
      "subtopic": "Magnitude of Biodiversity",
      "image_filename": "question_21.png",
      "captured": true,
      "explanation": [
        "https://d1iljb9ao69244.cloudfront.net/414872_1706944801906_3.ogg"
      ]
    },
    "question_22": {
      "question_number": 22,
      "correct_option": 3,
      "sds_id": "SDS186B",
      "subtopic": "Magnitude of Biodiversity",
      "image_filename": "question_22.png",
      "captured": true,
      "explanation": [
        "https://d1iljb9ao69244.cloudfront.net/243321_1712045359381_35.ogg",
        "https://d1iljb9ao69244.cloudfront.net/243321_1621685426689_13.ogg"
      ]
    },
    "question_23": {
      "question_number": 23,
      "correct_option": 3,
      "sds_id": "SDS186C",
      "subtopic": "Biodiversity Patterns",
      "image_filename": "question_23.png",
      "captured": true,
      "explanation": [
        "https://d1iljb9ao69244.cloudfront.net/405569_1704521484705_5..ogg"
      ]
    },
    "question_24": {
      "question_number": 24,
      "correct_option": 4,
      "sds_id": "SDS186D",
      "subtopic": "Biodiversity Patterns",
      "image_filename": "question_24.png",
      "captured": true,
      "explanation": [
        "https://d2f8z173p7073l.cloudfront.net/1551629200804"
      ]
    },
    "question_25": {
      "question_number": 25,
      "correct_option": 2,
      "sds_id": "SDS186E",
      "subtopic": "Biodiversity Patterns",
      "image_filename": "question_25.png",
      "captured": true,
      "explanation": [
        "https://d2f8z173p7073l.cloudfront.net/1551599755605"
      ]
    },
    "question_26": {
      "question_number": 26,
      "correct_option": 4,
      "sds_id": "SDS186F",
      "subtopic": "Biodiversity Patterns",
      "image_filename": "question_26.png",
      "captured": true,
      "explanation": [
        "https://d2f8z173p7073l.cloudfront.net/1551598295535",
        "https://www.youtube.com/embed/9eBfISU8ukQ?rel=0&amp;modestbranding=1&amp;loop=1&amp;playlist=9eBfISU8ukQ&amp;start=117&amp;end=208",
        "https://www.youtube.com/embed/9eBfISU8ukQ?rel=0&modestbranding=1&loop=1&playlist=9eBfISU8ukQ&start=117&end=208"
      ]
    },
    "question_27": {
      "question_number": 27,
      "correct_option": 4,
      "sds_id": "SDS1870",
      "subtopic": "Biodiversity Patterns",
      "image_filename": "question_27.png",
      "captured": true,
      "explanation": [
        "https://d1iljb9ao69244.cloudfront.net/question_explanations_184125_1672372078607.ogg"
      ]
    },
    "question_28": {
      "question_number": 28,
      "correct_option": 1,
      "sds_id": "SDS1871",
      "subtopic": "Biodiversity Patterns",
      "image_filename": "question_28.png",
      "captured": true,
      "explanation": [
        "https://d1iljb9ao69244.cloudfront.net/243398_1621689134014_65.ogg"
      ]
    },
    "question_29": {
      "question_number": 29,
      "correct_option": 4,
      "sds_id": "SDS1872",
      "subtopic": "Biodiversity Patterns",
      "image_filename": "question_29.png",
      "captured": true,
      "explanation": [
        "https://d1iljb9ao69244.cloudfront.net/question_explanations_184131_1672049659010.ogg"
      ]
    },
    "question_30": {
      "question_number": 30,
      "correct_option": 3,
      "sds_id": "SDS1873",
      "subtopic": "Biodiversity Patterns",
      "image_filename": "question_30.png",
      "captured": true,
      "explanation": [
        "https://d1iljb9ao69244.cloudfront.net/414875_1706944845732_6.ogg"
      ]
    },
    "question_31": {
      "question_number": 31,
      "correct_option": 3,
      "sds_id": "SDS1874",
      "subtopic": "Biodiversity Patterns",
      "image_filename": "question_31.png",
      "captured": true,
      "explanation": [
        "https://d1iljb9ao69244.cloudfront.net/417434_1707502968230_29.ogg"
      ]
    },
    "question_32": {
      "question_number": 32,
      "correct_option": 2,
      "sds_id": "SDS1875",
      "subtopic": "Biodiversity Patterns",
      "image_filename": "question_32.png",
      "captured": true,
      "explanation": "none"
    },
    "question_33": {
      "question_number": 33,
      "correct_option": 1,
      "sds_id": "SDS1876",
      "subtopic": "Biodiversity Patterns",
      "image_filename": "question_33.png",
      "captured": true,
      "explanation": [
        "https://d1iljb9ao69244.cloudfront.net/414885_1706945457408_16.ogg"
      ]
    },
    "question_34": {
      "question_number": 34,
      "correct_option": 1,
      "sds_id": "SDS1877",
      "subtopic": "Biodiversity Patterns",
      "image_filename": "question_34.png",
      "captured": true,
      "explanation": [
        "https://d1iljb9ao69244.cloudfront.net/question_explanations_184126_1672152081875.ogg"
      ]
    },
    "question_35": {
      "question_number": 35,
      "correct_option": 1,
      "sds_id": "SDS1878",
      "subtopic": "Importance of Biodiversity",
      "image_filename": "question_35.png",
      "captured": true,
      "explanation": [
        "https://d1iljb9ao69244.cloudfront.net/243400_1621689155809_66.ogg"
      ]
    },
    "question_36": {
      "question_number": 36,
      "correct_option": 1,
      "sds_id": "SDS1879",
      "subtopic": "Importance of Biodiversity",
      "image_filename": "question_36.png",
      "captured": true,
      "explanation": [
        "https://d1iljb9ao69244.cloudfront.net/414886_1706945252026_17.ogg"
      ]
    },
    "question_37": {
      "question_number": 37,
      "correct_option": 1,
      "sds_id": "SDS187A",
      "subtopic": "Importance of Biodiversity",
      "image_filename": "question_37.png",
      "captured": true,
      "explanation": [
        "https://d1iljb9ao69244.cloudfront.net/439201_1712668467367_50.ogg"
      ]
    },
    "question_38": {
      "question_number": 38,
      "correct_option": 4,
      "sds_id": "SDS187B",
      "subtopic": "Importance of Biodiversity",
      "image_filename": "question_38.png",
      "captured": true,
      "explanation": [
        "https://d1iljb9ao69244.cloudfront.net/405929_1704531965732_54.ogg"
      ]
    },
    "question_39": {
      "question_number": 39,
      "correct_option": 2,
      "sds_id": "SDS187C",
      "subtopic": "Importance of Biodiversity",
      "image_filename": "question_39.png",
      "captured": true,
      "explanation": [
        "https://d2f8z173p7073l.cloudfront.net/1551598185595"
      ]
    },
    "question_40": {
      "question_number": 40,
      "correct_option": 1,
      "sds_id": "SDS187D",
      "subtopic": "Importance of Biodiversity",
      "image_filename": "question_40.png",
      "captured": true,
      "explanation": [
        "https://d2f8z173p7073l.cloudfront.net/1551596761815"
      ]
    },
    "question_41": {
      "question_number": 41,
      "correct_option": 4,
      "sds_id": "SDS187E",
      "subtopic": "Importance of Biodiversity",
      "image_filename": "question_41.png",
      "captured": true,
      "explanation": [
        "https://d2f8z173p7073l.cloudfront.net/1551597359337"
      ]
    },
    "question_42": {
      "question_number": 42,
      "correct_option": 3,
      "sds_id": "SDS187F",
      "subtopic": "Loss of Biodiversity",
      "image_filename": "question_42.png",
      "captured": true,
      "explanation": [
        "https://d2f8z173p7073l.cloudfront.net/1551599964047"
      ]
    },
    "question_43": {
      "question_number": 43,
      "correct_option": 1,
      "sds_id": "SDS1880",
      "subtopic": "Loss of Biodiversity",
      "image_filename": "question_43.png",
      "captured": true,
      "explanation": [
        "https://d1iljb9ao69244.cloudfront.net/417501_1707539795463_98.ogg"
      ]
    },
    "question_44": {
      "question_number": 44,
      "correct_option": 4,
      "sds_id": "SDS1881",
      "subtopic": "Loss of Biodiversity",
      "image_filename": "question_44.png",
      "captured": true,
      "explanation": [
        "https://d1iljb9ao69244.cloudfront.net/417456_1707538512292_57.ogg"
      ]
    },
    "question_45": {
      "question_number": 45,
      "correct_option": 4,
      "sds_id": "SDS1882",
      "subtopic": "Loss of Biodiversity",
      "image_filename": "question_45.png",
      "captured": true,
      "explanation": [
        "https://d2f8z173p7073l.cloudfront.net/1551629864515"
      ]
    },
    "question_46": {
      "question_number": 46,
      "correct_option": 1,
      "sds_id": "SDS1883",
      "subtopic": "Loss of Biodiversity",
      "image_filename": "question_46.png",
      "captured": true,
      "explanation": [
        "https://d1iljb9ao69244.cloudfront.net/446641_1713095078933_34.ogg"
      ]
    },
    "question_47": {
      "question_number": 47,
      "correct_option": 4,
      "sds_id": "SDS1884",
      "subtopic": "Loss of Biodiversity",
      "image_filename": "question_47.png",
      "captured": true,
      "explanation": [
        "https://d2f8z173p7073l.cloudfront.net/1551597906315"
      ]
    },
    "question_48": {
      "question_number": 48,
      "correct_option": 1,
      "sds_id": "SDS1885",
      "subtopic": "Loss of Biodiversity",
      "image_filename": "question_48.png",
      "captured": true,
      "explanation": [
        "https://d2f8z173p7073l.cloudfront.net/1551597845404",
        "https://www.youtube.com/embed/dPZ9oQ-JkHY?rel=0&amp;modestbranding=1&amp;loop=1&amp;playlist=dPZ9oQ-JkHY&amp;start=317&amp;end=389",
        "https://www.youtube.com/embed/dPZ9oQ-JkHY?rel=0&modestbranding=1&loop=1&playlist=dPZ9oQ-JkHY&start=317&end=389"
      ]
    },
    "question_49": {
      "question_number": 49,
      "correct_option": 2,
      "sds_id": "SDS1886",
      "subtopic": "Loss of Biodiversity",
      "image_filename": "question_49.png",
      "captured": true,
      "explanation": [
        "https://d1iljb9ao69244.cloudfront.net/414887_1706945265786_18.ogg"
      ]
    },
    "question_50": {
      "question_number": 50,
      "correct_option": 1,
      "sds_id": "SDS1887",
      "subtopic": "Loss of Biodiversity",
      "image_filename": "question_50.png",
      "captured": true,
      "explanation": [
        "https://d1iljb9ao69244.cloudfront.net/422308_1709060642076_43.ogg"
      ]
    },
    "question_51": {
      "question_number": 51,
      "correct_option": 4,
      "sds_id": "SDS1888",
      "subtopic": "Loss of Biodiversity",
      "image_filename": "question_51.png",
      "captured": true,
      "explanation": [
        "https://d1iljb9ao69244.cloudfront.net/405581_1704521936558_11.ogg"
      ]
    },
    "question_52": {
      "question_number": 52,
      "correct_option": 2,
      "sds_id": "SDS1889",
      "subtopic": "Loss of Biodiversity",
      "image_filename": "question_52.png",
      "captured": true,
      "explanation": [
        "https://d1iljb9ao69244.cloudfront.net/447180_1713266007492_34.ogg"
      ]
    },
    "question_53": {
      "question_number": 53,
      "correct_option": 2,
      "sds_id": "SDS188A",
      "subtopic": "Loss of Biodiversity",
      "image_filename": "question_53.png",
      "captured": true,
      "explanation": [
        "https://d2f8z173p7073l.cloudfront.net/1551597730037",
        "https://www.youtube.com/embed/9eBfISU8ukQ?rel=0&amp;modestbranding=1&amp;loop=1&amp;playlist=9eBfISU8ukQ&amp;start=71&amp;end=111",
        "https://www.youtube.com/embed/9eBfISU8ukQ?rel=0&modestbranding=1&loop=1&playlist=9eBfISU8ukQ&start=71&end=111"
      ]
    },
    "question_54": {
      "question_number": 54,
      "correct_option": 3,
      "sds_id": "SDS188B",
      "subtopic": "Loss of Biodiversity",
      "image_filename": "question_54.png",
      "captured": true,
      "explanation": [
        "https://d1iljb9ao69244.cloudfront.net/426648_1709973584513_34.ogg"
      ]
    },
    "question_55": {
      "question_number": 55,
      "correct_option": 4,
      "sds_id": "SDS188C",
      "subtopic": "Loss of Biodiversity",
      "image_filename": "question_55.png",
      "captured": true,
      "explanation": [
        "https://d2f8z173p7073l.cloudfront.net/1588068659481",
        "https://www.youtube.com/embed/2KMpnKul5x8?rel=0&amp;modestbranding=1&amp;loop=1&amp;playlist=2KMpnKul5x8&amp;start=1620&amp;end=1677",
        "https://www.youtube-nocookie.com/embed/_3RDdY8UPeg?rel=0",
        "https://www.youtube.com/embed/2KMpnKul5x8?rel=0&modestbranding=1&loop=1&playlist=2KMpnKul5x8&start=1620&end=1677"
      ]
    },
    "question_56": {
      "question_number": 56,
      "correct_option": 3,
      "sds_id": "SDS188D",
      "subtopic": "Loss of Biodiversity",
      "image_filename": "question_56.png",
      "captured": true,
      "explanation": [
        "https://d2f8z173p7073l.cloudfront.net/1551629052330"
      ]
    },
    "question_57": {
      "question_number": 57,
      "correct_option": 1,
      "sds_id": "SDS188E",
      "subtopic": "Loss of Biodiversity",
      "image_filename": "question_57.png",
      "captured": true,
      "explanation": [
        "https://d1iljb9ao69244.cloudfront.net/243396_1621689088125_63.ogg"
      ]
    },
    "question_58": {
      "question_number": 58,
      "correct_option": 1,
      "sds_id": "SDS188F",
      "subtopic": "Loss of Biodiversity",
      "image_filename": "question_58.png",
      "captured": true,
      "explanation": "none"
    },
    "question_59": {
      "question_number": 59,
      "correct_option": 3,
      "sds_id": "SDS1890",
      "subtopic": "Loss of Biodiversity",
      "image_filename": "question_59.png",
      "captured": true,
      "explanation": [
        "https://d1iljb9ao69244.cloudfront.net/426655_1709888461904_34.ogg"
      ]
    },
    "question_60": {
      "question_number": 60,
      "correct_option": 2,
      "sds_id": "SDS1891",
      "subtopic": "Loss of Biodiversity",
      "image_filename": "question_60.png",
      "captured": true,
      "explanation": [
        "https://d2f8z173p7073l.cloudfront.net/1551597531825"
      ]
    },
    "question_61": {
      "question_number": 61,
      "correct_option": 4,
      "sds_id": "SDS1892",
      "subtopic": "Loss of Biodiversity",
      "image_filename": "question_61.png",
      "captured": true,
      "explanation": [
        "https://d1iljb9ao69244.cloudfront.net/243353_1621687382208_38.ogg"
      ]
    },
    "question_62": {
      "question_number": 62,
      "correct_option": 2,
      "sds_id": "SDS1893",
      "subtopic": "Loss of Biodiversity",
      "image_filename": "question_62.png",
      "captured": true,
      "explanation": [
        "https://d2f8z173p7073l.cloudfront.net/1551547636624"
      ]
    },
    "question_63": {
      "question_number": 63,
      "correct_option": 3,
      "sds_id": "SDS1894",
      "subtopic": "Loss of Biodiversity",
      "image_filename": "question_63.png",
      "captured": true,
      "explanation": [
        "https://d1iljb9ao69244.cloudfront.net/446704_1713089202213_35.ogg"
      ]
    },
    "question_64": {
      "question_number": 64,
      "correct_option": 2,
      "sds_id": "SDS1895",
      "subtopic": "Loss of Biodiversity",
      "image_filename": "question_64.png",
      "captured": true,
      "explanation": [
        "https://d1iljb9ao69244.cloudfront.net/405818_1704533050414_90.ogg"
      ]
    },
    "question_65": {
      "question_number": 65,
      "correct_option": 4,
      "sds_id": "SDS1896",
      "subtopic": "Loss of Biodiversity",
      "image_filename": "question_65.png",
      "captured": true,
      "explanation": [
        "https://d2f8z173p7073l.cloudfront.net/1551629982434"
      ]
    },
    "question_66": {
      "question_number": 66,
      "correct_option": 1,
      "sds_id": "SDS1897",
      "subtopic": "Loss of Biodiversity",
      "image_filename": "question_66.png",
      "captured": true,
      "explanation": [
        "https://d1iljb9ao69244.cloudfront.net/417457_1707538524110_58.ogg"
      ]
    },
    "question_67": {
      "question_number": 67,
      "correct_option": 4,
      "sds_id": "SDS1898",
      "subtopic": "Loss of Biodiversity",
      "image_filename": "question_67.png",
      "captured": true,
      "explanation": [
        "https://d2f8z173p7073l.cloudfront.net/1551629947020"
      ]
    },
    "question_68": {
      "question_number": 68,
      "correct_option": 3,
      "sds_id": "SDS1899",
      "subtopic": "Loss of Biodiversity",
      "image_filename": "question_68.png",
      "captured": true,
      "explanation": [
        "https://d1iljb9ao69244.cloudfront.net/405571_1704521498957_6..ogg"
      ]
    },
    "question_69": {
      "question_number": 69,
      "correct_option": 2,
      "sds_id": "SDS189A",
      "subtopic": "Loss of Biodiversity",
      "image_filename": "question_69.png",
      "captured": true,
      "explanation": [
        "https://d1iljb9ao69244.cloudfront.net/question_explanations_337634_1655488544183.ogg"
      ]
    },
    "question_70": {
      "question_number": 70,
      "correct_option": 1,
      "sds_id": "SDS189B",
      "subtopic": "Loss of Biodiversity",
      "image_filename": "question_70.png",
      "captured": true,
      "explanation": [
        "https://d1iljb9ao69244.cloudfront.net/405565_1704521451371_3..ogg"
      ]
    },
    "question_71": {
      "question_number": 71,
      "correct_option": 2,
      "sds_id": "SDS189C",
      "subtopic": "Loss of Biodiversity",
      "image_filename": "question_71.png",
      "captured": true,
      "explanation": [
        "https://d1iljb9ao69244.cloudfront.net/405563_1704521434857_2..ogg"
      ]
    },
    "question_72": {
      "question_number": 72,
      "correct_option": 3,
      "sds_id": "SDS189D",
      "subtopic": "Loss of Biodiversity",
      "image_filename": "question_72.png",
      "captured": true,
      "explanation": [
        "https://d1iljb9ao69244.cloudfront.net/453623_1714480541907_35.ogg"
      ]
    },
    "question_73": {
      "question_number": 73,
      "correct_option": 1,
      "sds_id": "SDS189E",
      "subtopic": "In Situ Conservation of Biodiversity",
      "image_filename": "question_73.png",
      "captured": true,
      "explanation": [
        "https://d1iljb9ao69244.cloudfront.net/question_explanations_358056_1672551730383.ogg"
      ]
    },
    "question_74": {
      "question_number": 74,
      "correct_option": 2,
      "sds_id": "SDS189F",
      "subtopic": "In Situ Conservation of Biodiversity",
      "image_filename": "question_74.png",
      "captured": true,
      "explanation": [
        "https://d2f8z173p7073l.cloudfront.net/1551596859732",
        "https://www.youtube.com/embed/9eBfISU8ukQ?rel=0&amp;modestbranding=1&amp;loop=1&amp;playlist=9eBfISU8ukQ&amp;start=41&amp;end=66",
        "https://www.youtube.com/embed/9eBfISU8ukQ?rel=0&modestbranding=1&loop=1&playlist=9eBfISU8ukQ&start=41&end=66"
      ]
    },
    "question_75": {
      "question_number": 75,
      "correct_option": 4,
      "sds_id": "SDS18A0",
      "subtopic": "In Situ Conservation of Biodiversity",
      "image_filename": "question_75.png",
      "captured": true,
      "explanation": [
        "https://d1iljb9ao69244.cloudfront.net/405574_1704521514689_7..ogg"
      ]
    },
    "question_76": {
      "question_number": 76,
      "correct_option": 1,
      "sds_id": "SDS18A1",
      "subtopic": "In Situ Conservation of Biodiversity",
      "image_filename": "question_76.png",
      "captured": true,
      "explanation": [
        "https://d1iljb9ao69244.cloudfront.net/question_explanations_184132_1672119008228.ogg"
      ]
    },
    "question_77": {
      "question_number": 77,
      "correct_option": 4,
      "sds_id": "SDS18A2",
      "subtopic": "In Situ Conservation of Biodiversity",
      "image_filename": "question_77.png",
      "captured": true,
      "explanation": [
        "https://d2f8z173p7073l.cloudfront.net/1551630631375"
      ]
    },
    "question_78": {
      "question_number": 78,
      "correct_option": 1,
      "sds_id": "SDS18A3",
      "subtopic": "In Situ Conservation of Biodiversity",
      "image_filename": "question_78.png",
      "captured": true,
      "explanation": [
        "https://d2f8z173p7073l.cloudfront.net/1551630717777"
      ]
    },
    "question_79": {
      "question_number": 79,
      "correct_option": 1,
      "sds_id": "SDS18A4",
      "subtopic": "In Situ Conservation of Biodiversity",
      "image_filename": "question_79.png",
      "captured": true,
      "explanation": [
        "https://d1iljb9ao69244.cloudfront.net/405578_1704521529480_8..ogg"
      ]
    },
    "question_80": {
      "question_number": 80,
      "correct_option": 1,
      "sds_id": "SDS18A5",
      "subtopic": "In Situ Conservation of Biodiversity",
      "image_filename": "question_80.png",
      "captured": true,
      "explanation": [
        "https://d1iljb9ao69244.cloudfront.net/405582_1704521952044_12.ogg"
      ]
    },
    "question_81": {
      "question_number": 81,
      "correct_option": 1,
      "sds_id": "SDS18A6",
      "subtopic": "In Situ Conservation of Biodiversity",
      "image_filename": "question_81.png",
      "captured": true,
      "explanation": [
        "https://d2f8z173p7073l.cloudfront.net/1551630773573"
      ]
    },
    "question_82": {
      "question_number": 82,
      "correct_option": 4,
      "sds_id": "SDS18A7",
      "subtopic": "In Situ Conservation of Biodiversity",
      "image_filename": "question_82.png",
      "captured": true,
      "explanation": [
        "https://d1iljb9ao69244.cloudfront.net/405585_1704521987404_14.ogg"
      ]
    },
    "question_83": {
      "question_number": 83,
      "correct_option": 1,
      "sds_id": "SDS18A8",
      "subtopic": "In Situ Conservation of Biodiversity",
      "image_filename": "question_83.png",
      "captured": true,
      "explanation": [
        "https://d1iljb9ao69244.cloudfront.net/417459_1707538545928_60.ogg"
      ]
    },
    "question_84": {
      "question_number": 84,
      "correct_option": 1,
      "sds_id": "SDS18A9",
      "subtopic": "In Situ Conservation of Biodiversity",
      "image_filename": "question_84.png",
      "captured": true,
      "explanation": [
        "https://d1iljb9ao69244.cloudfront.net/414893_1706946156801_23.ogg",
        "https://d2f8z173p7073l.cloudfront.net/1706849579022"
      ]
    },
    "question_85": {
      "question_number": 85,
      "correct_option": 2,
      "sds_id": "SDS18AA",
      "subtopic": "In Situ Conservation of Biodiversity",
      "image_filename": "question_85.png",
      "captured": true,
      "explanation": [
        "https://d1iljb9ao69244.cloudfront.net/453711_1714484584128_35.ogg"
      ]
    },
    "question_86": {
      "question_number": 86,
      "correct_option": 1,
      "sds_id": "SDS18AB",
      "subtopic": "In Situ Conservation of Biodiversity",
      "image_filename": "question_86.png",
      "captured": true,
      "explanation": [
        "https://d1iljb9ao69244.cloudfront.net/438445_1712646829585_36.ogg"
      ]
    },
    "question_87": {
      "question_number": 87,
      "correct_option": 2,
      "sds_id": "SDS18AC",
      "subtopic": "Ex Situ Conservation of Biodiversity",
      "image_filename": "question_87.png",
      "captured": true,
      "explanation": [
        "https://d2f8z173p7073l.cloudfront.net/1551596737189"
      ]
    },
    "question_88": {
      "question_number": 88,
      "correct_option": 2,
      "sds_id": "SDS18AD",
      "subtopic": "Ex Situ Conservation of Biodiversity",
      "image_filename": "question_88.png",
      "captured": true,
      "explanation": [
        "https://d1iljb9ao69244.cloudfront.net/417381_1707648849105_60.ogg"
      ]
    },
    "question_89": {
      "question_number": 89,
      "correct_option": 2,
      "sds_id": "SDS18AE",
      "subtopic": "Ex Situ Conservation of Biodiversity",
      "image_filename": "question_89.png",
      "captured": true,
      "explanation": [
        "https://d2f8z173p7073l.cloudfront.net/1551548188517"
      ]
    },
    "question_90": {
      "question_number": 90,
      "correct_option": 2,
      "sds_id": "SDS18AF",
      "subtopic": "Ex Situ Conservation of Biodiversity",
      "image_filename": "question_90.png",
      "captured": true,
      "explanation": [
        "https://d2f8z173p7073l.cloudfront.net/1551548154128"
      ]
    },
    "question_91": {
      "question_number": 91,
      "correct_option": 3,
      "sds_id": "SDS18B0",
      "subtopic": "Ex Situ Conservation of Biodiversity",
      "image_filename": "question_91.png",
      "captured": true,
      "explanation": [
        "https://d2f8z173p7073l.cloudfront.net/1589877062423"
      ]
    },
    "question_92": {
      "question_number": 92,
      "correct_option": 2,
      "sds_id": "SDS18B1",
      "subtopic": "Biodiversity Conservation",
      "image_filename": "question_92.png",
      "captured": true,
      "explanation": [
        "https://d1iljb9ao69244.cloudfront.net/450713_1714039665452_35.ogg"
      ]
    },
    "question_93": {
      "question_number": 93,
      "correct_option": 3,
      "sds_id": "SDS18B2",
      "subtopic": "Biodiversity Conservation",
      "image_filename": "question_93.png",
      "captured": true,
      "explanation": [
        "https://d1iljb9ao69244.cloudfront.net/414892_1706946144180_22.ogg"
      ]
    },
    "question_94": {
      "question_number": 94,
      "correct_option": 3,
      "sds_id": "SDS18B3",
      "subtopic": "Biodiversity Conservation",
      "image_filename": "question_94.png",
      "captured": true,
      "explanation": [
        "https://d1iljb9ao69244.cloudfront.net/422305_1709059858770_35.ogg"
      ]
    },
    "question_95": {
      "question_number": 95,
      "correct_option": 3,
      "sds_id": "SDS18B4",
      "subtopic": "Biodiversity Conservation",
      "image_filename": "question_95.png",
      "captured": true,
      "explanation": [
        "https://d1iljb9ao69244.cloudfront.net/447182_1713266020698_35.ogg"
      ]
    },
    "question_96": {
      "question_number": 96,
      "correct_option": 4,
      "sds_id": "SDS18B5",
      "subtopic": "Biodiversity Conservation",
      "image_filename": "question_96.png",
      "captured": true,
      "explanation": [
        "https://d1iljb9ao69244.cloudfront.net/437282_1712312782430_48.ogg"
      ]
    }
  }
}