{
  "chapter_name": "12 Respiration in Plants",
  "sets": {
    "Invictus": {
      "name": "Invictus",
      "path": "Invictus/",
      "questions": {
        "question_1": {
          "question_number": 1,
          "correct_option": 3,
          "sds_id": "SDS0A67",
          "subtopic": "Introduction",
          "image_filename": "question_1.png",
          "captured": true,
          "explanation": [
            "https://d2f8z173p7073l.cloudfront.net/1550669110231"
          ]
        },
        "question_2": {
          "question_number": 2,
          "correct_option": 1,
          "sds_id": "SDS0A68",
          "subtopic": "Glycolysis",
          "image_filename": "question_2.png",
          "captured": true,
          "explanation": [
            "https://d2f8z173p7073l.cloudfront.net/1550669206336"
          ]
        },
        "question_3": {
          "question_number": 3,
          "correct_option": 3,
          "sds_id": "SDS0A69",
          "subtopic": "Glycolysis",
          "image_filename": "question_3.png",
          "captured": true,
          "explanation": [
            "https://d2f8z173p7073l.cloudfront.net/1550669333239"
          ]
        },
        "question_4": {
          "question_number": 4,
          "correct_option": 4,
          "sds_id": "SDS0A6A",
          "subtopic": "Glycolysis",
          "image_filename": "question_4.png",
          "captured": true,
          "explanation": [
            "https://d2f8z173p7073l.cloudfront.net/1550831440634",
            "https://d2f8z173p7073l.cloudfront.net/1663654225017"
          ]
        },
        "question_5": {
          "question_number": 5,
          "correct_option": 3,
          "sds_id": "SDS0A6B",
          "subtopic": "Glycolysis",
          "image_filename": "question_5.png",
          "captured": true,
          "explanation": [
            "https://d2f8z173p7073l.cloudfront.net/1550832371981",
            "https://d2f8z173p7073l.cloudfront.net/1663654314025"
          ]
        },
        "question_6": {
          "question_number": 6,
          "correct_option": 3,
          "sds_id": "SDS0A6C",
          "subtopic": "Glycolysis",
          "image_filename": "question_6.png",
          "captured": true,
          "explanation": [
            "https://d2f8z173p7073l.cloudfront.net/1550833111035",
            "https://d2f8z173p7073l.cloudfront.net/1663333440816"
          ]
        },
        "question_7": {
          "question_number": 7,
          "correct_option": 1,
          "sds_id": "SDS0A6D",
          "subtopic": "Glycolysis",
          "image_filename": "question_7.png",
          "captured": true,
          "explanation": [
            "https://d2f8z173p7073l.cloudfront.net/1550844654264"
          ]
        },
        "question_8": {
          "question_number": 8,
          "correct_option": 1,
          "sds_id": "SDS0A6E",
          "subtopic": "Glycolysis Regulation",
          "image_filename": "question_8.png",
          "captured": true,
          "explanation": [
            "https://d2f8z173p7073l.cloudfront.net/1550669303677"
          ]
        },
        "question_9": {
          "question_number": 9,
          "correct_option": 3,
          "sds_id": "SDS0A6F",
          "subtopic": "Fermentation",
          "image_filename": "question_9.png",
          "captured": true,
          "explanation": [
            "https://d2f8z173p7073l.cloudfront.net/1550672638321"
          ]
        },
        "question_10": {
          "question_number": 10,
          "correct_option": 2,
          "sds_id": "SDS0A70",
          "subtopic": "Fermentation",
          "image_filename": "question_10.png",
          "captured": true,
          "explanation": [
            "https://d2f8z173p7073l.cloudfront.net/1550669678432"
          ]
        },
        "question_11": {
          "question_number": 11,
          "correct_option": 4,
          "sds_id": "SDS0A71",
          "subtopic": "Fermentation",
          "image_filename": "question_11.png",
          "captured": true,
          "explanation": [
            "https://d2f8z173p7073l.cloudfront.net/1550669843760"
          ]
        },
        "question_12": {
          "question_number": 12,
          "correct_option": 4,
          "sds_id": "SDS0A72",
          "subtopic": "Kreb's Cycle",
          "image_filename": "question_12.png",
          "captured": true,
          "explanation": [
            "https://d2f8z173p7073l.cloudfront.net/1550669411635"
          ]
        },
        "question_13": {
          "question_number": 13,
          "correct_option": 3,
          "sds_id": "SDS0A73",
          "subtopic": "Kreb's Cycle",
          "image_filename": "question_13.png",
          "captured": true,
          "explanation": [
            "https://d2f8z173p7073l.cloudfront.net/1550833238816",
            "https://d2f8z173p7073l.cloudfront.net/1663660400105"
          ]
        },
        "question_14": {
          "question_number": 14,
          "correct_option": 4,
          "sds_id": "SDS0A74",
          "subtopic": "Kreb's Cycle",
          "image_filename": "question_14.png",
          "captured": true,
          "explanation": [
            "https://d2f8z173p7073l.cloudfront.net/1550845080336",
            "https://d2f8z173p7073l.cloudfront.net/1663660400105"
          ]
        },
        "question_15": {
          "question_number": 15,
          "correct_option": 4,
          "sds_id": "SDS0A75",
          "subtopic": "Amphibolic Nature of Respiration",
          "image_filename": "question_15.png",
          "captured": true,
          "explanation": [
            "https://d2f8z173p7073l.cloudfront.net/1550845160936"
          ]
        },
        "question_16": {
          "question_number": 16,
          "correct_option": 3,
          "sds_id": "SDS0A76",
          "subtopic": "Electron Transport Inhibitors",
          "image_filename": "question_16.png",
          "captured": true,
          "explanation": [
            "https://d2f8z173p7073l.cloudfront.net/1550669642079"
          ]
        },
        "question_17": {
          "question_number": 17,
          "correct_option": 4,
          "sds_id": "SDS0A77",
          "subtopic": "Respiratory Quotient",
          "image_filename": "question_17.png",
          "captured": true,
          "explanation": [
            "https://d2f8z173p7073l.cloudfront.net/1550844948506"
          ]
        },
        "question_18": {
          "question_number": 18,
          "correct_option": 2,
          "sds_id": "SDS0A78",
          "subtopic": "ETS",
          "image_filename": "question_18.png",
          "captured": true,
          "explanation": [
            "https://d2f8z173p7073l.cloudfront.net/1550669261782"
          ]
        },
        "question_19": {
          "question_number": 19,
          "correct_option": 2,
          "sds_id": "SDS0A79",
          "subtopic": "ETS",
          "image_filename": "question_19.png",
          "captured": true,
          "explanation": [
            "https://d2f8z173p7073l.cloudfront.net/1550829913976"
          ]
        },
        "question_20": {
          "question_number": 20,
          "correct_option": 2,
          "sds_id": "SDS0A7A",
          "subtopic": "ETS",
          "image_filename": "question_20.png",
          "captured": true,
          "explanation": [
            "https://d2f8z173p7073l.cloudfront.net/1550836952007"
          ]
        }
      }
    },
    "Respiration in Plants (102 MCQs)": {
      "name": "Respiration in Plants (102 MCQs)",
      "path": "Respiration in Plants (102 MCQs)/",
      "questions": {
        "question_1": {
          "question_number": 1,
          "correct_option": 2,
          "sds_id": "SDS09E8",
          "subtopic": "Introduction",
          "image_filename": "question_1.png",
          "captured": true,
          "explanation": [
            "https://d1iljb9ao69244.cloudfront.net/question_explanations_346169_1669268774871.ogg"
          ]
        },
        "question_2": {
          "question_number": 2,
          "correct_option": 4,
          "sds_id": "SDS09E9",
          "subtopic": "Introduction",
          "image_filename": "question_2.png",
          "captured": true,
          "explanation": [
            "https://d1iljb9ao69244.cloudfront.net/63613_1725459137218_191.ogg",
            "https://d2f8z173p7073l.cloudfront.net/1550670823667"
          ]
        },
        "question_3": {
          "question_number": 3,
          "correct_option": 2,
          "sds_id": "SDS09EA",
          "subtopic": "Introduction",
          "image_filename": "question_3.png",
          "captured": true,
          "explanation": [
            "https://d1iljb9ao69244.cloudfront.net/382575_1693715193230_37.ogg"
          ]
        },
        "question_4": {
          "question_number": 4,
          "correct_option": 1,
          "sds_id": "SDS09EB",
          "subtopic": "Introduction",
          "image_filename": "question_4.png",
          "captured": true,
          "explanation": [
            "https://d1iljb9ao69244.cloudfront.net/435980_1712124527159_15.ogg"
          ]
        },
        "question_5": {
          "question_number": 5,
          "correct_option": 1,
          "sds_id": "SDS09EC",
          "subtopic": "Introduction",
          "image_filename": "question_5.png",
          "captured": true,
          "explanation": [
            "https://d1iljb9ao69244.cloudfront.net/question_explanations_346172_1669135384377.ogg"
          ]
        },
        "question_6": {
          "question_number": 6,
          "correct_option": 3,
          "sds_id": "SDS09ED",
          "subtopic": "Glycolysis",
          "image_filename": "question_6.png",
          "captured": true,
          "explanation": [
            "https://d1iljb9ao69244.cloudfront.net/63617_1726148144106_192.ogg",
            "https://d2f8z173p7073l.cloudfront.net/1550672374777"
          ]
        },
        "question_7": {
          "question_number": 7,
          "correct_option": 2,
          "sds_id": "SDS09EE",
          "subtopic": "Glycolysis",
          "image_filename": "question_7.png",
          "captured": true,
          "explanation": [
            "https://d1iljb9ao69244.cloudfront.net/450729_1714040448409_41.ogg"
          ]
        },
        "question_8": {
          "question_number": 8,
          "correct_option": 1,
          "sds_id": "SDS09EF",
          "subtopic": "Glycolysis",
          "image_filename": "question_8.png",
          "captured": true,
          "explanation": [
            "https://d1iljb9ao69244.cloudfront.net/429662_1710822974606_39.ogg"
          ]
        },
        "question_9": {
          "question_number": 9,
          "correct_option": 3,
          "sds_id": "SDS09F0",
          "subtopic": "Glycolysis",
          "image_filename": "question_9.png",
          "captured": true,
          "explanation": [
            "https://d1iljb9ao69244.cloudfront.net/63637_1726207294932_205.ogg",
            "https://d2f8z173p7073l.cloudfront.net/1550673770239"
          ]
        },
        "question_10": {
          "question_number": 10,
          "correct_option": 3,
          "sds_id": "SDS09F1",
          "subtopic": "Glycolysis",
          "image_filename": "question_10.png",
          "captured": true,
          "explanation": [
            "https://d1iljb9ao69244.cloudfront.net/question_explanations_346174_1669135487746.ogg"
          ]
        },
        "question_11": {
          "question_number": 11,
          "correct_option": 4,
          "sds_id": "SDS09F2",
          "subtopic": "Glycolysis",
          "image_filename": "question_11.png",
          "captured": true,
          "explanation": [
            "https://d1iljb9ao69244.cloudfront.net/63642_1726207420774_207.ogg",
            "https://d2f8z173p7073l.cloudfront.net/1550829828809"
          ]
        },
        "question_12": {
          "question_number": 12,
          "correct_option": 1,
          "sds_id": "SDS09F3",
          "subtopic": "Glycolysis",
          "image_filename": "question_12.png",
          "captured": true,
          "explanation": [
            "https://d1iljb9ao69244.cloudfront.net/question_explanations_346176_1669135620580.ogg"
          ]
        },
        "question_13": {
          "question_number": 13,
          "correct_option": 1,
          "sds_id": "SDS09F4",
          "subtopic": "Glycolysis",
          "image_filename": "question_13.png",
          "captured": true,
          "explanation": [
            "https://d1iljb9ao69244.cloudfront.net/question_explanations_346177_1669269351288.ogg"
          ]
        },
        "question_14": {
          "question_number": 14,
          "correct_option": 2,
          "sds_id": "SDS09F5",
          "subtopic": "Glycolysis",
          "image_filename": "question_14.png",
          "captured": true,
          "explanation": [
            "https://d1iljb9ao69244.cloudfront.net/question_explanations_346179_1669220064533.ogg"
          ]
        },
        "question_15": {
          "question_number": 15,
          "correct_option": 1,
          "sds_id": "SDS09F6",
          "subtopic": "Glycolysis",
          "image_filename": "question_15.png",
          "captured": true,
          "explanation": [
            "https://d1iljb9ao69244.cloudfront.net/401672_1703753587189_4.ogg"
          ]
        },
        "question_16": {
          "question_number": 16,
          "correct_option": 4,
          "sds_id": "SDS09F7",
          "subtopic": "Glycolysis",
          "image_filename": "question_16.png",
          "captured": true,
          "explanation": [
            "https://d1iljb9ao69244.cloudfront.net/401674_1703753617847_6.ogg"
          ]
        },
        "question_17": {
          "question_number": 17,
          "correct_option": 4,
          "sds_id": "SDS09F8",
          "subtopic": "Glycolysis",
          "image_filename": "question_17.png",
          "captured": true,
          "explanation": [
            "https://d1iljb9ao69244.cloudfront.net/412516_1706504397796_15.ogg"
          ]
        },
        "question_18": {
          "question_number": 18,
          "correct_option": 3,
          "sds_id": "SDS09F9",
          "subtopic": "Glycolysis",
          "image_filename": "question_18.png",
          "captured": true,
          "explanation": [
            "https://d1iljb9ao69244.cloudfront.net/412512_1706504366792_13.ogg"
          ]
        },
        "question_19": {
          "question_number": 19,
          "correct_option": 1,
          "sds_id": "SDS09FA",
          "subtopic": "Glycolysis",
          "image_filename": "question_19.png",
          "captured": true,
          "explanation": [
            "https://d1iljb9ao69244.cloudfront.net/412945_1706507403122_42.ogg"
          ]
        },
        "question_20": {
          "question_number": 20,
          "correct_option": 2,
          "sds_id": "SDS09FB",
          "subtopic": "Glycolysis",
          "image_filename": "question_20.png",
          "captured": true,
          "explanation": [
            "https://d1iljb9ao69244.cloudfront.net/412514_1706504382231_14.ogg"
          ]
        },
        "question_21": {
          "question_number": 21,
          "correct_option": 2,
          "sds_id": "SDS09FC",
          "subtopic": "Glycolysis",
          "image_filename": "question_21.png",
          "captured": true,
          "explanation": [
            "https://d1iljb9ao69244.cloudfront.net/429661_1711172548084_11.ogg"
          ]
        },
        "question_22": {
          "question_number": 22,
          "correct_option": 1,
          "sds_id": "SDS09FD",
          "subtopic": "Glycolysis",
          "image_filename": "question_22.png",
          "captured": true,
          "explanation": [
            "https://d1iljb9ao69244.cloudfront.net/63687_1726208425457_221.ogg",
            "https://d2f8z173p7073l.cloudfront.net/1550835703498"
          ]
        },
        "question_23": {
          "question_number": 23,
          "correct_option": 4,
          "sds_id": "SDS09FE",
          "subtopic": "Glycolysis",
          "image_filename": "question_23.png",
          "captured": true,
          "explanation": [
            "https://d1iljb9ao69244.cloudfront.net/308131_1727423038133_796.ogg",
            "https://d1iljb9ao69244.cloudfront.net/308131_1639592385486_9.ogg"
          ]
        },
        "question_24": {
          "question_number": 24,
          "correct_option": 1,
          "sds_id": "SDS09FF",
          "subtopic": "Glycolysis Regulation",
          "image_filename": "question_24.png",
          "captured": true,
          "explanation": [
            "https://d1iljb9ao69244.cloudfront.net/392496_1697795423173_1.ogg"
          ]
        },
        "question_25": {
          "question_number": 25,
          "correct_option": 1,
          "sds_id": "SDS0A00",
          "subtopic": "Glycolysis Regulation",
          "image_filename": "question_25.png",
          "captured": true,
          "explanation": [
            "https://d1iljb9ao69244.cloudfront.net/382584_1693715366041_46.ogg"
          ]
        },
        "question_26": {
          "question_number": 26,
          "correct_option": 2,
          "sds_id": "SDS0A01",
          "subtopic": "Glycolysis Regulation",
          "image_filename": "question_26.png",
          "captured": true,
          "explanation": [
            "https://d1iljb9ao69244.cloudfront.net/382600_1693715682955_62.ogg"
          ]
        },
        "question_27": {
          "question_number": 27,
          "correct_option": 2,
          "sds_id": "SDS0A02",
          "subtopic": "Fermentation",
          "image_filename": "question_27.png",
          "captured": true,
          "explanation": [
            "https://d1iljb9ao69244.cloudfront.net/439194_1712668339455_44.ogg"
          ]
        },
        "question_28": {
          "question_number": 28,
          "correct_option": 2,
          "sds_id": "SDS0A03",
          "subtopic": "Fermentation",
          "image_filename": "question_28.png",
          "captured": true,
          "explanation": [
            "https://d1iljb9ao69244.cloudfront.net/63621_1726148354306_193.ogg",
            "https://d2f8z173p7073l.cloudfront.net/1550672703675"
          ]
        },
        "question_29": {
          "question_number": 29,
          "correct_option": 1,
          "sds_id": "SDS0A04",
          "subtopic": "Fermentation",
          "image_filename": "question_29.png",
          "captured": true,
          "explanation": [
            "https://d1iljb9ao69244.cloudfront.net/63633_1726207126797_202.ogg",
            "https://d2f8z173p7073l.cloudfront.net/1550673623191"
          ]
        },
        "question_30": {
          "question_number": 30,
          "correct_option": 3,
          "sds_id": "SDS0A05",
          "subtopic": "Fermentation",
          "image_filename": "question_30.png",
          "captured": true,
          "explanation": [
            "https://d1iljb9ao69244.cloudfront.net/question_explanations_346182_1669269565581.ogg"
          ]
        },
        "question_31": {
          "question_number": 31,
          "correct_option": 2,
          "sds_id": "SDS0A06",
          "subtopic": "Fermentation",
          "image_filename": "question_31.png",
          "captured": true,
          "explanation": [
            "https://d1iljb9ao69244.cloudfront.net/63646_1726207570075_209.ogg",
            "https://d2f8z173p7073l.cloudfront.net/1550830126223"
          ]
        },
        "question_32": {
          "question_number": 32,
          "correct_option": 2,
          "sds_id": "SDS0A07",
          "subtopic": "Fermentation",
          "image_filename": "question_32.png",
          "captured": true,
          "explanation": [
            "https://d1iljb9ao69244.cloudfront.net/412518_1706504411727_16.ogg"
          ]
        },
        "question_33": {
          "question_number": 33,
          "correct_option": 1,
          "sds_id": "SDS0A08",
          "subtopic": "Fermentation",
          "image_filename": "question_33.png",
          "captured": true,
          "explanation": [
            "https://d1iljb9ao69244.cloudfront.net/381211_1692805290992_6.ogg",
            "https://dsbihjlymzdyy.cloudfront.net/question-assets/key__2024-05-28%2006%3A29%3A58%20%2B0000image.png"
          ]
        },
        "question_34": {
          "question_number": 34,
          "correct_option": 2,
          "sds_id": "SDS0A09",
          "subtopic": "Fermentation",
          "image_filename": "question_34.png",
          "captured": true,
          "explanation": [
            "https://d1iljb9ao69244.cloudfront.net/420462_1708690713861_25.ogg"
          ]
        },
        "question_35": {
          "question_number": 35,
          "correct_option": 1,
          "sds_id": "SDS0A0A",
          "subtopic": "Fermentation",
          "image_filename": "question_35.png",
          "captured": true,
          "explanation": [
            "https://d1iljb9ao69244.cloudfront.net/437218_1712306700392_8.ogg"
          ]
        },
        "question_36": {
          "question_number": 36,
          "correct_option": 1,
          "sds_id": "SDS0A0B",
          "subtopic": "Fermentation",
          "image_filename": "question_36.png",
          "captured": true,
          "explanation": [
            "https://d1iljb9ao69244.cloudfront.net/437210_1712306558256_3.ogg"
          ]
        },
        "question_37": {
          "question_number": 37,
          "correct_option": 2,
          "sds_id": "SDS0A0C",
          "subtopic": "Fermentation",
          "image_filename": "question_37.png",
          "captured": true,
          "explanation": [
            "https://d1iljb9ao69244.cloudfront.net/63714_1726218628906_223.ogg",
            "https://d2f8z173p7073l.cloudfront.net/1550844889516"
          ]
        },
        "question_38": {
          "question_number": 38,
          "correct_option": 3,
          "sds_id": "SDS0A0D",
          "subtopic": "Fermentation",
          "image_filename": "question_38.png",
          "captured": true,
          "explanation": [
            "https://d1iljb9ao69244.cloudfront.net/322677_1644344444237_20.ogg",
            "https://www.youtube.com/embed/FaRSzP6rBSc?rel=0&amp;modestbranding=1&amp;loop=1&amp;playlist=FaRSzP6rBSc&amp;start=1170&amp;end=1215",
            "https://www.youtube.com/embed/FaRSzP6rBSc?rel=0&modestbranding=1&loop=1&playlist=FaRSzP6rBSc&start=1170&end=1215"
          ]
        },
        "question_39": {
          "question_number": 39,
          "correct_option": 1,
          "sds_id": "SDS0A0E",
          "subtopic": "Fermentation",
          "image_filename": "question_39.png",
          "captured": true,
          "explanation": [
            "https://d1iljb9ao69244.cloudfront.net/382601_1693715693718_63.ogg"
          ]
        },
        "question_40": {
          "question_number": 40,
          "correct_option": 3,
          "sds_id": "SDS0A0F",
          "subtopic": "Aerobic Respiration",
          "image_filename": "question_40.png",
          "captured": true,
          "explanation": [
            "https://d1iljb9ao69244.cloudfront.net/question_explanations_346170_1669269112317.ogg"
          ]
        },
        "question_41": {
          "question_number": 41,
          "correct_option": 2,
          "sds_id": "SDS0A10",
          "subtopic": "Aerobic Respiration",
          "image_filename": "question_41.png",
          "captured": true,
          "explanation": [
            "https://d1iljb9ao69244.cloudfront.net/382585_1693715376145_47.ogg"
          ]
        },
        "question_42": {
          "question_number": 42,
          "correct_option": 2,
          "sds_id": "SDS0A11",
          "subtopic": "Aerobic Respiration",
          "image_filename": "question_42.png",
          "captured": true,
          "explanation": [
            "https://d1iljb9ao69244.cloudfront.net/question_explanations_346185_1669269739654.ogg"
          ]
        },
        "question_43": {
          "question_number": 43,
          "correct_option": 3,
          "sds_id": "SDS0A12",
          "subtopic": "Aerobic Respiration",
          "image_filename": "question_43.png",
          "captured": true,
          "explanation": [
            "https://d1iljb9ao69244.cloudfront.net/381214_1692805323821_9.ogg"
          ]
        },
        "question_44": {
          "question_number": 44,
          "correct_option": 1,
          "sds_id": "SDS0A13",
          "subtopic": "Aerobic Respiration",
          "image_filename": "question_44.png",
          "captured": true,
          "explanation": [
            "https://d1iljb9ao69244.cloudfront.net/446686_1713084742133_17.ogg"
          ]
        },
        "question_45": {
          "question_number": 45,
          "correct_option": 4,
          "sds_id": "SDS0A14",
          "subtopic": "Aerobic Respiration",
          "image_filename": "question_45.png",
          "captured": true,
          "explanation": [
            "https://d1iljb9ao69244.cloudfront.net/200841_1727419511812_775.ogg",
            "https://d1iljb9ao69244.cloudfront.net/question_explanations_200841_1669276551247.ogg"
          ]
        },
        "question_46": {
          "question_number": 46,
          "correct_option": 3,
          "sds_id": "SDS0A15",
          "subtopic": "Aerobic Respiration",
          "image_filename": "question_46.png",
          "captured": true,
          "explanation": [
            "https://d1iljb9ao69244.cloudfront.net/63638_1726207335179_206.ogg",
            "https://d2f8z173p7073l.cloudfront.net/1550673853886"
          ]
        },
        "question_47": {
          "question_number": 47,
          "correct_option": 4,
          "sds_id": "SDS0A16",
          "subtopic": "Aerobic Respiration",
          "image_filename": "question_47.png",
          "captured": true,
          "explanation": [
            "https://d1iljb9ao69244.cloudfront.net/question_explanations_346190_1669269949897.ogg"
          ]
        },
        "question_48": {
          "question_number": 48,
          "correct_option": 3,
          "sds_id": "SDS0A17",
          "subtopic": "Aerobic Respiration",
          "image_filename": "question_48.png",
          "captured": true,
          "explanation": [
            "https://d1iljb9ao69244.cloudfront.net/452131_1714302029971_42.ogg"
          ]
        },
        "question_49": {
          "question_number": 49,
          "correct_option": 4,
          "sds_id": "SDS0A18",
          "subtopic": "Aerobic Respiration",
          "image_filename": "question_49.png",
          "captured": true,
          "explanation": [
            "https://d1iljb9ao69244.cloudfront.net/401685_1703754098971_17.ogg"
          ]
        },
        "question_50": {
          "question_number": 50,
          "correct_option": 3,
          "sds_id": "SDS0A19",
          "subtopic": "Kreb's Cycle",
          "image_filename": "question_50.png",
          "captured": true,
          "explanation": [
            "https://d1iljb9ao69244.cloudfront.net/63647_1726207677859_210.ogg",
            "https://d2f8z173p7073l.cloudfront.net/1550830714087"
          ]
        },
        "question_51": {
          "question_number": 51,
          "correct_option": 4,
          "sds_id": "SDS0A1A",
          "subtopic": "Kreb's Cycle",
          "image_filename": "question_51.png",
          "captured": true,
          "explanation": [
            "https://d1iljb9ao69244.cloudfront.net/63623_1726148500845_194.ogg",
            "https://d2f8z173p7073l.cloudfront.net/1550672767379"
          ]
        },
        "question_52": {
          "question_number": 52,
          "correct_option": 4,
          "sds_id": "SDS0A1B",
          "subtopic": "Kreb's Cycle",
          "image_filename": "question_52.png",
          "captured": true,
          "explanation": [
            "https://d1iljb9ao69244.cloudfront.net/412520_1706504439148_18.ogg"
          ]
        },
        "question_53": {
          "question_number": 53,
          "correct_option": 4,
          "sds_id": "SDS0A1C",
          "subtopic": "Kreb's Cycle",
          "image_filename": "question_53.png",
          "captured": true,
          "explanation": [
            "https://d1iljb9ao69244.cloudfront.net/63662_1726208122518_216.ogg",
            "https://d2f8z173p7073l.cloudfront.net/1550832467755"
          ]
        },
        "question_54": {
          "question_number": 54,
          "correct_option": 4,
          "sds_id": "SDS0A1D",
          "subtopic": "Kreb's Cycle",
          "image_filename": "question_54.png",
          "captured": true,
          "explanation": [
            "https://d1iljb9ao69244.cloudfront.net/382587_1693715400956_49.ogg"
          ]
        },
        "question_55": {
          "question_number": 55,
          "correct_option": 2,
          "sds_id": "SDS0A1E",
          "subtopic": "Kreb's Cycle",
          "image_filename": "question_55.png",
          "captured": true,
          "explanation": [
            "https://d1iljb9ao69244.cloudfront.net/146066_1727329965023_733.ogg",
            "https://d2f8z173p7073l.cloudfront.net/1591692691153"
          ]
        },
        "question_56": {
          "question_number": 56,
          "correct_option": 3,
          "sds_id": "SDS0A1F",
          "subtopic": "Kreb's Cycle",
          "image_filename": "question_56.png",
          "captured": true,
          "explanation": [
            "https://d1iljb9ao69244.cloudfront.net/401677_1703753665301_9.ogg"
          ]
        },
        "question_57": {
          "question_number": 57,
          "correct_option": 4,
          "sds_id": "SDS0A20",
          "subtopic": "Kreb's Cycle",
          "image_filename": "question_57.png",
          "captured": true,
          "explanation": [
            "https://d1iljb9ao69244.cloudfront.net/63625_1726149806534_196.ogg",
            "https://d2f8z173p7073l.cloudfront.net/1550673073172"
          ]
        },
        "question_58": {
          "question_number": 58,
          "correct_option": 3,
          "sds_id": "SDS0A21",
          "subtopic": "Kreb's Cycle",
          "image_filename": "question_58.png",
          "captured": true,
          "explanation": [
            "https://d1iljb9ao69244.cloudfront.net/412521_1706504453055_19.ogg"
          ]
        },
        "question_59": {
          "question_number": 59,
          "correct_option": 2,
          "sds_id": "SDS0A22",
          "subtopic": "Kreb's Cycle",
          "image_filename": "question_59.png",
          "captured": true,
          "explanation": [
            "https://d1iljb9ao69244.cloudfront.net/63624_1726149548370_195.ogg",
            "https://d2f8z173p7073l.cloudfront.net/1550672908804"
          ]
        },
        "question_60": {
          "question_number": 60,
          "correct_option": 1,
          "sds_id": "SDS0A23",
          "subtopic": "Kreb's Cycle",
          "image_filename": "question_60.png",
          "captured": true,
          "explanation": [
            "https://d1iljb9ao69244.cloudfront.net/63643_1726207487154_208.ogg",
            "https://d2f8z173p7073l.cloudfront.net/1550829877222"
          ]
        },
        "question_61": {
          "question_number": 61,
          "correct_option": 3,
          "sds_id": "SDS0A24",
          "subtopic": "Kreb's Cycle",
          "image_filename": "question_61.png",
          "captured": true,
          "explanation": [
            "https://d1iljb9ao69244.cloudfront.net/63657_1726208070874_215.ogg",
            "https://d2f8z173p7073l.cloudfront.net/1550832287526"
          ]
        },
        "question_62": {
          "question_number": 62,
          "correct_option": 1,
          "sds_id": "SDS0A25",
          "subtopic": "Kreb's Cycle",
          "image_filename": "question_62.png",
          "captured": true,
          "explanation": [
            "https://d1iljb9ao69244.cloudfront.net/381245_1692805528981_25.ogg"
          ]
        },
        "question_63": {
          "question_number": 63,
          "correct_option": 1,
          "sds_id": "SDS0A26",
          "subtopic": "Amphibolic Nature of Respiration",
          "image_filename": "question_63.png",
          "captured": true,
          "explanation": [
            "https://d1iljb9ao69244.cloudfront.net/question_explanations_346203_1669270811226.ogg"
          ]
        },
        "question_64": {
          "question_number": 64,
          "correct_option": 2,
          "sds_id": "SDS0A27",
          "subtopic": "Amphibolic Nature of Respiration",
          "image_filename": "question_64.png",
          "captured": true,
          "explanation": [
            "https://d1iljb9ao69244.cloudfront.net/question_explanations_346205_1669270991585.ogg"
          ]
        },
        "question_65": {
          "question_number": 65,
          "correct_option": 2,
          "sds_id": "SDS0A28",
          "subtopic": "Amphibolic Nature of Respiration",
          "image_filename": "question_65.png",
          "captured": true,
          "explanation": [
            "https://d1iljb9ao69244.cloudfront.net/382602_1693715705424_64.ogg"
          ]
        },
        "question_66": {
          "question_number": 66,
          "correct_option": 4,
          "sds_id": "SDS0A29",
          "subtopic": "Oxidative Phosphorylation",
          "image_filename": "question_66.png",
          "captured": true,
          "explanation": [
            "https://d1iljb9ao69244.cloudfront.net/63630_1726206816133_200.ogg",
            "https://d2f8z173p7073l.cloudfront.net/1550673465807"
          ]
        },
        "question_67": {
          "question_number": 67,
          "correct_option": 2,
          "sds_id": "SDS0A2A",
          "subtopic": "Oxidative Phosphorylation",
          "image_filename": "question_67.png",
          "captured": true,
          "explanation": [
            "https://d1iljb9ao69244.cloudfront.net/63653_1726207795197_212.ogg",
            "https://d2f8z173p7073l.cloudfront.net/1550831609583"
          ]
        },
        "question_68": {
          "question_number": 68,
          "correct_option": 1,
          "sds_id": "SDS0A2B",
          "subtopic": "Oxidative Phosphorylation",
          "image_filename": "question_68.png",
          "captured": true,
          "explanation": [
            "https://d1iljb9ao69244.cloudfront.net/392520_1697795912106_16.ogg"
          ]
        },
        "question_69": {
          "question_number": 69,
          "correct_option": 1,
          "sds_id": "SDS0A2C",
          "subtopic": "Respiratory Quotient",
          "image_filename": "question_69.png",
          "captured": true,
          "explanation": [
            "https://d1iljb9ao69244.cloudfront.net/63634_1726207166259_203.ogg",
            "https://d2f8z173p7073l.cloudfront.net/1550673657151"
          ]
        },
        "question_70": {
          "question_number": 70,
          "correct_option": 2,
          "sds_id": "SDS0A2D",
          "subtopic": "Respiratory Quotient",
          "image_filename": "question_70.png",
          "captured": true,
          "explanation": [
            "https://d1iljb9ao69244.cloudfront.net/question_explanations_346209_1669135214589.ogg"
          ]
        },
        "question_71": {
          "question_number": 71,
          "correct_option": 1,
          "sds_id": "SDS0A2E",
          "subtopic": "Respiratory Quotient",
          "image_filename": "question_71.png",
          "captured": true,
          "explanation": [
            "https://d1iljb9ao69244.cloudfront.net/question_explanations_346208_1669270257243.ogg"
          ]
        },
        "question_72": {
          "question_number": 72,
          "correct_option": 3,
          "sds_id": "SDS0A2F",
          "subtopic": "Respiratory Quotient",
          "image_filename": "question_72.png",
          "captured": true,
          "explanation": [
            "https://d1iljb9ao69244.cloudfront.net/63636_1726207220200_204.ogg",
            "https://d2f8z173p7073l.cloudfront.net/1550673734560"
          ]
        },
        "question_73": {
          "question_number": 73,
          "correct_option": 1,
          "sds_id": "SDS0A30",
          "subtopic": "Respiratory Quotient",
          "image_filename": "question_73.png",
          "captured": true,
          "explanation": [
            "https://d1iljb9ao69244.cloudfront.net/381244_1692805516330_24.ogg"
          ]
        },
        "question_74": {
          "question_number": 74,
          "correct_option": 2,
          "sds_id": "SDS0A31",
          "subtopic": "Respiratory Quotient",
          "image_filename": "question_74.png",
          "captured": true,
          "explanation": [
            "https://d1iljb9ao69244.cloudfront.net/question_explanations_334721_1651762214825.ogg"
          ]
        },
        "question_75": {
          "question_number": 75,
          "correct_option": 3,
          "sds_id": "SDS0A32",
          "subtopic": "Respiratory Quotient",
          "image_filename": "question_75.png",
          "captured": true,
          "explanation": [
            "https://d1iljb9ao69244.cloudfront.net/338638_1657735779757_12.ogg",
            "https://dsbihjlymzdyy.cloudfront.net/question-assets/key__2025-10-08%2012%3A57%3A48%20%2B0000image.png"
          ]
        },
        "question_76": {
          "question_number": 76,
          "correct_option": 1,
          "sds_id": "SDS0A33",
          "subtopic": "ETS",
          "image_filename": "question_76.png",
          "captured": true,
          "explanation": [
            "https://d1iljb9ao69244.cloudfront.net/308132_1727427884879_797.ogg",
            "https://d1iljb9ao69244.cloudfront.net/308132_1639592395234_10.ogg"
          ]
        },
        "question_77": {
          "question_number": 77,
          "correct_option": 3,
          "sds_id": "SDS0A34",
          "subtopic": "ETS",
          "image_filename": "question_77.png",
          "captured": true,
          "explanation": [
            "https://d1iljb9ao69244.cloudfront.net/323459_1644344757280_44.ogg"
          ]
        },
        "question_78": {
          "question_number": 78,
          "correct_option": 4,
          "sds_id": "SDS0A35",
          "subtopic": "ETS",
          "image_filename": "question_78.png",
          "captured": true,
          "explanation": [
            "https://d1iljb9ao69244.cloudfront.net/63690_1726208497814_222.ogg",
            "https://d2f8z173p7073l.cloudfront.net/1550835933177"
          ]
        },
        "question_79": {
          "question_number": 79,
          "correct_option": 4,
          "sds_id": "SDS0A36",
          "subtopic": "ETS",
          "image_filename": "question_79.png",
          "captured": true,
          "explanation": [
            "https://d2f8z173p7073l.cloudfront.net/1550835475327"
          ]
        },
        "question_80": {
          "question_number": 80,
          "correct_option": 4,
          "sds_id": "SDS0A37",
          "subtopic": "ETS",
          "image_filename": "question_80.png",
          "captured": true,
          "explanation": [
            "https://d1iljb9ao69244.cloudfront.net/63681_1712040169679_15.ogg",
            "https://d2f8z173p7073l.cloudfront.net/1550835418413"
          ]
        },
        "question_81": {
          "question_number": 81,
          "correct_option": 4,
          "sds_id": "SDS0A38",
          "subtopic": "ETS",
          "image_filename": "question_81.png",
          "captured": true,
          "explanation": [
            "https://d1iljb9ao69244.cloudfront.net/63680_1726208245290_218.ogg",
            "https://d2f8z173p7073l.cloudfront.net/1550835385202"
          ]
        },
        "question_82": {
          "question_number": 82,
          "correct_option": 2,
          "sds_id": "SDS0A39",
          "subtopic": "ETS",
          "image_filename": "question_82.png",
          "captured": true,
          "explanation": [
            "https://d1iljb9ao69244.cloudfront.net/63649_1726207749950_211.ogg",
            "https://d2f8z173p7073l.cloudfront.net/1550830905497"
          ]
        },
        "question_83": {
          "question_number": 83,
          "correct_option": 3,
          "sds_id": "SDS0A3A",
          "subtopic": "ETS",
          "image_filename": "question_83.png",
          "captured": true,
          "explanation": [
            "https://d2f8z173p7073l.cloudfront.net/1550835210828"
          ]
        },
        "question_84": {
          "question_number": 84,
          "correct_option": 4,
          "sds_id": "SDS0A3B",
          "subtopic": "ETS",
          "image_filename": "question_84.png",
          "captured": true,
          "explanation": [
            "https://d1iljb9ao69244.cloudfront.net/63677_1726208178210_217.ogg",
            "https://d2f8z173p7073l.cloudfront.net/1550835239446"
          ]
        },
        "question_85": {
          "question_number": 85,
          "correct_option": 3,
          "sds_id": "SDS0A3C",
          "subtopic": "ETS",
          "image_filename": "question_85.png",
          "captured": true,
          "explanation": [
            "https://d1iljb9ao69244.cloudfront.net/63686_1726208375357_220.ogg",
            "https://d2f8z173p7073l.cloudfront.net/1550835667800"
          ]
        },
        "question_86": {
          "question_number": 86,
          "correct_option": 3,
          "sds_id": "SDS0A3D",
          "subtopic": "ETS",
          "image_filename": "question_86.png",
          "captured": true,
          "explanation": "none"
        },
        "question_87": {
          "question_number": 87,
          "correct_option": 4,
          "sds_id": "SDS0A3E",
          "subtopic": "ETS",
          "image_filename": "question_87.png",
          "captured": true,
          "explanation": [
            "https://d1iljb9ao69244.cloudfront.net/question_explanations_346192_1669134918657.ogg"
          ]
        },
        "question_88": {
          "question_number": 88,
          "correct_option": 2,
          "sds_id": "SDS0A3F",
          "subtopic": "ETS",
          "image_filename": "question_88.png",
          "captured": true,
          "explanation": [
            "https://d1iljb9ao69244.cloudfront.net/question_explanations_346197_1669220877952.ogg"
          ]
        },
        "question_89": {
          "question_number": 89,
          "correct_option": 2,
          "sds_id": "SDS0A40",
          "subtopic": "ETS",
          "image_filename": "question_89.png",
          "captured": true,
          "explanation": [
            "https://d1iljb9ao69244.cloudfront.net/401682_1703754053777_14.ogg"
          ]
        },
        "question_90": {
          "question_number": 90,
          "correct_option": 2,
          "sds_id": "SDS0A41",
          "subtopic": "ETS",
          "image_filename": "question_90.png",
          "captured": true,
          "explanation": [
            "https://d1iljb9ao69244.cloudfront.net/412952_1706507478354_47.ogg"
          ]
        },
        "question_91": {
          "question_number": 91,
          "correct_option": 1,
          "sds_id": "SDS0A42",
          "subtopic": "ETS",
          "image_filename": "question_91.png",
          "captured": true,
          "explanation": [
            "https://d1iljb9ao69244.cloudfront.net/412524_1706506634225_21.ogg"
          ]
        },
        "question_92": {
          "question_number": 92,
          "correct_option": 3,
          "sds_id": "SDS0A43",
          "subtopic": "ETS",
          "image_filename": "question_92.png",
          "captured": true,
          "explanation": [
            "https://d1iljb9ao69244.cloudfront.net/381219_1692805370604_12.ogg"
          ]
        },
        "question_93": {
          "question_number": 93,
          "correct_option": 2,
          "sds_id": "SDS0A44",
          "subtopic": "ETS",
          "image_filename": "question_93.png",
          "captured": true,
          "explanation": [
            "https://d1iljb9ao69244.cloudfront.net/381223_1692805392277_14.ogg"
          ]
        },
        "question_94": {
          "question_number": 94,
          "correct_option": 1,
          "sds_id": "SDS0A45",
          "subtopic": "ETS",
          "image_filename": "question_94.png",
          "captured": true,
          "explanation": [
            "https://d1iljb9ao69244.cloudfront.net/381230_1692805422870_17.ogg"
          ]
        },
        "question_95": {
          "question_number": 95,
          "correct_option": 4,
          "sds_id": "SDS0A46",
          "subtopic": "ETS",
          "image_filename": "question_95.png",
          "captured": true,
          "explanation": [
            "https://d1iljb9ao69244.cloudfront.net/449488_1713791585621_41.ogg"
          ]
        },
        "question_96": {
          "question_number": 96,
          "correct_option": 4,
          "sds_id": "SDS0A47",
          "subtopic": "THE RESPIRATORY BALANCE SHEET",
          "image_filename": "question_96.png",
          "captured": true,
          "explanation": [
            "https://d1iljb9ao69244.cloudfront.net/382574_1693715181936_36.ogg"
          ]
        },
        "question_97": {
          "question_number": 97,
          "correct_option": 2,
          "sds_id": "SDS0A48",
          "subtopic": "THE RESPIRATORY BALANCE SHEET",
          "image_filename": "question_97.png",
          "captured": true,
          "explanation": [
            "https://d1iljb9ao69244.cloudfront.net/382580_1693715254766_42.ogg"
          ]
        },
        "question_98": {
          "question_number": 98,
          "correct_option": 4,
          "sds_id": "SDS0A49",
          "subtopic": "THE RESPIRATORY BALANCE SHEET",
          "image_filename": "question_98.png",
          "captured": true,
          "explanation": [
            "https://d1iljb9ao69244.cloudfront.net/381236_1692805457515_20.ogg"
          ]
        }
      }
    },
    "Respiration in Plants (LEVEL 3 MCQs)": {
      "name": "Respiration in Plants (LEVEL 3 MCQs)",
      "path": "Respiration in Plants (LEVEL 3 MCQs)/",
      "questions": {
        "question_1": {
          "question_number": 1,
          "correct_option": 1,
          "sds_id": "SDS0A4A",
          "subtopic": "Introduction",
          "image_filename": "question_1.png",
          "captured": true,
          "explanation": [
            "https://d2f8z173p7073l.cloudfront.net/1550673979079"
          ]
        },
        "question_2": {
          "question_number": 2,
          "correct_option": 3,
          "sds_id": "SDS0A4B",
          "subtopic": "Introduction",
          "image_filename": "question_2.png",
          "captured": true,
          "explanation": [
            "https://d1iljb9ao69244.cloudfront.net/420532_1709198845107_43.ogg"
          ]
        },
        "question_3": {
          "question_number": 3,
          "correct_option": 3,
          "sds_id": "SDS0A4C",
          "subtopic": "Glycolysis",
          "image_filename": "question_3.png",
          "captured": true,
          "explanation": [
            "https://d1iljb9ao69244.cloudfront.net/412948_1706507431725_44.ogg"
          ]
        },
        "question_4": {
          "question_number": 4,
          "correct_option": 4,
          "sds_id": "SDS0A4D",
          "subtopic": "Glycolysis",
          "image_filename": "question_4.png",
          "captured": true,
          "explanation": [
            "https://d1iljb9ao69244.cloudfront.net/420459_1708422197395_24.ogg"
          ]
        },
        "question_5": {
          "question_number": 5,
          "correct_option": 2,
          "sds_id": "SDS0A4E",
          "subtopic": "Fermentation",
          "image_filename": "question_5.png",
          "captured": true,
          "explanation": [
            "https://d2f8z173p7073l.cloudfront.net/1591693004437"
          ]
        },
        "question_6": {
          "question_number": 6,
          "correct_option": 1,
          "sds_id": "SDS0A4F",
          "subtopic": "Fermentation",
          "image_filename": "question_6.png",
          "captured": true,
          "explanation": [
            "https://d1iljb9ao69244.cloudfront.net/453677_1714483610296_15.ogg"
          ]
        },
        "question_7": {
          "question_number": 7,
          "correct_option": 2,
          "sds_id": "SDS0A50",
          "subtopic": "Fermentation",
          "image_filename": "question_7.png",
          "captured": true,
          "explanation": [
            "https://d1iljb9ao69244.cloudfront.net/333100_1650646718296_10.ogg"
          ]
        },
        "question_8": {
          "question_number": 8,
          "correct_option": 1,
          "sds_id": "SDS0A51",
          "subtopic": "Aerobic Respiration",
          "image_filename": "question_8.png",
          "captured": true,
          "explanation": [
            "https://d1iljb9ao69244.cloudfront.net/412949_1706507447814_45.ogg"
          ]
        },
        "question_9": {
          "question_number": 9,
          "correct_option": 2,
          "sds_id": "SDS0A52",
          "subtopic": "Aerobic Respiration",
          "image_filename": "question_9.png",
          "captured": true,
          "explanation": [
            "https://d1iljb9ao69244.cloudfront.net/381213_1692805313769_8.ogg"
          ]
        },
        "question_10": {
          "question_number": 10,
          "correct_option": 2,
          "sds_id": "SDS0A53",
          "subtopic": "Aerobic Respiration",
          "image_filename": "question_10.png",
          "captured": true,
          "explanation": [
            "https://d1iljb9ao69244.cloudfront.net/392497_1697795466801_2.ogg"
          ]
        },
        "question_11": {
          "question_number": 11,
          "correct_option": 1,
          "sds_id": "SDS0A54",
          "subtopic": "Kreb's Cycle",
          "image_filename": "question_11.png",
          "captured": true,
          "explanation": [
            "https://d1iljb9ao69244.cloudfront.net/392518_1697795887837_15.ogg"
          ]
        },
        "question_12": {
          "question_number": 12,
          "correct_option": 3,
          "sds_id": "SDS0A55",
          "subtopic": "Kreb's Cycle",
          "image_filename": "question_12.png",
          "captured": true,
          "explanation": [
            "https://d1iljb9ao69244.cloudfront.net/392510_1697795725856_10.ogg"
          ]
        },
        "question_13": {
          "question_number": 13,
          "correct_option": 3,
          "sds_id": "SDS0A56",
          "subtopic": "Amphibolic Nature of Respiration",
          "image_filename": "question_13.png",
          "captured": true,
          "explanation": [
            "https://d2f8z173p7073l.cloudfront.net/1550836484412"
          ]
        },
        "question_14": {
          "question_number": 14,
          "correct_option": 2,
          "sds_id": "SDS0A57",
          "subtopic": "Amphibolic Nature of Respiration",
          "image_filename": "question_14.png",
          "captured": true,
          "explanation": [
            "https://d1iljb9ao69244.cloudfront.net/382603_1693715719164_65.ogg"
          ]
        },
        "question_15": {
          "question_number": 15,
          "correct_option": 1,
          "sds_id": "SDS0A58",
          "subtopic": "Amphibolic Nature of Respiration",
          "image_filename": "question_15.png",
          "captured": true,
          "explanation": [
            "https://d1iljb9ao69244.cloudfront.net/333101_1650728563613_11.ogg",
            "https://www.youtube-nocookie.com/embed/IYNuys-4FmA?rel=0",
            "https://www.youtube-nocookie.com/embed/ofUQNtp-RAs?rel=0"
          ]
        },
        "question_16": {
          "question_number": 16,
          "correct_option": 1,
          "sds_id": "SDS0A59",
          "subtopic": "Oxidative Phosphorylation",
          "image_filename": "question_16.png",
          "captured": true,
          "explanation": [
            "https://d1iljb9ao69244.cloudfront.net/382597_1693715636821_59.ogg"
          ]
        },
        "question_17": {
          "question_number": 17,
          "correct_option": 2,
          "sds_id": "SDS0A5A",
          "subtopic": "Respiratory Quotient",
          "image_filename": "question_17.png",
          "captured": true,
          "explanation": [
            "https://d1iljb9ao69244.cloudfront.net/382604_1693715733352_66.ogg"
          ]
        },
        "question_18": {
          "question_number": 18,
          "correct_option": 4,
          "sds_id": "SDS0A5B",
          "subtopic": "Respiratory Quotient",
          "image_filename": "question_18.png",
          "captured": true,
          "explanation": [
            "https://d1iljb9ao69244.cloudfront.net/420464_1708690728175_26.ogg"
          ]
        },
        "question_19": {
          "question_number": 19,
          "correct_option": 1,
          "sds_id": "SDS0A5C",
          "subtopic": "Respiratory Quotient",
          "image_filename": "question_19.png",
          "captured": true,
          "explanation": [
            "https://d1iljb9ao69244.cloudfront.net/425184_1709537169623_50.ogg"
          ]
        },
        "question_20": {
          "question_number": 20,
          "correct_option": 1,
          "sds_id": "SDS0A5D",
          "subtopic": "ETS",
          "image_filename": "question_20.png",
          "captured": true,
          "explanation": [
            "https://d1iljb9ao69244.cloudfront.net/381218_1692805358786_11.ogg"
          ]
        },
        "question_21": {
          "question_number": 21,
          "correct_option": 2,
          "sds_id": "SDS0A5E",
          "subtopic": "ETS",
          "image_filename": "question_21.png",
          "captured": true,
          "explanation": [
            "https://d1iljb9ao69244.cloudfront.net/438044_1712588827753_13.ogg"
          ]
        },
        "question_22": {
          "question_number": 22,
          "correct_option": 1,
          "sds_id": "SDS0A5F",
          "subtopic": "ETS",
          "image_filename": "question_22.png",
          "captured": true,
          "explanation": [
            "https://d1iljb9ao69244.cloudfront.net/436592_1712137634596_40.ogg"
          ]
        },
        "question_23": {
          "question_number": 23,
          "correct_option": 3,
          "sds_id": "SDS0A60",
          "subtopic": "ETS",
          "image_filename": "question_23.png",
          "captured": true,
          "explanation": [
            "https://d1iljb9ao69244.cloudfront.net/430741_1711449156154_7.ogg"
          ]
        },
        "question_24": {
          "question_number": 24,
          "correct_option": 3,
          "sds_id": "SDS0A61",
          "subtopic": "ETS",
          "image_filename": "question_24.png",
          "captured": true,
          "explanation": [
            "https://d1iljb9ao69244.cloudfront.net/433541_1711524108121_48.ogg"
          ]
        },
        "question_25": {
          "question_number": 25,
          "correct_option": 4,
          "sds_id": "SDS0A62",
          "subtopic": "ETS",
          "image_filename": "question_25.png",
          "captured": true,
          "explanation": [
            "https://d1iljb9ao69244.cloudfront.net/439162_1712666093255_16.ogg"
          ]
        },
        "question_26": {
          "question_number": 26,
          "correct_option": 2,
          "sds_id": "SDS0A63",
          "subtopic": "ETS",
          "image_filename": "question_26.png",
          "captured": true,
          "explanation": [
            "https://d1iljb9ao69244.cloudfront.net/449396_1713786976015_13.ogg"
          ]
        },
        "question_27": {
          "question_number": 27,
          "correct_option": 4,
          "sds_id": "SDS0A64",
          "subtopic": "THE RESPIRATORY BALANCE SHEET",
          "image_filename": "question_27.png",
          "captured": true,
          "explanation": [
            "https://d1iljb9ao69244.cloudfront.net/381240_1692805494752_22.ogg"
          ]
        },
        "question_28": {
          "question_number": 28,
          "correct_option": 4,
          "sds_id": "SDS0A65",
          "subtopic": "The Respiratory Balance Sheet",
          "image_filename": "question_28.png",
          "captured": true,
          "explanation": [
            "https://d1iljb9ao69244.cloudfront.net/question_explanations_349057_1669276486029.ogg"
          ]
        },
        "question_29": {
          "question_number": 29,
          "correct_option": 2,
          "sds_id": "SDS0A66",
          "subtopic": "The Respiratory Balance Sheet",
          "image_filename": "question_29.png",
          "captured": true,
          "explanation": [
            "https://d1iljb9ao69244.cloudfront.net/425183_1709537154920_49.ogg"
          ]
        }
      }
    }
  },
  "type": "multi_set"
}