{
  "chapter_no": 16,
  "chapter_name": "Excretory Products and their Elimination",
  "section_name": "Excretory Products & Their Elimination (131 MCQs)",
  "total_questions": 125,
  "questions": {
    "question_1": {
      "question_number": 1,
      "correct_option": 3,
      "sds_id": "SDS0C83",
      "subtopic": "Nitrogenous Excretory Products",
      "image_filename": "question_1.png",
      "captured": true,
      "explanation": [
        "https://d1iljb9ao69244.cloudfront.net/61533_1724409589478_66.ogg",
        "https://d2f8z173p7073l.cloudfront.net/1547953108493"
      ]
    },
    "question_2": {
      "question_number": 2,
      "correct_option": 1,
      "sds_id": "SDS0C84",
      "subtopic": "Nitrogenous Excretory Products",
      "image_filename": "question_2.png",
      "captured": true,
      "explanation": [
        "https://d1iljb9ao69244.cloudfront.net/61538_1724409615823_68.ogg",
        "https://d2f8z173p7073l.cloudfront.net/1547953355846"
      ]
    },
    "question_3": {
      "question_number": 3,
      "correct_option": 1,
      "sds_id": "SDS0C85",
      "subtopic": "Nitrogenous Excretory Products",
      "image_filename": "question_3.png",
      "captured": true,
      "explanation": [
        "https://d1iljb9ao69244.cloudfront.net/120456_1726310780113_295.ogg",
        "https://d2f8z173p7073l.cloudfront.net/1580017362750"
      ]
    },
    "question_4": {
      "question_number": 4,
      "correct_option": 2,
      "sds_id": "SDS0C86",
      "subtopic": "Nitrogenous Excretory Products",
      "image_filename": "question_4.png",
      "captured": true,
      "explanation": [
        "https://d1iljb9ao69244.cloudfront.net/61532_1724409577429_65.ogg",
        "https://d2f8z173p7073l.cloudfront.net/1547953052930"
      ]
    },
    "question_5": {
      "question_number": 5,
      "correct_option": 1,
      "sds_id": "SDS0C87",
      "subtopic": "Nitrogenous Excretory Products",
      "image_filename": "question_5.png",
      "captured": true,
      "explanation": [
        "https://d1iljb9ao69244.cloudfront.net/62976_1724929210990_116.ogg",
        "https://d2f8z173p7073l.cloudfront.net/1549023882743"
      ]
    },
    "question_6": {
      "question_number": 6,
      "correct_option": 1,
      "sds_id": "SDS0C88",
      "subtopic": "Nitrogenous Excretory Products",
      "image_filename": "question_6.png",
      "captured": true,
      "explanation": [
        "https://d1iljb9ao69244.cloudfront.net/question_explanations_346332_1669300274597.ogg"
      ]
    },
    "question_7": {
      "question_number": 7,
      "correct_option": 3,
      "sds_id": "SDS0C89",
      "subtopic": "Nitrogenous Excretory Products",
      "image_filename": "question_7.png",
      "captured": true,
      "explanation": [
        "https://d1iljb9ao69244.cloudfront.net/400018_1702459312553_87.ogg"
      ]
    },
    "question_8": {
      "question_number": 8,
      "correct_option": 1,
      "sds_id": "SDS0C8A",
      "subtopic": "Nitrogenous Excretory Products",
      "image_filename": "question_8.png",
      "captured": true,
      "explanation": [
        "https://d1iljb9ao69244.cloudfront.net/412985_1706510682397_72.ogg"
      ]
    },
    "question_9": {
      "question_number": 9,
      "correct_option": 2,
      "sds_id": "SDS0C8B",
      "subtopic": "Nitrogenous Excretory Products",
      "image_filename": "question_9.png",
      "captured": true,
      "explanation": [
        "https://d1iljb9ao69244.cloudfront.net/385287_1695461447143_4.ogg"
      ]
    },
    "question_10": {
      "question_number": 10,
      "correct_option": 2,
      "sds_id": "SDS0C8C",
      "subtopic": "Nitrogenous Excretory Products",
      "image_filename": "question_10.png",
      "captured": true,
      "explanation": [
        "https://d1iljb9ao69244.cloudfront.net/385280_1695461151282_1.ogg"
      ]
    },
    "question_11": {
      "question_number": 11,
      "correct_option": 4,
      "sds_id": "SDS0C8D",
      "subtopic": "Nitrogenous Excretory Products",
      "image_filename": "question_11.png",
      "captured": true,
      "explanation": [
        "https://d1iljb9ao69244.cloudfront.net/420648_1709209979162_6.ogg"
      ]
    },
    "question_12": {
      "question_number": 12,
      "correct_option": 3,
      "sds_id": "SDS0C8E",
      "subtopic": "Nitrogenous Excretory Products",
      "image_filename": "question_12.png",
      "captured": true,
      "explanation": [
        "https://d1iljb9ao69244.cloudfront.net/420615_1708425329218_94.ogg"
      ]
    },
    "question_13": {
      "question_number": 13,
      "correct_option": 3,
      "sds_id": "SDS0C8F",
      "subtopic": "Nitrogenous Excretory Products",
      "image_filename": "question_13.png",
      "captured": true,
      "explanation": [
        "https://d1iljb9ao69244.cloudfront.net/446653_1713095325541_46.ogg"
      ]
    },
    "question_14": {
      "question_number": 14,
      "correct_option": 4,
      "sds_id": "SDS0C90",
      "subtopic": "Nitrogenous Excretory Products",
      "image_filename": "question_14.png",
      "captured": true,
      "explanation": [
        "https://d1iljb9ao69244.cloudfront.net/439265_1712654534517_18.ogg"
      ]
    },
    "question_15": {
      "question_number": 15,
      "correct_option": 3,
      "sds_id": "SDS0C91",
      "subtopic": "Nitrogenous Excretory Products",
      "image_filename": "question_15.png",
      "captured": true,
      "explanation": [
        "https://d1iljb9ao69244.cloudfront.net/449506_1713776512355_9.ogg"
      ]
    },
    "question_16": {
      "question_number": 16,
      "correct_option": 3,
      "sds_id": "SDS0C92",
      "subtopic": "Nitrogenous Excretory Products",
      "image_filename": "question_16.png",
      "captured": true,
      "explanation": [
        "https://d1iljb9ao69244.cloudfront.net/450778_1714047478682_42.ogg"
      ]
    },
    "question_17": {
      "question_number": 17,
      "correct_option": 1,
      "sds_id": "SDS0C93",
      "subtopic": "Nitrogenous Excretory Products",
      "image_filename": "question_17.png",
      "captured": true,
      "explanation": [
        "https://d1iljb9ao69244.cloudfront.net/452781_1714309026869_41.ogg"
      ]
    },
    "question_18": {
      "question_number": 18,
      "correct_option": 1,
      "sds_id": "SDS0C94",
      "subtopic": "Nitrogenous Excretory Products",
      "image_filename": "question_18.png",
      "captured": true,
      "explanation": [
        "https://d1iljb9ao69244.cloudfront.net/125655_1726997586820_581.ogg",
        "https://d2f8z173p7073l.cloudfront.net/1583481733680"
      ]
    },
    "question_19": {
      "question_number": 19,
      "correct_option": 4,
      "sds_id": "SDS0C95",
      "subtopic": "Nitrogenous Excretory Products",
      "image_filename": "question_19.png",
      "captured": true,
      "explanation": [
        "https://d1iljb9ao69244.cloudfront.net/question_explanations_349040_1668582464969.ogg"
      ]
    },
    "question_20": {
      "question_number": 20,
      "correct_option": 4,
      "sds_id": "SDS0C96",
      "subtopic": "Osmoregulation",
      "image_filename": "question_20.png",
      "captured": true,
      "explanation": [
        "https://d1iljb9ao69244.cloudfront.net/127328_1727156756539_687.ogg",
        "https://d2f8z173p7073l.cloudfront.net/1585065100398"
      ]
    },
    "question_21": {
      "question_number": 21,
      "correct_option": 4,
      "sds_id": "SDS0C97",
      "subtopic": "Osmoregulation",
      "image_filename": "question_21.png",
      "captured": true,
      "explanation": [
        "https://d1iljb9ao69244.cloudfront.net/127341_1727157260379_691.ogg",
        "https://d2f8z173p7073l.cloudfront.net/1585068313288"
      ]
    },
    "question_22": {
      "question_number": 22,
      "correct_option": 2,
      "sds_id": "SDS0C98",
      "subtopic": "Osmoregulation",
      "image_filename": "question_22.png",
      "captured": true,
      "explanation": [
        "https://d1iljb9ao69244.cloudfront.net/447728_1713348372626_10.ogg"
      ]
    },
    "question_23": {
      "question_number": 23,
      "correct_option": 1,
      "sds_id": "SDS0C99",
      "subtopic": "Osmoregulation",
      "image_filename": "question_23.png",
      "captured": true,
      "explanation": [
        "https://d1iljb9ao69244.cloudfront.net/436578_1712141291002_42.ogg"
      ]
    },
    "question_24": {
      "question_number": 24,
      "correct_option": 2,
      "sds_id": "SDS0C9A",
      "subtopic": "Human Kidney: Functions",
      "image_filename": "question_24.png",
      "captured": true,
      "explanation": [
        "https://d1iljb9ao69244.cloudfront.net/385296_1695468021881_11.ogg"
      ]
    },
    "question_25": {
      "question_number": 25,
      "correct_option": 1,
      "sds_id": "SDS0C9B",
      "subtopic": "Human Kidney: Location & Cut Section",
      "image_filename": "question_25.png",
      "captured": true,
      "explanation": [
        "https://d1iljb9ao69244.cloudfront.net/127316_1727155790410_678.ogg",
        "https://d2f8z173p7073l.cloudfront.net/1585067185147"
      ]
    },
    "question_26": {
      "question_number": 26,
      "correct_option": 4,
      "sds_id": "SDS0C9C",
      "subtopic": "Human Kidney: Location & Cut Section",
      "image_filename": "question_26.png",
      "captured": true,
      "explanation": [
        "https://d1iljb9ao69244.cloudfront.net/385290_1695462502744_7.ogg"
      ]
    },
    "question_27": {
      "question_number": 27,
      "correct_option": 4,
      "sds_id": "SDS0C9D",
      "subtopic": "Human Kidney: Location & Cut Section",
      "image_filename": "question_27.png",
      "captured": true,
      "explanation": [
        "https://d1iljb9ao69244.cloudfront.net/412988_1706510715509_74.ogg"
      ]
    },
    "question_28": {
      "question_number": 28,
      "correct_option": 1,
      "sds_id": "SDS0C9E",
      "subtopic": "Human Kidney: Location & Cut Section",
      "image_filename": "question_28.png",
      "captured": true,
      "explanation": [
        "https://d1iljb9ao69244.cloudfront.net/61579_1724415823450_75.ogg",
        "https://d2f8z173p7073l.cloudfront.net/1547955789023"
      ]
    },
    "question_29": {
      "question_number": 29,
      "correct_option": 2,
      "sds_id": "SDS0C9F",
      "subtopic": "Human Kidney: Location & Cut Section",
      "image_filename": "question_29.png",
      "captured": true,
      "explanation": [
        "https://d1iljb9ao69244.cloudfront.net/61584_1724415836815_76.ogg",
        "https://d2f8z173p7073l.cloudfront.net/1547956045679"
      ]
    },
    "question_30": {
      "question_number": 30,
      "correct_option": 4,
      "sds_id": "SDS0CA0",
      "subtopic": "Human Kidney: Location & Cut Section",
      "image_filename": "question_30.png",
      "captured": true,
      "explanation": [
        "https://d1iljb9ao69244.cloudfront.net/61586_1724415850483_77.ogg",
        "https://d2f8z173p7073l.cloudfront.net/1547956117843"
      ]
    },
    "question_31": {
      "question_number": 31,
      "correct_option": 2,
      "sds_id": "SDS0CA1",
      "subtopic": "Human Kidney: Location & Cut Section",
      "image_filename": "question_31.png",
      "captured": true,
      "explanation": [
        "https://d1iljb9ao69244.cloudfront.net/61599_1724415878039_79.ogg",
        "https://d2f8z173p7073l.cloudfront.net/1547957273180"
      ]
    },
    "question_32": {
      "question_number": 32,
      "correct_option": 2,
      "sds_id": "SDS0CA2",
      "subtopic": "Human Kidney: Location & Cut Section",
      "image_filename": "question_32.png",
      "captured": true,
      "explanation": [
        "https://d1iljb9ao69244.cloudfront.net/385291_1695462559434_8.ogg"
      ]
    },
    "question_33": {
      "question_number": 33,
      "correct_option": 1,
      "sds_id": "SDS0CA3",
      "subtopic": "Human Kidney: Location & Cut Section",
      "image_filename": "question_33.png",
      "captured": true,
      "explanation": [
        "https://d1iljb9ao69244.cloudfront.net/61516_1724408263133_60.ogg",
        "https://d2f8z173p7073l.cloudfront.net/1547916874369"
      ]
    },
    "question_34": {
      "question_number": 34,
      "correct_option": 2,
      "sds_id": "SDS0CA4",
      "subtopic": "Human Kidney: Location & Cut Section",
      "image_filename": "question_34.png",
      "captured": true,
      "explanation": [
        "https://d1iljb9ao69244.cloudfront.net/61618_1724415919597_83.ogg",
        "https://d2f8z173p7073l.cloudfront.net/1547958156906"
      ]
    },
    "question_35": {
      "question_number": 35,
      "correct_option": 3,
      "sds_id": "SDS0CA5",
      "subtopic": "Human Kidney: Location & Cut Section",
      "image_filename": "question_35.png",
      "captured": true,
      "explanation": [
        "https://d1iljb9ao69244.cloudfront.net/127365_1727271327483_703.ogg",
        "https://d2f8z173p7073l.cloudfront.net/1585068173485"
      ]
    },
    "question_36": {
      "question_number": 36,
      "correct_option": 3,
      "sds_id": "SDS0CA6",
      "subtopic": "Human Kidney: Location & Cut Section",
      "image_filename": "question_36.png",
      "captured": true,
      "explanation": [
        "https://d1iljb9ao69244.cloudfront.net/61600_1724415892762_80.ogg",
        "https://d2f8z173p7073l.cloudfront.net/1547957309183"
      ]
    },
    "question_37": {
      "question_number": 37,
      "correct_option": 4,
      "sds_id": "SDS0CA7",
      "subtopic": "Human Kidney: Location & Cut Section",
      "image_filename": "question_37.png",
      "captured": true,
      "explanation": [
        "https://d1iljb9ao69244.cloudfront.net/61517_1724408378787_61.ogg",
        "https://d2f8z173p7073l.cloudfront.net/1547917002347"
      ]
    },
    "question_38": {
      "question_number": 38,
      "correct_option": 4,
      "sds_id": "SDS0CA8",
      "subtopic": "Human Kidney: Location & Cut Section",
      "image_filename": "question_38.png",
      "captured": true,
      "explanation": [
        "https://d1iljb9ao69244.cloudfront.net/61541_1724409627068_69.ogg",
        "https://d2f8z173p7073l.cloudfront.net/1547953473263"
      ]
    },
    "question_39": {
      "question_number": 39,
      "correct_option": 2,
      "sds_id": "SDS0CA9",
      "subtopic": "Human Kidney: Location & Cut Section",
      "image_filename": "question_39.png",
      "captured": true,
      "explanation": [
        "https://d1iljb9ao69244.cloudfront.net/question_explanations_346333_1669341457663.ogg"
      ]
    },
    "question_40": {
      "question_number": 40,
      "correct_option": 3,
      "sds_id": "SDS0CAA",
      "subtopic": "Human Kidney: Location & Cut Section",
      "image_filename": "question_40.png",
      "captured": true,
      "explanation": [
        "https://d1iljb9ao69244.cloudfront.net/385294_1695462656472_10.ogg"
      ]
    },
    "question_41": {
      "question_number": 41,
      "correct_option": 4,
      "sds_id": "SDS0CAB",
      "subtopic": "Human Kidney: Location & Cut Section",
      "image_filename": "question_41.png",
      "captured": true,
      "explanation": [
        "https://d1iljb9ao69244.cloudfront.net/412996_1706511048811_81.ogg"
      ]
    },
    "question_42": {
      "question_number": 42,
      "correct_option": 3,
      "sds_id": "SDS0CAC",
      "subtopic": "Human Kidney: Location & Cut Section",
      "image_filename": "question_42.png",
      "captured": true,
      "explanation": [
        "https://d1iljb9ao69244.cloudfront.net/127323_1727156465174_683.ogg",
        "https://d2f8z173p7073l.cloudfront.net/1585068618092"
      ]
    },
    "question_43": {
      "question_number": 43,
      "correct_option": 3,
      "sds_id": "SDS0CAD",
      "subtopic": "Human Kidney: Location & Cut Section",
      "image_filename": "question_43.png",
      "captured": true,
      "explanation": [
        "https://d1iljb9ao69244.cloudfront.net/127343_1727157375439_693.ogg",
        "https://d2f8z173p7073l.cloudfront.net/1585069940723"
      ]
    },
    "question_44": {
      "question_number": 44,
      "correct_option": 1,
      "sds_id": "SDS0CAE",
      "subtopic": "Nephron Part 1",
      "image_filename": "question_44.png",
      "captured": true,
      "explanation": [
        "https://d1iljb9ao69244.cloudfront.net/420580_1708423904636_68.ogg"
      ]
    },
    "question_45": {
      "question_number": 45,
      "correct_option": 2,
      "sds_id": "SDS0CAF",
      "subtopic": "Nephron Part 1",
      "image_filename": "question_45.png",
      "captured": true,
      "explanation": [
        "https://d1iljb9ao69244.cloudfront.net/447188_1713287623178_11.ogg"
      ]
    },
    "question_46": {
      "question_number": 46,
      "correct_option": 3,
      "sds_id": "SDS0CB0",
      "subtopic": "Nephron Part 1",
      "image_filename": "question_46.png",
      "captured": true,
      "explanation": [
        "https://d1iljb9ao69244.cloudfront.net/429967_1710826510512_22.ogg"
      ]
    },
    "question_47": {
      "question_number": 47,
      "correct_option": 3,
      "sds_id": "SDS0CB1",
      "subtopic": "Nephron Part 1",
      "image_filename": "question_47.png",
      "captured": true,
      "explanation": [
        "https://d1iljb9ao69244.cloudfront.net/437245_1712310284297_18.ogg"
      ]
    },
    "question_48": {
      "question_number": 48,
      "correct_option": 4,
      "sds_id": "SDS0CB2",
      "subtopic": "Nephron Part 1",
      "image_filename": "question_48.png",
      "captured": true,
      "explanation": [
        "https://d1iljb9ao69244.cloudfront.net/420581_1709201652091_68.ogg"
      ]
    },
    "question_49": {
      "question_number": 49,
      "correct_option": 3,
      "sds_id": "SDS0CB3",
      "subtopic": "Nephron Part 2",
      "image_filename": "question_49.png",
      "captured": true,
      "explanation": [
        "https://d1iljb9ao69244.cloudfront.net/127342_1727157314487_692.ogg",
        "https://d2f8z173p7073l.cloudfront.net/1585068442194"
      ]
    },
    "question_50": {
      "question_number": 50,
      "correct_option": 3,
      "sds_id": "SDS0CB4",
      "subtopic": "Nephron Part 2",
      "image_filename": "question_50.png",
      "captured": true,
      "explanation": [
        "https://d1iljb9ao69244.cloudfront.net/385293_1697548914182_63.ogg"
      ]
    },
    "question_51": {
      "question_number": 51,
      "correct_option": 3,
      "sds_id": "SDS0CB5",
      "subtopic": "Nephron Part 2",
      "image_filename": "question_51.png",
      "captured": true,
      "explanation": [
        "https://d1iljb9ao69244.cloudfront.net/433515_1711527579780_45.ogg"
      ]
    },
    "question_52": {
      "question_number": 52,
      "correct_option": 1,
      "sds_id": "SDS0CB6",
      "subtopic": "Nephron Part 2",
      "image_filename": "question_52.png",
      "captured": true,
      "explanation": [
        "https://d1iljb9ao69244.cloudfront.net/446645_1713094720181_38.ogg"
      ]
    },
    "question_53": {
      "question_number": 53,
      "correct_option": 1,
      "sds_id": "SDS0CB7",
      "subtopic": "Nephron Part 2",
      "image_filename": "question_53.png",
      "captured": true,
      "explanation": [
        "https://d1iljb9ao69244.cloudfront.net/392584_1697798145201_9.ogg"
      ]
    },
    "question_54": {
      "question_number": 54,
      "correct_option": 2,
      "sds_id": "SDS0CB8",
      "subtopic": "Nephron Part 2",
      "image_filename": "question_54.png",
      "captured": true,
      "explanation": [
        "https://d1iljb9ao69244.cloudfront.net/127312_1727155739278_677.ogg",
        "https://d2f8z173p7073l.cloudfront.net/1585066956142"
      ]
    },
    "question_55": {
      "question_number": 55,
      "correct_option": 3,
      "sds_id": "SDS0CB9",
      "subtopic": "Nephron Part 2",
      "image_filename": "question_55.png",
      "captured": true,
      "explanation": [
        "https://d1iljb9ao69244.cloudfront.net/61546_1724409638203_70.ogg",
        "https://d2f8z173p7073l.cloudfront.net/1547953662778"
      ]
    },
    "question_56": {
      "question_number": 56,
      "correct_option": 2,
      "sds_id": "SDS0CBA",
      "subtopic": "Nephron Part 2",
      "image_filename": "question_56.png",
      "captured": true,
      "explanation": [
        "https://d1iljb9ao69244.cloudfront.net/412993_1706510780796_78.ogg"
      ]
    },
    "question_57": {
      "question_number": 57,
      "correct_option": 1,
      "sds_id": "SDS0CBB",
      "subtopic": "Nephron Part 2",
      "image_filename": "question_57.png",
      "captured": true,
      "explanation": [
        "https://d1iljb9ao69244.cloudfront.net/400028_1702459577859_92.ogg"
      ]
    },
    "question_58": {
      "question_number": 58,
      "correct_option": 3,
      "sds_id": "SDS0CBC",
      "subtopic": "Nephron Part 2",
      "image_filename": "question_58.png",
      "captured": true,
      "explanation": [
        "https://d1iljb9ao69244.cloudfront.net/127354_1727157876247_697.ogg",
        "https://d2f8z173p7073l.cloudfront.net/1585106050365"
      ]
    },
    "question_59": {
      "question_number": 59,
      "correct_option": 4,
      "sds_id": "SDS0CBD",
      "subtopic": "Nephron Part 2",
      "image_filename": "question_59.png",
      "captured": true,
      "explanation": [
        "https://d1iljb9ao69244.cloudfront.net/question_explanations_346334_1669341716759.ogg"
      ]
    },
    "question_60": {
      "question_number": 60,
      "correct_option": 1,
      "sds_id": "SDS0CBE",
      "subtopic": "Nephron Part 2",
      "image_filename": "question_60.png",
      "captured": true,
      "explanation": [
        "https://d1iljb9ao69244.cloudfront.net/400030_1702459593670_93.ogg"
      ]
    },
    "question_61": {
      "question_number": 61,
      "correct_option": 3,
      "sds_id": "SDS0CBF",
      "subtopic": "Nephron Part 2",
      "image_filename": "question_61.png",
      "captured": true,
      "explanation": [
        "https://d1iljb9ao69244.cloudfront.net/392593_1697798356489_15.ogg"
      ]
    },
    "question_62": {
      "question_number": 62,
      "correct_option": 3,
      "sds_id": "SDS0CC0",
      "subtopic": "Nephron Part 2",
      "image_filename": "question_62.png",
      "captured": true,
      "explanation": [
        "https://d1iljb9ao69244.cloudfront.net/433371_1711524648767_24.ogg"
      ]
    },
    "question_63": {
      "question_number": 63,
      "correct_option": 1,
      "sds_id": "SDS0CC1",
      "subtopic": "Nephron Part 2",
      "image_filename": "question_63.png",
      "captured": true,
      "explanation": [
        "https://d1iljb9ao69244.cloudfront.net/61530_1724409560438_64.ogg",
        "https://d2f8z173p7073l.cloudfront.net/1547952976987"
      ]
    },
    "question_64": {
      "question_number": 64,
      "correct_option": 1,
      "sds_id": "SDS0CC2",
      "subtopic": "Nephron Part 2",
      "image_filename": "question_64.png",
      "captured": true,
      "explanation": [
        "https://d1iljb9ao69244.cloudfront.net/131272_1727272486087_723.ogg",
        "https://d2f8z173p7073l.cloudfront.net/1586844082386"
      ]
    },
    "question_65": {
      "question_number": 65,
      "correct_option": 4,
      "sds_id": "SDS0CC3",
      "subtopic": "Nephron Part 2",
      "image_filename": "question_65.png",
      "captured": true,
      "explanation": [
        "https://d1iljb9ao69244.cloudfront.net/question_explanations_346335_1669300391959.ogg"
      ]
    },
    "question_66": {
      "question_number": 66,
      "correct_option": 3,
      "sds_id": "SDS0CC4",
      "subtopic": "Nephron Part 2",
      "image_filename": "question_66.png",
      "captured": true,
      "explanation": [
        "https://d1iljb9ao69244.cloudfront.net/question_explanations_334908_1651846099997.ogg"
      ]
    },
    "question_67": {
      "question_number": 67,
      "correct_option": 3,
      "sds_id": "SDS0CC5",
      "subtopic": "Nephron Part 2",
      "image_filename": "question_67.png",
      "captured": true,
      "explanation": [
        "https://d1iljb9ao69244.cloudfront.net/61550_1724409649973_71.ogg",
        "https://d2f8z173p7073l.cloudfront.net/1547953907077"
      ]
    },
    "question_68": {
      "question_number": 68,
      "correct_option": 1,
      "sds_id": "SDS0CC6",
      "subtopic": "Formation of Urine",
      "image_filename": "question_68.png",
      "captured": true,
      "explanation": [
        "https://d1iljb9ao69244.cloudfront.net/61602_1724415905464_81.ogg",
        "https://d2f8z173p7073l.cloudfront.net/1547957414639"
      ]
    },
    "question_69": {
      "question_number": 69,
      "correct_option": 1,
      "sds_id": "SDS0CC7",
      "subtopic": "Formation of Urine",
      "image_filename": "question_69.png",
      "captured": true,
      "explanation": [
        "https://d2f8z173p7073l.cloudfront.net/1547957674885"
      ]
    },
    "question_70": {
      "question_number": 70,
      "correct_option": 2,
      "sds_id": "SDS0CC8",
      "subtopic": "Formation of Urine",
      "image_filename": "question_70.png",
      "captured": true,
      "explanation": [
        "https://d1iljb9ao69244.cloudfront.net/127334_1727156860455_689.ogg",
        "https://d2f8z173p7073l.cloudfront.net/1585106410268"
      ]
    },
    "question_71": {
      "question_number": 71,
      "correct_option": 1,
      "sds_id": "SDS0CC9",
      "subtopic": "Formation of Urine",
      "image_filename": "question_71.png",
      "captured": true,
      "explanation": [
        "https://d1iljb9ao69244.cloudfront.net/61518_1724408390442_62.ogg",
        "https://d2f8z173p7073l.cloudfront.net/1547952159234"
      ]
    },
    "question_72": {
      "question_number": 72,
      "correct_option": 2,
      "sds_id": "SDS0CCA",
      "subtopic": "Formation of Urine",
      "image_filename": "question_72.png",
      "captured": true,
      "explanation": [
        "https://d1iljb9ao69244.cloudfront.net/412994_1706510796060_79.ogg"
      ]
    },
    "question_73": {
      "question_number": 73,
      "correct_option": 3,
      "sds_id": "SDS0CCB",
      "subtopic": "Formation of Urine",
      "image_filename": "question_73.png",
      "captured": true,
      "explanation": [
        "https://d1iljb9ao69244.cloudfront.net/412990_1706510730801_75.ogg"
      ]
    },
    "question_74": {
      "question_number": 74,
      "correct_option": 1,
      "sds_id": "SDS0CCC",
      "subtopic": "Formation of Urine",
      "image_filename": "question_74.png",
      "captured": true,
      "explanation": [
        "https://d1iljb9ao69244.cloudfront.net/412991_1706510747633_76.ogg"
      ]
    },
    "question_75": {
      "question_number": 75,
      "correct_option": 4,
      "sds_id": "SDS0CCD",
      "subtopic": "Formation of Urine",
      "image_filename": "question_75.png",
      "captured": true,
      "explanation": [
        "https://d1iljb9ao69244.cloudfront.net/385281_1695461281379_2.ogg"
      ]
    },
    "question_76": {
      "question_number": 76,
      "correct_option": 4,
      "sds_id": "SDS0CCE",
      "subtopic": "Formation of Urine",
      "image_filename": "question_76.png",
      "captured": true,
      "explanation": [
        "https://d1iljb9ao69244.cloudfront.net/385297_1695468084173_12.ogg"
      ]
    },
    "question_77": {
      "question_number": 77,
      "correct_option": 2,
      "sds_id": "SDS0CCF",
      "subtopic": "Formation of Urine",
      "image_filename": "question_77.png",
      "captured": true,
      "explanation": [
        "https://d1iljb9ao69244.cloudfront.net/385304_1695468388219_16.ogg"
      ]
    },
    "question_78": {
      "question_number": 78,
      "correct_option": 2,
      "sds_id": "SDS0CD0",
      "subtopic": "Formation of Urine",
      "image_filename": "question_78.png",
      "captured": true,
      "explanation": [
        "https://d1iljb9ao69244.cloudfront.net/385303_1695468332048_15.ogg"
      ]
    },
    "question_79": {
      "question_number": 79,
      "correct_option": 3,
      "sds_id": "SDS0CD1",
      "subtopic": "Formation of Urine",
      "image_filename": "question_79.png",
      "captured": true,
      "explanation": [
        "https://d1iljb9ao69244.cloudfront.net/385300_1695468206042_14.ogg"
      ]
    },
    "question_80": {
      "question_number": 80,
      "correct_option": 3,
      "sds_id": "SDS0CD2",
      "subtopic": "Formation of Urine",
      "image_filename": "question_80.png",
      "captured": true,
      "explanation": [
        "https://d1iljb9ao69244.cloudfront.net/385302_1697549364373_67.ogg"
      ]
    },
    "question_81": {
      "question_number": 81,
      "correct_option": 4,
      "sds_id": "SDS0CD3",
      "subtopic": "Formation of Urine",
      "image_filename": "question_81.png",
      "captured": true,
      "explanation": [
        "https://d1iljb9ao69244.cloudfront.net/323475_1644345421982_21.ogg"
      ]
    },
    "question_82": {
      "question_number": 82,
      "correct_option": 1,
      "sds_id": "SDS0CD4",
      "subtopic": "Autoregulation of GFR",
      "image_filename": "question_82.png",
      "captured": true,
      "explanation": [
        "https://d1iljb9ao69244.cloudfront.net/127337_1727156940299_690.ogg",
        "https://d2f8z173p7073l.cloudfront.net/1585070025464"
      ]
    },
    "question_83": {
      "question_number": 83,
      "correct_option": 1,
      "sds_id": "SDS0CD5",
      "subtopic": "Autoregulation of GFR",
      "image_filename": "question_83.png",
      "captured": true,
      "explanation": [
        "https://d1iljb9ao69244.cloudfront.net/127364_1727270617036_702.ogg",
        "https://d2f8z173p7073l.cloudfront.net/1585106234914"
      ]
    },
    "question_84": {
      "question_number": 84,
      "correct_option": 4,
      "sds_id": "SDS0CD6",
      "subtopic": "Autoregulation of GFR",
      "image_filename": "question_84.png",
      "captured": true,
      "explanation": [
        "https://d1iljb9ao69244.cloudfront.net/61519_1724408411548_63.ogg",
        "https://d2f8z173p7073l.cloudfront.net/1547952190127"
      ]
    },
    "question_85": {
      "question_number": 85,
      "correct_option": 3,
      "sds_id": "SDS0CD7",
      "subtopic": "Autoregulation of GFR",
      "image_filename": "question_85.png",
      "captured": true,
      "explanation": [
        "https://d1iljb9ao69244.cloudfront.net/61553_1724415807890_74.ogg",
        "https://d2f8z173p7073l.cloudfront.net/1547954073032"
      ]
    },
    "question_86": {
      "question_number": 86,
      "correct_option": 4,
      "sds_id": "SDS0CD8",
      "subtopic": "Autoregulation of GFR",
      "image_filename": "question_86.png",
      "captured": true,
      "explanation": [
        "https://d1iljb9ao69244.cloudfront.net/61552_1724409675162_73.ogg",
        "https://d2f8z173p7073l.cloudfront.net/1547954024992"
      ]
    },
    "question_87": {
      "question_number": 87,
      "correct_option": 1,
      "sds_id": "SDS0CD9",
      "subtopic": "Autoregulation of GFR",
      "image_filename": "question_87.png",
      "captured": true,
      "explanation": [
        "https://d1iljb9ao69244.cloudfront.net/400038_1702459654694_97.ogg"
      ]
    },
    "question_88": {
      "question_number": 88,
      "correct_option": 2,
      "sds_id": "SDS0CDA",
      "subtopic": "Autoregulation of GFR",
      "image_filename": "question_88.png",
      "captured": true,
      "explanation": [
        "https://d1iljb9ao69244.cloudfront.net/385285_1695461344880_3.ogg"
      ]
    },
    "question_89": {
      "question_number": 89,
      "correct_option": 3,
      "sds_id": "SDS0CDB",
      "subtopic": "Autoregulation of GFR",
      "image_filename": "question_89.png",
      "captured": true,
      "explanation": [
        "https://d1iljb9ao69244.cloudfront.net/63156_1725017707150_142.ogg",
        "https://d2f8z173p7073l.cloudfront.net/1549080453608"
      ]
    },
    "question_90": {
      "question_number": 90,
      "correct_option": 2,
      "sds_id": "SDS0CDC",
      "subtopic": "Autoregulation of GFR",
      "image_filename": "question_90.png",
      "captured": true,
      "explanation": [
        "https://d1iljb9ao69244.cloudfront.net/420649_1709209990965_7.ogg"
      ]
    },
    "question_91": {
      "question_number": 91,
      "correct_option": 3,
      "sds_id": "SDS0CDD",
      "subtopic": "Autoregulation of GFR",
      "image_filename": "question_91.png",
      "captured": true,
      "explanation": [
        "https://d1iljb9ao69244.cloudfront.net/61551_1724409662330_72.ogg",
        "https://d2f8z173p7073l.cloudfront.net/1547953964191"
      ]
    },
    "question_92": {
      "question_number": 92,
      "correct_option": 2,
      "sds_id": "SDS0CDE",
      "subtopic": "Autoregulation of GFR",
      "image_filename": "question_92.png",
      "captured": true,
      "explanation": [
        "https://d1iljb9ao69244.cloudfront.net/61638_1724415933478_84.ogg",
        "https://d2f8z173p7073l.cloudfront.net/1547958493083"
      ]
    },
    "question_93": {
      "question_number": 93,
      "correct_option": 2,
      "sds_id": "SDS0CDF",
      "subtopic": "Autoregulation of GFR",
      "image_filename": "question_93.png",
      "captured": true,
      "explanation": [
        "https://d1iljb9ao69244.cloudfront.net/400040_1702459669533_98.ogg"
      ]
    },
    "question_94": {
      "question_number": 94,
      "correct_option": 4,
      "sds_id": "SDS0CE0",
      "subtopic": "Autoregulation of GFR",
      "image_filename": "question_94.png",
      "captured": true,
      "explanation": [
        "https://d1iljb9ao69244.cloudfront.net/403235_1703759425186_97.ogg"
      ]
    },
    "question_95": {
      "question_number": 95,
      "correct_option": 3,
      "sds_id": "SDS0CE1",
      "subtopic": "Autoregulation of GFR",
      "image_filename": "question_95.png",
      "captured": true,
      "explanation": [
        "https://d1iljb9ao69244.cloudfront.net/385316_1695469017388_24.ogg"
      ]
    },
    "question_96": {
      "question_number": 96,
      "correct_option": 1,
      "sds_id": "SDS0CE2",
      "subtopic": "Autoregulation of GFR",
      "image_filename": "question_96.png",
      "captured": true,
      "explanation": [
        "https://d1iljb9ao69244.cloudfront.net/392594_1697798389168_16.ogg"
      ]
    },
    "question_97": {
      "question_number": 97,
      "correct_option": 1,
      "sds_id": "SDS0CE3",
      "subtopic": "Micturition Reflex",
      "image_filename": "question_97.png",
      "captured": true,
      "explanation": [
        "https://d1iljb9ao69244.cloudfront.net/127317_1727155864207_679.ogg",
        "https://d2f8z173p7073l.cloudfront.net/1585066799884"
      ]
    },
    "question_98": {
      "question_number": 98,
      "correct_option": 2,
      "sds_id": "SDS0CE4",
      "subtopic": "Micturition Reflex",
      "image_filename": "question_98.png",
      "captured": true,
      "explanation": [
        "https://d1iljb9ao69244.cloudfront.net/61590_1724415863302_78.ogg",
        "https://d2f8z173p7073l.cloudfront.net/1547956291083"
      ]
    },
    "question_99": {
      "question_number": 99,
      "correct_option": 2,
      "sds_id": "SDS0CE5",
      "subtopic": "Micturition Reflex",
      "image_filename": "question_99.png",
      "captured": true,
      "explanation": [
        "https://d1iljb9ao69244.cloudfront.net/400042_1702459683950_99.ogg"
      ]
    },
    "question_100": {
      "question_number": 100,
      "correct_option": 3,
      "sds_id": "SDS0CE6",
      "subtopic": "Micturition Reflex",
      "image_filename": "question_100.png",
      "captured": true,
      "explanation": [
        "https://d1iljb9ao69244.cloudfront.net/385318_1695469107568_25.ogg"
      ]
    },
    "question_101": {
      "question_number": 101,
      "correct_option": 3,
      "sds_id": "SDS0CE7",
      "subtopic": "Micturition Reflex",
      "image_filename": "question_101.png",
      "captured": true,
      "explanation": [
        "https://d1iljb9ao69244.cloudfront.net/425214_1709539264908_75.ogg"
      ]
    },
    "question_102": {
      "question_number": 102,
      "correct_option": 3,
      "sds_id": "SDS0CE8",
      "subtopic": "Micturition Reflex",
      "image_filename": "question_102.png",
      "captured": true,
      "explanation": [
        "https://d1iljb9ao69244.cloudfront.net/61652_1724851238339_85.ogg",
        "https://d2f8z173p7073l.cloudfront.net/1548041929001"
      ]
    },
    "question_103": {
      "question_number": 103,
      "correct_option": 1,
      "sds_id": "SDS0CE9",
      "subtopic": "CRF & Hemodialysis",
      "image_filename": "question_103.png",
      "captured": true,
      "explanation": [
        "https://d1iljb9ao69244.cloudfront.net/127327_1727156704051_686.ogg",
        "https://d2f8z173p7073l.cloudfront.net/1585066703228"
      ]
    },
    "question_104": {
      "question_number": 104,
      "correct_option": 4,
      "sds_id": "SDS0CEA",
      "subtopic": "CRF & Hemodialysis",
      "image_filename": "question_104.png",
      "captured": true,
      "explanation": [
        "https://d1iljb9ao69244.cloudfront.net/127359_1727157972715_699.ogg",
        "https://d2f8z173p7073l.cloudfront.net/1585106383527"
      ]
    },
    "question_105": {
      "question_number": 105,
      "correct_option": 4,
      "sds_id": "SDS0CEB",
      "subtopic": "CRF & Hemodialysis",
      "image_filename": "question_105.png",
      "captured": true,
      "explanation": [
        "https://d1iljb9ao69244.cloudfront.net/346337_1720237455543_28.ogg",
        "https://d1iljb9ao69244.cloudfront.net/question_explanations_346337_1669300540717.ogg"
      ]
    },
    "question_106": {
      "question_number": 106,
      "correct_option": 1,
      "sds_id": "SDS0CEC",
      "subtopic": "CRF & Hemodialysis",
      "image_filename": "question_106.png",
      "captured": true,
      "explanation": [
        "https://d1iljb9ao69244.cloudfront.net/420616_1708425345284_95.ogg"
      ]
    },
    "question_107": {
      "question_number": 107,
      "correct_option": 2,
      "sds_id": "SDS0CED",
      "subtopic": "CRF & Hemodialysis",
      "image_filename": "question_107.png",
      "captured": true,
      "explanation": [
        "https://d1iljb9ao69244.cloudfront.net/452724_1714306414899_9.ogg"
      ]
    },
    "question_108": {
      "question_number": 108,
      "correct_option": 2,
      "sds_id": "SDS0CEE",
      "subtopic": "Role of other Organs in Excretion",
      "image_filename": "question_108.png",
      "captured": true,
      "explanation": [
        "https://d1iljb9ao69244.cloudfront.net/127352_1727157668914_695.ogg",
        "https://d2f8z173p7073l.cloudfront.net/1585067521606"
      ]
    },
    "question_109": {
      "question_number": 109,
      "correct_option": 3,
      "sds_id": "SDS0CEF",
      "subtopic": "Role of other Organs in Excretion",
      "image_filename": "question_109.png",
      "captured": true,
      "explanation": [
        "https://d1iljb9ao69244.cloudfront.net/127366_1727271372925_704.ogg",
        "https://d2f8z173p7073l.cloudfront.net/1585066761296"
      ]
    },
    "question_110": {
      "question_number": 110,
      "correct_option": 4,
      "sds_id": "SDS0CF0",
      "subtopic": "Role of other Organs in Excretion",
      "image_filename": "question_110.png",
      "captured": true,
      "explanation": [
        "https://d1iljb9ao69244.cloudfront.net/385320_1697560292085_73.ogg"
      ]
    },
    "question_111": {
      "question_number": 111,
      "correct_option": 4,
      "sds_id": "SDS0CF1",
      "subtopic": "Role of other Organs in Excretion",
      "image_filename": "question_111.png",
      "captured": true,
      "explanation": [
        "https://d1iljb9ao69244.cloudfront.net/437247_1712310301249_19.ogg"
      ]
    },
    "question_112": {
      "question_number": 112,
      "correct_option": 1,
      "sds_id": "SDS0CF2",
      "subtopic": "Role of other Organs in Excretion",
      "image_filename": "question_112.png",
      "captured": true,
      "explanation": [
        "https://d1iljb9ao69244.cloudfront.net/447189_1713287635535_12.ogg"
      ]
    },
    "question_113": {
      "question_number": 113,
      "correct_option": 2,
      "sds_id": "SDS0CF3",
      "subtopic": "Disorders of Excretory System",
      "image_filename": "question_113.png",
      "captured": true,
      "explanation": [
        "https://d1iljb9ao69244.cloudfront.net/127355_1727157924414_698.ogg",
        "https://d2f8z173p7073l.cloudfront.net/1585065387538"
      ]
    },
    "question_114": {
      "question_number": 114,
      "correct_option": 2,
      "sds_id": "SDS0CF4",
      "subtopic": "Disorders of Excretory System",
      "image_filename": "question_114.png",
      "captured": true,
      "explanation": [
        "https://d1iljb9ao69244.cloudfront.net/127325_1727156525763_684.ogg",
        "https://d2f8z173p7073l.cloudfront.net/1585064512609"
      ]
    },
    "question_115": {
      "question_number": 115,
      "correct_option": 1,
      "sds_id": "SDS0CF5",
      "subtopic": "Disorders of Excretory System",
      "image_filename": "question_115.png",
      "captured": true,
      "explanation": [
        "https://d1iljb9ao69244.cloudfront.net/127353_1727157801796_696.ogg",
        "https://d2f8z173p7073l.cloudfront.net/1585106437177"
      ]
    },
    "question_116": {
      "question_number": 116,
      "correct_option": 1,
      "sds_id": "SDS0CF6",
      "subtopic": "Disorders of Excretory System",
      "image_filename": "question_116.png",
      "captured": true,
      "explanation": [
        "https://d1iljb9ao69244.cloudfront.net/412986_1720237486253_30.ogg"
      ]
    },
    "question_117": {
      "question_number": 117,
      "correct_option": 2,
      "sds_id": "SDS0CF7",
      "subtopic": "Disorders of Excretory System",
      "image_filename": "question_117.png",
      "captured": true,
      "explanation": [
        "https://d1iljb9ao69244.cloudfront.net/392587_1697798193492_11.ogg"
      ]
    },
    "question_118": {
      "question_number": 118,
      "correct_option": 1,
      "sds_id": "SDS0CF8",
      "subtopic": "Disorders of Excretory System",
      "image_filename": "question_118.png",
      "captured": true,
      "explanation": [
        "https://d1iljb9ao69244.cloudfront.net/127363_1727270569247_701.ogg",
        "https://d2f8z173p7073l.cloudfront.net/1585067471879"
      ]
    },
    "question_119": {
      "question_number": 119,
      "correct_option": 1,
      "sds_id": "SDS0CF9",
      "subtopic": "Concentration of Urine",
      "image_filename": "question_119.png",
      "captured": true,
      "explanation": [
        "https://d1iljb9ao69244.cloudfront.net/400034_1702459623757_95.ogg"
      ]
    },
    "question_120": {
      "question_number": 120,
      "correct_option": 3,
      "sds_id": "SDS0CFA",
      "subtopic": "Concentration of Urine",
      "image_filename": "question_120.png",
      "captured": true,
      "explanation": [
        "https://d1iljb9ao69244.cloudfront.net/385312_1695468857155_21.ogg"
      ]
    },
    "question_121": {
      "question_number": 121,
      "correct_option": 2,
      "sds_id": "SDS0CFB",
      "subtopic": "Concentration of Urine",
      "image_filename": "question_121.png",
      "captured": true,
      "explanation": [
        "https://d1iljb9ao69244.cloudfront.net/question_explanations_346336_1669210748844.ogg"
      ]
    },
    "question_122": {
      "question_number": 122,
      "correct_option": 4,
      "sds_id": "SDS0CFC",
      "subtopic": "Concentration of Urine",
      "image_filename": "question_122.png",
      "captured": true,
      "explanation": [
        "https://d1iljb9ao69244.cloudfront.net/61534_1724409604264_67.ogg",
        "https://d2f8z173p7073l.cloudfront.net/1547953150617"
      ]
    },
    "question_123": {
      "question_number": 123,
      "correct_option": 2,
      "sds_id": "SDS0CFD",
      "subtopic": "Concentration of Urine",
      "image_filename": "question_123.png",
      "captured": true,
      "explanation": [
        "https://d1iljb9ao69244.cloudfront.net/385313_1695468907794_22.ogg"
      ]
    },
    "question_124": {
      "question_number": 124,
      "correct_option": 3,
      "sds_id": "SDS0CFE",
      "subtopic": "Concentration of Urine",
      "image_filename": "question_124.png",
      "captured": true,
      "explanation": [
        "https://d1iljb9ao69244.cloudfront.net/127326_1727156581580_685.ogg",
        "https://d2f8z173p7073l.cloudfront.net/1585106270355"
      ]
    },
    "question_125": {
      "question_number": 125,
      "correct_option": 1,
      "sds_id": "SDS0CFF",
      "subtopic": "Concentration of Urine",
      "image_filename": "question_125.png",
      "captured": true,
      "explanation": [
        "https://d1iljb9ao69244.cloudfront.net/127322_1727156356031_682.ogg",
        "https://d2f8z173p7073l.cloudfront.net/1585066469405"
      ]
    }
  }
}