{
  "chapter_name": "6 Anatomy of Flowering Plants",
  "sets": {
    "Anatomy of Flowering Plants (77 MCQs)": {
      "name": "Anatomy of Flowering Plants (77 MCQs)",
      "path": "Anatomy of Flowering Plants (77 MCQs)/",
      "questions": {
        "question_1": {
          "question_number": 1,
          "correct_option": 4,
          "sds_id": "SDS0603",
          "subtopic": "Simple Tissue: Parenchyma",
          "image_filename": "question_1.png",
          "captured": true,
          "explanation": [
            "https://d1iljb9ao69244.cloudfront.net/420441_1708416766666_15.ogg"
          ]
        },
        "question_2": {
          "question_number": 2,
          "correct_option": 4,
          "sds_id": "SDS0604",
          "subtopic": "Simple Tissue: Parenchyma",
          "image_filename": "question_2.png",
          "captured": true,
          "explanation": [
            "https://d1iljb9ao69244.cloudfront.net/447142_1713251316073_7.ogg"
          ]
        },
        "question_3": {
          "question_number": 3,
          "correct_option": 2,
          "sds_id": "SDS0605",
          "subtopic": "Simple Tissue: Parenchyma",
          "image_filename": "question_3.png",
          "captured": true,
          "explanation": [
            "https://d1iljb9ao69244.cloudfront.net/449494_1713791677940_47.ogg"
          ]
        },
        "question_4": {
          "question_number": 4,
          "correct_option": 2,
          "sds_id": "SDS0606",
          "subtopic": "Simple Tissue: Chollenchyma & Sclerenchyma",
          "image_filename": "question_4.png",
          "captured": true,
          "explanation": [
            "https://d1iljb9ao69244.cloudfront.net/399762_1702451576824_32.ogg"
          ]
        },
        "question_5": {
          "question_number": 5,
          "correct_option": 2,
          "sds_id": "SDS0607",
          "subtopic": "Simple Tissue: Chollenchyma & Sclerenchyma",
          "image_filename": "question_5.png",
          "captured": true,
          "explanation": [
            "https://d1iljb9ao69244.cloudfront.net/410904_1705906461114_35.ogg",
            "https://d2f8z173p7073l.cloudfront.net/1705909479114"
          ]
        },
        "question_6": {
          "question_number": 6,
          "correct_option": 3,
          "sds_id": "SDS0608",
          "subtopic": "Simple Tissue: Chollenchyma & Sclerenchyma",
          "image_filename": "question_6.png",
          "captured": true,
          "explanation": [
            "https://d1iljb9ao69244.cloudfront.net/446677_1713081551972_8.ogg"
          ]
        },
        "question_7": {
          "question_number": 7,
          "correct_option": 3,
          "sds_id": "SDS0609",
          "subtopic": "Simple Tissue: Chollenchyma & Sclerenchyma",
          "image_filename": "question_7.png",
          "captured": true,
          "explanation": [
            "https://d1iljb9ao69244.cloudfront.net/461356_1719420001836_13.ogg"
          ]
        },
        "question_8": {
          "question_number": 8,
          "correct_option": 4,
          "sds_id": "SDS060A",
          "subtopic": "Complex Tissue: Xylem",
          "image_filename": "question_8.png",
          "captured": true,
          "explanation": [
            "https://d1iljb9ao69244.cloudfront.net/399763_1702453977509_33.ogg"
          ]
        },
        "question_9": {
          "question_number": 9,
          "correct_option": 4,
          "sds_id": "SDS060B",
          "subtopic": "Complex Tissue: Xylem",
          "image_filename": "question_9.png",
          "captured": true,
          "explanation": [
            "https://d1iljb9ao69244.cloudfront.net/420537_1709198957093_48.ogg"
          ]
        },
        "question_10": {
          "question_number": 10,
          "correct_option": 2,
          "sds_id": "SDS060C",
          "subtopic": "Complex Tissue: Xylem",
          "image_filename": "question_10.png",
          "captured": true,
          "explanation": [
            "https://d1iljb9ao69244.cloudfront.net/437206_1712302199816_39.ogg"
          ]
        },
        "question_11": {
          "question_number": 11,
          "correct_option": 1,
          "sds_id": "SDS060D",
          "subtopic": "Complex Tissue: Xylem",
          "image_filename": "question_11.png",
          "captured": true,
          "explanation": [
            "https://d1iljb9ao69244.cloudfront.net/375568_1689311799418_17.ogg"
          ]
        },
        "question_12": {
          "question_number": 12,
          "correct_option": 4,
          "sds_id": "SDS060E",
          "subtopic": "Complex Tissue: Xylem",
          "image_filename": "question_12.png",
          "captured": true,
          "explanation": [
            "https://d1iljb9ao69244.cloudfront.net/429640_1711173372275_39.ogg"
          ]
        },
        "question_13": {
          "question_number": 13,
          "correct_option": 4,
          "sds_id": "SDS060F",
          "subtopic": "Complex Tissue: Xylem",
          "image_filename": "question_13.png",
          "captured": true,
          "explanation": [
            "https://d1iljb9ao69244.cloudfront.net/453671_1714483156360_10.ogg"
          ]
        },
        "question_14": {
          "question_number": 14,
          "correct_option": 4,
          "sds_id": "SDS0610",
          "subtopic": "Complex Tissue: Xylem",
          "image_filename": "question_14.png",
          "captured": true,
          "explanation": [
            "https://dsbihjlymzdyy.cloudfront.net/question-assets/key__2024-07-17%2006%3A33%3A31%20%2B0000WhatsApp%20Ptt%202024-07-13%20at%205.17.08%20PM.ogg",
            "https://dsbihjlymzdyy.cloudfront.net/question-assets/key__2024-05-26%2004%3A42%3A22%20%2B0000WhatsApp%20Image%202024-05-25%20at%2018.06.41.jpeg"
          ]
        },
        "question_15": {
          "question_number": 15,
          "correct_option": 4,
          "sds_id": "SDS0611",
          "subtopic": "Complex Tissue: Xylem",
          "image_filename": "question_15.png",
          "captured": true,
          "explanation": [
            "https://d1iljb9ao69244.cloudfront.net/461953_1721288068070_8.ogg"
          ]
        },
        "question_16": {
          "question_number": 16,
          "correct_option": 1,
          "sds_id": "SDS0612",
          "subtopic": "Complex Tissue: Phloem",
          "image_filename": "question_16.png",
          "captured": true,
          "explanation": [
            "https://d1iljb9ao69244.cloudfront.net/399764_1702453993271_34.ogg"
          ]
        },
        "question_17": {
          "question_number": 17,
          "correct_option": 1,
          "sds_id": "SDS0613",
          "subtopic": "Complex Tissue: Phloem",
          "image_filename": "question_17.png",
          "captured": true,
          "explanation": [
            "https://d1iljb9ao69244.cloudfront.net/399771_1702455555760_41.ogg"
          ]
        },
        "question_18": {
          "question_number": 18,
          "correct_option": 4,
          "sds_id": "SDS0614",
          "subtopic": "Complex Tissue: Phloem",
          "image_filename": "question_18.png",
          "captured": true,
          "explanation": [
            "https://d1iljb9ao69244.cloudfront.net/425158_1709535654673_26.ogg"
          ]
        },
        "question_19": {
          "question_number": 19,
          "correct_option": 1,
          "sds_id": "SDS0615",
          "subtopic": "Complex Tissue: Phloem",
          "image_filename": "question_19.png",
          "captured": true,
          "explanation": [
            "https://d1iljb9ao69244.cloudfront.net/461952_1721288053941_7.ogg",
            "https://dsbihjlymzdyy.cloudfront.net/question-assets/key__2024-06-10%2008%3A45%3A19%20%2B0000image.png"
          ]
        },
        "question_20": {
          "question_number": 20,
          "correct_option": 3,
          "sds_id": "SDS0616",
          "subtopic": "Epidermal Tissue System",
          "image_filename": "question_20.png",
          "captured": true,
          "explanation": [
            "https://d1iljb9ao69244.cloudfront.net/121568_1726829831275_436.ogg",
            "https://d2f8z173p7073l.cloudfront.net/1580385481353"
          ]
        },
        "question_21": {
          "question_number": 21,
          "correct_option": 1,
          "sds_id": "SDS0617",
          "subtopic": "Epidermal Tissue System",
          "image_filename": "question_21.png",
          "captured": true,
          "explanation": [
            "https://d1iljb9ao69244.cloudfront.net/372330_1688456418179_2.ogg"
          ]
        },
        "question_22": {
          "question_number": 22,
          "correct_option": 4,
          "sds_id": "SDS0618",
          "subtopic": "Epidermal Tissue System",
          "image_filename": "question_22.png",
          "captured": true,
          "explanation": [
            "https://d1iljb9ao69244.cloudfront.net/372334_1719419815990_6.ogg",
            "https://d1iljb9ao69244.cloudfront.net/372334_1688456492172_6.ogg"
          ]
        },
        "question_23": {
          "question_number": 23,
          "correct_option": 4,
          "sds_id": "SDS0619",
          "subtopic": "Epidermal Tissue System",
          "image_filename": "question_23.png",
          "captured": true,
          "explanation": [
            "https://d1iljb9ao69244.cloudfront.net/121160_1726396054395_378.ogg",
            "https://d2f8z173p7073l.cloudfront.net/1580269611592",
            "https://dsbihjlymzdyy.cloudfront.net/bio_images/all/Diagrams%20in%20Svg%20form%2FAnatomy%20Of%20Flowering%20plants%2F121160.SVG.svg"
          ]
        },
        "question_24": {
          "question_number": 24,
          "correct_option": 4,
          "sds_id": "SDS061A",
          "subtopic": "Epidermal Tissue System",
          "image_filename": "question_24.png",
          "captured": true,
          "explanation": [
            "https://d1iljb9ao69244.cloudfront.net/399765_1702455230368_35.ogg"
          ]
        },
        "question_25": {
          "question_number": 25,
          "correct_option": 4,
          "sds_id": "SDS061B",
          "subtopic": "Epidermal Tissue System",
          "image_filename": "question_25.png",
          "captured": true,
          "explanation": [
            "https://d1iljb9ao69244.cloudfront.net/372335_1688456503637_7.ogg"
          ]
        },
        "question_26": {
          "question_number": 26,
          "correct_option": 2,
          "sds_id": "SDS061C",
          "subtopic": "Epidermal Tissue System",
          "image_filename": "question_26.png",
          "captured": true,
          "explanation": [
            "https://d1iljb9ao69244.cloudfront.net/450679_1714034998189_9.ogg"
          ]
        },
        "question_27": {
          "question_number": 27,
          "correct_option": 3,
          "sds_id": "SDS061D",
          "subtopic": "Vascular Tissue System",
          "image_filename": "question_27.png",
          "captured": true,
          "explanation": [
            "https://d1iljb9ao69244.cloudfront.net/121179_1726396636520_381.ogg",
            "https://d2f8z173p7073l.cloudfront.net/1580270422321"
          ]
        },
        "question_28": {
          "question_number": 28,
          "correct_option": 1,
          "sds_id": "SDS061E",
          "subtopic": "Vascular Tissue System",
          "image_filename": "question_28.png",
          "captured": true,
          "explanation": [
            "https://d1iljb9ao69244.cloudfront.net/121180_1726396784723_382.ogg",
            "https://d2f8z173p7073l.cloudfront.net/1580270458449"
          ]
        },
        "question_29": {
          "question_number": 29,
          "correct_option": 2,
          "sds_id": "SDS061F",
          "subtopic": "Vascular Tissue System",
          "image_filename": "question_29.png",
          "captured": true,
          "explanation": [
            "https://d1iljb9ao69244.cloudfront.net/375569_1689311817139_18.ogg"
          ]
        },
        "question_30": {
          "question_number": 30,
          "correct_option": 2,
          "sds_id": "SDS0620",
          "subtopic": "Vascular Tissue System",
          "image_filename": "question_30.png",
          "captured": true,
          "explanation": [
            "https://d1iljb9ao69244.cloudfront.net/410927_1705904309072_46.ogg",
            "https://d2f8z173p7073l.cloudfront.net/1705910610506"
          ]
        },
        "question_31": {
          "question_number": 31,
          "correct_option": 2,
          "sds_id": "SDS0621",
          "subtopic": "Vascular Tissue System",
          "image_filename": "question_31.png",
          "captured": true,
          "explanation": [
            "https://d1iljb9ao69244.cloudfront.net/121156_1726396010056_377.ogg",
            "https://d2f8z173p7073l.cloudfront.net/1580269327961",
            "https://dsbihjlymzdyy.cloudfront.net/bio_images/all/Diagrams%20in%20Svg%20form%2FAnatomy%20Of%20Flowering%20plants%2F121156.SVG%20.svg"
          ]
        },
        "question_32": {
          "question_number": 32,
          "correct_option": 1,
          "sds_id": "SDS0622",
          "subtopic": "Vascular Tissue System",
          "image_filename": "question_32.png",
          "captured": true,
          "explanation": [
            "https://d1iljb9ao69244.cloudfront.net/121182_1726396894927_384.ogg",
            "https://d2f8z173p7073l.cloudfront.net/1580270523376"
          ]
        },
        "question_33": {
          "question_number": 33,
          "correct_option": 3,
          "sds_id": "SDS0623",
          "subtopic": "Ground Tissue System",
          "image_filename": "question_33.png",
          "captured": true,
          "explanation": [
            "https://d1iljb9ao69244.cloudfront.net/372358_1688456743847_22.ogg"
          ]
        },
        "question_34": {
          "question_number": 34,
          "correct_option": 3,
          "sds_id": "SDS0624",
          "subtopic": "Anatomy of Root",
          "image_filename": "question_34.png",
          "captured": true,
          "explanation": [
            "https://d1iljb9ao69244.cloudfront.net/121154_1726395964336_376.ogg",
            "https://d2f8z173p7073l.cloudfront.net/1580269229084"
          ]
        },
        "question_35": {
          "question_number": 35,
          "correct_option": 3,
          "sds_id": "SDS0625",
          "subtopic": "Anatomy of Root",
          "image_filename": "question_35.png",
          "captured": true,
          "explanation": [
            "https://d1iljb9ao69244.cloudfront.net/121570_1726829905146_437.ogg",
            "https://d2f8z173p7073l.cloudfront.net/1580385562742"
          ]
        },
        "question_36": {
          "question_number": 36,
          "correct_option": 1,
          "sds_id": "SDS0626",
          "subtopic": "Anatomy of Root",
          "image_filename": "question_36.png",
          "captured": true,
          "explanation": [
            "https://d1iljb9ao69244.cloudfront.net/121186_1726397649995_386.ogg",
            "https://d2f8z173p7073l.cloudfront.net/1580270736393"
          ]
        },
        "question_37": {
          "question_number": 37,
          "correct_option": 3,
          "sds_id": "SDS0627",
          "subtopic": "Anatomy of Root",
          "image_filename": "question_37.png",
          "captured": true,
          "explanation": [
            "https://d1iljb9ao69244.cloudfront.net/399780_1702455691088_50.ogg"
          ]
        },
        "question_38": {
          "question_number": 38,
          "correct_option": 2,
          "sds_id": "SDS0628",
          "subtopic": "Anatomy of Root",
          "image_filename": "question_38.png",
          "captured": true,
          "explanation": [
            "https://d1iljb9ao69244.cloudfront.net/372349_1688456689643_18.ogg"
          ]
        },
        "question_39": {
          "question_number": 39,
          "correct_option": 3,
          "sds_id": "SDS0629",
          "subtopic": "Anatomy of Root",
          "image_filename": "question_39.png",
          "captured": true,
          "explanation": [
            "https://d1iljb9ao69244.cloudfront.net/449486_1713791078261_39.ogg"
          ]
        },
        "question_40": {
          "question_number": 40,
          "correct_option": 2,
          "sds_id": "SDS062A",
          "subtopic": "Anatomy of Root",
          "image_filename": "question_40.png",
          "captured": true,
          "explanation": [
            "https://d1iljb9ao69244.cloudfront.net/120755_1726390989486_333.ogg",
            "https://d2f8z173p7073l.cloudfront.net/1580137251278"
          ]
        },
        "question_41": {
          "question_number": 41,
          "correct_option": 4,
          "sds_id": "SDS062B",
          "subtopic": "Anatomy of Root",
          "image_filename": "question_41.png",
          "captured": true,
          "explanation": [
            "https://d1iljb9ao69244.cloudfront.net/121188_1726397696264_387.ogg",
            "https://d2f8z173p7073l.cloudfront.net/1580270827610"
          ]
        },
        "question_42": {
          "question_number": 42,
          "correct_option": 3,
          "sds_id": "SDS062C",
          "subtopic": "Anatomy of Root",
          "image_filename": "question_42.png",
          "captured": true,
          "explanation": [
            "https://d1iljb9ao69244.cloudfront.net/375587_1689312147922_36.ogg",
            "https://d2f8z173p7073l.cloudfront.net/1689155287138"
          ]
        },
        "question_43": {
          "question_number": 43,
          "correct_option": 2,
          "sds_id": "SDS062D",
          "subtopic": "Anatomy of Root",
          "image_filename": "question_43.png",
          "captured": true,
          "explanation": [
            "https://d1iljb9ao69244.cloudfront.net/420443_1708416784634_16.ogg"
          ]
        },
        "question_44": {
          "question_number": 44,
          "correct_option": 3,
          "sds_id": "SDS062E",
          "subtopic": "Anatomy of Root",
          "image_filename": "question_44.png",
          "captured": true,
          "explanation": [
            "https://d1iljb9ao69244.cloudfront.net/question_explanations_340858_1668534112471.ogg",
            "https://dsbihjlymzdyy.cloudfront.net/bio_images/all/Diagrams%20in%20Svg%20form%2FAnatomy%20Of%20Flowering%20plants%2F340858.svg.svg"
          ]
        },
        "question_45": {
          "question_number": 45,
          "correct_option": 1,
          "sds_id": "SDS062F",
          "subtopic": "Anatomy of Root",
          "image_filename": "question_45.png",
          "captured": true,
          "explanation": [
            "https://d1iljb9ao69244.cloudfront.net/372357_1688456731879_21.ogg"
          ]
        },
        "question_46": {
          "question_number": 46,
          "correct_option": 3,
          "sds_id": "SDS0630",
          "subtopic": "Dicot Stem",
          "image_filename": "question_46.png",
          "captured": true,
          "explanation": [
            "https://d1iljb9ao69244.cloudfront.net/121183_1726396938499_385.ogg",
            "https://d2f8z173p7073l.cloudfront.net/1580270568224"
          ]
        },
        "question_47": {
          "question_number": 47,
          "correct_option": 2,
          "sds_id": "SDS0631",
          "subtopic": "Dicot Stem",
          "image_filename": "question_47.png",
          "captured": true,
          "explanation": [
            "https://d1iljb9ao69244.cloudfront.net/121189_1726397749649_388.ogg",
            "https://d2f8z173p7073l.cloudfront.net/1580270863874"
          ]
        },
        "question_48": {
          "question_number": 48,
          "correct_option": 3,
          "sds_id": "SDS0632",
          "subtopic": "Dicot Stem",
          "image_filename": "question_48.png",
          "captured": true,
          "explanation": [
            "https://d1iljb9ao69244.cloudfront.net/121146_1726395616704_373.ogg",
            "https://d2f8z173p7073l.cloudfront.net/1580268695182"
          ]
        },
        "question_49": {
          "question_number": 49,
          "correct_option": 1,
          "sds_id": "SDS0633",
          "subtopic": "Dicot Stem",
          "image_filename": "question_49.png",
          "captured": true,
          "explanation": [
            "https://d1iljb9ao69244.cloudfront.net/121144_1726395306580_372.ogg",
            "https://d2f8z173p7073l.cloudfront.net/1580268617489"
          ]
        },
        "question_50": {
          "question_number": 50,
          "correct_option": 1,
          "sds_id": "SDS0634",
          "subtopic": "Dicot Stem",
          "image_filename": "question_50.png",
          "captured": true,
          "explanation": [
            "https://d1iljb9ao69244.cloudfront.net/question_explanations_336901_1654146094449.ogg"
          ]
        },
        "question_51": {
          "question_number": 51,
          "correct_option": 2,
          "sds_id": "SDS0635",
          "subtopic": "Dicot Stem",
          "image_filename": "question_51.png",
          "captured": true,
          "explanation": [
            "https://d1iljb9ao69244.cloudfront.net/121191_1726397837108_389.ogg",
            "https://d2f8z173p7073l.cloudfront.net/1580270950631"
          ]
        },
        "question_52": {
          "question_number": 52,
          "correct_option": 1,
          "sds_id": "SDS0636",
          "subtopic": "Dicot Stem",
          "image_filename": "question_52.png",
          "captured": true,
          "explanation": [
            "https://d1iljb9ao69244.cloudfront.net/372329_1688456387723_1.ogg"
          ]
        },
        "question_53": {
          "question_number": 53,
          "correct_option": 3,
          "sds_id": "SDS0637",
          "subtopic": "Dicot Stem",
          "image_filename": "question_53.png",
          "captured": true,
          "explanation": [
            "https://d1iljb9ao69244.cloudfront.net/372348_1688456678123_17.ogg"
          ]
        },
        "question_54": {
          "question_number": 54,
          "correct_option": 2,
          "sds_id": "SDS0638",
          "subtopic": "Dicot Stem",
          "image_filename": "question_54.png",
          "captured": true,
          "explanation": [
            "https://d1iljb9ao69244.cloudfront.net/question_explanations_340861_1668533940983.ogg",
            "https://dsbihjlymzdyy.cloudfront.net/bio_images/all/Diagrams%20in%20Svg%20form%2FAnatomy%20Of%20Flowering%20plants%2F340861.svg.svg"
          ]
        },
        "question_55": {
          "question_number": 55,
          "correct_option": 3,
          "sds_id": "SDS0639",
          "subtopic": "Monocot Stem",
          "image_filename": "question_55.png",
          "captured": true,
          "explanation": [
            "https://d1iljb9ao69244.cloudfront.net/452059_1714294868705_9.ogg"
          ]
        },
        "question_56": {
          "question_number": 56,
          "correct_option": 3,
          "sds_id": "SDS063A",
          "subtopic": "Monocot Stem",
          "image_filename": "question_56.png",
          "captured": true,
          "explanation": [
            "https://d1iljb9ao69244.cloudfront.net/question_explanations_334815_1651839851169.ogg"
          ]
        },
        "question_57": {
          "question_number": 57,
          "correct_option": 1,
          "sds_id": "SDS063B",
          "subtopic": "Monocot Stem",
          "image_filename": "question_57.png",
          "captured": true,
          "explanation": [
            "https://d1iljb9ao69244.cloudfront.net/121194_1726397891139_390.ogg",
            "https://d2f8z173p7073l.cloudfront.net/1580271051070"
          ]
        },
        "question_58": {
          "question_number": 58,
          "correct_option": 1,
          "sds_id": "SDS063C",
          "subtopic": "Dicot Leaf",
          "image_filename": "question_58.png",
          "captured": true,
          "explanation": [
            "https://d1iljb9ao69244.cloudfront.net/372332_1688456443860_4.ogg"
          ]
        },
        "question_59": {
          "question_number": 59,
          "correct_option": 2,
          "sds_id": "SDS063D",
          "subtopic": "Dicot Leaf",
          "image_filename": "question_59.png",
          "captured": true,
          "explanation": [
            "https://d1iljb9ao69244.cloudfront.net/372347_1688456663727_16.ogg"
          ]
        },
        "question_60": {
          "question_number": 60,
          "correct_option": 1,
          "sds_id": "SDS063E",
          "subtopic": "Monocot Leaf",
          "image_filename": "question_60.png",
          "captured": true,
          "explanation": [
            "https://d1iljb9ao69244.cloudfront.net/121152_1726395747160_375.ogg",
            "https://d2f8z173p7073l.cloudfront.net/1580269160188"
          ]
        },
        "question_61": {
          "question_number": 61,
          "correct_option": 1,
          "sds_id": "SDS063F",
          "subtopic": "Monocot Leaf",
          "image_filename": "question_61.png",
          "captured": true,
          "explanation": [
            "https://d1iljb9ao69244.cloudfront.net/340840_1720179367666_11.ogg",
            "https://d1iljb9ao69244.cloudfront.net/question_explanations_340840_1668575079077.ogg"
          ]
        },
        "question_62": {
          "question_number": 62,
          "correct_option": 1,
          "sds_id": "SDS0640",
          "subtopic": "Monocot Leaf",
          "image_filename": "question_62.png",
          "captured": true,
          "explanation": [
            "https://d1iljb9ao69244.cloudfront.net/410903_1705906447275_34.ogg",
            "https://d2f8z173p7073l.cloudfront.net/1705909131450"
          ]
        },
        "question_63": {
          "question_number": 63,
          "correct_option": 2,
          "sds_id": "SDS0641",
          "subtopic": "Monocot Leaf",
          "image_filename": "question_63.png",
          "captured": true,
          "explanation": [
            "https://d1iljb9ao69244.cloudfront.net/338256_1656777350785_27.ogg",
            "https://dsbihjlymzdyy.cloudfront.net/bio_images/svg%20images%20test%20id%20-%202676433/svg.%20338256.svg"
          ]
        },
        "question_64": {
          "question_number": 64,
          "correct_option": 4,
          "sds_id": "SDS0642",
          "subtopic": "Monocot Leaf",
          "image_filename": "question_64.png",
          "captured": true,
          "explanation": [
            "https://d1iljb9ao69244.cloudfront.net/question_explanations_340842_1668574882775.ogg"
          ]
        },
        "question_65": {
          "question_number": 65,
          "correct_option": 3,
          "sds_id": "SDS0643",
          "subtopic": "Monocot Leaf",
          "image_filename": "question_65.png",
          "captured": true,
          "explanation": [
            "https://d1iljb9ao69244.cloudfront.net/399770_1702455305566_40.ogg"
          ]
        },
        "question_66": {
          "question_number": 66,
          "correct_option": 3,
          "sds_id": "SDS0644",
          "subtopic": "Monocot Leaf",
          "image_filename": "question_66.png",
          "captured": true,
          "explanation": [
            "https://d1iljb9ao69244.cloudfront.net/375592_1719419985070_12.ogg",
            "https://d1iljb9ao69244.cloudfront.net/375592_1689312239595_41.ogg"
          ]
        },
        "question_67": {
          "question_number": 67,
          "correct_option": 1,
          "sds_id": "SDS0645",
          "subtopic": "Monocot Leaf",
          "image_filename": "question_67.png",
          "captured": true,
          "explanation": [
            "https://d1iljb9ao69244.cloudfront.net/410929_1705904323384_47.ogg"
          ]
        },
        "question_68": {
          "question_number": 68,
          "correct_option": 1,
          "sds_id": "SDS0646",
          "subtopic": "Activity of Cork Cambium",
          "image_filename": "question_68.png",
          "captured": true,
          "explanation": [
            "https://d1iljb9ao69244.cloudfront.net/120761_1726391044365_334.ogg",
            "https://d2f8z173p7073l.cloudfront.net/1580138899259"
          ]
        },
        "question_69": {
          "question_number": 69,
          "correct_option": 2,
          "sds_id": "SDS0647",
          "subtopic": "Meristematic Tissues",
          "image_filename": "question_69.png",
          "captured": true,
          "explanation": [
            "https://d1iljb9ao69244.cloudfront.net/438040_1712579550571_9.ogg"
          ]
        }
      }
    },
    "Anatomy of Flowering Plants (LEVEL 3 MCQs)": {
      "name": "Anatomy of Flowering Plants (LEVEL 3 MCQs)",
      "path": "Anatomy of Flowering Plants (LEVEL 3 MCQs)/",
      "questions": {
        "question_1": {
          "question_number": 1,
          "correct_option": 3,
          "sds_id": "SDS0648",
          "subtopic": "Simple Tissue: Chollenchyma & Sclerenchyma",
          "image_filename": "question_1.png",
          "captured": true,
          "explanation": [
            "https://d1iljb9ao69244.cloudfront.net/447679_1713344382185_11.ogg"
          ]
        },
        "question_2": {
          "question_number": 2,
          "correct_option": 2,
          "sds_id": "SDS0649",
          "subtopic": "Simple Tissue: Chollenchyma & Sclerenchyma",
          "image_filename": "question_2.png",
          "captured": true,
          "explanation": [
            "https://d1iljb9ao69244.cloudfront.net/448128_1713510644278_9.ogg"
          ]
        },
        "question_3": {
          "question_number": 3,
          "correct_option": 1,
          "sds_id": "SDS064A",
          "subtopic": "Simple Tissue: Chollenchyma & Sclerenchyma",
          "image_filename": "question_3.png",
          "captured": true,
          "explanation": [
            "https://d1iljb9ao69244.cloudfront.net/449309_1713785553874_9.ogg"
          ]
        },
        "question_4": {
          "question_number": 4,
          "correct_option": 2,
          "sds_id": "SDS064B",
          "subtopic": "Epidermal Tissue System",
          "image_filename": "question_4.png",
          "captured": true,
          "explanation": [
            "https://d1iljb9ao69244.cloudfront.net/375557_1689311527285_6.ogg"
          ]
        },
        "question_5": {
          "question_number": 5,
          "correct_option": 2,
          "sds_id": "SDS064C",
          "subtopic": "Epidermal Tissue System",
          "image_filename": "question_5.png",
          "captured": true,
          "explanation": [
            "https://d1iljb9ao69244.cloudfront.net/431594_1711172644054_18.ogg"
          ]
        },
        "question_6": {
          "question_number": 6,
          "correct_option": 4,
          "sds_id": "SDS064D",
          "subtopic": "Epidermal Tissue System",
          "image_filename": "question_6.png",
          "captured": true,
          "explanation": [
            "https://d1iljb9ao69244.cloudfront.net/442353_1712906044733_9.ogg"
          ]
        },
        "question_7": {
          "question_number": 7,
          "correct_option": 2,
          "sds_id": "SDS064E",
          "subtopic": "Epidermal Tissue System",
          "image_filename": "question_7.png",
          "captured": true,
          "explanation": [
            "https://d1iljb9ao69244.cloudfront.net/452061_1714294883361_10.ogg"
          ]
        },
        "question_8": {
          "question_number": 8,
          "correct_option": 1,
          "sds_id": "SDS064F",
          "subtopic": "Ground Tissue System",
          "image_filename": "question_8.png",
          "captured": true,
          "explanation": [
            "https://d2f8z173p7073l.cloudfront.net/1580269114849"
          ]
        },
        "question_9": {
          "question_number": 9,
          "correct_option": 1,
          "sds_id": "SDS0650",
          "subtopic": "Anatomy of Root",
          "image_filename": "question_9.png",
          "captured": true,
          "explanation": [
            "https://d1iljb9ao69244.cloudfront.net/399769_1702455289782_39.ogg"
          ]
        },
        "question_10": {
          "question_number": 10,
          "correct_option": 2,
          "sds_id": "SDS0651",
          "subtopic": "Anatomy of Root",
          "image_filename": "question_10.png",
          "captured": true,
          "explanation": [
            "https://d1iljb9ao69244.cloudfront.net/375576_1689311932133_25.ogg"
          ]
        },
        "question_11": {
          "question_number": 11,
          "correct_option": 2,
          "sds_id": "SDS0652",
          "subtopic": "Anatomy of Root",
          "image_filename": "question_11.png",
          "captured": true,
          "explanation": [
            "https://d1iljb9ao69244.cloudfront.net/442351_1712906029893_8.ogg"
          ]
        },
        "question_12": {
          "question_number": 12,
          "correct_option": 1,
          "sds_id": "SDS0653",
          "subtopic": "Anatomy of Root",
          "image_filename": "question_12.png",
          "captured": true,
          "explanation": [
            "https://d1iljb9ao69244.cloudfront.net/448129_1713510660126_10.ogg"
          ]
        },
        "question_13": {
          "question_number": 13,
          "correct_option": 1,
          "sds_id": "SDS0654",
          "subtopic": "Anatomy of Root",
          "image_filename": "question_13.png",
          "captured": true,
          "explanation": [
            "https://d1iljb9ao69244.cloudfront.net/453735_1714485098256_49.ogg"
          ]
        },
        "question_14": {
          "question_number": 14,
          "correct_option": 2,
          "sds_id": "SDS0655",
          "subtopic": "Dicot Stem",
          "image_filename": "question_14.png",
          "captured": true,
          "explanation": [
            "https://d1iljb9ao69244.cloudfront.net/375584_1689312099930_33.ogg"
          ]
        },
        "question_15": {
          "question_number": 15,
          "correct_option": 4,
          "sds_id": "SDS0656",
          "subtopic": "Monocot Stem",
          "image_filename": "question_15.png",
          "captured": true,
          "explanation": [
            "https://d1iljb9ao69244.cloudfront.net/338660_1657388672222_76.ogg"
          ]
        },
        "question_16": {
          "question_number": 16,
          "correct_option": 3,
          "sds_id": "SDS0657",
          "subtopic": "Monocot Stem",
          "image_filename": "question_16.png",
          "captured": true,
          "explanation": [
            "https://d1iljb9ao69244.cloudfront.net/315224_1641399696853_48.ogg"
          ]
        },
        "question_17": {
          "question_number": 17,
          "correct_option": 1,
          "sds_id": "SDS0658",
          "subtopic": "Monocot Stem",
          "image_filename": "question_17.png",
          "captured": true,
          "explanation": [
            "https://d1iljb9ao69244.cloudfront.net/429641_1711166858075_8.ogg"
          ]
        },
        "question_18": {
          "question_number": 18,
          "correct_option": 2,
          "sds_id": "SDS0659",
          "subtopic": "Monocot Stem",
          "image_filename": "question_18.png",
          "captured": true,
          "explanation": [
            "https://d1iljb9ao69244.cloudfront.net/437174_1712299766742_9.ogg"
          ]
        },
        "question_19": {
          "question_number": 19,
          "correct_option": 2,
          "sds_id": "SDS065A",
          "subtopic": "Monocot Stem",
          "image_filename": "question_19.png",
          "captured": true,
          "explanation": [
            "https://d1iljb9ao69244.cloudfront.net/439151_1712664263480_6.ogg"
          ]
        },
        "question_20": {
          "question_number": 20,
          "correct_option": 3,
          "sds_id": "SDS065B",
          "subtopic": "Dicot Leaf",
          "image_filename": "question_20.png",
          "captured": true,
          "explanation": [
            "https://d1iljb9ao69244.cloudfront.net/447680_1713344397625_12.ogg"
          ]
        },
        "question_21": {
          "question_number": 21,
          "correct_option": 4,
          "sds_id": "SDS065C",
          "subtopic": "Monocot Leaf",
          "image_filename": "question_21.png",
          "captured": true,
          "explanation": [
            "https://d1iljb9ao69244.cloudfront.net/420444_1708690377797_16.ogg"
          ]
        },
        "question_22": {
          "question_number": 22,
          "correct_option": 1,
          "sds_id": "SDS065D",
          "subtopic": "Monocot Leaf",
          "image_filename": "question_22.png",
          "captured": true,
          "explanation": [
            "https://d1iljb9ao69244.cloudfront.net/446678_1713081563758_9.ogg"
          ]
        },
        "question_23": {
          "question_number": 23,
          "correct_option": 3,
          "sds_id": "SDS065E",
          "subtopic": "Monocot Leaf",
          "image_filename": "question_23.png",
          "captured": true,
          "explanation": [
            "https://d1iljb9ao69244.cloudfront.net/449305_1713785517178_7.ogg"
          ]
        },
        "question_24": {
          "question_number": 24,
          "correct_option": 1,
          "sds_id": "SDS065F",
          "subtopic": "Monocot Leaf",
          "image_filename": "question_24.png",
          "captured": true,
          "explanation": [
            "https://d1iljb9ao69244.cloudfront.net/450681_1714037865382_10.ogg"
          ]
        },
        "question_25": {
          "question_number": 25,
          "correct_option": 3,
          "sds_id": "SDS0660",
          "subtopic": "Monocot Leaf",
          "image_filename": "question_25.png",
          "captured": true,
          "explanation": [
            "https://d1iljb9ao69244.cloudfront.net/200437_1712039985119_9.ogg",
            "https://d1iljb9ao69244.cloudfront.net/200437_1606731049386_91.ogg"
          ]
        }
      }
    },
    "Invictus": {
      "name": "Invictus",
      "path": "Invictus/",
      "questions": {
        "question_1": {
          "question_number": 1,
          "correct_option": 4,
          "sds_id": "SDS0661",
          "subtopic": "Complex Tissue: Xylem",
          "image_filename": "question_1.png",
          "captured": true,
          "explanation": [
            "https://d2f8z173p7073l.cloudfront.net/1580139214913"
          ]
        },
        "question_2": {
          "question_number": 2,
          "correct_option": 3,
          "sds_id": "SDS0662",
          "subtopic": "Complex Tissue: Xylem",
          "image_filename": "question_2.png",
          "captured": true,
          "explanation": [
            "https://d2f8z173p7073l.cloudfront.net/1581782230201",
            "https://d2f8z173p7073l.cloudfront.net/1663760832383"
          ]
        },
        "question_3": {
          "question_number": 3,
          "correct_option": 1,
          "sds_id": "SDS0663",
          "subtopic": "Complex Tissue: Xylem",
          "image_filename": "question_3.png",
          "captured": true,
          "explanation": [
            "https://d2f8z173p7073l.cloudfront.net/1581782488446"
          ]
        },
        "question_4": {
          "question_number": 4,
          "correct_option": 4,
          "sds_id": "SDS0664",
          "subtopic": "Complex Tissue: Xylem",
          "image_filename": "question_4.png",
          "captured": true,
          "explanation": [
            "https://d2f8z173p7073l.cloudfront.net/1581782697092"
          ]
        },
        "question_5": {
          "question_number": 5,
          "correct_option": 2,
          "sds_id": "SDS0665",
          "subtopic": "Complex Tissue: Xylem",
          "image_filename": "question_5.png",
          "captured": true,
          "explanation": [
            "https://d2f8z173p7073l.cloudfront.net/1591692353432"
          ]
        },
        "question_6": {
          "question_number": 6,
          "correct_option": 3,
          "sds_id": "SDS0666",
          "subtopic": "Complex Tissue: Xylem",
          "image_filename": "question_6.png",
          "captured": true,
          "explanation": [
            "https://d2f8z173p7073l.cloudfront.net/1581782086695"
          ]
        },
        "question_7": {
          "question_number": 7,
          "correct_option": 4,
          "sds_id": "SDS0667",
          "subtopic": "Complex Tissue: Phloem",
          "image_filename": "question_7.png",
          "captured": true,
          "explanation": [
            "https://d2f8z173p7073l.cloudfront.net/1581782611998",
            "https://d2f8z173p7073l.cloudfront.net/1663765710089"
          ]
        },
        "question_8": {
          "question_number": 8,
          "correct_option": 4,
          "sds_id": "SDS0668",
          "subtopic": "Vascular Tissue System",
          "image_filename": "question_8.png",
          "captured": true,
          "explanation": [
            "https://d2f8z173p7073l.cloudfront.net/1581782304898",
            "https://d2f8z173p7073l.cloudfront.net/1663912717184"
          ]
        },
        "question_9": {
          "question_number": 9,
          "correct_option": 1,
          "sds_id": "SDS0669",
          "subtopic": "Vascular Tissue System",
          "image_filename": "question_9.png",
          "captured": true,
          "explanation": [
            "https://d2f8z173p7073l.cloudfront.net/1581782766074"
          ]
        },
        "question_10": {
          "question_number": 10,
          "correct_option": 4,
          "sds_id": "SDS066A",
          "subtopic": "Vascular Tissue System",
          "image_filename": "question_10.png",
          "captured": true,
          "explanation": [
            "https://d2f8z173p7073l.cloudfront.net/1581782828957"
          ]
        },
        "question_11": {
          "question_number": 11,
          "correct_option": 2,
          "sds_id": "SDS066B",
          "subtopic": "Anatomy of Root",
          "image_filename": "question_11.png",
          "captured": true,
          "explanation": [
            "https://d2f8z173p7073l.cloudfront.net/1581782801288",
            "https://d2f8z173p7073l.cloudfront.net/1663763530156"
          ]
        },
        "question_12": {
          "question_number": 12,
          "correct_option": 3,
          "sds_id": "SDS066C",
          "subtopic": "Monocot Leaf",
          "image_filename": "question_12.png",
          "captured": true,
          "explanation": [
            "https://d2f8z173p7073l.cloudfront.net/1581782573799",
            "https://d2f8z173p7073l.cloudfront.net/1663761457979"
          ]
        },
        "question_13": {
          "question_number": 13,
          "correct_option": 4,
          "sds_id": "SDS066D",
          "subtopic": "Activity of Cork Cambium",
          "image_filename": "question_13.png",
          "captured": true,
          "explanation": [
            "https://d2f8z173p7073l.cloudfront.net/1591695354351"
          ]
        }
      }
    }
  },
  "type": "multi_set"
}