{
  "chapter_no": 4,
  "chapter_name": "Animal Kingdom",
  "section_name": "Level 2",
  "total_questions": 10,
  "questions": {
    "question_1": {
      "question_number": 1,
      "correct_option": 2,
      "sds_id": "SDS0545",
      "subtopic": "Phylum Aschelminthes",
      "image_filename": "question_1.png",
      "captured": true,
      "explanation": [
        "https://d2f8z173p7073l.cloudfront.net/1580016699008"
      ]
    },
    "question_2": {
      "question_number": 2,
      "correct_option": 1,
      "sds_id": "SDS0546",
      "subtopic": "Phylum Aschelminthes",
      "image_filename": "question_2.png",
      "captured": true,
      "explanation": [
        "https://d2f8z173p7073l.cloudfront.net/1596710103343"
      ]
    },
    "question_3": {
      "question_number": 3,
      "correct_option": 2,
      "sds_id": "SDS0547",
      "subtopic": "Phylum Arthropoda",
      "image_filename": "question_3.png",
      "captured": true,
      "explanation": [
        "https://d2f8z173p7073l.cloudfront.net/1596709774833"
      ]
    },
    "question_4": {
      "question_number": 4,
      "correct_option": 3,
      "sds_id": "SDS0548",
      "subtopic": "Phylum Mollusca",
      "image_filename": "question_4.png",
      "captured": true,
      "explanation": [
        "https://d2f8z173p7073l.cloudfront.net/1623655013309"
      ]
    },
    "question_5": {
      "question_number": 5,
      "correct_option": 2,
      "sds_id": "SDS0549",
      "subtopic": "Phylum Mollusca",
      "image_filename": "question_5.png",
      "captured": true,
      "explanation": [
        "https://d2f8z173p7073l.cloudfront.net/1580035728302"
      ]
    },
    "question_6": {
      "question_number": 6,
      "correct_option": 4,
      "sds_id": "SDS054A",
      "subtopic": "Phylum Echinodermata",
      "image_filename": "question_6.png",
      "captured": true,
      "explanation": [
        "https://d2f8z173p7073l.cloudfront.net/1596709803436"
      ]
    },
    "question_7": {
      "question_number": 7,
      "correct_option": 1,
      "sds_id": "SDS054B",
      "subtopic": "General Introduction: Vertebrates & Agnatha",
      "image_filename": "question_7.png",
      "captured": true,
      "explanation": [
        "https://d1iljb9ao69244.cloudfront.net/178241_1727336584122_760.ogg",
        "https://d2f8z173p7073l.cloudfront.net/1596710361762"
      ]
    },
    "question_8": {
      "question_number": 8,
      "correct_option": 2,
      "sds_id": "SDS054C",
      "subtopic": "Basis of Classification",
      "image_filename": "question_8.png",
      "captured": true,
      "explanation": [
        "https://d2f8z173p7073l.cloudfront.net/1580036076352"
      ]
    },
    "question_9": {
      "question_number": 9,
      "correct_option": 3,
      "sds_id": "SDS054D",
      "subtopic": "Basis of Classification",
      "image_filename": "question_9.png",
      "captured": true,
      "explanation": [
        "https://d2f8z173p7073l.cloudfront.net/1580036183807"
      ]
    },
    "question_10": {
      "question_number": 10,
      "correct_option": 3,
      "sds_id": "SDS054E",
      "subtopic": "Basis of Classification",
      "image_filename": "question_10.png",
      "captured": true,
      "explanation": [
        "https://d2f8z173p7073l.cloudfront.net/1580442417323"
      ]
    }
  }
}