{
  "chapter_name": "2 Human Reproduction",
  "sets": {
    "Human Reproduction (121 MCQs)": {
      "name": "Human Reproduction (121 MCQs)",
      "path": "Human Reproduction (121 MCQs)/",
      "questions": {
        "question_1": {
          "question_number": 1,
          "image_filename": "question_1.png",
          "correct_option": 1,
          "sds_id": "GEN_1"
        },
        "question_2": {
          "question_number": 2,
          "image_filename": "question_10.png",
          "correct_option": 1,
          "sds_id": "GEN_2"
        },
        "question_3": {
          "question_number": 3,
          "image_filename": "question_100.png",
          "correct_option": 1,
          "sds_id": "GEN_3"
        },
        "question_4": {
          "question_number": 4,
          "image_filename": "question_101.png",
          "correct_option": 1,
          "sds_id": "GEN_4"
        },
        "question_5": {
          "question_number": 5,
          "image_filename": "question_102.png",
          "correct_option": 1,
          "sds_id": "GEN_5"
        },
        "question_6": {
          "question_number": 6,
          "image_filename": "question_103.png",
          "correct_option": 1,
          "sds_id": "GEN_6"
        },
        "question_7": {
          "question_number": 7,
          "image_filename": "question_104.png",
          "correct_option": 1,
          "sds_id": "GEN_7"
        },
        "question_8": {
          "question_number": 8,
          "image_filename": "question_105.png",
          "correct_option": 1,
          "sds_id": "GEN_8"
        },
        "question_9": {
          "question_number": 9,
          "image_filename": "question_106.png",
          "correct_option": 1,
          "sds_id": "GEN_9"
        },
        "question_10": {
          "question_number": 10,
          "image_filename": "question_107.png",
          "correct_option": 1,
          "sds_id": "GEN_10"
        },
        "question_11": {
          "question_number": 11,
          "image_filename": "question_108.png",
          "correct_option": 1,
          "sds_id": "GEN_11"
        },
        "question_12": {
          "question_number": 12,
          "image_filename": "question_109.png",
          "correct_option": 1,
          "sds_id": "GEN_12"
        },
        "question_13": {
          "question_number": 13,
          "image_filename": "question_11.png",
          "correct_option": 1,
          "sds_id": "GEN_13"
        },
        "question_14": {
          "question_number": 14,
          "image_filename": "question_110.png",
          "correct_option": 1,
          "sds_id": "GEN_14"
        },
        "question_15": {
          "question_number": 15,
          "image_filename": "question_111.png",
          "correct_option": 1,
          "sds_id": "GEN_15"
        },
        "question_16": {
          "question_number": 16,
          "image_filename": "question_112.png",
          "correct_option": 1,
          "sds_id": "GEN_16"
        },
        "question_17": {
          "question_number": 17,
          "image_filename": "question_12.png",
          "correct_option": 1,
          "sds_id": "GEN_17"
        },
        "question_18": {
          "question_number": 18,
          "image_filename": "question_13.png",
          "correct_option": 1,
          "sds_id": "GEN_18"
        },
        "question_19": {
          "question_number": 19,
          "image_filename": "question_14.png",
          "correct_option": 1,
          "sds_id": "GEN_19"
        },
        "question_20": {
          "question_number": 20,
          "image_filename": "question_15.png",
          "correct_option": 1,
          "sds_id": "GEN_20"
        },
        "question_21": {
          "question_number": 21,
          "image_filename": "question_16.png",
          "correct_option": 1,
          "sds_id": "GEN_21"
        },
        "question_22": {
          "question_number": 22,
          "image_filename": "question_17.png",
          "correct_option": 1,
          "sds_id": "GEN_22"
        },
        "question_23": {
          "question_number": 23,
          "image_filename": "question_18.png",
          "correct_option": 1,
          "sds_id": "GEN_23"
        },
        "question_24": {
          "question_number": 24,
          "image_filename": "question_19.png",
          "correct_option": 1,
          "sds_id": "GEN_24"
        },
        "question_25": {
          "question_number": 25,
          "image_filename": "question_2.png",
          "correct_option": 1,
          "sds_id": "GEN_25"
        },
        "question_26": {
          "question_number": 26,
          "image_filename": "question_20.png",
          "correct_option": 1,
          "sds_id": "GEN_26"
        },
        "question_27": {
          "question_number": 27,
          "image_filename": "question_21.png",
          "correct_option": 1,
          "sds_id": "GEN_27"
        },
        "question_28": {
          "question_number": 28,
          "image_filename": "question_22.png",
          "correct_option": 1,
          "sds_id": "GEN_28"
        },
        "question_29": {
          "question_number": 29,
          "image_filename": "question_23.png",
          "correct_option": 1,
          "sds_id": "GEN_29"
        },
        "question_30": {
          "question_number": 30,
          "image_filename": "question_24.png",
          "correct_option": 1,
          "sds_id": "GEN_30"
        },
        "question_31": {
          "question_number": 31,
          "image_filename": "question_25.png",
          "correct_option": 1,
          "sds_id": "GEN_31"
        },
        "question_32": {
          "question_number": 32,
          "image_filename": "question_26.png",
          "correct_option": 1,
          "sds_id": "GEN_32"
        },
        "question_33": {
          "question_number": 33,
          "image_filename": "question_27.png",
          "correct_option": 1,
          "sds_id": "GEN_33"
        },
        "question_34": {
          "question_number": 34,
          "image_filename": "question_28.png",
          "correct_option": 1,
          "sds_id": "GEN_34"
        },
        "question_35": {
          "question_number": 35,
          "image_filename": "question_29.png",
          "correct_option": 1,
          "sds_id": "GEN_35"
        },
        "question_36": {
          "question_number": 36,
          "image_filename": "question_3.png",
          "correct_option": 1,
          "sds_id": "GEN_36"
        },
        "question_37": {
          "question_number": 37,
          "image_filename": "question_30.png",
          "correct_option": 1,
          "sds_id": "GEN_37"
        },
        "question_38": {
          "question_number": 38,
          "image_filename": "question_31.png",
          "correct_option": 1,
          "sds_id": "GEN_38"
        },
        "question_39": {
          "question_number": 39,
          "image_filename": "question_32.png",
          "correct_option": 1,
          "sds_id": "GEN_39"
        },
        "question_40": {
          "question_number": 40,
          "image_filename": "question_33.png",
          "correct_option": 1,
          "sds_id": "GEN_40"
        },
        "question_41": {
          "question_number": 41,
          "image_filename": "question_34.png",
          "correct_option": 1,
          "sds_id": "GEN_41"
        },
        "question_42": {
          "question_number": 42,
          "image_filename": "question_35.png",
          "correct_option": 1,
          "sds_id": "GEN_42"
        },
        "question_43": {
          "question_number": 43,
          "image_filename": "question_36.png",
          "correct_option": 1,
          "sds_id": "GEN_43"
        },
        "question_44": {
          "question_number": 44,
          "image_filename": "question_37.png",
          "correct_option": 1,
          "sds_id": "GEN_44"
        },
        "question_45": {
          "question_number": 45,
          "image_filename": "question_38.png",
          "correct_option": 1,
          "sds_id": "GEN_45"
        },
        "question_46": {
          "question_number": 46,
          "image_filename": "question_39.png",
          "correct_option": 1,
          "sds_id": "GEN_46"
        },
        "question_47": {
          "question_number": 47,
          "image_filename": "question_4.png",
          "correct_option": 1,
          "sds_id": "GEN_47"
        },
        "question_48": {
          "question_number": 48,
          "image_filename": "question_40.png",
          "correct_option": 1,
          "sds_id": "GEN_48"
        },
        "question_49": {
          "question_number": 49,
          "image_filename": "question_41.png",
          "correct_option": 1,
          "sds_id": "GEN_49"
        },
        "question_50": {
          "question_number": 50,
          "image_filename": "question_42.png",
          "correct_option": 1,
          "sds_id": "GEN_50"
        },
        "question_51": {
          "question_number": 51,
          "image_filename": "question_43.png",
          "correct_option": 1,
          "sds_id": "GEN_51"
        },
        "question_52": {
          "question_number": 52,
          "image_filename": "question_44.png",
          "correct_option": 1,
          "sds_id": "GEN_52"
        },
        "question_53": {
          "question_number": 53,
          "image_filename": "question_45.png",
          "correct_option": 1,
          "sds_id": "GEN_53"
        },
        "question_54": {
          "question_number": 54,
          "image_filename": "question_46.png",
          "correct_option": 1,
          "sds_id": "GEN_54"
        },
        "question_55": {
          "question_number": 55,
          "image_filename": "question_47.png",
          "correct_option": 1,
          "sds_id": "GEN_55"
        },
        "question_56": {
          "question_number": 56,
          "image_filename": "question_48.png",
          "correct_option": 1,
          "sds_id": "GEN_56"
        },
        "question_57": {
          "question_number": 57,
          "image_filename": "question_49.png",
          "correct_option": 1,
          "sds_id": "GEN_57"
        },
        "question_58": {
          "question_number": 58,
          "image_filename": "question_5.png",
          "correct_option": 1,
          "sds_id": "GEN_58"
        },
        "question_59": {
          "question_number": 59,
          "image_filename": "question_50.png",
          "correct_option": 1,
          "sds_id": "GEN_59"
        },
        "question_60": {
          "question_number": 60,
          "image_filename": "question_51.png",
          "correct_option": 1,
          "sds_id": "GEN_60"
        },
        "question_61": {
          "question_number": 61,
          "image_filename": "question_52.png",
          "correct_option": 1,
          "sds_id": "GEN_61"
        },
        "question_62": {
          "question_number": 62,
          "image_filename": "question_53.png",
          "correct_option": 1,
          "sds_id": "GEN_62"
        },
        "question_63": {
          "question_number": 63,
          "image_filename": "question_54.png",
          "correct_option": 1,
          "sds_id": "GEN_63"
        },
        "question_64": {
          "question_number": 64,
          "image_filename": "question_55.png",
          "correct_option": 1,
          "sds_id": "GEN_64"
        },
        "question_65": {
          "question_number": 65,
          "image_filename": "question_56.png",
          "correct_option": 1,
          "sds_id": "GEN_65"
        },
        "question_66": {
          "question_number": 66,
          "image_filename": "question_57.png",
          "correct_option": 1,
          "sds_id": "GEN_66"
        },
        "question_67": {
          "question_number": 67,
          "image_filename": "question_58.png",
          "correct_option": 1,
          "sds_id": "GEN_67"
        },
        "question_68": {
          "question_number": 68,
          "image_filename": "question_59.png",
          "correct_option": 1,
          "sds_id": "GEN_68"
        },
        "question_69": {
          "question_number": 69,
          "image_filename": "question_6.png",
          "correct_option": 1,
          "sds_id": "GEN_69"
        },
        "question_70": {
          "question_number": 70,
          "image_filename": "question_60.png",
          "correct_option": 1,
          "sds_id": "GEN_70"
        },
        "question_71": {
          "question_number": 71,
          "image_filename": "question_61.png",
          "correct_option": 1,
          "sds_id": "GEN_71"
        },
        "question_72": {
          "question_number": 72,
          "image_filename": "question_62.png",
          "correct_option": 1,
          "sds_id": "GEN_72"
        },
        "question_73": {
          "question_number": 73,
          "image_filename": "question_63.png",
          "correct_option": 1,
          "sds_id": "GEN_73"
        },
        "question_74": {
          "question_number": 74,
          "image_filename": "question_64.png",
          "correct_option": 1,
          "sds_id": "GEN_74"
        },
        "question_75": {
          "question_number": 75,
          "image_filename": "question_65.png",
          "correct_option": 1,
          "sds_id": "GEN_75"
        },
        "question_76": {
          "question_number": 76,
          "image_filename": "question_66.png",
          "correct_option": 1,
          "sds_id": "GEN_76"
        },
        "question_77": {
          "question_number": 77,
          "image_filename": "question_67.png",
          "correct_option": 1,
          "sds_id": "GEN_77"
        },
        "question_78": {
          "question_number": 78,
          "image_filename": "question_68.png",
          "correct_option": 1,
          "sds_id": "GEN_78"
        },
        "question_79": {
          "question_number": 79,
          "image_filename": "question_69.png",
          "correct_option": 1,
          "sds_id": "GEN_79"
        },
        "question_80": {
          "question_number": 80,
          "image_filename": "question_7.png",
          "correct_option": 1,
          "sds_id": "GEN_80"
        },
        "question_81": {
          "question_number": 81,
          "image_filename": "question_70.png",
          "correct_option": 1,
          "sds_id": "GEN_81"
        },
        "question_82": {
          "question_number": 82,
          "image_filename": "question_71.png",
          "correct_option": 1,
          "sds_id": "GEN_82"
        },
        "question_83": {
          "question_number": 83,
          "image_filename": "question_72.png",
          "correct_option": 1,
          "sds_id": "GEN_83"
        },
        "question_84": {
          "question_number": 84,
          "image_filename": "question_73.png",
          "correct_option": 1,
          "sds_id": "GEN_84"
        },
        "question_85": {
          "question_number": 85,
          "image_filename": "question_74.png",
          "correct_option": 1,
          "sds_id": "GEN_85"
        },
        "question_86": {
          "question_number": 86,
          "image_filename": "question_75.png",
          "correct_option": 1,
          "sds_id": "GEN_86"
        },
        "question_87": {
          "question_number": 87,
          "image_filename": "question_76.png",
          "correct_option": 1,
          "sds_id": "GEN_87"
        },
        "question_88": {
          "question_number": 88,
          "image_filename": "question_77.png",
          "correct_option": 1,
          "sds_id": "GEN_88"
        },
        "question_89": {
          "question_number": 89,
          "image_filename": "question_78.png",
          "correct_option": 1,
          "sds_id": "GEN_89"
        },
        "question_90": {
          "question_number": 90,
          "image_filename": "question_79.png",
          "correct_option": 1,
          "sds_id": "GEN_90"
        },
        "question_91": {
          "question_number": 91,
          "image_filename": "question_8.png",
          "correct_option": 1,
          "sds_id": "GEN_91"
        },
        "question_92": {
          "question_number": 92,
          "image_filename": "question_80.png",
          "correct_option": 1,
          "sds_id": "GEN_92"
        },
        "question_93": {
          "question_number": 93,
          "image_filename": "question_81.png",
          "correct_option": 1,
          "sds_id": "GEN_93"
        },
        "question_94": {
          "question_number": 94,
          "image_filename": "question_82.png",
          "correct_option": 1,
          "sds_id": "GEN_94"
        },
        "question_95": {
          "question_number": 95,
          "image_filename": "question_83.png",
          "correct_option": 1,
          "sds_id": "GEN_95"
        },
        "question_96": {
          "question_number": 96,
          "image_filename": "question_84.png",
          "correct_option": 1,
          "sds_id": "GEN_96"
        },
        "question_97": {
          "question_number": 97,
          "image_filename": "question_85.png",
          "correct_option": 1,
          "sds_id": "GEN_97"
        },
        "question_98": {
          "question_number": 98,
          "image_filename": "question_86.png",
          "correct_option": 1,
          "sds_id": "GEN_98"
        },
        "question_99": {
          "question_number": 99,
          "image_filename": "question_87.png",
          "correct_option": 1,
          "sds_id": "GEN_99"
        },
        "question_100": {
          "question_number": 100,
          "image_filename": "question_88.png",
          "correct_option": 1,
          "sds_id": "GEN_100"
        },
        "question_101": {
          "question_number": 101,
          "image_filename": "question_89.png",
          "correct_option": 1,
          "sds_id": "GEN_101"
        },
        "question_102": {
          "question_number": 102,
          "image_filename": "question_9.png",
          "correct_option": 1,
          "sds_id": "GEN_102"
        },
        "question_103": {
          "question_number": 103,
          "image_filename": "question_90.png",
          "correct_option": 1,
          "sds_id": "GEN_103"
        },
        "question_104": {
          "question_number": 104,
          "image_filename": "question_91.png",
          "correct_option": 1,
          "sds_id": "GEN_104"
        },
        "question_105": {
          "question_number": 105,
          "image_filename": "question_92.png",
          "correct_option": 1,
          "sds_id": "GEN_105"
        },
        "question_106": {
          "question_number": 106,
          "image_filename": "question_93.png",
          "correct_option": 1,
          "sds_id": "GEN_106"
        },
        "question_107": {
          "question_number": 107,
          "image_filename": "question_94.png",
          "correct_option": 1,
          "sds_id": "GEN_107"
        },
        "question_108": {
          "question_number": 108,
          "image_filename": "question_95.png",
          "correct_option": 1,
          "sds_id": "GEN_108"
        },
        "question_109": {
          "question_number": 109,
          "image_filename": "question_96.png",
          "correct_option": 1,
          "sds_id": "GEN_109"
        },
        "question_110": {
          "question_number": 110,
          "image_filename": "question_97.png",
          "correct_option": 1,
          "sds_id": "GEN_110"
        },
        "question_111": {
          "question_number": 111,
          "image_filename": "question_98.png",
          "correct_option": 1,
          "sds_id": "GEN_111"
        },
        "question_112": {
          "question_number": 112,
          "image_filename": "question_99.png",
          "correct_option": 1,
          "sds_id": "GEN_112"
        }
      }
    },
    "Human Reproduction (LEVEL 3 MCQs)": {
      "name": "Human Reproduction (LEVEL 3 MCQs)",
      "path": "Human Reproduction (LEVEL 3 MCQs)/",
      "questions": {
        "question_1": {
          "question_number": 1,
          "image_filename": "question_1.png",
          "correct_option": 1,
          "sds_id": "GEN_1"
        },
        "question_2": {
          "question_number": 2,
          "image_filename": "question_10.png",
          "correct_option": 1,
          "sds_id": "GEN_2"
        },
        "question_3": {
          "question_number": 3,
          "image_filename": "question_11.png",
          "correct_option": 1,
          "sds_id": "GEN_3"
        },
        "question_4": {
          "question_number": 4,
          "image_filename": "question_12.png",
          "correct_option": 1,
          "sds_id": "GEN_4"
        },
        "question_5": {
          "question_number": 5,
          "image_filename": "question_13.png",
          "correct_option": 1,
          "sds_id": "GEN_5"
        },
        "question_6": {
          "question_number": 6,
          "image_filename": "question_14.png",
          "correct_option": 1,
          "sds_id": "GEN_6"
        },
        "question_7": {
          "question_number": 7,
          "image_filename": "question_15.png",
          "correct_option": 1,
          "sds_id": "GEN_7"
        },
        "question_8": {
          "question_number": 8,
          "image_filename": "question_16.png",
          "correct_option": 1,
          "sds_id": "GEN_8"
        },
        "question_9": {
          "question_number": 9,
          "image_filename": "question_17.png",
          "correct_option": 1,
          "sds_id": "GEN_9"
        },
        "question_10": {
          "question_number": 10,
          "image_filename": "question_18.png",
          "correct_option": 1,
          "sds_id": "GEN_10"
        },
        "question_11": {
          "question_number": 11,
          "image_filename": "question_19.png",
          "correct_option": 1,
          "sds_id": "GEN_11"
        },
        "question_12": {
          "question_number": 12,
          "image_filename": "question_2.png",
          "correct_option": 1,
          "sds_id": "GEN_12"
        },
        "question_13": {
          "question_number": 13,
          "image_filename": "question_20.png",
          "correct_option": 1,
          "sds_id": "GEN_13"
        },
        "question_14": {
          "question_number": 14,
          "image_filename": "question_21.png",
          "correct_option": 1,
          "sds_id": "GEN_14"
        },
        "question_15": {
          "question_number": 15,
          "image_filename": "question_22.png",
          "correct_option": 1,
          "sds_id": "GEN_15"
        },
        "question_16": {
          "question_number": 16,
          "image_filename": "question_23.png",
          "correct_option": 1,
          "sds_id": "GEN_16"
        },
        "question_17": {
          "question_number": 17,
          "image_filename": "question_24.png",
          "correct_option": 1,
          "sds_id": "GEN_17"
        },
        "question_18": {
          "question_number": 18,
          "image_filename": "question_25.png",
          "correct_option": 1,
          "sds_id": "GEN_18"
        },
        "question_19": {
          "question_number": 19,
          "image_filename": "question_26.png",
          "correct_option": 1,
          "sds_id": "GEN_19"
        },
        "question_20": {
          "question_number": 20,
          "image_filename": "question_27.png",
          "correct_option": 1,
          "sds_id": "GEN_20"
        },
        "question_21": {
          "question_number": 21,
          "image_filename": "question_28.png",
          "correct_option": 1,
          "sds_id": "GEN_21"
        },
        "question_22": {
          "question_number": 22,
          "image_filename": "question_29.png",
          "correct_option": 1,
          "sds_id": "GEN_22"
        },
        "question_23": {
          "question_number": 23,
          "image_filename": "question_3.png",
          "correct_option": 1,
          "sds_id": "GEN_23"
        },
        "question_24": {
          "question_number": 24,
          "image_filename": "question_4.png",
          "correct_option": 1,
          "sds_id": "GEN_24"
        },
        "question_25": {
          "question_number": 25,
          "image_filename": "question_5.png",
          "correct_option": 1,
          "sds_id": "GEN_25"
        },
        "question_26": {
          "question_number": 26,
          "image_filename": "question_6.png",
          "correct_option": 1,
          "sds_id": "GEN_26"
        },
        "question_27": {
          "question_number": 27,
          "image_filename": "question_7.png",
          "correct_option": 1,
          "sds_id": "GEN_27"
        },
        "question_28": {
          "question_number": 28,
          "image_filename": "question_8.png",
          "correct_option": 1,
          "sds_id": "GEN_28"
        },
        "question_29": {
          "question_number": 29,
          "image_filename": "question_9.png",
          "correct_option": 1,
          "sds_id": "GEN_29"
        }
      }
    },
    "Invictus": {
      "name": "Invictus",
      "path": "Invictus/",
      "questions": {
        "question_1": {
          "question_number": 1,
          "image_filename": "question_1.png",
          "correct_option": 1,
          "sds_id": "GEN_1"
        },
        "question_2": {
          "question_number": 2,
          "image_filename": "question_10.png",
          "correct_option": 1,
          "sds_id": "GEN_2"
        },
        "question_3": {
          "question_number": 3,
          "image_filename": "question_11.png",
          "correct_option": 1,
          "sds_id": "GEN_3"
        },
        "question_4": {
          "question_number": 4,
          "image_filename": "question_12.png",
          "correct_option": 1,
          "sds_id": "GEN_4"
        },
        "question_5": {
          "question_number": 5,
          "image_filename": "question_13.png",
          "correct_option": 1,
          "sds_id": "GEN_5"
        },
        "question_6": {
          "question_number": 6,
          "image_filename": "question_14.png",
          "correct_option": 1,
          "sds_id": "GEN_6"
        },
        "question_7": {
          "question_number": 7,
          "image_filename": "question_15.png",
          "correct_option": 1,
          "sds_id": "GEN_7"
        },
        "question_8": {
          "question_number": 8,
          "image_filename": "question_16.png",
          "correct_option": 1,
          "sds_id": "GEN_8"
        },
        "question_9": {
          "question_number": 9,
          "image_filename": "question_17.png",
          "correct_option": 1,
          "sds_id": "GEN_9"
        },
        "question_10": {
          "question_number": 10,
          "image_filename": "question_18.png",
          "correct_option": 1,
          "sds_id": "GEN_10"
        },
        "question_11": {
          "question_number": 11,
          "image_filename": "question_19.png",
          "correct_option": 1,
          "sds_id": "GEN_11"
        },
        "question_12": {
          "question_number": 12,
          "image_filename": "question_2.png",
          "correct_option": 1,
          "sds_id": "GEN_12"
        },
        "question_13": {
          "question_number": 13,
          "image_filename": "question_20.png",
          "correct_option": 1,
          "sds_id": "GEN_13"
        },
        "question_14": {
          "question_number": 14,
          "image_filename": "question_21.png",
          "correct_option": 1,
          "sds_id": "GEN_14"
        },
        "question_15": {
          "question_number": 15,
          "image_filename": "question_22.png",
          "correct_option": 1,
          "sds_id": "GEN_15"
        },
        "question_16": {
          "question_number": 16,
          "image_filename": "question_23.png",
          "correct_option": 1,
          "sds_id": "GEN_16"
        },
        "question_17": {
          "question_number": 17,
          "image_filename": "question_24.png",
          "correct_option": 1,
          "sds_id": "GEN_17"
        },
        "question_18": {
          "question_number": 18,
          "image_filename": "question_25.png",
          "correct_option": 1,
          "sds_id": "GEN_18"
        },
        "question_19": {
          "question_number": 19,
          "image_filename": "question_26.png",
          "correct_option": 1,
          "sds_id": "GEN_19"
        },
        "question_20": {
          "question_number": 20,
          "image_filename": "question_27.png",
          "correct_option": 1,
          "sds_id": "GEN_20"
        },
        "question_21": {
          "question_number": 21,
          "image_filename": "question_28.png",
          "correct_option": 1,
          "sds_id": "GEN_21"
        },
        "question_22": {
          "question_number": 22,
          "image_filename": "question_29.png",
          "correct_option": 1,
          "sds_id": "GEN_22"
        },
        "question_23": {
          "question_number": 23,
          "image_filename": "question_3.png",
          "correct_option": 1,
          "sds_id": "GEN_23"
        },
        "question_24": {
          "question_number": 24,
          "image_filename": "question_30.png",
          "correct_option": 1,
          "sds_id": "GEN_24"
        },
        "question_25": {
          "question_number": 25,
          "image_filename": "question_31.png",
          "correct_option": 1,
          "sds_id": "GEN_25"
        },
        "question_26": {
          "question_number": 26,
          "image_filename": "question_32.png",
          "correct_option": 1,
          "sds_id": "GEN_26"
        },
        "question_27": {
          "question_number": 27,
          "image_filename": "question_33.png",
          "correct_option": 1,
          "sds_id": "GEN_27"
        },
        "question_28": {
          "question_number": 28,
          "image_filename": "question_34.png",
          "correct_option": 1,
          "sds_id": "GEN_28"
        },
        "question_29": {
          "question_number": 29,
          "image_filename": "question_35.png",
          "correct_option": 1,
          "sds_id": "GEN_29"
        },
        "question_30": {
          "question_number": 30,
          "image_filename": "question_36.png",
          "correct_option": 1,
          "sds_id": "GEN_30"
        },
        "question_31": {
          "question_number": 31,
          "image_filename": "question_37.png",
          "correct_option": 1,
          "sds_id": "GEN_31"
        },
        "question_32": {
          "question_number": 32,
          "image_filename": "question_38.png",
          "correct_option": 1,
          "sds_id": "GEN_32"
        },
        "question_33": {
          "question_number": 33,
          "image_filename": "question_39.png",
          "correct_option": 1,
          "sds_id": "GEN_33"
        },
        "question_34": {
          "question_number": 34,
          "image_filename": "question_4.png",
          "correct_option": 1,
          "sds_id": "GEN_34"
        },
        "question_35": {
          "question_number": 35,
          "image_filename": "question_40.png",
          "correct_option": 1,
          "sds_id": "GEN_35"
        },
        "question_36": {
          "question_number": 36,
          "image_filename": "question_41.png",
          "correct_option": 1,
          "sds_id": "GEN_36"
        },
        "question_37": {
          "question_number": 37,
          "image_filename": "question_42.png",
          "correct_option": 1,
          "sds_id": "GEN_37"
        },
        "question_38": {
          "question_number": 38,
          "image_filename": "question_43.png",
          "correct_option": 1,
          "sds_id": "GEN_38"
        },
        "question_39": {
          "question_number": 39,
          "image_filename": "question_44.png",
          "correct_option": 1,
          "sds_id": "GEN_39"
        },
        "question_40": {
          "question_number": 40,
          "image_filename": "question_45.png",
          "correct_option": 1,
          "sds_id": "GEN_40"
        },
        "question_41": {
          "question_number": 41,
          "image_filename": "question_46.png",
          "correct_option": 1,
          "sds_id": "GEN_41"
        },
        "question_42": {
          "question_number": 42,
          "image_filename": "question_47.png",
          "correct_option": 1,
          "sds_id": "GEN_42"
        },
        "question_43": {
          "question_number": 43,
          "image_filename": "question_48.png",
          "correct_option": 1,
          "sds_id": "GEN_43"
        },
        "question_44": {
          "question_number": 44,
          "image_filename": "question_49.png",
          "correct_option": 1,
          "sds_id": "GEN_44"
        },
        "question_45": {
          "question_number": 45,
          "image_filename": "question_5.png",
          "correct_option": 1,
          "sds_id": "GEN_45"
        },
        "question_46": {
          "question_number": 46,
          "image_filename": "question_50.png",
          "correct_option": 1,
          "sds_id": "GEN_46"
        },
        "question_47": {
          "question_number": 47,
          "image_filename": "question_51.png",
          "correct_option": 1,
          "sds_id": "GEN_47"
        },
        "question_48": {
          "question_number": 48,
          "image_filename": "question_52.png",
          "correct_option": 1,
          "sds_id": "GEN_48"
        },
        "question_49": {
          "question_number": 49,
          "image_filename": "question_53.png",
          "correct_option": 1,
          "sds_id": "GEN_49"
        },
        "question_50": {
          "question_number": 50,
          "image_filename": "question_54.png",
          "correct_option": 1,
          "sds_id": "GEN_50"
        },
        "question_51": {
          "question_number": 51,
          "image_filename": "question_55.png",
          "correct_option": 1,
          "sds_id": "GEN_51"
        },
        "question_52": {
          "question_number": 52,
          "image_filename": "question_56.png",
          "correct_option": 1,
          "sds_id": "GEN_52"
        },
        "question_53": {
          "question_number": 53,
          "image_filename": "question_57.png",
          "correct_option": 1,
          "sds_id": "GEN_53"
        },
        "question_54": {
          "question_number": 54,
          "image_filename": "question_58.png",
          "correct_option": 1,
          "sds_id": "GEN_54"
        },
        "question_55": {
          "question_number": 55,
          "image_filename": "question_59.png",
          "correct_option": 1,
          "sds_id": "GEN_55"
        },
        "question_56": {
          "question_number": 56,
          "image_filename": "question_6.png",
          "correct_option": 1,
          "sds_id": "GEN_56"
        },
        "question_57": {
          "question_number": 57,
          "image_filename": "question_60.png",
          "correct_option": 1,
          "sds_id": "GEN_57"
        },
        "question_58": {
          "question_number": 58,
          "image_filename": "question_61.png",
          "correct_option": 1,
          "sds_id": "GEN_58"
        },
        "question_59": {
          "question_number": 59,
          "image_filename": "question_62.png",
          "correct_option": 1,
          "sds_id": "GEN_59"
        },
        "question_60": {
          "question_number": 60,
          "image_filename": "question_63.png",
          "correct_option": 1,
          "sds_id": "GEN_60"
        },
        "question_61": {
          "question_number": 61,
          "image_filename": "question_64.png",
          "correct_option": 1,
          "sds_id": "GEN_61"
        },
        "question_62": {
          "question_number": 62,
          "image_filename": "question_65.png",
          "correct_option": 1,
          "sds_id": "GEN_62"
        },
        "question_63": {
          "question_number": 63,
          "image_filename": "question_66.png",
          "correct_option": 1,
          "sds_id": "GEN_63"
        },
        "question_64": {
          "question_number": 64,
          "image_filename": "question_67.png",
          "correct_option": 1,
          "sds_id": "GEN_64"
        },
        "question_65": {
          "question_number": 65,
          "image_filename": "question_68.png",
          "correct_option": 1,
          "sds_id": "GEN_65"
        },
        "question_66": {
          "question_number": 66,
          "image_filename": "question_69.png",
          "correct_option": 1,
          "sds_id": "GEN_66"
        },
        "question_67": {
          "question_number": 67,
          "image_filename": "question_7.png",
          "correct_option": 1,
          "sds_id": "GEN_67"
        },
        "question_68": {
          "question_number": 68,
          "image_filename": "question_70.png",
          "correct_option": 1,
          "sds_id": "GEN_68"
        },
        "question_69": {
          "question_number": 69,
          "image_filename": "question_71.png",
          "correct_option": 1,
          "sds_id": "GEN_69"
        },
        "question_70": {
          "question_number": 70,
          "image_filename": "question_72.png",
          "correct_option": 1,
          "sds_id": "GEN_70"
        },
        "question_71": {
          "question_number": 71,
          "image_filename": "question_73.png",
          "correct_option": 1,
          "sds_id": "GEN_71"
        },
        "question_72": {
          "question_number": 72,
          "image_filename": "question_74.png",
          "correct_option": 1,
          "sds_id": "GEN_72"
        },
        "question_73": {
          "question_number": 73,
          "image_filename": "question_75.png",
          "correct_option": 1,
          "sds_id": "GEN_73"
        },
        "question_74": {
          "question_number": 74,
          "image_filename": "question_76.png",
          "correct_option": 1,
          "sds_id": "GEN_74"
        },
        "question_75": {
          "question_number": 75,
          "image_filename": "question_77.png",
          "correct_option": 1,
          "sds_id": "GEN_75"
        },
        "question_76": {
          "question_number": 76,
          "image_filename": "question_78.png",
          "correct_option": 1,
          "sds_id": "GEN_76"
        },
        "question_77": {
          "question_number": 77,
          "image_filename": "question_79.png",
          "correct_option": 1,
          "sds_id": "GEN_77"
        },
        "question_78": {
          "question_number": 78,
          "image_filename": "question_8.png",
          "correct_option": 1,
          "sds_id": "GEN_78"
        },
        "question_79": {
          "question_number": 79,
          "image_filename": "question_80.png",
          "correct_option": 1,
          "sds_id": "GEN_79"
        },
        "question_80": {
          "question_number": 80,
          "image_filename": "question_81.png",
          "correct_option": 1,
          "sds_id": "GEN_80"
        },
        "question_81": {
          "question_number": 81,
          "image_filename": "question_82.png",
          "correct_option": 1,
          "sds_id": "GEN_81"
        },
        "question_82": {
          "question_number": 82,
          "image_filename": "question_83.png",
          "correct_option": 1,
          "sds_id": "GEN_82"
        },
        "question_83": {
          "question_number": 83,
          "image_filename": "question_84.png",
          "correct_option": 1,
          "sds_id": "GEN_83"
        },
        "question_84": {
          "question_number": 84,
          "image_filename": "question_85.png",
          "correct_option": 1,
          "sds_id": "GEN_84"
        },
        "question_85": {
          "question_number": 85,
          "image_filename": "question_86.png",
          "correct_option": 1,
          "sds_id": "GEN_85"
        },
        "question_86": {
          "question_number": 86,
          "image_filename": "question_87.png",
          "correct_option": 1,
          "sds_id": "GEN_86"
        },
        "question_87": {
          "question_number": 87,
          "image_filename": "question_88.png",
          "correct_option": 1,
          "sds_id": "GEN_87"
        },
        "question_88": {
          "question_number": 88,
          "image_filename": "question_89.png",
          "correct_option": 1,
          "sds_id": "GEN_88"
        },
        "question_89": {
          "question_number": 89,
          "image_filename": "question_9.png",
          "correct_option": 1,
          "sds_id": "GEN_89"
        },
        "question_90": {
          "question_number": 90,
          "image_filename": "question_90.png",
          "correct_option": 1,
          "sds_id": "GEN_90"
        },
        "question_91": {
          "question_number": 91,
          "image_filename": "question_91.png",
          "correct_option": 1,
          "sds_id": "GEN_91"
        },
        "question_92": {
          "question_number": 92,
          "image_filename": "question_92.png",
          "correct_option": 1,
          "sds_id": "GEN_92"
        },
        "question_93": {
          "question_number": 93,
          "image_filename": "question_93.png",
          "correct_option": 1,
          "sds_id": "GEN_93"
        },
        "question_94": {
          "question_number": 94,
          "image_filename": "question_94.png",
          "correct_option": 1,
          "sds_id": "GEN_94"
        },
        "question_95": {
          "question_number": 95,
          "image_filename": "question_95.png",
          "correct_option": 1,
          "sds_id": "GEN_95"
        },
        "question_96": {
          "question_number": 96,
          "image_filename": "question_96.png",
          "correct_option": 1,
          "sds_id": "GEN_96"
        },
        "question_97": {
          "question_number": 97,
          "image_filename": "question_97.png",
          "correct_option": 1,
          "sds_id": "GEN_97"
        }
      }
    }
  },
  "type": "multi_set"
}