{
  "chapter_no": 16,
  "chapter_name": "Excretory Products and their Elimination",
  "section_name": "Excretory Products and their Elimination (LEVEL 3 MCQs)",
  "total_questions": 30,
  "questions": {
    "question_1": {
      "question_number": 1,
      "correct_option": 4,
      "sds_id": "SDS0D00",
      "subtopic": "Function of the tubules",
      "image_filename": "question_1.png",
      "captured": true,
      "explanation": [
        "https://www.youtube-nocookie.com/embed/8l4xtoCr2CM?rel=0"
      ]
    },
    "question_2": {
      "question_number": 2,
      "correct_option": 4,
      "sds_id": "SDS0D01",
      "subtopic": "Nitrogenous Excretory Products",
      "image_filename": "question_2.png",
      "captured": true,
      "explanation": [
        "https://d1iljb9ao69244.cloudfront.net/385288_1695461507097_5.ogg"
      ]
    },
    "question_3": {
      "question_number": 3,
      "correct_option": 4,
      "sds_id": "SDS0D02",
      "subtopic": "Nitrogenous Excretory Products",
      "image_filename": "question_3.png",
      "captured": true,
      "explanation": [
        "https://d1iljb9ao69244.cloudfront.net/448236_1713525564018_46.ogg"
      ]
    },
    "question_4": {
      "question_number": 4,
      "correct_option": 1,
      "sds_id": "SDS0D03",
      "subtopic": "Nitrogenous Excretory Products",
      "image_filename": "question_4.png",
      "captured": true,
      "explanation": [
        "https://www.youtube-nocookie.com/embed/Al92D7vzinE?rel=0"
      ]
    },
    "question_5": {
      "question_number": 5,
      "correct_option": 4,
      "sds_id": "SDS0D04",
      "subtopic": "Nitrogenous Excretory Products",
      "image_filename": "question_5.png",
      "captured": true,
      "explanation": [
        "https://www.youtube-nocookie.com/embed/sQixZ08-kLk?rel=0"
      ]
    },
    "question_6": {
      "question_number": 6,
      "correct_option": 2,
      "sds_id": "SDS0D05",
      "subtopic": "Nitrogenous Excretory Products",
      "image_filename": "question_6.png",
      "captured": true,
      "explanation": [
        "https://www.youtube-nocookie.com/embed/JN8b0NUBQvo?rel=0"
      ]
    },
    "question_7": {
      "question_number": 7,
      "correct_option": 3,
      "sds_id": "SDS0D06",
      "subtopic": "Osmoregulation",
      "image_filename": "question_7.png",
      "captured": true,
      "explanation": [
        "https://d1iljb9ao69244.cloudfront.net/392588_1697798216773_12.ogg"
      ]
    },
    "question_8": {
      "question_number": 8,
      "correct_option": 1,
      "sds_id": "SDS0D07",
      "subtopic": "Osmoregulation",
      "image_filename": "question_8.png",
      "captured": true,
      "explanation": [
        "https://d1iljb9ao69244.cloudfront.net/420583_1709201712518_69.ogg"
      ]
    },
    "question_9": {
      "question_number": 9,
      "correct_option": 2,
      "sds_id": "SDS0D08",
      "subtopic": "Osmoregulation",
      "image_filename": "question_9.png",
      "captured": true,
      "explanation": [
        "https://d1iljb9ao69244.cloudfront.net/431638_1711182120860_43.ogg"
      ]
    },
    "question_10": {
      "question_number": 10,
      "correct_option": 3,
      "sds_id": "SDS0D09",
      "subtopic": "Nephron Part 1",
      "image_filename": "question_10.png",
      "captured": true,
      "explanation": [
        "https://d1iljb9ao69244.cloudfront.net/question_explanations_337102_1654313643016.ogg"
      ]
    },
    "question_11": {
      "question_number": 11,
      "correct_option": 3,
      "sds_id": "SDS0D0A",
      "subtopic": "Nephron Part 2",
      "image_filename": "question_11.png",
      "captured": true,
      "explanation": [
        "https://d1iljb9ao69244.cloudfront.net/question_explanations_337569_1655526961317.ogg"
      ]
    },
    "question_12": {
      "question_number": 12,
      "correct_option": 3,
      "sds_id": "SDS0D0B",
      "subtopic": "Nephron Part 2",
      "image_filename": "question_12.png",
      "captured": true,
      "explanation": [
        "https://d1iljb9ao69244.cloudfront.net/385307_1695468561693_19.ogg"
      ]
    },
    "question_13": {
      "question_number": 13,
      "correct_option": 3,
      "sds_id": "SDS0D0C",
      "subtopic": "Nephron Part 2",
      "image_filename": "question_13.png",
      "captured": true,
      "explanation": [
        "https://d1iljb9ao69244.cloudfront.net/question_explanations_334955_1651891101052.ogg"
      ]
    },
    "question_14": {
      "question_number": 14,
      "correct_option": 1,
      "sds_id": "SDS0D0D",
      "subtopic": "Nephron Part 2",
      "image_filename": "question_14.png",
      "captured": true,
      "explanation": [
        "https://d1iljb9ao69244.cloudfront.net/338181_1656776156801_5.ogg"
      ]
    },
    "question_15": {
      "question_number": 15,
      "correct_option": 3,
      "sds_id": "SDS0D0E",
      "subtopic": "Nephron Part 2",
      "image_filename": "question_15.png",
      "captured": true,
      "explanation": [
        "https://d1iljb9ao69244.cloudfront.net/333139_1650647364309_10.ogg"
      ]
    },
    "question_16": {
      "question_number": 16,
      "correct_option": 4,
      "sds_id": "SDS0D0F",
      "subtopic": "Formation of Urine",
      "image_filename": "question_16.png",
      "captured": true,
      "explanation": [
        "https://d2f8z173p7073l.cloudfront.net/1548039234428"
      ]
    },
    "question_17": {
      "question_number": 17,
      "correct_option": 3,
      "sds_id": "SDS0D10",
      "subtopic": "Formation of Urine",
      "image_filename": "question_17.png",
      "captured": true,
      "explanation": [
        "https://d2f8z173p7073l.cloudfront.net/1548039379524"
      ]
    },
    "question_18": {
      "question_number": 18,
      "correct_option": 3,
      "sds_id": "SDS0D11",
      "subtopic": "Formation of Urine",
      "image_filename": "question_18.png",
      "captured": true,
      "explanation": [
        "https://www.youtube-nocookie.com/embed/yXiwxgNTeeo?rel=0"
      ]
    },
    "question_19": {
      "question_number": 19,
      "correct_option": 2,
      "sds_id": "SDS0D12",
      "subtopic": "Formation of Urine",
      "image_filename": "question_19.png",
      "captured": true,
      "explanation": [
        "https://www.youtube-nocookie.com/embed/DNtXM9ebDJ0?rel=0"
      ]
    },
    "question_20": {
      "question_number": 20,
      "correct_option": 4,
      "sds_id": "SDS0D13",
      "subtopic": "Formation of Urine",
      "image_filename": "question_20.png",
      "captured": true,
      "explanation": [
        "https://www.youtube-nocookie.com/embed/w2m94lOHkcs?rel=0"
      ]
    },
    "question_21": {
      "question_number": 21,
      "correct_option": 2,
      "sds_id": "SDS0D14",
      "subtopic": "Autoregulation of GFR",
      "image_filename": "question_21.png",
      "captured": true,
      "explanation": [
        "https://d1iljb9ao69244.cloudfront.net/385286_1697548886747_62.ogg"
      ]
    },
    "question_22": {
      "question_number": 22,
      "correct_option": 1,
      "sds_id": "SDS0D15",
      "subtopic": "Autoregulation of GFR",
      "image_filename": "question_22.png",
      "captured": true,
      "explanation": [
        "https://d1iljb9ao69244.cloudfront.net/390464_1697800118930_22.ogg"
      ]
    },
    "question_23": {
      "question_number": 23,
      "correct_option": 1,
      "sds_id": "SDS0D16",
      "subtopic": "Autoregulation of GFR",
      "image_filename": "question_23.png",
      "captured": true,
      "explanation": [
        "https://d1iljb9ao69244.cloudfront.net/438479_1712644093807_25.ogg"
      ]
    },
    "question_24": {
      "question_number": 24,
      "correct_option": 1,
      "sds_id": "SDS0D17",
      "subtopic": "Autoregulation of GFR",
      "image_filename": "question_24.png",
      "captured": true,
      "explanation": [
        "https://d1iljb9ao69244.cloudfront.net/question_explanations_335750_1653054505086.ogg"
      ]
    },
    "question_25": {
      "question_number": 25,
      "correct_option": 1,
      "sds_id": "SDS0D18",
      "subtopic": "Autoregulation of GFR",
      "image_filename": "question_25.png",
      "captured": true,
      "explanation": [
        "https://d2f8z173p7073l.cloudfront.net/1583481917005"
      ]
    },
    "question_26": {
      "question_number": 26,
      "correct_option": 1,
      "sds_id": "SDS0D19",
      "subtopic": "Micturition Reflex",
      "image_filename": "question_26.png",
      "captured": true,
      "explanation": [
        "https://d2f8z173p7073l.cloudfront.net/1547954711362"
      ]
    },
    "question_27": {
      "question_number": 27,
      "correct_option": 2,
      "sds_id": "SDS0D1A",
      "subtopic": "Micturition Reflex",
      "image_filename": "question_27.png",
      "captured": true,
      "explanation": [
        "https://d1iljb9ao69244.cloudfront.net/200588_1606737651093_25.ogg"
      ]
    },
    "question_28": {
      "question_number": 28,
      "correct_option": 4,
      "sds_id": "SDS0D1B",
      "subtopic": "Disorders of Excretory System",
      "image_filename": "question_28.png",
      "captured": true,
      "explanation": [
        "https://d2f8z173p7073l.cloudfront.net/1583483779610"
      ]
    },
    "question_29": {
      "question_number": 29,
      "correct_option": 1,
      "sds_id": "SDS0D1C",
      "subtopic": "Concentration of Urine",
      "image_filename": "question_29.png",
      "captured": true,
      "explanation": [
        "https://d1iljb9ao69244.cloudfront.net/420582_1708423918817_69.ogg"
      ]
    },
    "question_30": {
      "question_number": 30,
      "correct_option": 1,
      "sds_id": "SDS0D1D",
      "subtopic": "Human excretory system",
      "image_filename": "question_30.png",
      "captured": true,
      "explanation": [
        "https://www.youtube-nocookie.com/embed/r5VTlbnBEHw?rel=0"
      ]
    }
  }
}