{
  "chapter_no": 11,
  "chapter_name": "Photosynthesis in Higher Plants",
  "section_name": "Level 2",
  "total_questions": 21,
  "questions": {
    "question_1": {
      "question_number": 1,
      "correct_option": 4,
      "sds_id": "SDS09D3",
      "subtopic": "Historical View: Experiments",
      "image_filename": "question_1.png",
      "captured": true,
      "explanation": [
        "https://d2f8z173p7073l.cloudfront.net/1550752890324"
      ]
    },
    "question_2": {
      "question_number": 2,
      "correct_option": 1,
      "sds_id": "SDS09D4",
      "subtopic": "Chloroplast Structure",
      "image_filename": "question_2.png",
      "captured": true,
      "explanation": [
        "https://d2f8z173p7073l.cloudfront.net/1550755851174"
      ]
    },
    "question_3": {
      "question_number": 3,
      "correct_option": 2,
      "sds_id": "SDS09D5",
      "subtopic": "Chloroplast Structure",
      "image_filename": "question_3.png",
      "captured": true,
      "explanation": [
        "https://d2f8z173p7073l.cloudfront.net/1550756038765",
        "https://d2f8z173p7073l.cloudfront.net/1663322182012"
      ]
    },
    "question_4": {
      "question_number": 4,
      "correct_option": 1,
      "sds_id": "SDS09D6",
      "subtopic": "Emerson's Enhancement Experiment",
      "image_filename": "question_4.png",
      "captured": true,
      "explanation": [
        "https://d2f8z173p7073l.cloudfront.net/1550654834402"
      ]
    },
    "question_5": {
      "question_number": 5,
      "correct_option": 1,
      "sds_id": "SDS09D7",
      "subtopic": "Photosystems",
      "image_filename": "question_5.png",
      "captured": true,
      "explanation": [
        "https://d2f8z173p7073l.cloudfront.net/1550725039541"
      ]
    },
    "question_6": {
      "question_number": 6,
      "correct_option": 2,
      "sds_id": "SDS09D8",
      "subtopic": "Photosystems",
      "image_filename": "question_6.png",
      "captured": true,
      "explanation": [
        "https://d2f8z173p7073l.cloudfront.net/1550757153921"
      ]
    },
    "question_7": {
      "question_number": 7,
      "correct_option": 4,
      "sds_id": "SDS09D9",
      "subtopic": "Light Reaction: Electron Transport",
      "image_filename": "question_7.png",
      "captured": true,
      "explanation": [
        "https://d2f8z173p7073l.cloudfront.net/1550725133253"
      ]
    },
    "question_8": {
      "question_number": 8,
      "correct_option": 1,
      "sds_id": "SDS09DA",
      "subtopic": "Light Reaction: Electron Transport",
      "image_filename": "question_8.png",
      "captured": true,
      "explanation": [
        "https://d2f8z173p7073l.cloudfront.net/1550724386569"
      ]
    },
    "question_9": {
      "question_number": 9,
      "correct_option": 3,
      "sds_id": "SDS09DB",
      "subtopic": "Light Reaction: Electron Transport",
      "image_filename": "question_9.png",
      "captured": true,
      "explanation": [
        "https://d2f8z173p7073l.cloudfront.net/1550758554516"
      ]
    },
    "question_10": {
      "question_number": 10,
      "correct_option": 3,
      "sds_id": "SDS09DC",
      "subtopic": "Light Reaction: Photophosphorylation",
      "image_filename": "question_10.png",
      "captured": true,
      "explanation": [
        "https://d2f8z173p7073l.cloudfront.net/1550754645220"
      ]
    },
    "question_11": {
      "question_number": 11,
      "correct_option": 4,
      "sds_id": "SDS09DD",
      "subtopic": "Dark Reaction: Biosynthetic Phase",
      "image_filename": "question_11.png",
      "captured": true,
      "explanation": [
        "https://d2f8z173p7073l.cloudfront.net/1550753375270"
      ]
    },
    "question_12": {
      "question_number": 12,
      "correct_option": 2,
      "sds_id": "SDS09DE",
      "subtopic": "Dark Reaction : Calvin Cycle",
      "image_filename": "question_12.png",
      "captured": true,
      "explanation": [
        "https://d2f8z173p7073l.cloudfront.net/1550724580521"
      ]
    },
    "question_13": {
      "question_number": 13,
      "correct_option": 1,
      "sds_id": "SDS09DF",
      "subtopic": "C4 Cycle (Hatch & Slack Pathway)",
      "image_filename": "question_13.png",
      "captured": true,
      "explanation": [
        "https://d2f8z173p7073l.cloudfront.net/1550724899790"
      ]
    },
    "question_14": {
      "question_number": 14,
      "correct_option": 3,
      "sds_id": "SDS09E0",
      "subtopic": "CAM Pathway",
      "image_filename": "question_14.png",
      "captured": true,
      "explanation": [
        "https://d2f8z173p7073l.cloudfront.net/1550759319621"
      ]
    },
    "question_15": {
      "question_number": 15,
      "correct_option": 2,
      "sds_id": "SDS09E1",
      "subtopic": "Photorespiration",
      "image_filename": "question_15.png",
      "captured": true,
      "explanation": [
        "https://d2f8z173p7073l.cloudfront.net/1550655853419",
        "https://www.youtube.com/embed/9m1MDBc_dps?rel=0&amp;modestbranding=1&amp;loop=1&amp;playlist=9m1MDBc_dps&amp;start=812&amp;end=861",
        "https://www.youtube.com/embed/Dcmx238HCmA?rel=0&amp;modestbranding=1&amp;loop=1&amp;playlist=Dcmx238HCmA&amp;start=654&amp;end=702",
        "https://www.youtube.com/embed/9m1MDBc_dps?rel=0&modestbranding=1&loop=1&playlist=9m1MDBc_dps&start=812&end=861",
        "https://www.youtube.com/embed/Dcmx238HCmA?rel=0&modestbranding=1&loop=1&playlist=Dcmx238HCmA&start=654&end=702"
      ]
    },
    "question_16": {
      "question_number": 16,
      "correct_option": 2,
      "sds_id": "SDS09E2",
      "subtopic": "Photorespiration",
      "image_filename": "question_16.png",
      "captured": true,
      "explanation": [
        "https://d2f8z173p7073l.cloudfront.net/1550724712238"
      ]
    },
    "question_17": {
      "question_number": 17,
      "correct_option": 1,
      "sds_id": "SDS09E3",
      "subtopic": "Photorespiration",
      "image_filename": "question_17.png",
      "captured": true,
      "explanation": [
        "https://d2f8z173p7073l.cloudfront.net/1550725071477"
      ]
    },
    "question_18": {
      "question_number": 18,
      "correct_option": 1,
      "sds_id": "SDS09E4",
      "subtopic": "Photorespiration",
      "image_filename": "question_18.png",
      "captured": true,
      "explanation": [
        "https://d2f8z173p7073l.cloudfront.net/1550755994897"
      ]
    },
    "question_19": {
      "question_number": 19,
      "correct_option": 3,
      "sds_id": "SDS09E5",
      "subtopic": "Pigments",
      "image_filename": "question_19.png",
      "captured": true,
      "explanation": [
        "https://d2f8z173p7073l.cloudfront.net/1550752733334"
      ]
    },
    "question_20": {
      "question_number": 20,
      "correct_option": 3,
      "sds_id": "SDS09E6",
      "subtopic": "Pigments",
      "image_filename": "question_20.png",
      "captured": true,
      "explanation": [
        "https://d2f8z173p7073l.cloudfront.net/1550754544020",
        "https://d2f8z173p7073l.cloudfront.net/1663323448081"
      ]
    },
    "question_21": {
      "question_number": 21,
      "correct_option": 1,
      "sds_id": "SDS09E7",
      "subtopic": "Light Reactions",
      "image_filename": "question_21.png",
      "captured": true,
      "explanation": [
        "https://d2f8z173p7073l.cloudfront.net/1550724274769"
      ]
    }
  }
}