{
  "chapter_name": "5 Molecular Basis of Inheritance",
  "sets": {
    "Invictus": {
      "name": "Invictus",
      "path": "Invictus/",
      "questions": {
        "question_1": {
          "question_number": 1,
          "image_filename": "question_1.png",
          "correct_option": 1,
          "sds_id": "GEN_1"
        },
        "question_2": {
          "question_number": 2,
          "image_filename": "question_10.png",
          "correct_option": 1,
          "sds_id": "GEN_2"
        },
        "question_3": {
          "question_number": 3,
          "image_filename": "question_11.png",
          "correct_option": 1,
          "sds_id": "GEN_3"
        },
        "question_4": {
          "question_number": 4,
          "image_filename": "question_12.png",
          "correct_option": 1,
          "sds_id": "GEN_4"
        },
        "question_5": {
          "question_number": 5,
          "image_filename": "question_13.png",
          "correct_option": 1,
          "sds_id": "GEN_5"
        },
        "question_6": {
          "question_number": 6,
          "image_filename": "question_14.png",
          "correct_option": 1,
          "sds_id": "GEN_6"
        },
        "question_7": {
          "question_number": 7,
          "image_filename": "question_15.png",
          "correct_option": 1,
          "sds_id": "GEN_7"
        },
        "question_8": {
          "question_number": 8,
          "image_filename": "question_16.png",
          "correct_option": 1,
          "sds_id": "GEN_8"
        },
        "question_9": {
          "question_number": 9,
          "image_filename": "question_17.png",
          "correct_option": 1,
          "sds_id": "GEN_9"
        },
        "question_10": {
          "question_number": 10,
          "image_filename": "question_18.png",
          "correct_option": 1,
          "sds_id": "GEN_10"
        },
        "question_11": {
          "question_number": 11,
          "image_filename": "question_19.png",
          "correct_option": 1,
          "sds_id": "GEN_11"
        },
        "question_12": {
          "question_number": 12,
          "image_filename": "question_2.png",
          "correct_option": 1,
          "sds_id": "GEN_12"
        },
        "question_13": {
          "question_number": 13,
          "image_filename": "question_20.png",
          "correct_option": 1,
          "sds_id": "GEN_13"
        },
        "question_14": {
          "question_number": 14,
          "image_filename": "question_21.png",
          "correct_option": 1,
          "sds_id": "GEN_14"
        },
        "question_15": {
          "question_number": 15,
          "image_filename": "question_22.png",
          "correct_option": 1,
          "sds_id": "GEN_15"
        },
        "question_16": {
          "question_number": 16,
          "image_filename": "question_23.png",
          "correct_option": 1,
          "sds_id": "GEN_16"
        },
        "question_17": {
          "question_number": 17,
          "image_filename": "question_24.png",
          "correct_option": 1,
          "sds_id": "GEN_17"
        },
        "question_18": {
          "question_number": 18,
          "image_filename": "question_25.png",
          "correct_option": 1,
          "sds_id": "GEN_18"
        },
        "question_19": {
          "question_number": 19,
          "image_filename": "question_26.png",
          "correct_option": 1,
          "sds_id": "GEN_19"
        },
        "question_20": {
          "question_number": 20,
          "image_filename": "question_27.png",
          "correct_option": 1,
          "sds_id": "GEN_20"
        },
        "question_21": {
          "question_number": 21,
          "image_filename": "question_28.png",
          "correct_option": 1,
          "sds_id": "GEN_21"
        },
        "question_22": {
          "question_number": 22,
          "image_filename": "question_29.png",
          "correct_option": 1,
          "sds_id": "GEN_22"
        },
        "question_23": {
          "question_number": 23,
          "image_filename": "question_3.png",
          "correct_option": 1,
          "sds_id": "GEN_23"
        },
        "question_24": {
          "question_number": 24,
          "image_filename": "question_30.png",
          "correct_option": 1,
          "sds_id": "GEN_24"
        },
        "question_25": {
          "question_number": 25,
          "image_filename": "question_31.png",
          "correct_option": 1,
          "sds_id": "GEN_25"
        },
        "question_26": {
          "question_number": 26,
          "image_filename": "question_32.png",
          "correct_option": 1,
          "sds_id": "GEN_26"
        },
        "question_27": {
          "question_number": 27,
          "image_filename": "question_33.png",
          "correct_option": 1,
          "sds_id": "GEN_27"
        },
        "question_28": {
          "question_number": 28,
          "image_filename": "question_34.png",
          "correct_option": 1,
          "sds_id": "GEN_28"
        },
        "question_29": {
          "question_number": 29,
          "image_filename": "question_35.png",
          "correct_option": 1,
          "sds_id": "GEN_29"
        },
        "question_30": {
          "question_number": 30,
          "image_filename": "question_36.png",
          "correct_option": 1,
          "sds_id": "GEN_30"
        },
        "question_31": {
          "question_number": 31,
          "image_filename": "question_37.png",
          "correct_option": 1,
          "sds_id": "GEN_31"
        },
        "question_32": {
          "question_number": 32,
          "image_filename": "question_38.png",
          "correct_option": 1,
          "sds_id": "GEN_32"
        },
        "question_33": {
          "question_number": 33,
          "image_filename": "question_39.png",
          "correct_option": 1,
          "sds_id": "GEN_33"
        },
        "question_34": {
          "question_number": 34,
          "image_filename": "question_4.png",
          "correct_option": 1,
          "sds_id": "GEN_34"
        },
        "question_35": {
          "question_number": 35,
          "image_filename": "question_40.png",
          "correct_option": 1,
          "sds_id": "GEN_35"
        },
        "question_36": {
          "question_number": 36,
          "image_filename": "question_41.png",
          "correct_option": 1,
          "sds_id": "GEN_36"
        },
        "question_37": {
          "question_number": 37,
          "image_filename": "question_42.png",
          "correct_option": 1,
          "sds_id": "GEN_37"
        },
        "question_38": {
          "question_number": 38,
          "image_filename": "question_43.png",
          "correct_option": 1,
          "sds_id": "GEN_38"
        },
        "question_39": {
          "question_number": 39,
          "image_filename": "question_44.png",
          "correct_option": 1,
          "sds_id": "GEN_39"
        },
        "question_40": {
          "question_number": 40,
          "image_filename": "question_45.png",
          "correct_option": 1,
          "sds_id": "GEN_40"
        },
        "question_41": {
          "question_number": 41,
          "image_filename": "question_46.png",
          "correct_option": 1,
          "sds_id": "GEN_41"
        },
        "question_42": {
          "question_number": 42,
          "image_filename": "question_47.png",
          "correct_option": 1,
          "sds_id": "GEN_42"
        },
        "question_43": {
          "question_number": 43,
          "image_filename": "question_48.png",
          "correct_option": 1,
          "sds_id": "GEN_43"
        },
        "question_44": {
          "question_number": 44,
          "image_filename": "question_49.png",
          "correct_option": 1,
          "sds_id": "GEN_44"
        },
        "question_45": {
          "question_number": 45,
          "image_filename": "question_5.png",
          "correct_option": 1,
          "sds_id": "GEN_45"
        },
        "question_46": {
          "question_number": 46,
          "image_filename": "question_50.png",
          "correct_option": 1,
          "sds_id": "GEN_46"
        },
        "question_47": {
          "question_number": 47,
          "image_filename": "question_51.png",
          "correct_option": 1,
          "sds_id": "GEN_47"
        },
        "question_48": {
          "question_number": 48,
          "image_filename": "question_52.png",
          "correct_option": 1,
          "sds_id": "GEN_48"
        },
        "question_49": {
          "question_number": 49,
          "image_filename": "question_53.png",
          "correct_option": 1,
          "sds_id": "GEN_49"
        },
        "question_50": {
          "question_number": 50,
          "image_filename": "question_54.png",
          "correct_option": 1,
          "sds_id": "GEN_50"
        },
        "question_51": {
          "question_number": 51,
          "image_filename": "question_55.png",
          "correct_option": 1,
          "sds_id": "GEN_51"
        },
        "question_52": {
          "question_number": 52,
          "image_filename": "question_56.png",
          "correct_option": 1,
          "sds_id": "GEN_52"
        },
        "question_53": {
          "question_number": 53,
          "image_filename": "question_57.png",
          "correct_option": 1,
          "sds_id": "GEN_53"
        },
        "question_54": {
          "question_number": 54,
          "image_filename": "question_58.png",
          "correct_option": 1,
          "sds_id": "GEN_54"
        },
        "question_55": {
          "question_number": 55,
          "image_filename": "question_59.png",
          "correct_option": 1,
          "sds_id": "GEN_55"
        },
        "question_56": {
          "question_number": 56,
          "image_filename": "question_6.png",
          "correct_option": 1,
          "sds_id": "GEN_56"
        },
        "question_57": {
          "question_number": 57,
          "image_filename": "question_60.png",
          "correct_option": 1,
          "sds_id": "GEN_57"
        },
        "question_58": {
          "question_number": 58,
          "image_filename": "question_61.png",
          "correct_option": 1,
          "sds_id": "GEN_58"
        },
        "question_59": {
          "question_number": 59,
          "image_filename": "question_62.png",
          "correct_option": 1,
          "sds_id": "GEN_59"
        },
        "question_60": {
          "question_number": 60,
          "image_filename": "question_63.png",
          "correct_option": 1,
          "sds_id": "GEN_60"
        },
        "question_61": {
          "question_number": 61,
          "image_filename": "question_64.png",
          "correct_option": 1,
          "sds_id": "GEN_61"
        },
        "question_62": {
          "question_number": 62,
          "image_filename": "question_65.png",
          "correct_option": 1,
          "sds_id": "GEN_62"
        },
        "question_63": {
          "question_number": 63,
          "image_filename": "question_66.png",
          "correct_option": 1,
          "sds_id": "GEN_63"
        },
        "question_64": {
          "question_number": 64,
          "image_filename": "question_67.png",
          "correct_option": 1,
          "sds_id": "GEN_64"
        },
        "question_65": {
          "question_number": 65,
          "image_filename": "question_68.png",
          "correct_option": 1,
          "sds_id": "GEN_65"
        },
        "question_66": {
          "question_number": 66,
          "image_filename": "question_69.png",
          "correct_option": 1,
          "sds_id": "GEN_66"
        },
        "question_67": {
          "question_number": 67,
          "image_filename": "question_7.png",
          "correct_option": 1,
          "sds_id": "GEN_67"
        },
        "question_68": {
          "question_number": 68,
          "image_filename": "question_8.png",
          "correct_option": 1,
          "sds_id": "GEN_68"
        },
        "question_69": {
          "question_number": 69,
          "image_filename": "question_9.png",
          "correct_option": 1,
          "sds_id": "GEN_69"
        }
      }
    },
    "Molecular Basis of Inheritance (227 MCQs)": {
      "name": "Molecular Basis of Inheritance (227 MCQs)",
      "path": "Molecular Basis of Inheritance (227 MCQs)/",
      "questions": {
        "question_1": {
          "question_number": 1,
          "image_filename": "question_1.png",
          "correct_option": 1,
          "sds_id": "GEN_1"
        },
        "question_2": {
          "question_number": 2,
          "image_filename": "question_10.png",
          "correct_option": 1,
          "sds_id": "GEN_2"
        },
        "question_3": {
          "question_number": 3,
          "image_filename": "question_100.png",
          "correct_option": 1,
          "sds_id": "GEN_3"
        },
        "question_4": {
          "question_number": 4,
          "image_filename": "question_101.png",
          "correct_option": 1,
          "sds_id": "GEN_4"
        },
        "question_5": {
          "question_number": 5,
          "image_filename": "question_102.png",
          "correct_option": 1,
          "sds_id": "GEN_5"
        },
        "question_6": {
          "question_number": 6,
          "image_filename": "question_103.png",
          "correct_option": 1,
          "sds_id": "GEN_6"
        },
        "question_7": {
          "question_number": 7,
          "image_filename": "question_104.png",
          "correct_option": 1,
          "sds_id": "GEN_7"
        },
        "question_8": {
          "question_number": 8,
          "image_filename": "question_105.png",
          "correct_option": 1,
          "sds_id": "GEN_8"
        },
        "question_9": {
          "question_number": 9,
          "image_filename": "question_106.png",
          "correct_option": 1,
          "sds_id": "GEN_9"
        },
        "question_10": {
          "question_number": 10,
          "image_filename": "question_107.png",
          "correct_option": 1,
          "sds_id": "GEN_10"
        },
        "question_11": {
          "question_number": 11,
          "image_filename": "question_108.png",
          "correct_option": 1,
          "sds_id": "GEN_11"
        },
        "question_12": {
          "question_number": 12,
          "image_filename": "question_109.png",
          "correct_option": 1,
          "sds_id": "GEN_12"
        },
        "question_13": {
          "question_number": 13,
          "image_filename": "question_11.png",
          "correct_option": 1,
          "sds_id": "GEN_13"
        },
        "question_14": {
          "question_number": 14,
          "image_filename": "question_110.png",
          "correct_option": 1,
          "sds_id": "GEN_14"
        },
        "question_15": {
          "question_number": 15,
          "image_filename": "question_111.png",
          "correct_option": 1,
          "sds_id": "GEN_15"
        },
        "question_16": {
          "question_number": 16,
          "image_filename": "question_112.png",
          "correct_option": 1,
          "sds_id": "GEN_16"
        },
        "question_17": {
          "question_number": 17,
          "image_filename": "question_113.png",
          "correct_option": 1,
          "sds_id": "GEN_17"
        },
        "question_18": {
          "question_number": 18,
          "image_filename": "question_114.png",
          "correct_option": 1,
          "sds_id": "GEN_18"
        },
        "question_19": {
          "question_number": 19,
          "image_filename": "question_115.png",
          "correct_option": 1,
          "sds_id": "GEN_19"
        },
        "question_20": {
          "question_number": 20,
          "image_filename": "question_116.png",
          "correct_option": 1,
          "sds_id": "GEN_20"
        },
        "question_21": {
          "question_number": 21,
          "image_filename": "question_117.png",
          "correct_option": 1,
          "sds_id": "GEN_21"
        },
        "question_22": {
          "question_number": 22,
          "image_filename": "question_118.png",
          "correct_option": 1,
          "sds_id": "GEN_22"
        },
        "question_23": {
          "question_number": 23,
          "image_filename": "question_119.png",
          "correct_option": 1,
          "sds_id": "GEN_23"
        },
        "question_24": {
          "question_number": 24,
          "image_filename": "question_12.png",
          "correct_option": 1,
          "sds_id": "GEN_24"
        },
        "question_25": {
          "question_number": 25,
          "image_filename": "question_120.png",
          "correct_option": 1,
          "sds_id": "GEN_25"
        },
        "question_26": {
          "question_number": 26,
          "image_filename": "question_121.png",
          "correct_option": 1,
          "sds_id": "GEN_26"
        },
        "question_27": {
          "question_number": 27,
          "image_filename": "question_122.png",
          "correct_option": 1,
          "sds_id": "GEN_27"
        },
        "question_28": {
          "question_number": 28,
          "image_filename": "question_123.png",
          "correct_option": 1,
          "sds_id": "GEN_28"
        },
        "question_29": {
          "question_number": 29,
          "image_filename": "question_124.png",
          "correct_option": 1,
          "sds_id": "GEN_29"
        },
        "question_30": {
          "question_number": 30,
          "image_filename": "question_125.png",
          "correct_option": 1,
          "sds_id": "GEN_30"
        },
        "question_31": {
          "question_number": 31,
          "image_filename": "question_126.png",
          "correct_option": 1,
          "sds_id": "GEN_31"
        },
        "question_32": {
          "question_number": 32,
          "image_filename": "question_127.png",
          "correct_option": 1,
          "sds_id": "GEN_32"
        },
        "question_33": {
          "question_number": 33,
          "image_filename": "question_128.png",
          "correct_option": 1,
          "sds_id": "GEN_33"
        },
        "question_34": {
          "question_number": 34,
          "image_filename": "question_129.png",
          "correct_option": 1,
          "sds_id": "GEN_34"
        },
        "question_35": {
          "question_number": 35,
          "image_filename": "question_13.png",
          "correct_option": 1,
          "sds_id": "GEN_35"
        },
        "question_36": {
          "question_number": 36,
          "image_filename": "question_130.png",
          "correct_option": 1,
          "sds_id": "GEN_36"
        },
        "question_37": {
          "question_number": 37,
          "image_filename": "question_131.png",
          "correct_option": 1,
          "sds_id": "GEN_37"
        },
        "question_38": {
          "question_number": 38,
          "image_filename": "question_132.png",
          "correct_option": 1,
          "sds_id": "GEN_38"
        },
        "question_39": {
          "question_number": 39,
          "image_filename": "question_133.png",
          "correct_option": 1,
          "sds_id": "GEN_39"
        },
        "question_40": {
          "question_number": 40,
          "image_filename": "question_134.png",
          "correct_option": 1,
          "sds_id": "GEN_40"
        },
        "question_41": {
          "question_number": 41,
          "image_filename": "question_135.png",
          "correct_option": 1,
          "sds_id": "GEN_41"
        },
        "question_42": {
          "question_number": 42,
          "image_filename": "question_136.png",
          "correct_option": 1,
          "sds_id": "GEN_42"
        },
        "question_43": {
          "question_number": 43,
          "image_filename": "question_137.png",
          "correct_option": 1,
          "sds_id": "GEN_43"
        },
        "question_44": {
          "question_number": 44,
          "image_filename": "question_138.png",
          "correct_option": 1,
          "sds_id": "GEN_44"
        },
        "question_45": {
          "question_number": 45,
          "image_filename": "question_139.png",
          "correct_option": 1,
          "sds_id": "GEN_45"
        },
        "question_46": {
          "question_number": 46,
          "image_filename": "question_14.png",
          "correct_option": 1,
          "sds_id": "GEN_46"
        },
        "question_47": {
          "question_number": 47,
          "image_filename": "question_140.png",
          "correct_option": 1,
          "sds_id": "GEN_47"
        },
        "question_48": {
          "question_number": 48,
          "image_filename": "question_141.png",
          "correct_option": 1,
          "sds_id": "GEN_48"
        },
        "question_49": {
          "question_number": 49,
          "image_filename": "question_142.png",
          "correct_option": 1,
          "sds_id": "GEN_49"
        },
        "question_50": {
          "question_number": 50,
          "image_filename": "question_143.png",
          "correct_option": 1,
          "sds_id": "GEN_50"
        },
        "question_51": {
          "question_number": 51,
          "image_filename": "question_144.png",
          "correct_option": 1,
          "sds_id": "GEN_51"
        },
        "question_52": {
          "question_number": 52,
          "image_filename": "question_145.png",
          "correct_option": 1,
          "sds_id": "GEN_52"
        },
        "question_53": {
          "question_number": 53,
          "image_filename": "question_146.png",
          "correct_option": 1,
          "sds_id": "GEN_53"
        },
        "question_54": {
          "question_number": 54,
          "image_filename": "question_147.png",
          "correct_option": 1,
          "sds_id": "GEN_54"
        },
        "question_55": {
          "question_number": 55,
          "image_filename": "question_148.png",
          "correct_option": 1,
          "sds_id": "GEN_55"
        },
        "question_56": {
          "question_number": 56,
          "image_filename": "question_149.png",
          "correct_option": 1,
          "sds_id": "GEN_56"
        },
        "question_57": {
          "question_number": 57,
          "image_filename": "question_15.png",
          "correct_option": 1,
          "sds_id": "GEN_57"
        },
        "question_58": {
          "question_number": 58,
          "image_filename": "question_150.png",
          "correct_option": 1,
          "sds_id": "GEN_58"
        },
        "question_59": {
          "question_number": 59,
          "image_filename": "question_151.png",
          "correct_option": 1,
          "sds_id": "GEN_59"
        },
        "question_60": {
          "question_number": 60,
          "image_filename": "question_152.png",
          "correct_option": 1,
          "sds_id": "GEN_60"
        },
        "question_61": {
          "question_number": 61,
          "image_filename": "question_153.png",
          "correct_option": 1,
          "sds_id": "GEN_61"
        },
        "question_62": {
          "question_number": 62,
          "image_filename": "question_154.png",
          "correct_option": 1,
          "sds_id": "GEN_62"
        },
        "question_63": {
          "question_number": 63,
          "image_filename": "question_155.png",
          "correct_option": 1,
          "sds_id": "GEN_63"
        },
        "question_64": {
          "question_number": 64,
          "image_filename": "question_156.png",
          "correct_option": 1,
          "sds_id": "GEN_64"
        },
        "question_65": {
          "question_number": 65,
          "image_filename": "question_157.png",
          "correct_option": 1,
          "sds_id": "GEN_65"
        },
        "question_66": {
          "question_number": 66,
          "image_filename": "question_158.png",
          "correct_option": 1,
          "sds_id": "GEN_66"
        },
        "question_67": {
          "question_number": 67,
          "image_filename": "question_159.png",
          "correct_option": 1,
          "sds_id": "GEN_67"
        },
        "question_68": {
          "question_number": 68,
          "image_filename": "question_16.png",
          "correct_option": 1,
          "sds_id": "GEN_68"
        },
        "question_69": {
          "question_number": 69,
          "image_filename": "question_160.png",
          "correct_option": 1,
          "sds_id": "GEN_69"
        },
        "question_70": {
          "question_number": 70,
          "image_filename": "question_161.png",
          "correct_option": 1,
          "sds_id": "GEN_70"
        },
        "question_71": {
          "question_number": 71,
          "image_filename": "question_162.png",
          "correct_option": 1,
          "sds_id": "GEN_71"
        },
        "question_72": {
          "question_number": 72,
          "image_filename": "question_163.png",
          "correct_option": 1,
          "sds_id": "GEN_72"
        },
        "question_73": {
          "question_number": 73,
          "image_filename": "question_164.png",
          "correct_option": 1,
          "sds_id": "GEN_73"
        },
        "question_74": {
          "question_number": 74,
          "image_filename": "question_165.png",
          "correct_option": 1,
          "sds_id": "GEN_74"
        },
        "question_75": {
          "question_number": 75,
          "image_filename": "question_166.png",
          "correct_option": 1,
          "sds_id": "GEN_75"
        },
        "question_76": {
          "question_number": 76,
          "image_filename": "question_167.png",
          "correct_option": 1,
          "sds_id": "GEN_76"
        },
        "question_77": {
          "question_number": 77,
          "image_filename": "question_168.png",
          "correct_option": 1,
          "sds_id": "GEN_77"
        },
        "question_78": {
          "question_number": 78,
          "image_filename": "question_169.png",
          "correct_option": 1,
          "sds_id": "GEN_78"
        },
        "question_79": {
          "question_number": 79,
          "image_filename": "question_17.png",
          "correct_option": 1,
          "sds_id": "GEN_79"
        },
        "question_80": {
          "question_number": 80,
          "image_filename": "question_170.png",
          "correct_option": 1,
          "sds_id": "GEN_80"
        },
        "question_81": {
          "question_number": 81,
          "image_filename": "question_171.png",
          "correct_option": 1,
          "sds_id": "GEN_81"
        },
        "question_82": {
          "question_number": 82,
          "image_filename": "question_172.png",
          "correct_option": 1,
          "sds_id": "GEN_82"
        },
        "question_83": {
          "question_number": 83,
          "image_filename": "question_173.png",
          "correct_option": 1,
          "sds_id": "GEN_83"
        },
        "question_84": {
          "question_number": 84,
          "image_filename": "question_174.png",
          "correct_option": 1,
          "sds_id": "GEN_84"
        },
        "question_85": {
          "question_number": 85,
          "image_filename": "question_175.png",
          "correct_option": 1,
          "sds_id": "GEN_85"
        },
        "question_86": {
          "question_number": 86,
          "image_filename": "question_176.png",
          "correct_option": 1,
          "sds_id": "GEN_86"
        },
        "question_87": {
          "question_number": 87,
          "image_filename": "question_177.png",
          "correct_option": 1,
          "sds_id": "GEN_87"
        },
        "question_88": {
          "question_number": 88,
          "image_filename": "question_178.png",
          "correct_option": 1,
          "sds_id": "GEN_88"
        },
        "question_89": {
          "question_number": 89,
          "image_filename": "question_179.png",
          "correct_option": 1,
          "sds_id": "GEN_89"
        },
        "question_90": {
          "question_number": 90,
          "image_filename": "question_18.png",
          "correct_option": 1,
          "sds_id": "GEN_90"
        },
        "question_91": {
          "question_number": 91,
          "image_filename": "question_180.png",
          "correct_option": 1,
          "sds_id": "GEN_91"
        },
        "question_92": {
          "question_number": 92,
          "image_filename": "question_181.png",
          "correct_option": 1,
          "sds_id": "GEN_92"
        },
        "question_93": {
          "question_number": 93,
          "image_filename": "question_182.png",
          "correct_option": 1,
          "sds_id": "GEN_93"
        },
        "question_94": {
          "question_number": 94,
          "image_filename": "question_183.png",
          "correct_option": 1,
          "sds_id": "GEN_94"
        },
        "question_95": {
          "question_number": 95,
          "image_filename": "question_184.png",
          "correct_option": 1,
          "sds_id": "GEN_95"
        },
        "question_96": {
          "question_number": 96,
          "image_filename": "question_185.png",
          "correct_option": 1,
          "sds_id": "GEN_96"
        },
        "question_97": {
          "question_number": 97,
          "image_filename": "question_186.png",
          "correct_option": 1,
          "sds_id": "GEN_97"
        },
        "question_98": {
          "question_number": 98,
          "image_filename": "question_187.png",
          "correct_option": 1,
          "sds_id": "GEN_98"
        },
        "question_99": {
          "question_number": 99,
          "image_filename": "question_188.png",
          "correct_option": 1,
          "sds_id": "GEN_99"
        },
        "question_100": {
          "question_number": 100,
          "image_filename": "question_189.png",
          "correct_option": 1,
          "sds_id": "GEN_100"
        },
        "question_101": {
          "question_number": 101,
          "image_filename": "question_19.png",
          "correct_option": 1,
          "sds_id": "GEN_101"
        },
        "question_102": {
          "question_number": 102,
          "image_filename": "question_190.png",
          "correct_option": 1,
          "sds_id": "GEN_102"
        },
        "question_103": {
          "question_number": 103,
          "image_filename": "question_2.png",
          "correct_option": 1,
          "sds_id": "GEN_103"
        },
        "question_104": {
          "question_number": 104,
          "image_filename": "question_20.png",
          "correct_option": 1,
          "sds_id": "GEN_104"
        },
        "question_105": {
          "question_number": 105,
          "image_filename": "question_21.png",
          "correct_option": 1,
          "sds_id": "GEN_105"
        },
        "question_106": {
          "question_number": 106,
          "image_filename": "question_22.png",
          "correct_option": 1,
          "sds_id": "GEN_106"
        },
        "question_107": {
          "question_number": 107,
          "image_filename": "question_23.png",
          "correct_option": 1,
          "sds_id": "GEN_107"
        },
        "question_108": {
          "question_number": 108,
          "image_filename": "question_24.png",
          "correct_option": 1,
          "sds_id": "GEN_108"
        },
        "question_109": {
          "question_number": 109,
          "image_filename": "question_25.png",
          "correct_option": 1,
          "sds_id": "GEN_109"
        },
        "question_110": {
          "question_number": 110,
          "image_filename": "question_26.png",
          "correct_option": 1,
          "sds_id": "GEN_110"
        },
        "question_111": {
          "question_number": 111,
          "image_filename": "question_27.png",
          "correct_option": 1,
          "sds_id": "GEN_111"
        },
        "question_112": {
          "question_number": 112,
          "image_filename": "question_28.png",
          "correct_option": 1,
          "sds_id": "GEN_112"
        },
        "question_113": {
          "question_number": 113,
          "image_filename": "question_29.png",
          "correct_option": 1,
          "sds_id": "GEN_113"
        },
        "question_114": {
          "question_number": 114,
          "image_filename": "question_3.png",
          "correct_option": 1,
          "sds_id": "GEN_114"
        },
        "question_115": {
          "question_number": 115,
          "image_filename": "question_30.png",
          "correct_option": 1,
          "sds_id": "GEN_115"
        },
        "question_116": {
          "question_number": 116,
          "image_filename": "question_31.png",
          "correct_option": 1,
          "sds_id": "GEN_116"
        },
        "question_117": {
          "question_number": 117,
          "image_filename": "question_32.png",
          "correct_option": 1,
          "sds_id": "GEN_117"
        },
        "question_118": {
          "question_number": 118,
          "image_filename": "question_33.png",
          "correct_option": 1,
          "sds_id": "GEN_118"
        },
        "question_119": {
          "question_number": 119,
          "image_filename": "question_34.png",
          "correct_option": 1,
          "sds_id": "GEN_119"
        },
        "question_120": {
          "question_number": 120,
          "image_filename": "question_35.png",
          "correct_option": 1,
          "sds_id": "GEN_120"
        },
        "question_121": {
          "question_number": 121,
          "image_filename": "question_36.png",
          "correct_option": 1,
          "sds_id": "GEN_121"
        },
        "question_122": {
          "question_number": 122,
          "image_filename": "question_37.png",
          "correct_option": 1,
          "sds_id": "GEN_122"
        },
        "question_123": {
          "question_number": 123,
          "image_filename": "question_38.png",
          "correct_option": 1,
          "sds_id": "GEN_123"
        },
        "question_124": {
          "question_number": 124,
          "image_filename": "question_39.png",
          "correct_option": 1,
          "sds_id": "GEN_124"
        },
        "question_125": {
          "question_number": 125,
          "image_filename": "question_4.png",
          "correct_option": 1,
          "sds_id": "GEN_125"
        },
        "question_126": {
          "question_number": 126,
          "image_filename": "question_40.png",
          "correct_option": 1,
          "sds_id": "GEN_126"
        },
        "question_127": {
          "question_number": 127,
          "image_filename": "question_41.png",
          "correct_option": 1,
          "sds_id": "GEN_127"
        },
        "question_128": {
          "question_number": 128,
          "image_filename": "question_42.png",
          "correct_option": 1,
          "sds_id": "GEN_128"
        },
        "question_129": {
          "question_number": 129,
          "image_filename": "question_43.png",
          "correct_option": 1,
          "sds_id": "GEN_129"
        },
        "question_130": {
          "question_number": 130,
          "image_filename": "question_44.png",
          "correct_option": 1,
          "sds_id": "GEN_130"
        },
        "question_131": {
          "question_number": 131,
          "image_filename": "question_45.png",
          "correct_option": 1,
          "sds_id": "GEN_131"
        },
        "question_132": {
          "question_number": 132,
          "image_filename": "question_46.png",
          "correct_option": 1,
          "sds_id": "GEN_132"
        },
        "question_133": {
          "question_number": 133,
          "image_filename": "question_47.png",
          "correct_option": 1,
          "sds_id": "GEN_133"
        },
        "question_134": {
          "question_number": 134,
          "image_filename": "question_48.png",
          "correct_option": 1,
          "sds_id": "GEN_134"
        },
        "question_135": {
          "question_number": 135,
          "image_filename": "question_49.png",
          "correct_option": 1,
          "sds_id": "GEN_135"
        },
        "question_136": {
          "question_number": 136,
          "image_filename": "question_5.png",
          "correct_option": 1,
          "sds_id": "GEN_136"
        },
        "question_137": {
          "question_number": 137,
          "image_filename": "question_50.png",
          "correct_option": 1,
          "sds_id": "GEN_137"
        },
        "question_138": {
          "question_number": 138,
          "image_filename": "question_51.png",
          "correct_option": 1,
          "sds_id": "GEN_138"
        },
        "question_139": {
          "question_number": 139,
          "image_filename": "question_52.png",
          "correct_option": 1,
          "sds_id": "GEN_139"
        },
        "question_140": {
          "question_number": 140,
          "image_filename": "question_53.png",
          "correct_option": 1,
          "sds_id": "GEN_140"
        },
        "question_141": {
          "question_number": 141,
          "image_filename": "question_54.png",
          "correct_option": 1,
          "sds_id": "GEN_141"
        },
        "question_142": {
          "question_number": 142,
          "image_filename": "question_55.png",
          "correct_option": 1,
          "sds_id": "GEN_142"
        },
        "question_143": {
          "question_number": 143,
          "image_filename": "question_56.png",
          "correct_option": 1,
          "sds_id": "GEN_143"
        },
        "question_144": {
          "question_number": 144,
          "image_filename": "question_57.png",
          "correct_option": 1,
          "sds_id": "GEN_144"
        },
        "question_145": {
          "question_number": 145,
          "image_filename": "question_58.png",
          "correct_option": 1,
          "sds_id": "GEN_145"
        },
        "question_146": {
          "question_number": 146,
          "image_filename": "question_59.png",
          "correct_option": 1,
          "sds_id": "GEN_146"
        },
        "question_147": {
          "question_number": 147,
          "image_filename": "question_6.png",
          "correct_option": 1,
          "sds_id": "GEN_147"
        },
        "question_148": {
          "question_number": 148,
          "image_filename": "question_60.png",
          "correct_option": 1,
          "sds_id": "GEN_148"
        },
        "question_149": {
          "question_number": 149,
          "image_filename": "question_61.png",
          "correct_option": 1,
          "sds_id": "GEN_149"
        },
        "question_150": {
          "question_number": 150,
          "image_filename": "question_62.png",
          "correct_option": 1,
          "sds_id": "GEN_150"
        },
        "question_151": {
          "question_number": 151,
          "image_filename": "question_63.png",
          "correct_option": 1,
          "sds_id": "GEN_151"
        },
        "question_152": {
          "question_number": 152,
          "image_filename": "question_64.png",
          "correct_option": 1,
          "sds_id": "GEN_152"
        },
        "question_153": {
          "question_number": 153,
          "image_filename": "question_65.png",
          "correct_option": 1,
          "sds_id": "GEN_153"
        },
        "question_154": {
          "question_number": 154,
          "image_filename": "question_66.png",
          "correct_option": 1,
          "sds_id": "GEN_154"
        },
        "question_155": {
          "question_number": 155,
          "image_filename": "question_67.png",
          "correct_option": 1,
          "sds_id": "GEN_155"
        },
        "question_156": {
          "question_number": 156,
          "image_filename": "question_68.png",
          "correct_option": 1,
          "sds_id": "GEN_156"
        },
        "question_157": {
          "question_number": 157,
          "image_filename": "question_69.png",
          "correct_option": 1,
          "sds_id": "GEN_157"
        },
        "question_158": {
          "question_number": 158,
          "image_filename": "question_7.png",
          "correct_option": 1,
          "sds_id": "GEN_158"
        },
        "question_159": {
          "question_number": 159,
          "image_filename": "question_70.png",
          "correct_option": 1,
          "sds_id": "GEN_159"
        },
        "question_160": {
          "question_number": 160,
          "image_filename": "question_71.png",
          "correct_option": 1,
          "sds_id": "GEN_160"
        },
        "question_161": {
          "question_number": 161,
          "image_filename": "question_72.png",
          "correct_option": 1,
          "sds_id": "GEN_161"
        },
        "question_162": {
          "question_number": 162,
          "image_filename": "question_73.png",
          "correct_option": 1,
          "sds_id": "GEN_162"
        },
        "question_163": {
          "question_number": 163,
          "image_filename": "question_74.png",
          "correct_option": 1,
          "sds_id": "GEN_163"
        },
        "question_164": {
          "question_number": 164,
          "image_filename": "question_75.png",
          "correct_option": 1,
          "sds_id": "GEN_164"
        },
        "question_165": {
          "question_number": 165,
          "image_filename": "question_76.png",
          "correct_option": 1,
          "sds_id": "GEN_165"
        },
        "question_166": {
          "question_number": 166,
          "image_filename": "question_77.png",
          "correct_option": 1,
          "sds_id": "GEN_166"
        },
        "question_167": {
          "question_number": 167,
          "image_filename": "question_78.png",
          "correct_option": 1,
          "sds_id": "GEN_167"
        },
        "question_168": {
          "question_number": 168,
          "image_filename": "question_79.png",
          "correct_option": 1,
          "sds_id": "GEN_168"
        },
        "question_169": {
          "question_number": 169,
          "image_filename": "question_8.png",
          "correct_option": 1,
          "sds_id": "GEN_169"
        },
        "question_170": {
          "question_number": 170,
          "image_filename": "question_80.png",
          "correct_option": 1,
          "sds_id": "GEN_170"
        },
        "question_171": {
          "question_number": 171,
          "image_filename": "question_81.png",
          "correct_option": 1,
          "sds_id": "GEN_171"
        },
        "question_172": {
          "question_number": 172,
          "image_filename": "question_82.png",
          "correct_option": 1,
          "sds_id": "GEN_172"
        },
        "question_173": {
          "question_number": 173,
          "image_filename": "question_83.png",
          "correct_option": 1,
          "sds_id": "GEN_173"
        },
        "question_174": {
          "question_number": 174,
          "image_filename": "question_84.png",
          "correct_option": 1,
          "sds_id": "GEN_174"
        },
        "question_175": {
          "question_number": 175,
          "image_filename": "question_85.png",
          "correct_option": 1,
          "sds_id": "GEN_175"
        },
        "question_176": {
          "question_number": 176,
          "image_filename": "question_86.png",
          "correct_option": 1,
          "sds_id": "GEN_176"
        },
        "question_177": {
          "question_number": 177,
          "image_filename": "question_87.png",
          "correct_option": 1,
          "sds_id": "GEN_177"
        },
        "question_178": {
          "question_number": 178,
          "image_filename": "question_88.png",
          "correct_option": 1,
          "sds_id": "GEN_178"
        },
        "question_179": {
          "question_number": 179,
          "image_filename": "question_89.png",
          "correct_option": 1,
          "sds_id": "GEN_179"
        },
        "question_180": {
          "question_number": 180,
          "image_filename": "question_9.png",
          "correct_option": 1,
          "sds_id": "GEN_180"
        },
        "question_181": {
          "question_number": 181,
          "image_filename": "question_90.png",
          "correct_option": 1,
          "sds_id": "GEN_181"
        },
        "question_182": {
          "question_number": 182,
          "image_filename": "question_91.png",
          "correct_option": 1,
          "sds_id": "GEN_182"
        },
        "question_183": {
          "question_number": 183,
          "image_filename": "question_92.png",
          "correct_option": 1,
          "sds_id": "GEN_183"
        },
        "question_184": {
          "question_number": 184,
          "image_filename": "question_93.png",
          "correct_option": 1,
          "sds_id": "GEN_184"
        },
        "question_185": {
          "question_number": 185,
          "image_filename": "question_94.png",
          "correct_option": 1,
          "sds_id": "GEN_185"
        },
        "question_186": {
          "question_number": 186,
          "image_filename": "question_95.png",
          "correct_option": 1,
          "sds_id": "GEN_186"
        },
        "question_187": {
          "question_number": 187,
          "image_filename": "question_96.png",
          "correct_option": 1,
          "sds_id": "GEN_187"
        },
        "question_188": {
          "question_number": 188,
          "image_filename": "question_97.png",
          "correct_option": 1,
          "sds_id": "GEN_188"
        },
        "question_189": {
          "question_number": 189,
          "image_filename": "question_98.png",
          "correct_option": 1,
          "sds_id": "GEN_189"
        },
        "question_190": {
          "question_number": 190,
          "image_filename": "question_99.png",
          "correct_option": 1,
          "sds_id": "GEN_190"
        }
      }
    },
    "Molecular Basis of Inheritance (LEVEL 3 MCQs)": {
      "name": "Molecular Basis of Inheritance (LEVEL 3 MCQs)",
      "path": "Molecular Basis of Inheritance (LEVEL 3 MCQs)/",
      "questions": {
        "question_1": {
          "question_number": 1,
          "image_filename": "question_1.png",
          "correct_option": 1,
          "sds_id": "GEN_1"
        },
        "question_2": {
          "question_number": 2,
          "image_filename": "question_10.png",
          "correct_option": 1,
          "sds_id": "GEN_2"
        },
        "question_3": {
          "question_number": 3,
          "image_filename": "question_11.png",
          "correct_option": 1,
          "sds_id": "GEN_3"
        },
        "question_4": {
          "question_number": 4,
          "image_filename": "question_12.png",
          "correct_option": 1,
          "sds_id": "GEN_4"
        },
        "question_5": {
          "question_number": 5,
          "image_filename": "question_13.png",
          "correct_option": 1,
          "sds_id": "GEN_5"
        },
        "question_6": {
          "question_number": 6,
          "image_filename": "question_14.png",
          "correct_option": 1,
          "sds_id": "GEN_6"
        },
        "question_7": {
          "question_number": 7,
          "image_filename": "question_15.png",
          "correct_option": 1,
          "sds_id": "GEN_7"
        },
        "question_8": {
          "question_number": 8,
          "image_filename": "question_16.png",
          "correct_option": 1,
          "sds_id": "GEN_8"
        },
        "question_9": {
          "question_number": 9,
          "image_filename": "question_17.png",
          "correct_option": 1,
          "sds_id": "GEN_9"
        },
        "question_10": {
          "question_number": 10,
          "image_filename": "question_18.png",
          "correct_option": 1,
          "sds_id": "GEN_10"
        },
        "question_11": {
          "question_number": 11,
          "image_filename": "question_19.png",
          "correct_option": 1,
          "sds_id": "GEN_11"
        },
        "question_12": {
          "question_number": 12,
          "image_filename": "question_2.png",
          "correct_option": 1,
          "sds_id": "GEN_12"
        },
        "question_13": {
          "question_number": 13,
          "image_filename": "question_20.png",
          "correct_option": 1,
          "sds_id": "GEN_13"
        },
        "question_14": {
          "question_number": 14,
          "image_filename": "question_21.png",
          "correct_option": 1,
          "sds_id": "GEN_14"
        },
        "question_15": {
          "question_number": 15,
          "image_filename": "question_22.png",
          "correct_option": 1,
          "sds_id": "GEN_15"
        },
        "question_16": {
          "question_number": 16,
          "image_filename": "question_23.png",
          "correct_option": 1,
          "sds_id": "GEN_16"
        },
        "question_17": {
          "question_number": 17,
          "image_filename": "question_24.png",
          "correct_option": 1,
          "sds_id": "GEN_17"
        },
        "question_18": {
          "question_number": 18,
          "image_filename": "question_25.png",
          "correct_option": 1,
          "sds_id": "GEN_18"
        },
        "question_19": {
          "question_number": 19,
          "image_filename": "question_26.png",
          "correct_option": 1,
          "sds_id": "GEN_19"
        },
        "question_20": {
          "question_number": 20,
          "image_filename": "question_3.png",
          "correct_option": 1,
          "sds_id": "GEN_20"
        },
        "question_21": {
          "question_number": 21,
          "image_filename": "question_4.png",
          "correct_option": 1,
          "sds_id": "GEN_21"
        },
        "question_22": {
          "question_number": 22,
          "image_filename": "question_5.png",
          "correct_option": 1,
          "sds_id": "GEN_22"
        },
        "question_23": {
          "question_number": 23,
          "image_filename": "question_6.png",
          "correct_option": 1,
          "sds_id": "GEN_23"
        },
        "question_24": {
          "question_number": 24,
          "image_filename": "question_7.png",
          "correct_option": 1,
          "sds_id": "GEN_24"
        },
        "question_25": {
          "question_number": 25,
          "image_filename": "question_8.png",
          "correct_option": 1,
          "sds_id": "GEN_25"
        },
        "question_26": {
          "question_number": 26,
          "image_filename": "question_9.png",
          "correct_option": 1,
          "sds_id": "GEN_26"
        }
      }
    }
  },
  "type": "multi_set"
}