{
  "chapter_name": "12 Ecosystem",
  "sets": {
    "Level 1": {
      "name": "Level 1",
      "path": "Level 1/",
      "questions": {
        "question_1": {
          "question_number": 1,
          "correct_option": 4,
          "sds_id": "SDS17C8",
          "subtopic": "Introduction",
          "image_filename": "question_1.png",
          "captured": true,
          "explanation": [
            "https://d1iljb9ao69244.cloudfront.net/question_explanations_358109_1672146068466.ogg"
          ]
        },
        "question_2": {
          "question_number": 2,
          "correct_option": 2,
          "sds_id": "SDS17C9",
          "subtopic": "Introduction",
          "image_filename": "question_2.png",
          "captured": true,
          "explanation": [
            "https://d1iljb9ao69244.cloudfront.net/413814_1706410952205_2.ogg"
          ]
        },
        "question_3": {
          "question_number": 3,
          "correct_option": 3,
          "sds_id": "SDS17CA",
          "subtopic": "Introduction",
          "image_filename": "question_3.png",
          "captured": true,
          "explanation": [
            "https://d1iljb9ao69244.cloudfront.net/405933_1704532010601_57.ogg"
          ]
        },
        "question_4": {
          "question_number": 4,
          "correct_option": 1,
          "sds_id": "SDS17CB",
          "subtopic": "Introduction",
          "image_filename": "question_4.png",
          "captured": true,
          "explanation": [
            "https://d1iljb9ao69244.cloudfront.net/417418_1707650267154_97.ogg"
          ]
        },
        "question_5": {
          "question_number": 5,
          "correct_option": 3,
          "sds_id": "SDS17CC",
          "subtopic": "Components & Types of Ecosystems",
          "image_filename": "question_5.png",
          "captured": true,
          "explanation": [
            "https://d1iljb9ao69244.cloudfront.net/417422_1707502219316_17.ogg"
          ]
        },
        "question_6": {
          "question_number": 6,
          "correct_option": 2,
          "sds_id": "SDS17CD",
          "subtopic": "Components & Types of Ecosystems",
          "image_filename": "question_6.png",
          "captured": true,
          "explanation": [
            "https://d1iljb9ao69244.cloudfront.net/430026_1710822556033_30.ogg"
          ]
        },
        "question_7": {
          "question_number": 7,
          "correct_option": 3,
          "sds_id": "SDS17CE",
          "subtopic": "Components & Types of Ecosystems",
          "image_filename": "question_7.png",
          "captured": true,
          "explanation": [
            "https://d1iljb9ao69244.cloudfront.net/417427_1707502879640_22.ogg"
          ]
        },
        "question_8": {
          "question_number": 8,
          "correct_option": 4,
          "sds_id": "SDS17CF",
          "subtopic": "Components & Types of Ecosystems",
          "image_filename": "question_8.png",
          "captured": true,
          "explanation": [
            "https://d2f8z173p7073l.cloudfront.net/1588068495528"
          ]
        },
        "question_9": {
          "question_number": 9,
          "correct_option": 3,
          "sds_id": "SDS17D0",
          "subtopic": "Ecosystem Productivity",
          "image_filename": "question_9.png",
          "captured": true,
          "explanation": [
            "https://d1iljb9ao69244.cloudfront.net/405937_1704532027751_58.ogg"
          ]
        },
        "question_10": {
          "question_number": 10,
          "correct_option": 1,
          "sds_id": "SDS17D1",
          "subtopic": "Ecosystem Productivity",
          "image_filename": "question_10.png",
          "captured": true,
          "explanation": [
            "https://d1iljb9ao69244.cloudfront.net/413818_1706411015671_6.ogg"
          ]
        },
        "question_11": {
          "question_number": 11,
          "correct_option": 3,
          "sds_id": "SDS17D2",
          "subtopic": "Ecosystem Productivity",
          "image_filename": "question_11.png",
          "captured": true,
          "explanation": [
            "https://d2f8z173p7073l.cloudfront.net/1551540227967"
          ]
        },
        "question_12": {
          "question_number": 12,
          "correct_option": 1,
          "sds_id": "SDS17D3",
          "subtopic": "Ecosystem Productivity",
          "image_filename": "question_12.png",
          "captured": true,
          "explanation": [
            "https://d2f8z173p7073l.cloudfront.net/1551642677898"
          ]
        },
        "question_13": {
          "question_number": 13,
          "correct_option": 2,
          "sds_id": "SDS17D4",
          "subtopic": "Ecosystem Productivity",
          "image_filename": "question_13.png",
          "captured": true,
          "explanation": [
            "https://d2f8z173p7073l.cloudfront.net/1551693355808"
          ]
        },
        "question_14": {
          "question_number": 14,
          "correct_option": 4,
          "sds_id": "SDS17D5",
          "subtopic": "Ecosystem Productivity",
          "image_filename": "question_14.png",
          "captured": true,
          "explanation": [
            "https://d2f8z173p7073l.cloudfront.net/1551642753549"
          ]
        },
        "question_15": {
          "question_number": 15,
          "correct_option": 2,
          "sds_id": "SDS17D6",
          "subtopic": "Ecosystem Productivity",
          "image_filename": "question_15.png",
          "captured": true,
          "explanation": [
            "https://d2f8z173p7073l.cloudfront.net/1551540380492"
          ]
        },
        "question_16": {
          "question_number": 16,
          "correct_option": 3,
          "sds_id": "SDS17D7",
          "subtopic": "Ecosystem Productivity",
          "image_filename": "question_16.png",
          "captured": true,
          "explanation": [
            "https://d2f8z173p7073l.cloudfront.net/1551642715676",
            "https://www.youtube.com/embed/D8o5_riEnRI?rel=0&amp;modestbranding=1&amp;loop=1&amp;playlist=D8o5_riEnRI&amp;start=2442&amp;end=2459",
            "https://www.youtube.com/embed/D8o5_riEnRI?rel=0&modestbranding=1&loop=1&playlist=D8o5_riEnRI&start=2442&end=2459"
          ]
        },
        "question_17": {
          "question_number": 17,
          "correct_option": 2,
          "sds_id": "SDS17D8",
          "subtopic": "Ecosystem Productivity",
          "image_filename": "question_17.png",
          "captured": true,
          "explanation": [
            "https://d1iljb9ao69244.cloudfront.net/405590_1704522623227_18.ogg"
          ]
        },
        "question_18": {
          "question_number": 18,
          "correct_option": 3,
          "sds_id": "SDS17D9",
          "subtopic": "Ecosystem Productivity",
          "image_filename": "question_18.png",
          "captured": true,
          "explanation": [
            "https://d1iljb9ao69244.cloudfront.net/413819_1706452512306_WhatsApp%20Ptt%202024-01-28%20at%208.04.45%20PM.ogg",
            "https://d1iljb9ao69244.cloudfront.net/413819_1706452512306_WhatsApp"
          ]
        },
        "question_19": {
          "question_number": 19,
          "correct_option": 1,
          "sds_id": "SDS17DA",
          "subtopic": "Ecosystem Productivity",
          "image_filename": "question_19.png",
          "captured": true,
          "explanation": [
            "https://d1iljb9ao69244.cloudfront.net/417444_1707538055482_45.ogg"
          ]
        },
        "question_20": {
          "question_number": 20,
          "correct_option": 1,
          "sds_id": "SDS17DB",
          "subtopic": "Ecosystem Productivity",
          "image_filename": "question_20.png",
          "captured": true,
          "explanation": [
            "https://d1iljb9ao69244.cloudfront.net/417366_1707648236203_45.ogg"
          ]
        },
        "question_21": {
          "question_number": 21,
          "correct_option": 2,
          "sds_id": "SDS17DC",
          "subtopic": "Ecosystem Productivity",
          "image_filename": "question_21.png",
          "captured": true,
          "explanation": [
            "https://d1iljb9ao69244.cloudfront.net/447701_1713345746830_33.ogg"
          ]
        },
        "question_22": {
          "question_number": 22,
          "correct_option": 1,
          "sds_id": "SDS17DD",
          "subtopic": "Ecosystem Productivity",
          "image_filename": "question_22.png",
          "captured": true,
          "explanation": [
            "https://d1iljb9ao69244.cloudfront.net/452100_1714301111019_33.ogg"
          ]
        },
        "question_23": {
          "question_number": 23,
          "correct_option": 2,
          "sds_id": "SDS17DE",
          "subtopic": "Ecosystem Productivity",
          "image_filename": "question_23.png",
          "captured": true,
          "explanation": [
            "https://d2f8z173p7073l.cloudfront.net/1631437946083",
            "https://www.youtube-nocookie.com/embed/dzf2K2Zjx24?rel=0"
          ]
        },
        "question_24": {
          "question_number": 24,
          "correct_option": 3,
          "sds_id": "SDS17DF",
          "subtopic": "Energy Flow",
          "image_filename": "question_24.png",
          "captured": true,
          "explanation": [
            "https://d1iljb9ao69244.cloudfront.net/413817_1706411004506_5.ogg"
          ]
        },
        "question_25": {
          "question_number": 25,
          "correct_option": 4,
          "sds_id": "SDS17E0",
          "subtopic": "Energy Flow",
          "image_filename": "question_25.png",
          "captured": true,
          "explanation": [
            "https://d1iljb9ao69244.cloudfront.net/405591_1704522637339_19.ogg"
          ]
        },
        "question_26": {
          "question_number": 26,
          "correct_option": 1,
          "sds_id": "SDS17E1",
          "subtopic": "Energy Flow",
          "image_filename": "question_26.png",
          "captured": true,
          "explanation": [
            "https://d1iljb9ao69244.cloudfront.net/405944_1704532199700_61.ogg"
          ]
        },
        "question_27": {
          "question_number": 27,
          "correct_option": 1,
          "sds_id": "SDS17E2",
          "subtopic": "Energy Flow",
          "image_filename": "question_27.png",
          "captured": true,
          "explanation": [
            "https://d1iljb9ao69244.cloudfront.net/405945_1704532217461_62.ogg"
          ]
        },
        "question_28": {
          "question_number": 28,
          "correct_option": 4,
          "sds_id": "SDS17E3",
          "subtopic": "Energy Flow",
          "image_filename": "question_28.png",
          "captured": true,
          "explanation": [
            "https://d1iljb9ao69244.cloudfront.net/405946_1704532234523_63.ogg"
          ]
        },
        "question_29": {
          "question_number": 29,
          "correct_option": 2,
          "sds_id": "SDS17E4",
          "subtopic": "Energy Flow",
          "image_filename": "question_29.png",
          "captured": true,
          "explanation": [
            "https://d1iljb9ao69244.cloudfront.net/413830_1706411225765_18.ogg"
          ]
        },
        "question_30": {
          "question_number": 30,
          "correct_option": 1,
          "sds_id": "SDS17E5",
          "subtopic": "Energy Flow",
          "image_filename": "question_30.png",
          "captured": true,
          "explanation": [
            "https://d1iljb9ao69244.cloudfront.net/413829_1706411210951_17.ogg"
          ]
        },
        "question_31": {
          "question_number": 31,
          "correct_option": 4,
          "sds_id": "SDS17E6",
          "subtopic": "Energy Flow",
          "image_filename": "question_31.png",
          "captured": true,
          "explanation": [
            "https://d2f8z173p7073l.cloudfront.net/1551643427732"
          ]
        },
        "question_32": {
          "question_number": 32,
          "correct_option": 1,
          "sds_id": "SDS17E7",
          "subtopic": "Energy Flow",
          "image_filename": "question_32.png",
          "captured": true,
          "explanation": [
            "https://d2f8z173p7073l.cloudfront.net/1551643294886"
          ]
        },
        "question_33": {
          "question_number": 33,
          "correct_option": 1,
          "sds_id": "SDS17E8",
          "subtopic": "Energy Flow",
          "image_filename": "question_33.png",
          "captured": true,
          "explanation": [
            "https://d2f8z173p7073l.cloudfront.net/1549003710044",
            "https://www.youtube-nocookie.com/embed/1iTyA4DAoo4?rel=0"
          ]
        },
        "question_34": {
          "question_number": 34,
          "correct_option": 1,
          "sds_id": "SDS17E9",
          "subtopic": "Energy Flow",
          "image_filename": "question_34.png",
          "captured": true,
          "explanation": [
            "https://d1iljb9ao69244.cloudfront.net/405948_1704532266427_65.ogg"
          ]
        },
        "question_35": {
          "question_number": 35,
          "correct_option": 4,
          "sds_id": "SDS17EA",
          "subtopic": "Energy Flow",
          "image_filename": "question_35.png",
          "captured": true,
          "explanation": [
            "https://d1iljb9ao69244.cloudfront.net/446642_1713094679397_35.ogg"
          ]
        },
        "question_36": {
          "question_number": 36,
          "correct_option": 4,
          "sds_id": "SDS17EB",
          "subtopic": "Energy Flow",
          "image_filename": "question_36.png",
          "captured": true,
          "explanation": [
            "https://d1iljb9ao69244.cloudfront.net/405950_1704532297810_67.ogg"
          ]
        },
        "question_37": {
          "question_number": 37,
          "correct_option": 3,
          "sds_id": "SDS17EC",
          "subtopic": "Energy Flow",
          "image_filename": "question_37.png",
          "captured": true,
          "explanation": [
            "https://d1iljb9ao69244.cloudfront.net/413831_1706411243032_19.ogg"
          ]
        },
        "question_38": {
          "question_number": 38,
          "correct_option": 3,
          "sds_id": "SDS17ED",
          "subtopic": "Energy Flow",
          "image_filename": "question_38.png",
          "captured": true,
          "explanation": [
            "https://d1iljb9ao69244.cloudfront.net/450712_1714039653498_34.ogg"
          ]
        },
        "question_39": {
          "question_number": 39,
          "correct_option": 2,
          "sds_id": "SDS17EE",
          "subtopic": "Energy Flow",
          "image_filename": "question_39.png",
          "captured": true,
          "explanation": [
            "https://d2f8z173p7073l.cloudfront.net/1551643386768"
          ]
        },
        "question_40": {
          "question_number": 40,
          "correct_option": 3,
          "sds_id": "SDS17EF",
          "subtopic": "Energy Flow",
          "image_filename": "question_40.png",
          "captured": true,
          "explanation": [
            "https://d2f8z173p7073l.cloudfront.net/1551540963609"
          ]
        },
        "question_41": {
          "question_number": 41,
          "correct_option": 3,
          "sds_id": "SDS17F0",
          "subtopic": "Energy Flow",
          "image_filename": "question_41.png",
          "captured": true,
          "explanation": [
            "https://d1iljb9ao69244.cloudfront.net/422302_1709059811173_32.ogg"
          ]
        },
        "question_42": {
          "question_number": 42,
          "correct_option": 3,
          "sds_id": "SDS17F1",
          "subtopic": "Energy Flow",
          "image_filename": "question_42.png",
          "captured": true,
          "explanation": [
            "https://d1iljb9ao69244.cloudfront.net/442384_1712911340264_32.ogg"
          ]
        },
        "question_43": {
          "question_number": 43,
          "correct_option": 4,
          "sds_id": "SDS17F2",
          "subtopic": "Ecological Flow",
          "image_filename": "question_43.png",
          "captured": true,
          "explanation": [
            "https://d1iljb9ao69244.cloudfront.net/417446_1707538081860_47.ogg"
          ]
        },
        "question_44": {
          "question_number": 44,
          "correct_option": 1,
          "sds_id": "SDS17F3",
          "subtopic": "Ecological Pyramids",
          "image_filename": "question_44.png",
          "captured": true,
          "explanation": [
            "https://d1iljb9ao69244.cloudfront.net/405953_1704532343699_70.ogg"
          ]
        },
        "question_45": {
          "question_number": 45,
          "correct_option": 3,
          "sds_id": "SDS17F4",
          "subtopic": "Ecological Pyramids",
          "image_filename": "question_45.png",
          "captured": true,
          "explanation": [
            "https://d2f8z173p7073l.cloudfront.net/1551643637419"
          ]
        },
        "question_46": {
          "question_number": 46,
          "correct_option": 3,
          "sds_id": "SDS17F5",
          "subtopic": "Ecological Pyramids",
          "image_filename": "question_46.png",
          "captured": true,
          "explanation": [
            "https://d2f8z173p7073l.cloudfront.net/1551540440487"
          ]
        },
        "question_47": {
          "question_number": 47,
          "correct_option": 1,
          "sds_id": "SDS17F6",
          "subtopic": "Ecological Pyramids",
          "image_filename": "question_47.png",
          "captured": true,
          "explanation": [
            "https://d1iljb9ao69244.cloudfront.net/question_explanations_184057_1672145477272.ogg"
          ]
        },
        "question_48": {
          "question_number": 48,
          "correct_option": 2,
          "sds_id": "SDS17F7",
          "subtopic": "Ecological Pyramids",
          "image_filename": "question_48.png",
          "captured": true,
          "explanation": [
            "https://d2f8z173p7073l.cloudfront.net/1551695071720"
          ]
        },
        "question_49": {
          "question_number": 49,
          "correct_option": 2,
          "sds_id": "SDS17F8",
          "subtopic": "Ecological Pyramids",
          "image_filename": "question_49.png",
          "captured": true,
          "explanation": [
            "https://d1iljb9ao69244.cloudfront.net/62380_1712042778594_50.ogg",
            "https://d2f8z173p7073l.cloudfront.net/1549003764316",
            "https://www.youtube-nocookie.com/embed/AdbkV0Kk7A0?rel=0"
          ]
        },
        "question_50": {
          "question_number": 50,
          "correct_option": 1,
          "sds_id": "SDS17F9",
          "subtopic": "Ecological Pyramids",
          "image_filename": "question_50.png",
          "captured": true,
          "explanation": [
            "https://d1iljb9ao69244.cloudfront.net/405595_1704522916922_22.ogg"
          ]
        },
        "question_51": {
          "question_number": 51,
          "correct_option": 4,
          "sds_id": "SDS17FA",
          "subtopic": "Ecological Pyramids",
          "image_filename": "question_51.png",
          "captured": true,
          "explanation": [
            "https://d1iljb9ao69244.cloudfront.net/405959_1704532514567_73.ogg"
          ]
        },
        "question_52": {
          "question_number": 52,
          "correct_option": 3,
          "sds_id": "SDS17FB",
          "subtopic": "Ecological Pyramids",
          "image_filename": "question_52.png",
          "captured": true,
          "explanation": [
            "https://d1iljb9ao69244.cloudfront.net/413833_1706411297364_21.ogg",
            "https://d2f8z173p7073l.cloudfront.net/1706410500680"
          ]
        },
        "question_53": {
          "question_number": 53,
          "correct_option": 3,
          "sds_id": "SDS17FC",
          "subtopic": "Ecological Pyramids",
          "image_filename": "question_53.png",
          "captured": true,
          "explanation": [
            "https://d1iljb9ao69244.cloudfront.net/413837_1706411357812_25.ogg"
          ]
        },
        "question_54": {
          "question_number": 54,
          "correct_option": 3,
          "sds_id": "SDS17FD",
          "subtopic": "Ecological Pyramids",
          "image_filename": "question_54.png",
          "captured": true,
          "explanation": [
            "https://d1iljb9ao69244.cloudfront.net/417350_1707641253656_23.ogg"
          ]
        },
        "question_55": {
          "question_number": 55,
          "correct_option": 1,
          "sds_id": "SDS17FE",
          "subtopic": "Ecological Pyramids",
          "image_filename": "question_55.png",
          "captured": true,
          "explanation": [
            "https://d1iljb9ao69244.cloudfront.net/417364_1707648207755_43.ogg"
          ]
        },
        "question_56": {
          "question_number": 56,
          "correct_option": 3,
          "sds_id": "SDS17FF",
          "subtopic": "Ecological Pyramids",
          "image_filename": "question_56.png",
          "captured": true,
          "explanation": [
            "https://d1iljb9ao69244.cloudfront.net/447713_1713346738573_45.ogg"
          ]
        },
        "question_57": {
          "question_number": 57,
          "correct_option": 1,
          "sds_id": "SDS1800",
          "subtopic": "Ecological Pyramids",
          "image_filename": "question_57.png",
          "captured": true,
          "explanation": [
            "https://d1iljb9ao69244.cloudfront.net/417368_1707648260397_47.ogg"
          ]
        },
        "question_58": {
          "question_number": 58,
          "correct_option": 1,
          "sds_id": "SDS1801",
          "subtopic": "Decomposition",
          "image_filename": "question_58.png",
          "captured": true,
          "explanation": [
            "https://d1iljb9ao69244.cloudfront.net/405941_1704532042464_59.ogg"
          ]
        },
        "question_59": {
          "question_number": 59,
          "correct_option": 3,
          "sds_id": "SDS1802",
          "subtopic": "Decomposition",
          "image_filename": "question_59.png",
          "captured": true,
          "explanation": [
            "https://d1iljb9ao69244.cloudfront.net/413822_1706411077256_10.ogg"
          ]
        },
        "question_60": {
          "question_number": 60,
          "correct_option": 4,
          "sds_id": "SDS1803",
          "subtopic": "Decomposition",
          "image_filename": "question_60.png",
          "captured": true,
          "explanation": [
            "https://d1iljb9ao69244.cloudfront.net/413824_1706411130800_12.ogg"
          ]
        },
        "question_61": {
          "question_number": 61,
          "correct_option": 1,
          "sds_id": "SDS1804",
          "subtopic": "Decomposition",
          "image_filename": "question_61.png",
          "captured": true,
          "explanation": [
            "https://d1iljb9ao69244.cloudfront.net/413823_1706411118406_11.ogg"
          ]
        },
        "question_62": {
          "question_number": 62,
          "correct_option": 3,
          "sds_id": "SDS1805",
          "subtopic": "Decomposition",
          "image_filename": "question_62.png",
          "captured": true,
          "explanation": [
            "https://d2f8z173p7073l.cloudfront.net/1551695617660"
          ]
        },
        "question_63": {
          "question_number": 63,
          "correct_option": 3,
          "sds_id": "SDS1806",
          "subtopic": "Decomposition",
          "image_filename": "question_63.png",
          "captured": true,
          "explanation": [
            "https://d1iljb9ao69244.cloudfront.net/413825_1706411156567_13.ogg"
          ]
        },
        "question_64": {
          "question_number": 64,
          "correct_option": 3,
          "sds_id": "SDS1807",
          "subtopic": "Decomposition",
          "image_filename": "question_64.png",
          "captured": true,
          "explanation": [
            "https://d1iljb9ao69244.cloudfront.net/question_explanations_184054_1672657610800.ogg"
          ]
        },
        "question_65": {
          "question_number": 65,
          "correct_option": 1,
          "sds_id": "SDS1808",
          "subtopic": "Decomposition",
          "image_filename": "question_65.png",
          "captured": true,
          "explanation": [
            "https://d1iljb9ao69244.cloudfront.net/243365_1621687809689_48.ogg"
          ]
        },
        "question_66": {
          "question_number": 66,
          "correct_option": 2,
          "sds_id": "SDS1809",
          "subtopic": "Decomposition",
          "image_filename": "question_66.png",
          "captured": true,
          "explanation": [
            "https://d1iljb9ao69244.cloudfront.net/452143_1714303213318_50.ogg"
          ]
        },
        "question_67": {
          "question_number": 67,
          "correct_option": 1,
          "sds_id": "SDS180A",
          "subtopic": "Decomposition",
          "image_filename": "question_67.png",
          "captured": true,
          "explanation": [
            "https://d2f8z173p7073l.cloudfront.net/1551540063256"
          ]
        },
        "question_68": {
          "question_number": 68,
          "correct_option": 1,
          "sds_id": "SDS180B",
          "subtopic": "Decomposition",
          "image_filename": "question_68.png",
          "captured": true,
          "explanation": [
            "https://d2f8z173p7073l.cloudfront.net/1551642836717"
          ]
        },
        "question_69": {
          "question_number": 69,
          "correct_option": 1,
          "sds_id": "SDS180C",
          "subtopic": "Decomposition",
          "image_filename": "question_69.png",
          "captured": true,
          "explanation": [
            "https://d1iljb9ao69244.cloudfront.net/417445_1707538069217_46.ogg"
          ]
        },
        "question_70": {
          "question_number": 70,
          "correct_option": 2,
          "sds_id": "SDS180D",
          "subtopic": "Decomposition",
          "image_filename": "question_70.png",
          "captured": true,
          "explanation": [
            "https://d1iljb9ao69244.cloudfront.net/447702_1713345759990_34.ogg"
          ]
        },
        "question_71": {
          "question_number": 71,
          "correct_option": 3,
          "sds_id": "SDS180E",
          "subtopic": "Decomposition",
          "image_filename": "question_71.png",
          "captured": true,
          "explanation": [
            "https://d1iljb9ao69244.cloudfront.net/431618_1711174844863_48.ogg"
          ]
        },
        "question_72": {
          "question_number": 72,
          "correct_option": 3,
          "sds_id": "SDS180F",
          "subtopic": "Decomposition",
          "image_filename": "question_72.png",
          "captured": true,
          "explanation": [
            "https://d1iljb9ao69244.cloudfront.net/426639_1709888203325_28.ogg"
          ]
        },
        "question_73": {
          "question_number": 73,
          "correct_option": 2,
          "sds_id": "SDS1810",
          "subtopic": "Decomposition",
          "image_filename": "question_73.png",
          "captured": true,
          "explanation": [
            "https://d1iljb9ao69244.cloudfront.net/417347_1707641023131_20.ogg"
          ]
        },
        "question_74": {
          "question_number": 74,
          "correct_option": 2,
          "sds_id": "SDS1811",
          "subtopic": "Decomposition",
          "image_filename": "question_74.png",
          "captured": true,
          "explanation": [
            "https://d1iljb9ao69244.cloudfront.net/417348_1707641225798_21.ogg"
          ]
        },
        "question_75": {
          "question_number": 75,
          "correct_option": 2,
          "sds_id": "SDS1812",
          "subtopic": "Decomposition",
          "image_filename": "question_75.png",
          "captured": true,
          "explanation": [
            "https://d1iljb9ao69244.cloudfront.net/417426_1707502866494_21.ogg"
          ]
        },
        "question_76": {
          "question_number": 76,
          "correct_option": 3,
          "sds_id": "SDS1813",
          "subtopic": "Nutrient Cycling",
          "image_filename": "question_76.png",
          "captured": true,
          "explanation": [
            "https://d1iljb9ao69244.cloudfront.net/question_explanations_163721_1672145274055.ogg"
          ]
        }
      }
    },
    "Level 2": {
      "name": "Level 2",
      "path": "Level 2/",
      "questions": {
        "question_1": {
          "question_number": 1,
          "correct_option": 3,
          "sds_id": "SDS182D",
          "subtopic": "Introduction",
          "image_filename": "question_1.png",
          "captured": true,
          "explanation": [
            "https://d2f8z173p7073l.cloudfront.net/1551539110477"
          ]
        },
        "question_2": {
          "question_number": 2,
          "correct_option": 2,
          "sds_id": "SDS182E",
          "subtopic": "Introduction",
          "image_filename": "question_2.png",
          "captured": true,
          "explanation": [
            "https://d2f8z173p7073l.cloudfront.net/1551539392079"
          ]
        },
        "question_3": {
          "question_number": 3,
          "correct_option": 2,
          "sds_id": "SDS182F",
          "subtopic": "Introduction",
          "image_filename": "question_3.png",
          "captured": true,
          "explanation": [
            "https://d2f8z173p7073l.cloudfront.net/1551539280082"
          ]
        },
        "question_4": {
          "question_number": 4,
          "correct_option": 1,
          "sds_id": "SDS1830",
          "subtopic": "Components & Types of Ecosystems",
          "image_filename": "question_4.png",
          "captured": true,
          "explanation": [
            "https://d2f8z173p7073l.cloudfront.net/1551695412883"
          ]
        },
        "question_5": {
          "question_number": 5,
          "correct_option": 3,
          "sds_id": "SDS1831",
          "subtopic": "Components & Types of Ecosystems",
          "image_filename": "question_5.png",
          "captured": true,
          "explanation": [
            "https://d2f8z173p7073l.cloudfront.net/1551531785541"
          ]
        },
        "question_6": {
          "question_number": 6,
          "correct_option": 4,
          "sds_id": "SDS1832",
          "subtopic": "Components & Types of Ecosystems",
          "image_filename": "question_6.png",
          "captured": true,
          "explanation": [
            "https://d2f8z173p7073l.cloudfront.net/1551539507280"
          ]
        },
        "question_7": {
          "question_number": 7,
          "correct_option": 4,
          "sds_id": "SDS1833",
          "subtopic": "Components & Types of Ecosystems",
          "image_filename": "question_7.png",
          "captured": true,
          "explanation": [
            "https://d2f8z173p7073l.cloudfront.net/1551695901071"
          ]
        },
        "question_8": {
          "question_number": 8,
          "correct_option": 4,
          "sds_id": "SDS1834",
          "subtopic": "Components & Types of Ecosystems",
          "image_filename": "question_8.png",
          "captured": true,
          "explanation": [
            "https://d2f8z173p7073l.cloudfront.net/1551533137490"
          ]
        },
        "question_9": {
          "question_number": 9,
          "correct_option": 1,
          "sds_id": "SDS1835",
          "subtopic": "Components & Types of Ecosystems",
          "image_filename": "question_9.png",
          "captured": true,
          "explanation": [
            "https://d2f8z173p7073l.cloudfront.net/1551539480076"
          ]
        },
        "question_10": {
          "question_number": 10,
          "correct_option": 3,
          "sds_id": "SDS1836",
          "subtopic": "Components & Types of Ecosystems",
          "image_filename": "question_10.png",
          "captured": true,
          "explanation": [
            "https://d2f8z173p7073l.cloudfront.net/1551535215686"
          ]
        },
        "question_11": {
          "question_number": 11,
          "correct_option": 4,
          "sds_id": "SDS1837",
          "subtopic": "Components & Types of Ecosystems",
          "image_filename": "question_11.png",
          "captured": true,
          "explanation": [
            "https://d2f8z173p7073l.cloudfront.net/1551532495397"
          ]
        },
        "question_12": {
          "question_number": 12,
          "correct_option": 4,
          "sds_id": "SDS1838",
          "subtopic": "Components & Types of Ecosystems",
          "image_filename": "question_12.png",
          "captured": true,
          "explanation": [
            "https://d2f8z173p7073l.cloudfront.net/1551533752220"
          ]
        },
        "question_13": {
          "question_number": 13,
          "correct_option": 1,
          "sds_id": "SDS1839",
          "subtopic": "Components & Types of Ecosystems",
          "image_filename": "question_13.png",
          "captured": true,
          "explanation": [
            "https://d2f8z173p7073l.cloudfront.net/1551535153759"
          ]
        },
        "question_14": {
          "question_number": 14,
          "correct_option": 4,
          "sds_id": "SDS183A",
          "subtopic": "Ecosystem Productivity",
          "image_filename": "question_14.png",
          "captured": true,
          "explanation": [
            "https://d2f8z173p7073l.cloudfront.net/1551695350321"
          ]
        },
        "question_15": {
          "question_number": 15,
          "correct_option": 3,
          "sds_id": "SDS183B",
          "subtopic": "Ecosystem Productivity",
          "image_filename": "question_15.png",
          "captured": true,
          "explanation": [
            "https://d2f8z173p7073l.cloudfront.net/1551636995167"
          ]
        },
        "question_16": {
          "question_number": 16,
          "correct_option": 4,
          "sds_id": "SDS183C",
          "subtopic": "Ecosystem Productivity",
          "image_filename": "question_16.png",
          "captured": true,
          "explanation": [
            "https://d2f8z173p7073l.cloudfront.net/1551695324821"
          ]
        },
        "question_17": {
          "question_number": 17,
          "correct_option": 2,
          "sds_id": "SDS183D",
          "subtopic": "Ecosystem Productivity",
          "image_filename": "question_17.png",
          "captured": true,
          "explanation": [
            "https://d2f8z173p7073l.cloudfront.net/1551637280092"
          ]
        },
        "question_18": {
          "question_number": 18,
          "correct_option": 2,
          "sds_id": "SDS183E",
          "subtopic": "Ecosystem Productivity",
          "image_filename": "question_18.png",
          "captured": true,
          "explanation": [
            "https://d2f8z173p7073l.cloudfront.net/1551637351685"
          ]
        },
        "question_19": {
          "question_number": 19,
          "correct_option": 1,
          "sds_id": "SDS183F",
          "subtopic": "Ecosystem Productivity",
          "image_filename": "question_19.png",
          "captured": true,
          "explanation": [
            "https://d2f8z173p7073l.cloudfront.net/1551539219968"
          ]
        },
        "question_20": {
          "question_number": 20,
          "correct_option": 1,
          "sds_id": "SDS1840",
          "subtopic": "Ecosystem Productivity",
          "image_filename": "question_20.png",
          "captured": true,
          "explanation": [
            "https://d2f8z173p7073l.cloudfront.net/1551531863458"
          ]
        },
        "question_21": {
          "question_number": 21,
          "correct_option": 3,
          "sds_id": "SDS1841",
          "subtopic": "Ecosystem Productivity",
          "image_filename": "question_21.png",
          "captured": true,
          "explanation": [
            "https://d2f8z173p7073l.cloudfront.net/1588068411829",
            "https://www.youtube.com/embed/D8o5_riEnRI?rel=0&amp;modestbranding=1&amp;loop=1&amp;playlist=D8o5_riEnRI&amp;start=2442&amp;end=2459",
            "https://www.youtube.com/embed/D8o5_riEnRI?rel=0&modestbranding=1&loop=1&playlist=D8o5_riEnRI&start=2442&end=2459"
          ]
        },
        "question_22": {
          "question_number": 22,
          "correct_option": 1,
          "sds_id": "SDS1842",
          "subtopic": "Ecosystem Productivity",
          "image_filename": "question_22.png",
          "captured": true,
          "explanation": [
            "https://d2f8z173p7073l.cloudfront.net/1551535251862"
          ]
        },
        "question_23": {
          "question_number": 23,
          "correct_option": 2,
          "sds_id": "SDS1843",
          "subtopic": "Ecosystem Productivity",
          "image_filename": "question_23.png",
          "captured": true,
          "explanation": [
            "https://d2f8z173p7073l.cloudfront.net/1551534395757"
          ]
        },
        "question_24": {
          "question_number": 24,
          "correct_option": 3,
          "sds_id": "SDS1844",
          "subtopic": "Energy Flow",
          "image_filename": "question_24.png",
          "captured": true,
          "explanation": [
            "https://d2f8z173p7073l.cloudfront.net/1551532931574"
          ]
        },
        "question_25": {
          "question_number": 25,
          "correct_option": 3,
          "sds_id": "SDS1845",
          "subtopic": "Energy Flow",
          "image_filename": "question_25.png",
          "captured": true,
          "explanation": [
            "https://d2f8z173p7073l.cloudfront.net/1551533483043"
          ]
        },
        "question_26": {
          "question_number": 26,
          "correct_option": 1,
          "sds_id": "SDS1846",
          "subtopic": "Energy Flow",
          "image_filename": "question_26.png",
          "captured": true,
          "explanation": [
            "https://d2f8z173p7073l.cloudfront.net/1551533893555"
          ]
        },
        "question_27": {
          "question_number": 27,
          "correct_option": 2,
          "sds_id": "SDS1847",
          "subtopic": "Ecological Flow",
          "image_filename": "question_27.png",
          "captured": true,
          "explanation": [
            "https://d1iljb9ao69244.cloudfront.net/251296_1630735621380_22.ogg",
            "https://www.youtube.com/embed/D8o5_riEnRI?rel=0&amp;modestbranding=1&amp;loop=1&amp;playlist=D8o5_riEnRI&amp;start=2742&amp;end=2771",
            "https://www.youtube.com/embed/D8o5_riEnRI?rel=0&modestbranding=1&loop=1&playlist=D8o5_riEnRI&start=2742&end=2771"
          ]
        },
        "question_28": {
          "question_number": 28,
          "correct_option": 3,
          "sds_id": "SDS1848",
          "subtopic": "Ecological Pyramids",
          "image_filename": "question_28.png",
          "captured": true,
          "explanation": [
            "https://d1iljb9ao69244.cloudfront.net/251220_1627370187563_82.ogg",
            "https://dsbihjlymzdyy.cloudfront.net/bio_images/all/Diagrams%20in%20Svg%20form%2FSVG%20Diagrams%20of%20class%2012th%2FEcosystem%20%2F251220.svg.svg"
          ]
        },
        "question_29": {
          "question_number": 29,
          "correct_option": 2,
          "sds_id": "SDS1849",
          "subtopic": "Ecological Pyramids",
          "image_filename": "question_29.png",
          "captured": true,
          "explanation": [
            "https://d2f8z173p7073l.cloudfront.net/1551533804152"
          ]
        },
        "question_30": {
          "question_number": 30,
          "correct_option": 1,
          "sds_id": "SDS184A",
          "subtopic": "Ecological Pyramids",
          "image_filename": "question_30.png",
          "captured": true,
          "explanation": [
            "https://d2f8z173p7073l.cloudfront.net/1551533679607",
            "https://dsbihjlymzdyy.cloudfront.net/bio_images/all/Diagrams%20in%20Svg%20form%2FSVG%20Diagrams%20of%20class%2012th%2FEcosystem%20%2F64380.svg.svg"
          ]
        },
        "question_31": {
          "question_number": 31,
          "correct_option": 3,
          "sds_id": "SDS184B",
          "subtopic": "Ecological Pyramids",
          "image_filename": "question_31.png",
          "captured": true,
          "explanation": [
            "https://d2f8z173p7073l.cloudfront.net/1551539556920",
            "https://dsbihjlymzdyy.cloudfront.net/bio_images/all/Diagrams%20in%20Svg%20form%2FSVG%20Diagrams%20of%20class%2012th%2FEcosystem%20%2F64404.svg.svg"
          ]
        },
        "question_32": {
          "question_number": 32,
          "correct_option": 1,
          "sds_id": "SDS184C",
          "subtopic": "Ecological Pyramids",
          "image_filename": "question_32.png",
          "captured": true,
          "explanation": [
            "https://d2f8z173p7073l.cloudfront.net/1551532421657"
          ]
        },
        "question_33": {
          "question_number": 33,
          "correct_option": 1,
          "sds_id": "SDS184D",
          "subtopic": "Ecological Pyramids",
          "image_filename": "question_33.png",
          "captured": true,
          "explanation": [
            "https://d2f8z173p7073l.cloudfront.net/1551534452549"
          ]
        },
        "question_34": {
          "question_number": 34,
          "correct_option": 1,
          "sds_id": "SDS184E",
          "subtopic": "Ecological Pyramids",
          "image_filename": "question_34.png",
          "captured": true,
          "explanation": [
            "https://d2f8z173p7073l.cloudfront.net/1551539452363"
          ]
        },
        "question_35": {
          "question_number": 35,
          "correct_option": 3,
          "sds_id": "SDS184F",
          "subtopic": "Ecological Pyramids",
          "image_filename": "question_35.png",
          "captured": true,
          "explanation": [
            "https://d2f8z173p7073l.cloudfront.net/1551533300818"
          ]
        },
        "question_36": {
          "question_number": 36,
          "correct_option": 2,
          "sds_id": "SDS1850",
          "subtopic": "Ecological Pyramids",
          "image_filename": "question_36.png",
          "captured": true,
          "explanation": [
            "https://d2f8z173p7073l.cloudfront.net/1551695301747"
          ]
        },
        "question_37": {
          "question_number": 37,
          "correct_option": 3,
          "sds_id": "SDS1851",
          "subtopic": "Decomposition",
          "image_filename": "question_37.png",
          "captured": true,
          "explanation": [
            "https://d2f8z173p7073l.cloudfront.net/1551539168017"
          ]
        },
        "question_38": {
          "question_number": 38,
          "correct_option": 1,
          "sds_id": "SDS1852",
          "subtopic": "Decomposition",
          "image_filename": "question_38.png",
          "captured": true,
          "explanation": [
            "https://d2f8z173p7073l.cloudfront.net/1551636962532"
          ]
        },
        "question_39": {
          "question_number": 39,
          "correct_option": 3,
          "sds_id": "SDS1853",
          "subtopic": "Decomposition",
          "image_filename": "question_39.png",
          "captured": true,
          "explanation": [
            "https://d1iljb9ao69244.cloudfront.net/251297_1630735636020_23.ogg",
            "https://www.youtube.com/embed/D8o5_riEnRI?rel=0&amp;modestbranding=1&amp;loop=1&amp;playlist=D8o5_riEnRI&amp;start=2814&amp;end=2825",
            "https://www.youtube.com/embed/D8o5_riEnRI?rel=0&modestbranding=1&loop=1&playlist=D8o5_riEnRI&start=2814&end=2825"
          ]
        },
        "question_40": {
          "question_number": 40,
          "correct_option": 4,
          "sds_id": "SDS1854",
          "subtopic": "Decomposition",
          "image_filename": "question_40.png",
          "captured": true,
          "explanation": [
            "https://d2f8z173p7073l.cloudfront.net/1551531747378"
          ]
        },
        "question_41": {
          "question_number": 41,
          "correct_option": 3,
          "sds_id": "SDS1855",
          "subtopic": "Community Character",
          "image_filename": "question_41.png",
          "captured": true,
          "explanation": [
            "https://d2f8z173p7073l.cloudfront.net/1551535399112"
          ]
        }
      }
    },
    "Level 3": {
      "name": "Level 3",
      "path": "Level 3/",
      "questions": {
        "question_1": {
          "question_number": 1,
          "correct_option": 1,
          "sds_id": "SDS1814",
          "subtopic": "Introduction",
          "image_filename": "question_1.png",
          "captured": true,
          "explanation": [
            "https://d2f8z173p7073l.cloudfront.net/1551642582687"
          ]
        },
        "question_2": {
          "question_number": 2,
          "correct_option": 3,
          "sds_id": "SDS1815",
          "subtopic": "Ecosystem Productivity",
          "image_filename": "question_2.png",
          "captured": true,
          "explanation": [
            "https://d1iljb9ao69244.cloudfront.net/question_explanations_184053_1672661194824.ogg"
          ]
        },
        "question_3": {
          "question_number": 3,
          "correct_option": 2,
          "sds_id": "SDS1816",
          "subtopic": "Ecosystem Productivity",
          "image_filename": "question_3.png",
          "captured": true,
          "explanation": [
            "https://d2f8z173p7073l.cloudfront.net/1591697530507"
          ]
        },
        "question_4": {
          "question_number": 4,
          "correct_option": 3,
          "sds_id": "SDS1817",
          "subtopic": "Ecosystem Productivity",
          "image_filename": "question_4.png",
          "captured": true,
          "explanation": [
            "https://d1iljb9ao69244.cloudfront.net/243372_1621687962789_52.ogg"
          ]
        },
        "question_5": {
          "question_number": 5,
          "correct_option": 3,
          "sds_id": "SDS1818",
          "subtopic": "Ecosystem Productivity",
          "image_filename": "question_5.png",
          "captured": true,
          "explanation": [
            "https://d1iljb9ao69244.cloudfront.net/436012_1712127156848_33.ogg"
          ]
        },
        "question_6": {
          "question_number": 6,
          "correct_option": 1,
          "sds_id": "SDS1819",
          "subtopic": "Ecosystem Productivity",
          "image_filename": "question_6.png",
          "captured": true,
          "explanation": [
            "https://d1iljb9ao69244.cloudfront.net/453715_1714484607249_37.ogg"
          ]
        },
        "question_7": {
          "question_number": 7,
          "correct_option": 3,
          "sds_id": "SDS181A",
          "subtopic": "Ecological Efficiencies",
          "image_filename": "question_7.png",
          "captured": true,
          "explanation": [
            "https://d1iljb9ao69244.cloudfront.net/452102_1714301126219_34.ogg"
          ]
        },
        "question_8": {
          "question_number": 8,
          "correct_option": 4,
          "sds_id": "SDS181B",
          "subtopic": "Energy Flow",
          "image_filename": "question_8.png",
          "captured": true,
          "explanation": [
            "https://d2f8z173p7073l.cloudfront.net/1551697009418",
            "https://www.youtube.com/embed/jTyEdfw3bMg?rel=0&amp;modestbranding=1&amp;loop=1&amp;playlist=jTyEdfw3bMg&amp;start=167&amp;end=253",
            "https://www.youtube.com/embed/jTyEdfw3bMg?rel=0&modestbranding=1&loop=1&playlist=jTyEdfw3bMg&start=167&end=253"
          ]
        },
        "question_9": {
          "question_number": 9,
          "correct_option": 1,
          "sds_id": "SDS181C",
          "subtopic": "Energy Flow",
          "image_filename": "question_9.png",
          "captured": true,
          "explanation": [
            "https://d2f8z173p7073l.cloudfront.net/1589876980543"
          ]
        },
        "question_10": {
          "question_number": 10,
          "correct_option": 4,
          "sds_id": "SDS181D",
          "subtopic": "Energy Flow",
          "image_filename": "question_10.png",
          "captured": true,
          "explanation": [
            "https://d2f8z173p7073l.cloudfront.net/1551637326227"
          ]
        },
        "question_11": {
          "question_number": 11,
          "correct_option": 3,
          "sds_id": "SDS181E",
          "subtopic": "Energy Flow",
          "image_filename": "question_11.png",
          "captured": true,
          "explanation": [
            "https://d1iljb9ao69244.cloudfront.net/405951_1704532313292_68.ogg"
          ]
        },
        "question_12": {
          "question_number": 12,
          "correct_option": 2,
          "sds_id": "SDS181F",
          "subtopic": "Energy Flow",
          "image_filename": "question_12.png",
          "captured": true,
          "explanation": [
            "https://d1iljb9ao69244.cloudfront.net/405594_1704522902257_21.ogg"
          ]
        },
        "question_13": {
          "question_number": 13,
          "correct_option": 1,
          "sds_id": "SDS1820",
          "subtopic": "Ecological Flow",
          "image_filename": "question_13.png",
          "captured": true,
          "explanation": [
            "https://d1iljb9ao69244.cloudfront.net/413832_1706411255916_20.ogg"
          ]
        },
        "question_14": {
          "question_number": 14,
          "correct_option": 2,
          "sds_id": "SDS1821",
          "subtopic": "Ecological Flow",
          "image_filename": "question_14.png",
          "captured": true,
          "explanation": [
            "https://d1iljb9ao69244.cloudfront.net/417424_1707502244365_19.ogg"
          ]
        },
        "question_15": {
          "question_number": 15,
          "correct_option": 1,
          "sds_id": "SDS1822",
          "subtopic": "Ecological Flow",
          "image_filename": "question_15.png",
          "captured": true,
          "explanation": [
            "https://d1iljb9ao69244.cloudfront.net/417442_1707538028681_43.ogg"
          ]
        },
        "question_16": {
          "question_number": 16,
          "correct_option": 4,
          "sds_id": "SDS1823",
          "subtopic": "Ecological Pyramids",
          "image_filename": "question_16.png",
          "captured": true,
          "explanation": [
            "https://d1iljb9ao69244.cloudfront.net/413836_1706411341679_24.ogg"
          ]
        },
        "question_17": {
          "question_number": 17,
          "correct_option": 1,
          "sds_id": "SDS1824",
          "subtopic": "Ecological Pyramids",
          "image_filename": "question_17.png",
          "captured": true,
          "explanation": [
            "https://d1iljb9ao69244.cloudfront.net/405795_1704532713543_80.ogg"
          ]
        },
        "question_18": {
          "question_number": 18,
          "correct_option": 3,
          "sds_id": "SDS1825",
          "subtopic": "Ecological Pyramids",
          "image_filename": "question_18.png",
          "captured": true,
          "explanation": [
            "https://d1iljb9ao69244.cloudfront.net/405954_1704532481684_71.ogg"
          ]
        },
        "question_19": {
          "question_number": 19,
          "correct_option": 3,
          "sds_id": "SDS1826",
          "subtopic": "Ecological Pyramids",
          "image_filename": "question_19.png",
          "captured": true,
          "explanation": [
            "https://d1iljb9ao69244.cloudfront.net/417443_1707538043281_44.ogg"
          ]
        },
        "question_20": {
          "question_number": 20,
          "correct_option": 2,
          "sds_id": "SDS1827",
          "subtopic": "Ecological Pyramids",
          "image_filename": "question_20.png",
          "captured": true,
          "explanation": [
            "https://d1iljb9ao69244.cloudfront.net/422310_1709060707707_45.ogg"
          ]
        },
        "question_21": {
          "question_number": 21,
          "correct_option": 4,
          "sds_id": "SDS1828",
          "subtopic": "Ecological Pyramids",
          "image_filename": "question_21.png",
          "captured": true,
          "explanation": [
            "https://d1iljb9ao69244.cloudfront.net/429899_1710823420857_47.ogg"
          ]
        },
        "question_22": {
          "question_number": 22,
          "correct_option": 4,
          "sds_id": "SDS1829",
          "subtopic": "Ecological Pyramids",
          "image_filename": "question_22.png",
          "captured": true,
          "explanation": [
            "https://d1iljb9ao69244.cloudfront.net/453709_1714484571280_34.ogg"
          ]
        },
        "question_23": {
          "question_number": 23,
          "correct_option": 3,
          "sds_id": "SDS182A",
          "subtopic": "Decomposition",
          "image_filename": "question_23.png",
          "captured": true,
          "explanation": [
            "https://d2f8z173p7073l.cloudfront.net/1549003650011",
            "https://www.youtube-nocookie.com/embed/Thvs_x-sDVY?rel=0"
          ]
        },
        "question_24": {
          "question_number": 24,
          "correct_option": 1,
          "sds_id": "SDS182B",
          "subtopic": "Decomposition",
          "image_filename": "question_24.png",
          "captured": true,
          "explanation": [
            "https://d1iljb9ao69244.cloudfront.net/405942_1704532058705_60.ogg"
          ]
        },
        "question_25": {
          "question_number": 25,
          "correct_option": 3,
          "sds_id": "SDS182C",
          "subtopic": "Decomposition",
          "image_filename": "question_25.png",
          "captured": true,
          "explanation": [
            "https://d2f8z173p7073l.cloudfront.net/1551540023086"
          ]
        }
      }
    }
  },
  "type": "multi_set"
}