{
  "chapter_no": 4,
  "chapter_name": "Principles of Inheritance and Variation",
  "section_name": "Level 1",
  "total_questions": 161,
  "questions": {
    "question_1": {
      "question_number": 1,
      "correct_option": 3,
      "sds_id": "SDS114E",
      "subtopic": "Introduction to Genetics: 1",
      "image_filename": "question_1.png",
      "captured": true,
      "explanation": [
        "https://d1iljb9ao69244.cloudfront.net/398933_1702005796055_70.ogg"
      ]
    },
    "question_2": {
      "question_number": 2,
      "correct_option": 2,
      "sds_id": "SDS114F",
      "subtopic": "Introduction to Genetics: 1",
      "image_filename": "question_2.png",
      "captured": true,
      "explanation": [
        "https://d1iljb9ao69244.cloudfront.net/435998_1712125138855_22.ogg"
      ]
    },
    "question_3": {
      "question_number": 3,
      "correct_option": 1,
      "sds_id": "SDS1150",
      "subtopic": "Introduction to Genetics: 1",
      "image_filename": "question_3.png",
      "captured": true,
      "explanation": [
        "https://d1iljb9ao69244.cloudfront.net/442370_1712910860193_22.ogg"
      ]
    },
    "question_4": {
      "question_number": 4,
      "correct_option": 4,
      "sds_id": "SDS1151",
      "subtopic": "Introduction to Genetics: 1",
      "image_filename": "question_4.png",
      "captured": true,
      "explanation": [
        "https://d1iljb9ao69244.cloudfront.net/448156_1713512860787_27.ogg"
      ]
    },
    "question_5": {
      "question_number": 5,
      "correct_option": 3,
      "sds_id": "SDS1152",
      "subtopic": "Introduction to Genetics: 1",
      "image_filename": "question_5.png",
      "captured": true,
      "explanation": [
        "https://d2f8z173p7073l.cloudfront.net/1582733979666"
      ]
    },
    "question_6": {
      "question_number": 6,
      "correct_option": 1,
      "sds_id": "SDS1153",
      "subtopic": "Introduction to Genetics: 2",
      "image_filename": "question_6.png",
      "captured": true,
      "explanation": [
        "https://d2f8z173p7073l.cloudfront.net/1582730963663"
      ]
    },
    "question_7": {
      "question_number": 7,
      "correct_option": 2,
      "sds_id": "SDS1154",
      "subtopic": "Introduction to Genetics: 2",
      "image_filename": "question_7.png",
      "captured": true,
      "explanation": [
        "https://d2f8z173p7073l.cloudfront.net/1582731011712"
      ]
    },
    "question_8": {
      "question_number": 8,
      "correct_option": 3,
      "sds_id": "SDS1155",
      "subtopic": "Introduction to Genetics: 2",
      "image_filename": "question_8.png",
      "captured": true,
      "explanation": [
        "https://d2f8z173p7073l.cloudfront.net/1582731122300"
      ]
    },
    "question_9": {
      "question_number": 9,
      "correct_option": 2,
      "sds_id": "SDS1156",
      "subtopic": "Introduction to Genetics: 2",
      "image_filename": "question_9.png",
      "captured": true,
      "explanation": [
        "https://d2f8z173p7073l.cloudfront.net/1582731159299"
      ]
    },
    "question_10": {
      "question_number": 10,
      "correct_option": 3,
      "sds_id": "SDS1157",
      "subtopic": "Introduction to Genetics: 2",
      "image_filename": "question_10.png",
      "captured": true,
      "explanation": [
        "https://d2f8z173p7073l.cloudfront.net/1582731189132"
      ]
    },
    "question_11": {
      "question_number": 11,
      "correct_option": 4,
      "sds_id": "SDS1158",
      "subtopic": "Introduction to Genetics: 2",
      "image_filename": "question_11.png",
      "captured": true,
      "explanation": [
        "https://d2f8z173p7073l.cloudfront.net/1582731226271"
      ]
    },
    "question_12": {
      "question_number": 12,
      "correct_option": 3,
      "sds_id": "SDS1159",
      "subtopic": "Introduction to Genetics: 2",
      "image_filename": "question_12.png",
      "captured": true,
      "explanation": [
        "https://d1iljb9ao69244.cloudfront.net/449404_1713788717594_21.ogg"
      ]
    },
    "question_13": {
      "question_number": 13,
      "correct_option": 1,
      "sds_id": "SDS115A",
      "subtopic": "Introduction to Genetics: 2",
      "image_filename": "question_13.png",
      "captured": true,
      "explanation": [
        "https://d2f8z173p7073l.cloudfront.net/1582737616887"
      ]
    },
    "question_14": {
      "question_number": 14,
      "correct_option": 4,
      "sds_id": "SDS115B",
      "subtopic": "Monohybrid Cross: 1",
      "image_filename": "question_14.png",
      "captured": true,
      "explanation": [
        "https://d2f8z173p7073l.cloudfront.net/1582731515868"
      ]
    },
    "question_15": {
      "question_number": 15,
      "correct_option": 2,
      "sds_id": "SDS115C",
      "subtopic": "Monohybrid Cross: 1",
      "image_filename": "question_15.png",
      "captured": true,
      "explanation": [
        "https://d2f8z173p7073l.cloudfront.net/1582731551470"
      ]
    },
    "question_16": {
      "question_number": 16,
      "correct_option": 1,
      "sds_id": "SDS115D",
      "subtopic": "Monohybrid Cross: 1",
      "image_filename": "question_16.png",
      "captured": true,
      "explanation": [
        "https://d2f8z173p7073l.cloudfront.net/1582731586596"
      ]
    },
    "question_17": {
      "question_number": 17,
      "correct_option": 3,
      "sds_id": "SDS115E",
      "subtopic": "Monohybrid Cross: 1",
      "image_filename": "question_17.png",
      "captured": true,
      "explanation": [
        "https://d2f8z173p7073l.cloudfront.net/1582731653347"
      ]
    },
    "question_18": {
      "question_number": 18,
      "correct_option": 1,
      "sds_id": "SDS115F",
      "subtopic": "Monohybrid Cross: 1",
      "image_filename": "question_18.png",
      "captured": true,
      "explanation": [
        "https://d2f8z173p7073l.cloudfront.net/1582731687673"
      ]
    },
    "question_19": {
      "question_number": 19,
      "correct_option": 2,
      "sds_id": "SDS1160",
      "subtopic": "Monohybrid Cross: 1",
      "image_filename": "question_19.png",
      "captured": true,
      "explanation": [
        "https://d2f8z173p7073l.cloudfront.net/1582733846158"
      ]
    },
    "question_20": {
      "question_number": 20,
      "correct_option": 2,
      "sds_id": "SDS1161",
      "subtopic": "Monohybrid Cross: 1",
      "image_filename": "question_20.png",
      "captured": true,
      "explanation": [
        "https://d2f8z173p7073l.cloudfront.net/1582731726083"
      ]
    },
    "question_21": {
      "question_number": 21,
      "correct_option": 1,
      "sds_id": "SDS1162",
      "subtopic": "Monohybrid Cross: 1",
      "image_filename": "question_21.png",
      "captured": true,
      "explanation": [
        "https://d2f8z173p7073l.cloudfront.net/1582732950791"
      ]
    },
    "question_22": {
      "question_number": 22,
      "correct_option": 3,
      "sds_id": "SDS1163",
      "subtopic": "Monohybrid Cross: 1",
      "image_filename": "question_22.png",
      "captured": true,
      "explanation": [
        "https://d2f8z173p7073l.cloudfront.net/1582732990218"
      ]
    },
    "question_23": {
      "question_number": 23,
      "correct_option": 4,
      "sds_id": "SDS1164",
      "subtopic": "Monohybrid Cross: 1",
      "image_filename": "question_23.png",
      "captured": true,
      "explanation": [
        "https://d2f8z173p7073l.cloudfront.net/1582733016980"
      ]
    },
    "question_24": {
      "question_number": 24,
      "correct_option": 3,
      "sds_id": "SDS1165",
      "subtopic": "Monohybrid Cross: 1",
      "image_filename": "question_24.png",
      "captured": true,
      "explanation": [
        "https://d2f8z173p7073l.cloudfront.net/1582733096996"
      ]
    },
    "question_25": {
      "question_number": 25,
      "correct_option": 4,
      "sds_id": "SDS1166",
      "subtopic": "Monohybrid Cross: 1",
      "image_filename": "question_25.png",
      "captured": true,
      "explanation": [
        "https://d2f8z173p7073l.cloudfront.net/1582733209193"
      ]
    },
    "question_26": {
      "question_number": 26,
      "correct_option": 1,
      "sds_id": "SDS1167",
      "subtopic": "Monohybrid Cross: 1",
      "image_filename": "question_26.png",
      "captured": true,
      "explanation": [
        "https://d2f8z173p7073l.cloudfront.net/1583258003668"
      ]
    },
    "question_27": {
      "question_number": 27,
      "correct_option": 3,
      "sds_id": "SDS1168",
      "subtopic": "Monohybrid Cross: 1",
      "image_filename": "question_27.png",
      "captured": true,
      "explanation": [
        "https://d1iljb9ao69244.cloudfront.net/399721_1702264725553_93.ogg"
      ]
    },
    "question_28": {
      "question_number": 28,
      "correct_option": 1,
      "sds_id": "SDS1169",
      "subtopic": "Monohybrid Cross: 1",
      "image_filename": "question_28.png",
      "captured": true,
      "explanation": [
        "https://d1iljb9ao69244.cloudfront.net/396279_1700536478526_4.ogg"
      ]
    },
    "question_29": {
      "question_number": 29,
      "correct_option": 4,
      "sds_id": "SDS116A",
      "subtopic": "Monohybrid Cross: Further Understanding",
      "image_filename": "question_29.png",
      "captured": true,
      "explanation": [
        "https://d1iljb9ao69244.cloudfront.net/398034_1702278547278_42.ogg"
      ]
    },
    "question_30": {
      "question_number": 30,
      "correct_option": 3,
      "sds_id": "SDS116B",
      "subtopic": "Monohybrid Cross: Further Understanding",
      "image_filename": "question_30.png",
      "captured": true,
      "explanation": [
        "https://d2f8z173p7073l.cloudfront.net/1582731453474"
      ]
    },
    "question_31": {
      "question_number": 31,
      "correct_option": 1,
      "sds_id": "SDS116C",
      "subtopic": "Monohybrid Cross: Further Understanding",
      "image_filename": "question_31.png",
      "captured": true,
      "explanation": [
        "https://d2f8z173p7073l.cloudfront.net/1582731483954"
      ]
    },
    "question_32": {
      "question_number": 32,
      "correct_option": 2,
      "sds_id": "SDS116D",
      "subtopic": "Monohybrid Cross: Further Understanding",
      "image_filename": "question_32.png",
      "captured": true,
      "explanation": [
        "https://d2f8z173p7073l.cloudfront.net/1582731618050"
      ]
    },
    "question_33": {
      "question_number": 33,
      "correct_option": 3,
      "sds_id": "SDS116E",
      "subtopic": "Monohybrid Cross: Further Understanding",
      "image_filename": "question_33.png",
      "captured": true,
      "explanation": [
        "https://d1iljb9ao69244.cloudfront.net/399728_1702264826322_100.ogg"
      ]
    },
    "question_34": {
      "question_number": 34,
      "correct_option": 2,
      "sds_id": "SDS116F",
      "subtopic": "Monohybrid Cross: Further Understanding",
      "image_filename": "question_34.png",
      "captured": true,
      "explanation": [
        "https://d2f8z173p7073l.cloudfront.net/1582733055233"
      ]
    },
    "question_35": {
      "question_number": 35,
      "correct_option": 4,
      "sds_id": "SDS1170",
      "subtopic": "Monohybrid Cross: Further Understanding",
      "image_filename": "question_35.png",
      "captured": true,
      "explanation": [
        "https://d2f8z173p7073l.cloudfront.net/1582733128587"
      ]
    },
    "question_36": {
      "question_number": 36,
      "correct_option": 2,
      "sds_id": "SDS1171",
      "subtopic": "Monohybrid Cross: Further Understanding",
      "image_filename": "question_36.png",
      "captured": true,
      "explanation": [
        "https://d1iljb9ao69244.cloudfront.net/398039_1702278617248_46.ogg"
      ]
    },
    "question_37": {
      "question_number": 37,
      "correct_option": 1,
      "sds_id": "SDS1172",
      "subtopic": "Monohybrid Cross: Further Understanding",
      "image_filename": "question_37.png",
      "captured": true,
      "explanation": [
        "https://d1iljb9ao69244.cloudfront.net/414564_1707055034185_24.ogg"
      ]
    },
    "question_38": {
      "question_number": 38,
      "correct_option": 3,
      "sds_id": "SDS1173",
      "subtopic": "Monohybrid Cross: Further Understanding",
      "image_filename": "question_38.png",
      "captured": true,
      "explanation": [
        "https://d2f8z173p7073l.cloudfront.net/1582733917114"
      ]
    },
    "question_39": {
      "question_number": 39,
      "correct_option": 4,
      "sds_id": "SDS1174",
      "subtopic": "Monohybrid Cross: Further Understanding",
      "image_filename": "question_39.png",
      "captured": true,
      "explanation": [
        "https://d1iljb9ao69244.cloudfront.net/414580_1707055528091_40.ogg"
      ]
    },
    "question_40": {
      "question_number": 40,
      "correct_option": 3,
      "sds_id": "SDS1175",
      "subtopic": "Monohybrid Cross: Further Understanding",
      "image_filename": "question_40.png",
      "captured": true,
      "explanation": [
        "https://d1iljb9ao69244.cloudfront.net/438057_1712589208969_23.ogg"
      ]
    },
    "question_41": {
      "question_number": 41,
      "correct_option": 3,
      "sds_id": "SDS1176",
      "subtopic": "Monohybrid Cross: Further Understanding",
      "image_filename": "question_41.png",
      "captured": true,
      "explanation": [
        "https://d1iljb9ao69244.cloudfront.net/426402_1709977286039_15.ogg"
      ]
    },
    "question_42": {
      "question_number": 42,
      "correct_option": 1,
      "sds_id": "SDS1177",
      "subtopic": "Law of Segregation and Law of Independent Assortment",
      "image_filename": "question_42.png",
      "captured": true,
      "explanation": [
        "https://d2f8z173p7073l.cloudfront.net/1582733809384"
      ]
    },
    "question_43": {
      "question_number": 43,
      "correct_option": 3,
      "sds_id": "SDS1178",
      "subtopic": "Law of Segregation and Law of Independent Assortment",
      "image_filename": "question_43.png",
      "captured": true,
      "explanation": [
        "https://d1iljb9ao69244.cloudfront.net/398035_1702278564022_43.ogg"
      ]
    },
    "question_44": {
      "question_number": 44,
      "correct_option": 3,
      "sds_id": "SDS1179",
      "subtopic": "Law of Segregation and Law of Independent Assortment",
      "image_filename": "question_44.png",
      "captured": true,
      "explanation": [
        "https://d1iljb9ao69244.cloudfront.net/question_explanations_163654_1671553713373.ogg"
      ]
    },
    "question_45": {
      "question_number": 45,
      "correct_option": 2,
      "sds_id": "SDS117A",
      "subtopic": "Dihybrid Cross Analysis",
      "image_filename": "question_45.png",
      "captured": true,
      "explanation": [
        "https://d2f8z173p7073l.cloudfront.net/1582737357160"
      ]
    },
    "question_46": {
      "question_number": 46,
      "correct_option": 3,
      "sds_id": "SDS117B",
      "subtopic": "Dihybrid Cross Analysis",
      "image_filename": "question_46.png",
      "captured": true,
      "explanation": [
        "https://d1iljb9ao69244.cloudfront.net/396289_1700536584143_10.ogg"
      ]
    },
    "question_47": {
      "question_number": 47,
      "correct_option": 1,
      "sds_id": "SDS117C",
      "subtopic": "Dihybrid Cross Analysis",
      "image_filename": "question_47.png",
      "captured": true,
      "explanation": [
        "https://d1iljb9ao69244.cloudfront.net/396296_1700536693598_16.ogg"
      ]
    },
    "question_48": {
      "question_number": 48,
      "correct_option": 2,
      "sds_id": "SDS117D",
      "subtopic": "Dihybrid Cross Analysis",
      "image_filename": "question_48.png",
      "captured": true,
      "explanation": [
        "https://d1iljb9ao69244.cloudfront.net/398941_1702005845860_73.ogg"
      ]
    },
    "question_49": {
      "question_number": 49,
      "correct_option": 2,
      "sds_id": "SDS117E",
      "subtopic": "Dihybrid Cross Analysis",
      "image_filename": "question_49.png",
      "captured": true,
      "explanation": [
        "https://d1iljb9ao69244.cloudfront.net/398938_1702005828981_72.ogg"
      ]
    },
    "question_50": {
      "question_number": 50,
      "correct_option": 4,
      "sds_id": "SDS117F",
      "subtopic": "Dihybrid Cross Analysis",
      "image_filename": "question_50.png",
      "captured": true,
      "explanation": [
        "https://d1iljb9ao69244.cloudfront.net/398959_1702005892700_76.ogg"
      ]
    },
    "question_51": {
      "question_number": 51,
      "correct_option": 1,
      "sds_id": "SDS1180",
      "subtopic": "Dihybrid Cross: General Consideration",
      "image_filename": "question_51.png",
      "captured": true,
      "explanation": [
        "https://d1iljb9ao69244.cloudfront.net/399000_1702007552605_86.ogg",
        "https://d1iljb9ao69244.cloudfront.net/399000_1702007060088_86.ogg"
      ]
    },
    "question_52": {
      "question_number": 52,
      "correct_option": 3,
      "sds_id": "SDS1181",
      "subtopic": "Dihybrid Cross: Details",
      "image_filename": "question_52.png",
      "captured": true,
      "explanation": [
        "https://d2f8z173p7073l.cloudfront.net/1582737453697"
      ]
    },
    "question_53": {
      "question_number": 53,
      "correct_option": 4,
      "sds_id": "SDS1182",
      "subtopic": "Dihybrid Cross: Details",
      "image_filename": "question_53.png",
      "captured": true,
      "explanation": [
        "https://d2f8z173p7073l.cloudfront.net/1582737492287"
      ]
    },
    "question_54": {
      "question_number": 54,
      "correct_option": 4,
      "sds_id": "SDS1183",
      "subtopic": "Dihybrid Cross: Details",
      "image_filename": "question_54.png",
      "captured": true,
      "explanation": [
        "https://d1iljb9ao69244.cloudfront.net/426400_1709972958564_11.ogg"
      ]
    },
    "question_55": {
      "question_number": 55,
      "correct_option": 3,
      "sds_id": "SDS1184",
      "subtopic": "Dominance Deviation from Mendel: 1",
      "image_filename": "question_55.png",
      "captured": true,
      "explanation": [
        "https://d2f8z173p7073l.cloudfront.net/1582734057122"
      ]
    },
    "question_56": {
      "question_number": 56,
      "correct_option": 2,
      "sds_id": "SDS1185",
      "subtopic": "Dominance Deviation from Mendel: 1",
      "image_filename": "question_56.png",
      "captured": true,
      "explanation": [
        "https://d2f8z173p7073l.cloudfront.net/1582734088353"
      ]
    },
    "question_57": {
      "question_number": 57,
      "correct_option": 3,
      "sds_id": "SDS1186",
      "subtopic": "Dominance Deviation from Mendel: 1",
      "image_filename": "question_57.png",
      "captured": true,
      "explanation": [
        "https://d2f8z173p7073l.cloudfront.net/1582734128671"
      ]
    },
    "question_58": {
      "question_number": 58,
      "correct_option": 1,
      "sds_id": "SDS1187",
      "subtopic": "Dominance Deviation from Mendel: 1",
      "image_filename": "question_58.png",
      "captured": true,
      "explanation": [
        "https://d2f8z173p7073l.cloudfront.net/1582734163041"
      ]
    },
    "question_59": {
      "question_number": 59,
      "correct_option": 4,
      "sds_id": "SDS1188",
      "subtopic": "Dominance Deviation from Mendel: 1",
      "image_filename": "question_59.png",
      "captured": true,
      "explanation": [
        "https://d2f8z173p7073l.cloudfront.net/1582734198767"
      ]
    },
    "question_60": {
      "question_number": 60,
      "correct_option": 1,
      "sds_id": "SDS1189",
      "subtopic": "Dominance Deviation from Mendel: 1",
      "image_filename": "question_60.png",
      "captured": true,
      "explanation": [
        "https://d2f8z173p7073l.cloudfront.net/1582737136600"
      ]
    },
    "question_61": {
      "question_number": 61,
      "correct_option": 3,
      "sds_id": "SDS118A",
      "subtopic": "Dominance Deviation from Mendel: 1",
      "image_filename": "question_61.png",
      "captured": true,
      "explanation": [
        "https://d1iljb9ao69244.cloudfront.net/450699_1714039041804_24.ogg"
      ]
    },
    "question_62": {
      "question_number": 62,
      "correct_option": 4,
      "sds_id": "SDS118B",
      "subtopic": "Dominance Deviation from Mendel: 1",
      "image_filename": "question_62.png",
      "captured": true,
      "explanation": [
        "https://d1iljb9ao69244.cloudfront.net/124537_1734413408491_41.ogg",
        "https://d2f8z173p7073l.cloudfront.net/1582737184352"
      ]
    },
    "question_63": {
      "question_number": 63,
      "correct_option": 3,
      "sds_id": "SDS118C",
      "subtopic": "Dominance Deviation from Mendel: 1",
      "image_filename": "question_63.png",
      "captured": true,
      "explanation": [
        "https://d2f8z173p7073l.cloudfront.net/1582737220948"
      ]
    },
    "question_64": {
      "question_number": 64,
      "correct_option": 2,
      "sds_id": "SDS118D",
      "subtopic": "Dominance Deviation from Mendel: 1",
      "image_filename": "question_64.png",
      "captured": true,
      "explanation": [
        "https://d2f8z173p7073l.cloudfront.net/1582737249106"
      ]
    },
    "question_65": {
      "question_number": 65,
      "correct_option": 1,
      "sds_id": "SDS118E",
      "subtopic": "Dominance Deviation from Mendel: 1",
      "image_filename": "question_65.png",
      "captured": true,
      "explanation": [
        "https://d2f8z173p7073l.cloudfront.net/1582737285148"
      ]
    },
    "question_66": {
      "question_number": 66,
      "correct_option": 3,
      "sds_id": "SDS118F",
      "subtopic": "Dominance Deviation from Mendel: 1",
      "image_filename": "question_66.png",
      "captured": true,
      "explanation": [
        "https://d2f8z173p7073l.cloudfront.net/1582737320354"
      ]
    },
    "question_67": {
      "question_number": 67,
      "correct_option": 3,
      "sds_id": "SDS1190",
      "subtopic": "Dominance Deviation from Mendel: 1",
      "image_filename": "question_67.png",
      "captured": true,
      "explanation": [
        "https://d1iljb9ao69244.cloudfront.net/398042_1702278650217_48.ogg"
      ]
    },
    "question_68": {
      "question_number": 68,
      "correct_option": 4,
      "sds_id": "SDS1191",
      "subtopic": "Dominance Deviation from Mendel: 1",
      "image_filename": "question_68.png",
      "captured": true,
      "explanation": [
        "https://d1iljb9ao69244.cloudfront.net/398043_1702278666292_49.ogg"
      ]
    },
    "question_69": {
      "question_number": 69,
      "correct_option": 3,
      "sds_id": "SDS1192",
      "subtopic": "Dominance Deviation from Mendel: 2",
      "image_filename": "question_69.png",
      "captured": true,
      "explanation": [
        "https://d2f8z173p7073l.cloudfront.net/1582731423601"
      ]
    },
    "question_70": {
      "question_number": 70,
      "correct_option": 2,
      "sds_id": "SDS1193",
      "subtopic": "Dominance Deviation from Mendel: 2",
      "image_filename": "question_70.png",
      "captured": true,
      "explanation": [
        "https://d2f8z173p7073l.cloudfront.net/1582733880861"
      ]
    },
    "question_71": {
      "question_number": 71,
      "correct_option": 3,
      "sds_id": "SDS1194",
      "subtopic": "Polygenic Inheritance & Pleiotropy",
      "image_filename": "question_71.png",
      "captured": true,
      "explanation": [
        "https://d2f8z173p7073l.cloudfront.net/1619846218912"
      ]
    },
    "question_72": {
      "question_number": 72,
      "correct_option": 3,
      "sds_id": "SDS1195",
      "subtopic": "Polygenic Inheritance & Pleiotropy",
      "image_filename": "question_72.png",
      "captured": true,
      "explanation": [
        "https://d2f8z173p7073l.cloudfront.net/1588063953076"
      ]
    },
    "question_73": {
      "question_number": 73,
      "correct_option": 2,
      "sds_id": "SDS1196",
      "subtopic": "Polygenic Inheritance & Pleiotropy",
      "image_filename": "question_73.png",
      "captured": true,
      "explanation": [
        "https://d1iljb9ao69244.cloudfront.net/question_explanations_359449_1671863118911.ogg"
      ]
    },
    "question_74": {
      "question_number": 74,
      "correct_option": 4,
      "sds_id": "SDS1197",
      "subtopic": "Polygenic Inheritance & Pleiotropy",
      "image_filename": "question_74.png",
      "captured": true,
      "explanation": [
        "https://d1iljb9ao69244.cloudfront.net/question_explanations_359451_1672284047203.ogg"
      ]
    },
    "question_75": {
      "question_number": 75,
      "correct_option": 1,
      "sds_id": "SDS1198",
      "subtopic": "Polygenic Inheritance & Pleiotropy",
      "image_filename": "question_75.png",
      "captured": true,
      "explanation": [
        "https://d1iljb9ao69244.cloudfront.net/398053_1702281181386_57.ogg"
      ]
    },
    "question_76": {
      "question_number": 76,
      "correct_option": 3,
      "sds_id": "SDS1199",
      "subtopic": "Polygenic Inheritance & Pleiotropy",
      "image_filename": "question_76.png",
      "captured": true,
      "explanation": [
        "https://d1iljb9ao69244.cloudfront.net/414560_1707054718071_20.ogg",
        "https://d2f8z173p7073l.cloudfront.net/1707031279576"
      ]
    },
    "question_77": {
      "question_number": 77,
      "correct_option": 3,
      "sds_id": "SDS119A",
      "subtopic": "Polygenic Inheritance & Pleiotropy",
      "image_filename": "question_77.png",
      "captured": true,
      "explanation": [
        "https://d1iljb9ao69244.cloudfront.net/question_explanations_359450_1672050891448.ogg"
      ]
    },
    "question_78": {
      "question_number": 78,
      "correct_option": 4,
      "sds_id": "SDS119B",
      "subtopic": "Polygenic Inheritance & Pleiotropy",
      "image_filename": "question_78.png",
      "captured": true,
      "explanation": [
        "https://d1iljb9ao69244.cloudfront.net/398054_1702281197778_58.ogg"
      ]
    },
    "question_79": {
      "question_number": 79,
      "correct_option": 2,
      "sds_id": "SDS119C",
      "subtopic": "Polygenic Inheritance & Pleiotropy",
      "image_filename": "question_79.png",
      "captured": true,
      "explanation": [
        "https://d1iljb9ao69244.cloudfront.net/414558_1707054693230_18.ogg"
      ]
    },
    "question_80": {
      "question_number": 80,
      "correct_option": 1,
      "sds_id": "SDS119D",
      "subtopic": "Sex Linked Inheritance: Introduction",
      "image_filename": "question_80.png",
      "captured": true,
      "explanation": [
        "https://d1iljb9ao69244.cloudfront.net/399724_1702264770531_96.ogg"
      ]
    },
    "question_81": {
      "question_number": 81,
      "correct_option": 4,
      "sds_id": "SDS119E",
      "subtopic": "Sex Linked Recessive Inheritance",
      "image_filename": "question_81.png",
      "captured": true,
      "explanation": [
        "https://d2f8z173p7073l.cloudfront.net/1582777625020"
      ]
    },
    "question_82": {
      "question_number": 82,
      "correct_option": 2,
      "sds_id": "SDS119F",
      "subtopic": "Sex Linked Recessive Inheritance",
      "image_filename": "question_82.png",
      "captured": true,
      "explanation": [
        "https://d1iljb9ao69244.cloudfront.net/398061_1702281624833_63.ogg"
      ]
    },
    "question_83": {
      "question_number": 83,
      "correct_option": 2,
      "sds_id": "SDS11A0",
      "subtopic": "Sex Linked Recessive Inheritance",
      "image_filename": "question_83.png",
      "captured": true,
      "explanation": [
        "https://d1iljb9ao69244.cloudfront.net/447766_1713352340964_48.ogg"
      ]
    },
    "question_84": {
      "question_number": 84,
      "correct_option": 4,
      "sds_id": "SDS11A1",
      "subtopic": "Sex Linked Recessive Inheritance",
      "image_filename": "question_84.png",
      "captured": true,
      "explanation": [
        "https://d1iljb9ao69244.cloudfront.net/426784_1709871304439_92.ogg"
      ]
    },
    "question_85": {
      "question_number": 85,
      "correct_option": 3,
      "sds_id": "SDS11A2",
      "subtopic": "Chromosomal Basis of Inheritance: Introduction",
      "image_filename": "question_85.png",
      "captured": true,
      "explanation": [
        "https://d1iljb9ao69244.cloudfront.net/396293_1700536639255_13.ogg"
      ]
    },
    "question_86": {
      "question_number": 86,
      "correct_option": 3,
      "sds_id": "SDS11A3",
      "subtopic": "Chromosomal Basis of Inheritance: Introduction",
      "image_filename": "question_86.png",
      "captured": true,
      "explanation": [
        "https://d1iljb9ao69244.cloudfront.net/414568_1707055093238_28.ogg"
      ]
    },
    "question_87": {
      "question_number": 87,
      "correct_option": 2,
      "sds_id": "SDS11A4",
      "subtopic": "Chromosomal Basis of Inheritance: Introduction",
      "image_filename": "question_87.png",
      "captured": true,
      "explanation": [
        "https://d2f8z173p7073l.cloudfront.net/1582737650691"
      ]
    },
    "question_88": {
      "question_number": 88,
      "correct_option": 3,
      "sds_id": "SDS11A5",
      "subtopic": "Chromosomal Basis of Inheritance: Introduction",
      "image_filename": "question_88.png",
      "captured": true,
      "explanation": [
        "https://d2f8z173p7073l.cloudfront.net/1582737809951"
      ]
    },
    "question_89": {
      "question_number": 89,
      "correct_option": 3,
      "sds_id": "SDS11A6",
      "subtopic": "Chromosomal Basis of Inheritance: Introduction",
      "image_filename": "question_89.png",
      "captured": true,
      "explanation": [
        "https://d2f8z173p7073l.cloudfront.net/1582737760829"
      ]
    },
    "question_90": {
      "question_number": 90,
      "correct_option": 2,
      "sds_id": "SDS11A7",
      "subtopic": "Chromosomal Basis of Inheritance: Introduction",
      "image_filename": "question_90.png",
      "captured": true,
      "explanation": [
        "https://d2f8z173p7073l.cloudfront.net/1582737848150"
      ]
    },
    "question_91": {
      "question_number": 91,
      "correct_option": 2,
      "sds_id": "SDS11A8",
      "subtopic": "Chromosomal Basis of Inheritance: Introduction",
      "image_filename": "question_91.png",
      "captured": true,
      "explanation": [
        "https://d1iljb9ao69244.cloudfront.net/398047_1702281099816_52.ogg"
      ]
    },
    "question_92": {
      "question_number": 92,
      "correct_option": 1,
      "sds_id": "SDS11A9",
      "subtopic": "Chromosomal Basis of Inheritance: Further Considerations",
      "image_filename": "question_92.png",
      "captured": true,
      "explanation": [
        "https://d1iljb9ao69244.cloudfront.net/398048_1702281116788_53.ogg"
      ]
    },
    "question_93": {
      "question_number": 93,
      "correct_option": 2,
      "sds_id": "SDS11AA",
      "subtopic": "Chromosomal Basis of Inheritance: Further Considerations",
      "image_filename": "question_93.png",
      "captured": true,
      "explanation": [
        "https://d2f8z173p7073l.cloudfront.net/1583599883473"
      ]
    },
    "question_94": {
      "question_number": 94,
      "correct_option": 1,
      "sds_id": "SDS11AB",
      "subtopic": "Chromosomal Basis of Inheritance: Further Considerations",
      "image_filename": "question_94.png",
      "captured": true,
      "explanation": [
        "https://d1iljb9ao69244.cloudfront.net/398049_1702281133179_54.ogg"
      ]
    },
    "question_95": {
      "question_number": 95,
      "correct_option": 3,
      "sds_id": "SDS11AC",
      "subtopic": "Linkage",
      "image_filename": "question_95.png",
      "captured": true,
      "explanation": [
        "https://d1iljb9ao69244.cloudfront.net/398052_1702281166213_56.ogg"
      ]
    },
    "question_96": {
      "question_number": 96,
      "correct_option": 3,
      "sds_id": "SDS11AD",
      "subtopic": "Understanding Linkage",
      "image_filename": "question_96.png",
      "captured": true,
      "explanation": [
        "https://d2f8z173p7073l.cloudfront.net/1582737886333"
      ]
    },
    "question_97": {
      "question_number": 97,
      "correct_option": 4,
      "sds_id": "SDS11AE",
      "subtopic": "Understanding Linkage",
      "image_filename": "question_97.png",
      "captured": true,
      "explanation": [
        "https://d2f8z173p7073l.cloudfront.net/1582738001760"
      ]
    },
    "question_98": {
      "question_number": 98,
      "correct_option": 2,
      "sds_id": "SDS11AF",
      "subtopic": "Understanding Linkage",
      "image_filename": "question_98.png",
      "captured": true,
      "explanation": [
        "https://d2f8z173p7073l.cloudfront.net/1583600354239"
      ]
    },
    "question_99": {
      "question_number": 99,
      "correct_option": 2,
      "sds_id": "SDS11B0",
      "subtopic": "Understanding Linkage",
      "image_filename": "question_99.png",
      "captured": true,
      "explanation": [
        "https://d1iljb9ao69244.cloudfront.net/399013_1702007290039_93.ogg"
      ]
    },
    "question_100": {
      "question_number": 100,
      "correct_option": 1,
      "sds_id": "SDS11B1",
      "subtopic": "Understanding Linkage",
      "image_filename": "question_100.png",
      "captured": true,
      "explanation": [
        "https://d1iljb9ao69244.cloudfront.net/414585_1707113222471_45.ogg"
      ]
    },
    "question_101": {
      "question_number": 101,
      "correct_option": 2,
      "sds_id": "SDS11B2",
      "subtopic": "Recombination Gene Mapping",
      "image_filename": "question_101.png",
      "captured": true,
      "explanation": [
        "https://d2f8z173p7073l.cloudfront.net/1588063605889"
      ]
    },
    "question_102": {
      "question_number": 102,
      "correct_option": 1,
      "sds_id": "SDS11B3",
      "subtopic": "Recombination Gene Mapping",
      "image_filename": "question_102.png",
      "captured": true,
      "explanation": [
        "https://d2f8z173p7073l.cloudfront.net/1571930719861"
      ]
    },
    "question_103": {
      "question_number": 103,
      "correct_option": 1,
      "sds_id": "SDS11B4",
      "subtopic": "Recombination & Gene Mapping",
      "image_filename": "question_103.png",
      "captured": true,
      "explanation": [
        "https://d2f8z173p7073l.cloudfront.net/1582737914640"
      ]
    },
    "question_104": {
      "question_number": 104,
      "correct_option": 3,
      "sds_id": "SDS11B5",
      "subtopic": "Recombination & Gene Mapping",
      "image_filename": "question_104.png",
      "captured": true,
      "explanation": [
        "https://d2f8z173p7073l.cloudfront.net/1582738179166"
      ]
    },
    "question_105": {
      "question_number": 105,
      "correct_option": 2,
      "sds_id": "SDS11B6",
      "subtopic": "Recombination & Gene Mapping",
      "image_filename": "question_105.png",
      "captured": true,
      "explanation": [
        "https://d1iljb9ao69244.cloudfront.net/180028_1665315662541_180028.ogg"
      ]
    },
    "question_106": {
      "question_number": 106,
      "correct_option": 3,
      "sds_id": "SDS11B7",
      "subtopic": "Recombination & Gene Mapping",
      "image_filename": "question_106.png",
      "captured": true,
      "explanation": [
        "https://d2f8z173p7073l.cloudfront.net/1583590481741"
      ]
    },
    "question_107": {
      "question_number": 107,
      "correct_option": 1,
      "sds_id": "SDS11B8",
      "subtopic": "Recombination & Gene Mapping",
      "image_filename": "question_107.png",
      "captured": true,
      "explanation": [
        "https://d1iljb9ao69244.cloudfront.net/399012_1702007246978_92.ogg"
      ]
    },
    "question_108": {
      "question_number": 108,
      "correct_option": 1,
      "sds_id": "SDS11B9",
      "subtopic": "Sex Determination: Further Considerations",
      "image_filename": "question_108.png",
      "captured": true,
      "explanation": [
        "https://d2f8z173p7073l.cloudfront.net/1582777069979"
      ]
    },
    "question_109": {
      "question_number": 109,
      "correct_option": 3,
      "sds_id": "SDS11BA",
      "subtopic": "Sex Determination: Further Considerations",
      "image_filename": "question_109.png",
      "captured": true,
      "explanation": [
        "https://d2f8z173p7073l.cloudfront.net/1582777035775"
      ]
    },
    "question_110": {
      "question_number": 110,
      "correct_option": 1,
      "sds_id": "SDS11BB",
      "subtopic": "Sex Determination: Further Considerations",
      "image_filename": "question_110.png",
      "captured": true,
      "explanation": [
        "https://d2f8z173p7073l.cloudfront.net/1582777115504"
      ]
    },
    "question_111": {
      "question_number": 111,
      "correct_option": 2,
      "sds_id": "SDS11BC",
      "subtopic": "Sex Determination: Further Considerations",
      "image_filename": "question_111.png",
      "captured": true,
      "explanation": [
        "https://d2f8z173p7073l.cloudfront.net/1582777166630"
      ]
    },
    "question_112": {
      "question_number": 112,
      "correct_option": 3,
      "sds_id": "SDS11BD",
      "subtopic": "Sex Determination: Further Considerations",
      "image_filename": "question_112.png",
      "captured": true,
      "explanation": [
        "https://d2f8z173p7073l.cloudfront.net/1582777218360"
      ]
    },
    "question_113": {
      "question_number": 113,
      "correct_option": 2,
      "sds_id": "SDS11BE",
      "subtopic": "Sex Determination: Further Considerations",
      "image_filename": "question_113.png",
      "captured": true,
      "explanation": [
        "https://d1iljb9ao69244.cloudfront.net/396301_1700536776894_21.ogg"
      ]
    },
    "question_114": {
      "question_number": 114,
      "correct_option": 2,
      "sds_id": "SDS11BF",
      "subtopic": "Sex Determination: Further Considerations",
      "image_filename": "question_114.png",
      "captured": true,
      "explanation": [
        "https://d1iljb9ao69244.cloudfront.net/399019_1702007350478_96.ogg"
      ]
    },
    "question_115": {
      "question_number": 115,
      "correct_option": 3,
      "sds_id": "SDS11C0",
      "subtopic": "Sex Determination: Further Considerations",
      "image_filename": "question_115.png",
      "captured": true,
      "explanation": [
        "https://d1iljb9ao69244.cloudfront.net/334459_1651465227454_12.ogg",
        "https://dsbihjlymzdyy.cloudfront.net/bio_images/svg+images+test+id+-+2738837/Q.+ID+-+334459/svg.+334459+(i",
        "https://dsbihjlymzdyy.cloudfront.net/bio_images/svg+images+test+id+-+2738837/Q.+ID+-+334459/svg.+334459+(ii",
        "https://dsbihjlymzdyy.cloudfront.net/bio_images/svg+images+test+id+-+2738837/Q.+ID+-+334459/svg.+334459+(iii",
        "https://dsbihjlymzdyy.cloudfront.net/bio_images/svg+images+test+id+-+2738837/Q.+ID+-+334459/svg.+334459+(iv"
      ]
    },
    "question_116": {
      "question_number": 116,
      "correct_option": 4,
      "sds_id": "SDS11C1",
      "subtopic": "Sex Determination: Further Considerations",
      "image_filename": "question_116.png",
      "captured": true,
      "explanation": [
        "https://d2f8z173p7073l.cloudfront.net/1583590997124"
      ]
    },
    "question_117": {
      "question_number": 117,
      "correct_option": 2,
      "sds_id": "SDS11C2",
      "subtopic": "Pedigree Analysis: Basics",
      "image_filename": "question_117.png",
      "captured": true,
      "explanation": [
        "https://d1iljb9ao69244.cloudfront.net/396291_1700536600856_11.ogg",
        "https://d2f8z173p7073l.cloudfront.net/1700477218551"
      ]
    },
    "question_118": {
      "question_number": 118,
      "correct_option": 3,
      "sds_id": "SDS11C3",
      "subtopic": "Pedigree Analysis: Problem Solving",
      "image_filename": "question_118.png",
      "captured": true,
      "explanation": [
        "https://d2f8z173p7073l.cloudfront.net/1582777543657"
      ]
    },
    "question_119": {
      "question_number": 119,
      "correct_option": 4,
      "sds_id": "SDS11C4",
      "subtopic": "Pedigree Analysis: Problem Solving",
      "image_filename": "question_119.png",
      "captured": true,
      "explanation": [
        "https://d1iljb9ao69244.cloudfront.net/399002_1702007076556_87.ogg",
        "https://d2f8z173p7073l.cloudfront.net/1701844728263"
      ]
    },
    "question_120": {
      "question_number": 120,
      "correct_option": 2,
      "sds_id": "SDS11C5",
      "subtopic": "Pedigree Analysis: Problem Solving",
      "image_filename": "question_120.png",
      "captured": true,
      "explanation": [
        "https://d1iljb9ao69244.cloudfront.net/question_explanations_180041_1672041057377.ogg"
      ]
    },
    "question_121": {
      "question_number": 121,
      "correct_option": 3,
      "sds_id": "SDS11C6",
      "subtopic": "Pedigree Analysis: More Examples",
      "image_filename": "question_121.png",
      "captured": true,
      "explanation": [
        "https://d1iljb9ao69244.cloudfront.net/414590_1707113290851_50.ogg",
        "https://d2f8z173p7073l.cloudfront.net/1707032548091"
      ]
    },
    "question_122": {
      "question_number": 122,
      "correct_option": 3,
      "sds_id": "SDS11C7",
      "subtopic": "Pedigree Analysis: More Examples",
      "image_filename": "question_122.png",
      "captured": true,
      "explanation": [
        "https://d1iljb9ao69244.cloudfront.net/30869_1587877836269_Q5.ogg",
        "https://d2f8z173p7073l.cloudfront.net/1710841053953"
      ]
    },
    "question_123": {
      "question_number": 123,
      "correct_option": 3,
      "sds_id": "SDS11C8",
      "subtopic": "Mendelian Disorders: Sickle Cell Anemia",
      "image_filename": "question_123.png",
      "captured": true,
      "explanation": [
        "https://d2f8z173p7073l.cloudfront.net/1582777928485"
      ]
    },
    "question_124": {
      "question_number": 124,
      "correct_option": 3,
      "sds_id": "SDS11C9",
      "subtopic": "Mendelian Disorders: Sickle Cell Anemia",
      "image_filename": "question_124.png",
      "captured": true,
      "explanation": [
        "https://d2f8z173p7073l.cloudfront.net/1582778064458"
      ]
    },
    "question_125": {
      "question_number": 125,
      "correct_option": 4,
      "sds_id": "SDS11CA",
      "subtopic": "Mendelian Disorders: Sickle Cell Anemia",
      "image_filename": "question_125.png",
      "captured": true,
      "explanation": [
        "https://d2f8z173p7073l.cloudfront.net/1582778101143"
      ]
    },
    "question_126": {
      "question_number": 126,
      "correct_option": 1,
      "sds_id": "SDS11CB",
      "subtopic": "Mendelian Disorders: Sickle Cell Anemia",
      "image_filename": "question_126.png",
      "captured": true,
      "explanation": [
        "https://d2f8z173p7073l.cloudfront.net/1582778139769"
      ]
    },
    "question_127": {
      "question_number": 127,
      "correct_option": 4,
      "sds_id": "SDS11CC",
      "subtopic": "Mendelian Disorders: Sickle Cell Anemia",
      "image_filename": "question_127.png",
      "captured": true,
      "explanation": [
        "https://d2f8z173p7073l.cloudfront.net/1549303996597",
        "https://dsbihjlymzdyy.cloudfront.net/bio_images/svg%20images%20test%20id%20-%202738837/svg.%2062871.svg",
        "https://www.youtube-nocookie.com/embed/JFJQQfp3Xdk?rel=0"
      ]
    },
    "question_128": {
      "question_number": 128,
      "correct_option": 1,
      "sds_id": "SDS11CD",
      "subtopic": "Mendelian Disorders: Sickle Cell Anemia",
      "image_filename": "question_128.png",
      "captured": true,
      "explanation": [
        "https://d1iljb9ao69244.cloudfront.net/299763_1637777388207_17.ogg"
      ]
    },
    "question_129": {
      "question_number": 129,
      "correct_option": 1,
      "sds_id": "SDS11CE",
      "subtopic": "Mendelian Disorders: Sickle Cell Anemia",
      "image_filename": "question_129.png",
      "captured": true,
      "explanation": [
        "https://d1iljb9ao69244.cloudfront.net/399715_1702263878108_61.ogg"
      ]
    },
    "question_130": {
      "question_number": 130,
      "correct_option": 2,
      "sds_id": "SDS11CF",
      "subtopic": "Mendelian Disorders",
      "image_filename": "question_130.png",
      "captured": true,
      "explanation": [
        "https://d1iljb9ao69244.cloudfront.net/398067_1702281686592_67.ogg"
      ]
    },
    "question_131": {
      "question_number": 131,
      "correct_option": 1,
      "sds_id": "SDS11D0",
      "subtopic": "Mendelian Disorders",
      "image_filename": "question_131.png",
      "captured": true,
      "explanation": [
        "https://d2f8z173p7073l.cloudfront.net/1582777575853"
      ]
    },
    "question_132": {
      "question_number": 132,
      "correct_option": 1,
      "sds_id": "SDS11D1",
      "subtopic": "Mendelian Disorders",
      "image_filename": "question_132.png",
      "captured": true,
      "explanation": [
        "https://d1iljb9ao69244.cloudfront.net/422332_1709091296650_67.ogg"
      ]
    },
    "question_133": {
      "question_number": 133,
      "correct_option": 1,
      "sds_id": "SDS11D2",
      "subtopic": "Mendelian Disorders",
      "image_filename": "question_133.png",
      "captured": true,
      "explanation": [
        "https://d2f8z173p7073l.cloudfront.net/1582778194258"
      ]
    },
    "question_134": {
      "question_number": 134,
      "correct_option": 4,
      "sds_id": "SDS11D3",
      "subtopic": "Mendelian Disorders",
      "image_filename": "question_134.png",
      "captured": true,
      "explanation": [
        "https://d2f8z173p7073l.cloudfront.net/1582778226938"
      ]
    },
    "question_135": {
      "question_number": 135,
      "correct_option": 3,
      "sds_id": "SDS11D4",
      "subtopic": "Mendelian Disorders",
      "image_filename": "question_135.png",
      "captured": true,
      "explanation": [
        "https://d1iljb9ao69244.cloudfront.net/398055_1702281212843_59.ogg"
      ]
    },
    "question_136": {
      "question_number": 136,
      "correct_option": 1,
      "sds_id": "SDS11D5",
      "subtopic": "Mendelian Disorders",
      "image_filename": "question_136.png",
      "captured": true,
      "explanation": [
        "https://d1iljb9ao69244.cloudfront.net/398071_1702282166773_71.ogg"
      ]
    },
    "question_137": {
      "question_number": 137,
      "correct_option": 4,
      "sds_id": "SDS11D6",
      "subtopic": "Mendelian Disorders",
      "image_filename": "question_137.png",
      "captured": true,
      "explanation": [
        "https://d1iljb9ao69244.cloudfront.net/399725_1702264784174_97.ogg"
      ]
    },
    "question_138": {
      "question_number": 138,
      "correct_option": 3,
      "sds_id": "SDS11D7",
      "subtopic": "Mendelian Disorders",
      "image_filename": "question_138.png",
      "captured": true,
      "explanation": [
        "https://d1iljb9ao69244.cloudfront.net/436363_1712129164798_28.ogg"
      ]
    },
    "question_139": {
      "question_number": 139,
      "correct_option": 4,
      "sds_id": "SDS11D8",
      "subtopic": "Mendelian Disorders: Hemophilia",
      "image_filename": "question_139.png",
      "captured": true,
      "explanation": [
        "https://d2f8z173p7073l.cloudfront.net/1582777770840"
      ]
    },
    "question_140": {
      "question_number": 140,
      "correct_option": 4,
      "sds_id": "SDS11D9",
      "subtopic": "Mendelian Disorders: Hemophilia",
      "image_filename": "question_140.png",
      "captured": true,
      "explanation": [
        "https://d1iljb9ao69244.cloudfront.net/398069_1702281719724_69.ogg"
      ]
    },
    "question_141": {
      "question_number": 141,
      "correct_option": 2,
      "sds_id": "SDS11DA",
      "subtopic": "Mendelian Disorders: Hemophilia",
      "image_filename": "question_141.png",
      "captured": true,
      "explanation": [
        "https://d2f8z173p7073l.cloudfront.net/1582777842829"
      ]
    },
    "question_142": {
      "question_number": 142,
      "correct_option": 1,
      "sds_id": "SDS11DB",
      "subtopic": "Mendelian Disorders: Thalassemia",
      "image_filename": "question_142.png",
      "captured": true,
      "explanation": [
        "https://d2f8z173p7073l.cloudfront.net/1582777656332"
      ]
    },
    "question_143": {
      "question_number": 143,
      "correct_option": 1,
      "sds_id": "SDS11DC",
      "subtopic": "Mendelian Disorders: Thalassemia",
      "image_filename": "question_143.png",
      "captured": true,
      "explanation": [
        "https://d1iljb9ao69244.cloudfront.net/question_explanations_359461_1672284824388.ogg"
      ]
    },
    "question_144": {
      "question_number": 144,
      "correct_option": 2,
      "sds_id": "SDS11DD",
      "subtopic": "Mendelian Disorders: Thalassemia",
      "image_filename": "question_144.png",
      "captured": true,
      "explanation": [
        "https://d1iljb9ao69244.cloudfront.net/422356_1709092627437_91.ogg"
      ]
    },
    "question_145": {
      "question_number": 145,
      "correct_option": 2,
      "sds_id": "SDS11DE",
      "subtopic": "Non - Disjunction & Aneuploidy",
      "image_filename": "question_145.png",
      "captured": true,
      "explanation": [
        "https://d2f8z173p7073l.cloudfront.net/1582778305375"
      ]
    },
    "question_146": {
      "question_number": 146,
      "correct_option": 3,
      "sds_id": "SDS11DF",
      "subtopic": "Non - Disjunction & Aneuploidy",
      "image_filename": "question_146.png",
      "captured": true,
      "explanation": [
        "https://d2f8z173p7073l.cloudfront.net/1582778352592"
      ]
    },
    "question_147": {
      "question_number": 147,
      "correct_option": 1,
      "sds_id": "SDS11E0",
      "subtopic": "Non - Disjunction & Aneuploidy",
      "image_filename": "question_147.png",
      "captured": true,
      "explanation": [
        "https://d1iljb9ao69244.cloudfront.net/423789_1709890716721_12.ogg"
      ]
    },
    "question_148": {
      "question_number": 148,
      "correct_option": 4,
      "sds_id": "SDS11E1",
      "subtopic": "Non - Disjunction & Aneuploidy",
      "image_filename": "question_148.png",
      "captured": true,
      "explanation": [
        "https://d2f8z173p7073l.cloudfront.net/1582778530256"
      ]
    },
    "question_149": {
      "question_number": 149,
      "correct_option": 1,
      "sds_id": "SDS11E2",
      "subtopic": "Non - Disjunction & Aneuploidy",
      "image_filename": "question_149.png",
      "captured": true,
      "explanation": [
        "https://d1iljb9ao69244.cloudfront.net/399717_1702264499559_89.ogg"
      ]
    },
    "question_150": {
      "question_number": 150,
      "correct_option": 1,
      "sds_id": "SDS11E3",
      "subtopic": "Sex Aneuploidy - Turner & Klinefelter Syndrome",
      "image_filename": "question_150.png",
      "captured": true,
      "explanation": [
        "https://d1iljb9ao69244.cloudfront.net/398985_1702006966601_82.ogg",
        "https://d2f8z173p7073l.cloudfront.net/1701844014418"
      ]
    },
    "question_151": {
      "question_number": 151,
      "correct_option": 1,
      "sds_id": "SDS11E4",
      "subtopic": "Sex Aneuploidy - Turner & Klinefelter Syndrome",
      "image_filename": "question_151.png",
      "captured": true,
      "explanation": [
        "https://d1iljb9ao69244.cloudfront.net/399021_1702007392667_98.ogg"
      ]
    },
    "question_152": {
      "question_number": 152,
      "correct_option": 3,
      "sds_id": "SDS11E5",
      "subtopic": "Sex Aneuploidy - Turner & Klinefelter Syndrome",
      "image_filename": "question_152.png",
      "captured": true,
      "explanation": [
        "https://d2f8z173p7073l.cloudfront.net/1582778576608"
      ]
    },
    "question_153": {
      "question_number": 153,
      "correct_option": 1,
      "sds_id": "SDS11E6",
      "subtopic": "Sex Aneuploidy - Turner & Klinefelter Syndrome",
      "image_filename": "question_153.png",
      "captured": true,
      "explanation": [
        "https://d1iljb9ao69244.cloudfront.net/398075_1702282212196_74.ogg"
      ]
    },
    "question_154": {
      "question_number": 154,
      "correct_option": 1,
      "sds_id": "SDS11E7",
      "subtopic": "Sex Aneuploidy - Turner & Klinefelter Syndrome",
      "image_filename": "question_154.png",
      "captured": true,
      "explanation": [
        "https://d1iljb9ao69244.cloudfront.net/438471_1712644039874_21.ogg"
      ]
    },
    "question_155": {
      "question_number": 155,
      "correct_option": 4,
      "sds_id": "SDS11E8",
      "subtopic": "Sex Aneuploidy - Turner & Klinefelter Syndrome",
      "image_filename": "question_155.png",
      "captured": true,
      "explanation": [
        "https://d1iljb9ao69244.cloudfront.net/331953_1649523790638_15.ogg"
      ]
    },
    "question_156": {
      "question_number": 156,
      "correct_option": 4,
      "sds_id": "SDS11E9",
      "subtopic": "Sex Aneuploidy - Turner & Klinefelter Syndrome",
      "image_filename": "question_156.png",
      "captured": true,
      "explanation": [
        "https://d2f8z173p7073l.cloudfront.net/1582778618253"
      ]
    },
    "question_157": {
      "question_number": 157,
      "correct_option": 2,
      "sds_id": "SDS11EA",
      "subtopic": "Sex Aneuploidy - Turner & Klinefelter Syndrome",
      "image_filename": "question_157.png",
      "captured": true,
      "explanation": [
        "https://d1iljb9ao69244.cloudfront.net/452764_1714308405206_33.ogg"
      ]
    },
    "question_158": {
      "question_number": 158,
      "correct_option": 3,
      "sds_id": "SDS11EB",
      "subtopic": "Sex Aneuploidy - Turner & Klinefelter Syndrome",
      "image_filename": "question_158.png",
      "captured": true,
      "explanation": [
        "https://d1iljb9ao69244.cloudfront.net/331983_1649524148588_11.ogg",
        "https://dsbihjlymzdyy.cloudfront.net/bio_images/svg%20images%20test%20id%20-%202738837/svg.%20331983.svg"
      ]
    },
    "question_159": {
      "question_number": 159,
      "correct_option": 2,
      "sds_id": "SDS11EC",
      "subtopic": "Mutation",
      "image_filename": "question_159.png",
      "captured": true,
      "explanation": [
        "https://d2f8z173p7073l.cloudfront.net/1582777407100"
      ]
    },
    "question_160": {
      "question_number": 160,
      "correct_option": 1,
      "sds_id": "SDS11ED",
      "subtopic": "Mutation",
      "image_filename": "question_160.png",
      "captured": true,
      "explanation": [
        "https://d1iljb9ao69244.cloudfront.net/398064_1702281655279_65.ogg"
      ]
    },
    "question_161": {
      "question_number": 161,
      "correct_option": 4,
      "sds_id": "SDS11EE",
      "subtopic": "Mutation",
      "image_filename": "question_161.png",
      "captured": true,
      "explanation": [
        "https://d2f8z173p7073l.cloudfront.net/1582777491020"
      ]
    }
  }
}