{
  "chapter_no": 6,
  "chapter_name": "Evolution",
  "section_name": "Invictus- Evolution",
  "total_questions": 82,
  "questions": {
    "question_1": {
      "question_number": 1,
      "correct_option": 4,
      "sds_id": "SDS1420",
      "subtopic": "Definition & Types of Evolution",
      "image_filename": "question_1.png",
      "captured": true,
      "explanation": [
        "https://d2f8z173p7073l.cloudfront.net/1582637353757"
      ]
    },
    "question_2": {
      "question_number": 2,
      "correct_option": 4,
      "sds_id": "SDS1421",
      "subtopic": "Definition & Types of Evolution",
      "image_filename": "question_2.png",
      "captured": true,
      "explanation": [
        "https://d2f8z173p7073l.cloudfront.net/1582636208851"
      ]
    },
    "question_3": {
      "question_number": 3,
      "correct_option": 1,
      "sds_id": "SDS1422",
      "subtopic": "Definition & Types of Evolution",
      "image_filename": "question_3.png",
      "captured": true,
      "explanation": [
        "https://d2f8z173p7073l.cloudfront.net/1582635603381"
      ]
    },
    "question_4": {
      "question_number": 4,
      "correct_option": 4,
      "sds_id": "SDS1423",
      "subtopic": "Definition & Types of Evolution",
      "image_filename": "question_4.png",
      "captured": true,
      "explanation": [
        "https://d2f8z173p7073l.cloudfront.net/1582342083753"
      ]
    },
    "question_5": {
      "question_number": 5,
      "correct_option": 1,
      "sds_id": "SDS1424",
      "subtopic": "Examples of Chemical Evolution",
      "image_filename": "question_5.png",
      "captured": true,
      "explanation": [
        "https://d2f8z173p7073l.cloudfront.net/1582635512308"
      ]
    },
    "question_6": {
      "question_number": 6,
      "correct_option": 2,
      "sds_id": "SDS1425",
      "subtopic": "Urey & Miller Experiment",
      "image_filename": "question_6.png",
      "captured": true,
      "explanation": [
        "https://d2f8z173p7073l.cloudfront.net/1582884533220"
      ]
    },
    "question_7": {
      "question_number": 7,
      "correct_option": 2,
      "sds_id": "SDS1426",
      "subtopic": "Urey & Miller Experiment",
      "image_filename": "question_7.png",
      "captured": true,
      "explanation": [
        "https://d2f8z173p7073l.cloudfront.net/1582884671429"
      ]
    },
    "question_8": {
      "question_number": 8,
      "correct_option": 3,
      "sds_id": "SDS1427",
      "subtopic": "Urey & Miller Experiment",
      "image_filename": "question_8.png",
      "captured": true,
      "explanation": [
        "https://d2f8z173p7073l.cloudfront.net/1582635477281"
      ]
    },
    "question_9": {
      "question_number": 9,
      "correct_option": 1,
      "sds_id": "SDS1428",
      "subtopic": "Other Theories of Origin of Life",
      "image_filename": "question_9.png",
      "captured": true,
      "explanation": [
        "https://d2f8z173p7073l.cloudfront.net/1588068250794"
      ]
    },
    "question_10": {
      "question_number": 10,
      "correct_option": 2,
      "sds_id": "SDS1429",
      "subtopic": "Other Theories of Origin of Life",
      "image_filename": "question_10.png",
      "captured": true,
      "explanation": [
        "https://d2f8z173p7073l.cloudfront.net/1582637500754"
      ]
    },
    "question_11": {
      "question_number": 11,
      "correct_option": 3,
      "sds_id": "SDS142A",
      "subtopic": "Other Theories of Origin of Life",
      "image_filename": "question_11.png",
      "captured": true,
      "explanation": [
        "https://d2f8z173p7073l.cloudfront.net/1582637308433"
      ]
    },
    "question_12": {
      "question_number": 12,
      "correct_option": 3,
      "sds_id": "SDS142B",
      "subtopic": "Other Theories of Origin of Life",
      "image_filename": "question_12.png",
      "captured": true,
      "explanation": [
        "https://d2f8z173p7073l.cloudfront.net/1582342154593"
      ]
    },
    "question_13": {
      "question_number": 13,
      "correct_option": 3,
      "sds_id": "SDS142C",
      "subtopic": "Palentological Evidences of Evolution",
      "image_filename": "question_13.png",
      "captured": true,
      "explanation": [
        "https://d2f8z173p7073l.cloudfront.net/1582635568323"
      ]
    },
    "question_14": {
      "question_number": 14,
      "correct_option": 3,
      "sds_id": "SDS142D",
      "subtopic": "Palentological Evidences of Evolution",
      "image_filename": "question_14.png",
      "captured": true,
      "explanation": [
        "https://d1iljb9ao69244.cloudfront.net/question_explanations_264475_1628331315670.ogg"
      ]
    },
    "question_15": {
      "question_number": 15,
      "correct_option": 4,
      "sds_id": "SDS142E",
      "subtopic": "Palentological Evidences of Evolution",
      "image_filename": "question_15.png",
      "captured": true,
      "explanation": [
        "https://d2f8z173p7073l.cloudfront.net/1582634462291"
      ]
    },
    "question_16": {
      "question_number": 16,
      "correct_option": 1,
      "sds_id": "SDS142F",
      "subtopic": "Palentological Evidences of Evolution",
      "image_filename": "question_16.png",
      "captured": true,
      "explanation": [
        "https://d2f8z173p7073l.cloudfront.net/1582635126778"
      ]
    },
    "question_17": {
      "question_number": 17,
      "correct_option": 1,
      "sds_id": "SDS1430",
      "subtopic": "Theory of Evolution & Lamarckism",
      "image_filename": "question_17.png",
      "captured": true,
      "explanation": [
        "https://d2f8z173p7073l.cloudfront.net/1582885281317"
      ]
    },
    "question_18": {
      "question_number": 18,
      "correct_option": 1,
      "sds_id": "SDS1431",
      "subtopic": "Theory of Evolution & Lamarckism",
      "image_filename": "question_18.png",
      "captured": true,
      "explanation": [
        "https://d2f8z173p7073l.cloudfront.net/1582895091471"
      ]
    },
    "question_19": {
      "question_number": 19,
      "correct_option": 4,
      "sds_id": "SDS1432",
      "subtopic": "Theory of Evolution & Lamarckism",
      "image_filename": "question_19.png",
      "captured": true,
      "explanation": [
        "https://d2f8z173p7073l.cloudfront.net/1582884781309"
      ]
    },
    "question_20": {
      "question_number": 20,
      "correct_option": 2,
      "sds_id": "SDS1433",
      "subtopic": "Theory of Evolution & Lamarckism",
      "image_filename": "question_20.png",
      "captured": true,
      "explanation": [
        "https://d2f8z173p7073l.cloudfront.net/1582299873161"
      ]
    },
    "question_21": {
      "question_number": 21,
      "correct_option": 2,
      "sds_id": "SDS1434",
      "subtopic": "Germ Plasm Theory",
      "image_filename": "question_21.png",
      "captured": true,
      "explanation": [
        "https://d2f8z173p7073l.cloudfront.net/1582636295317"
      ]
    },
    "question_22": {
      "question_number": 22,
      "correct_option": 4,
      "sds_id": "SDS1435",
      "subtopic": "Darwin's Theory",
      "image_filename": "question_22.png",
      "captured": true,
      "explanation": [
        "https://d2f8z173p7073l.cloudfront.net/1582896328101"
      ]
    },
    "question_23": {
      "question_number": 23,
      "correct_option": 2,
      "sds_id": "SDS1436",
      "subtopic": "Darwin's Theory",
      "image_filename": "question_23.png",
      "captured": true,
      "explanation": [
        "https://d2f8z173p7073l.cloudfront.net/1582895997566"
      ]
    },
    "question_24": {
      "question_number": 24,
      "correct_option": 3,
      "sds_id": "SDS1437",
      "subtopic": "Darwin's Theory",
      "image_filename": "question_24.png",
      "captured": true,
      "explanation": [
        "https://d2f8z173p7073l.cloudfront.net/1582635822404"
      ]
    },
    "question_25": {
      "question_number": 25,
      "correct_option": 4,
      "sds_id": "SDS1438",
      "subtopic": "Darwin's Theory",
      "image_filename": "question_25.png",
      "captured": true,
      "explanation": [
        "https://d2f8z173p7073l.cloudfront.net/1582633860081"
      ]
    },
    "question_26": {
      "question_number": 26,
      "correct_option": 4,
      "sds_id": "SDS1439",
      "subtopic": "Darwin's Theory",
      "image_filename": "question_26.png",
      "captured": true,
      "explanation": [
        "https://d2f8z173p7073l.cloudfront.net/1582884974191"
      ]
    },
    "question_27": {
      "question_number": 27,
      "correct_option": 1,
      "sds_id": "SDS143A",
      "subtopic": "Darwin's Theory",
      "image_filename": "question_27.png",
      "captured": true,
      "explanation": [
        "https://d2f8z173p7073l.cloudfront.net/1582895636647"
      ]
    },
    "question_28": {
      "question_number": 28,
      "correct_option": 4,
      "sds_id": "SDS143B",
      "subtopic": "Darwin's Theory",
      "image_filename": "question_28.png",
      "captured": true,
      "explanation": [
        "https://d1iljb9ao69244.cloudfront.net/question_explanations_264965_1628338758780.ogg"
      ]
    },
    "question_29": {
      "question_number": 29,
      "correct_option": 1,
      "sds_id": "SDS143C",
      "subtopic": "Darwin's Theory",
      "image_filename": "question_29.png",
      "captured": true,
      "explanation": [
        "https://d2f8z173p7073l.cloudfront.net/1582887128442"
      ]
    },
    "question_30": {
      "question_number": 30,
      "correct_option": 2,
      "sds_id": "SDS143D",
      "subtopic": "Darwin's Theory",
      "image_filename": "question_30.png",
      "captured": true,
      "explanation": [
        "https://d2f8z173p7073l.cloudfront.net/1619846989856"
      ]
    },
    "question_31": {
      "question_number": 31,
      "correct_option": 2,
      "sds_id": "SDS143E",
      "subtopic": "Summary of Darwin's Theory",
      "image_filename": "question_31.png",
      "captured": true,
      "explanation": [
        "https://d1iljb9ao69244.cloudfront.net/question_explanations_93835_1645424434039.ogg",
        "https://d1iljb9ao69244.cloudfront.net/question_explanations_93835_1645424390548.ogg"
      ]
    },
    "question_32": {
      "question_number": 32,
      "correct_option": 1,
      "sds_id": "SDS143F",
      "subtopic": "Summary of Darwin's Theory",
      "image_filename": "question_32.png",
      "captured": true,
      "explanation": [
        "https://d2f8z173p7073l.cloudfront.net/1582885690531"
      ]
    },
    "question_33": {
      "question_number": 33,
      "correct_option": 4,
      "sds_id": "SDS1440",
      "subtopic": "Hugo De Vries Theory of Evolution",
      "image_filename": "question_33.png",
      "captured": true,
      "explanation": [
        "https://d2f8z173p7073l.cloudfront.net/1582634604048"
      ]
    },
    "question_34": {
      "question_number": 34,
      "correct_option": 1,
      "sds_id": "SDS1441",
      "subtopic": "Hugo De Vries Theory of Evolution",
      "image_filename": "question_34.png",
      "captured": true,
      "explanation": [
        "https://d2f8z173p7073l.cloudfront.net/1582895772999"
      ]
    },
    "question_35": {
      "question_number": 35,
      "correct_option": 1,
      "sds_id": "SDS1442",
      "subtopic": "Hugo De Vries Theory of Evolution",
      "image_filename": "question_35.png",
      "captured": true,
      "explanation": [
        "https://d2f8z173p7073l.cloudfront.net/1582635161988"
      ]
    },
    "question_36": {
      "question_number": 36,
      "correct_option": 3,
      "sds_id": "SDS1443",
      "subtopic": "Hugo De Vries Theory of Evolution",
      "image_filename": "question_36.png",
      "captured": true,
      "explanation": [
        "https://d2f8z173p7073l.cloudfront.net/1582895305404"
      ]
    },
    "question_37": {
      "question_number": 37,
      "correct_option": 2,
      "sds_id": "SDS1444",
      "subtopic": "Modern Theory of Evolution",
      "image_filename": "question_37.png",
      "captured": true,
      "explanation": [
        "https://d2f8z173p7073l.cloudfront.net/1582895394035"
      ]
    },
    "question_38": {
      "question_number": 38,
      "correct_option": 2,
      "sds_id": "SDS1445",
      "subtopic": "Modern Theory of Evolution",
      "image_filename": "question_38.png",
      "captured": true,
      "explanation": [
        "https://d2f8z173p7073l.cloudfront.net/1582634196245"
      ]
    },
    "question_39": {
      "question_number": 39,
      "correct_option": 3,
      "sds_id": "SDS1446",
      "subtopic": "Natural Selection",
      "image_filename": "question_39.png",
      "captured": true,
      "explanation": [
        "https://d2f8z173p7073l.cloudfront.net/1582896088784"
      ]
    },
    "question_40": {
      "question_number": 40,
      "correct_option": 1,
      "sds_id": "SDS1447",
      "subtopic": "Natural Selection",
      "image_filename": "question_40.png",
      "captured": true,
      "explanation": [
        "https://d1iljb9ao69244.cloudfront.net/question_explanations_93367_1645424527003.ogg",
        "https://d1iljb9ao69244.cloudfront.net/question_explanations_93367_1645424488810.ogg",
        "https://www.youtube-nocookie.com/embed/DOL9awSwoZE?rel=0"
      ]
    },
    "question_41": {
      "question_number": 41,
      "correct_option": 2,
      "sds_id": "SDS1448",
      "subtopic": "Natural Selection",
      "image_filename": "question_41.png",
      "captured": true,
      "explanation": [
        "https://d2f8z173p7073l.cloudfront.net/1582299757392"
      ]
    },
    "question_42": {
      "question_number": 42,
      "correct_option": 4,
      "sds_id": "SDS1449",
      "subtopic": "Population Genetics",
      "image_filename": "question_42.png",
      "captured": true,
      "explanation": [
        "https://d2f8z173p7073l.cloudfront.net/1582894936250"
      ]
    },
    "question_43": {
      "question_number": 43,
      "correct_option": 2,
      "sds_id": "SDS144A",
      "subtopic": "Population Genetics",
      "image_filename": "question_43.png",
      "captured": true,
      "explanation": [
        "https://d2f8z173p7073l.cloudfront.net/1582636914630",
        "https://www.youtube.com/embed/NePeO1ias-8?rel=0&amp;modestbranding=1&amp;loop=1&amp;playlist=NePeO1ias-8&amp;start=2428&amp;end=2522",
        "https://www.youtube.com/embed/NePeO1ias-8?rel=0&modestbranding=1&loop=1&playlist=NePeO1ias-8&start=2428&end=2522"
      ]
    },
    "question_44": {
      "question_number": 44,
      "correct_option": 3,
      "sds_id": "SDS144B",
      "subtopic": "Concept of Speciation",
      "image_filename": "question_44.png",
      "captured": true,
      "explanation": [
        "https://d2f8z173p7073l.cloudfront.net/1582896663347"
      ]
    },
    "question_45": {
      "question_number": 45,
      "correct_option": 1,
      "sds_id": "SDS144C",
      "subtopic": "Concept of Speciation",
      "image_filename": "question_45.png",
      "captured": true,
      "explanation": [
        "https://d2f8z173p7073l.cloudfront.net/1582635650715"
      ]
    },
    "question_46": {
      "question_number": 46,
      "correct_option": 1,
      "sds_id": "SDS144D",
      "subtopic": "Concept of Speciation",
      "image_filename": "question_46.png",
      "captured": true,
      "explanation": [
        "https://d2f8z173p7073l.cloudfront.net/1582896517023"
      ]
    },
    "question_47": {
      "question_number": 47,
      "correct_option": 4,
      "sds_id": "SDS144E",
      "subtopic": "Genetic Basis of Adaptation",
      "image_filename": "question_47.png",
      "captured": true,
      "explanation": [
        "https://d2f8z173p7073l.cloudfront.net/1582637921071"
      ]
    },
    "question_48": {
      "question_number": 48,
      "correct_option": 4,
      "sds_id": "SDS144F",
      "subtopic": "Genetic Basis of Adaptation",
      "image_filename": "question_48.png",
      "captured": true,
      "explanation": [
        "https://d2f8z173p7073l.cloudfront.net/1582894906526"
      ]
    },
    "question_49": {
      "question_number": 49,
      "correct_option": 2,
      "sds_id": "SDS1450",
      "subtopic": "Introduction to Human Evolution",
      "image_filename": "question_49.png",
      "captured": true,
      "explanation": [
        "https://d2f8z173p7073l.cloudfront.net/1582896766001"
      ]
    },
    "question_50": {
      "question_number": 50,
      "correct_option": 2,
      "sds_id": "SDS1451",
      "subtopic": "Introduction to Human Evolution",
      "image_filename": "question_50.png",
      "captured": true,
      "explanation": [
        "https://d2f8z173p7073l.cloudfront.net/1582886405163"
      ]
    },
    "question_51": {
      "question_number": 51,
      "correct_option": 1,
      "sds_id": "SDS1452",
      "subtopic": "Introduction to Human Evolution",
      "image_filename": "question_51.png",
      "captured": true,
      "explanation": [
        "https://d2f8z173p7073l.cloudfront.net/1582636647676"
      ]
    },
    "question_52": {
      "question_number": 52,
      "correct_option": 2,
      "sds_id": "SDS1453",
      "subtopic": "Introduction to Human Evolution",
      "image_filename": "question_52.png",
      "captured": true,
      "explanation": [
        "https://d2f8z173p7073l.cloudfront.net/1582636086851"
      ]
    },
    "question_53": {
      "question_number": 53,
      "correct_option": 1,
      "sds_id": "SDS1454",
      "subtopic": "Evolution of Homo Sapiens",
      "image_filename": "question_53.png",
      "captured": true,
      "explanation": [
        "https://d2f8z173p7073l.cloudfront.net/1589877027946"
      ]
    },
    "question_54": {
      "question_number": 54,
      "correct_option": 1,
      "sds_id": "SDS1455",
      "subtopic": "Evolution of Homo Sapiens",
      "image_filename": "question_54.png",
      "captured": true,
      "explanation": [
        "https://d1iljb9ao69244.cloudfront.net/question_explanations_266911_1669978446115.ogg"
      ]
    },
    "question_55": {
      "question_number": 55,
      "correct_option": 4,
      "sds_id": "SDS1456",
      "subtopic": "Concept of Organic Evolution: Evidence",
      "image_filename": "question_55.png",
      "captured": true,
      "explanation": [
        "https://d2f8z173p7073l.cloudfront.net/1582885014130"
      ]
    },
    "question_56": {
      "question_number": 56,
      "correct_option": 1,
      "sds_id": "SDS1457",
      "subtopic": "Concept of Organic Evolution: Evidence",
      "image_filename": "question_56.png",
      "captured": true,
      "explanation": [
        "https://d2f8z173p7073l.cloudfront.net/1582884899829"
      ]
    },
    "question_57": {
      "question_number": 57,
      "correct_option": 3,
      "sds_id": "SDS1458",
      "subtopic": "Concept of Organic Evolution: Evidence",
      "image_filename": "question_57.png",
      "captured": true,
      "explanation": [
        "https://d2f8z173p7073l.cloudfront.net/1582895506360"
      ]
    },
    "question_58": {
      "question_number": 58,
      "correct_option": 1,
      "sds_id": "SDS1459",
      "subtopic": "Concept of Organic Evolution: Evidence",
      "image_filename": "question_58.png",
      "captured": true,
      "explanation": [
        "https://d2f8z173p7073l.cloudfront.net/1582342336919"
      ]
    },
    "question_59": {
      "question_number": 59,
      "correct_option": 1,
      "sds_id": "SDS145A",
      "subtopic": "Concept of Organic Evolution: Evidence",
      "image_filename": "question_59.png",
      "captured": true,
      "explanation": [
        "https://d2f8z173p7073l.cloudfront.net/1582634005890"
      ]
    },
    "question_60": {
      "question_number": 60,
      "correct_option": 3,
      "sds_id": "SDS145B",
      "subtopic": "Hardy Weinberg Law",
      "image_filename": "question_60.png",
      "captured": true,
      "explanation": [
        "https://d2f8z173p7073l.cloudfront.net/1582896029242"
      ]
    },
    "question_61": {
      "question_number": 61,
      "correct_option": 1,
      "sds_id": "SDS145C",
      "subtopic": "Hardy Weinberg Law",
      "image_filename": "question_61.png",
      "captured": true,
      "explanation": [
        "https://d2f8z173p7073l.cloudfront.net/1582895020712"
      ]
    },
    "question_62": {
      "question_number": 62,
      "correct_option": 4,
      "sds_id": "SDS145D",
      "subtopic": "Hardy Weinberg Law",
      "image_filename": "question_62.png",
      "captured": true,
      "explanation": [
        "https://d2f8z173p7073l.cloudfront.net/1582636967004"
      ]
    },
    "question_63": {
      "question_number": 63,
      "correct_option": 2,
      "sds_id": "SDS145E",
      "subtopic": "Hardy Weinberg Law",
      "image_filename": "question_63.png",
      "captured": true,
      "explanation": [
        "https://d2f8z173p7073l.cloudfront.net/1582895746717"
      ]
    },
    "question_64": {
      "question_number": 64,
      "correct_option": 1,
      "sds_id": "SDS145F",
      "subtopic": "Hardy Weinberg Law",
      "image_filename": "question_64.png",
      "captured": true,
      "explanation": [
        "https://d2f8z173p7073l.cloudfront.net/1582895936064"
      ]
    },
    "question_65": {
      "question_number": 65,
      "correct_option": 4,
      "sds_id": "SDS1460",
      "subtopic": "Hardy Weinberg Law",
      "image_filename": "question_65.png",
      "captured": true,
      "explanation": [
        "https://d2f8z173p7073l.cloudfront.net/1582637541927"
      ]
    },
    "question_66": {
      "question_number": 66,
      "correct_option": 4,
      "sds_id": "SDS1461",
      "subtopic": "Hardy Weinberg Law",
      "image_filename": "question_66.png",
      "captured": true,
      "explanation": [
        "https://d2f8z173p7073l.cloudfront.net/1582637088367"
      ]
    },
    "question_67": {
      "question_number": 67,
      "correct_option": 1,
      "sds_id": "SDS1462",
      "subtopic": "Hardy Weinberg Law",
      "image_filename": "question_67.png",
      "captured": true,
      "explanation": [
        "https://d2f8z173p7073l.cloudfront.net/1582637596282",
        "https://www.youtube.com/embed/NePeO1ias-8?rel=0&amp;modestbranding=1&amp;loop=1&amp;playlist=NePeO1ias-8&amp;start=927&amp;end=1148",
        "https://www.youtube.com/embed/NePeO1ias-8?rel=0&modestbranding=1&loop=1&playlist=NePeO1ias-8&start=927&end=1148"
      ]
    },
    "question_68": {
      "question_number": 68,
      "correct_option": 2,
      "sds_id": "SDS1463",
      "subtopic": "Origin of Life",
      "image_filename": "question_68.png",
      "captured": true,
      "explanation": [
        "https://d1iljb9ao69244.cloudfront.net/question_explanations_266916_1669978498880.ogg"
      ]
    },
    "question_69": {
      "question_number": 69,
      "correct_option": 3,
      "sds_id": "SDS1464",
      "subtopic": "Origin of Life",
      "image_filename": "question_69.png",
      "captured": true,
      "explanation": [
        "https://d1iljb9ao69244.cloudfront.net/question_explanations_245035_1645412620684.ogg",
        "https://d1iljb9ao69244.cloudfront.net/question_explanations_245035_1645412597329.ogg",
        "https://www.youtube-nocookie.com/embed/a_vvbEfL3LM?rel=0"
      ]
    },
    "question_70": {
      "question_number": 70,
      "correct_option": 2,
      "sds_id": "SDS1465",
      "subtopic": "Sources of Variation",
      "image_filename": "question_70.png",
      "captured": true,
      "explanation": [
        "https://d2f8z173p7073l.cloudfront.net/1582634155408"
      ]
    },
    "question_71": {
      "question_number": 71,
      "correct_option": 2,
      "sds_id": "SDS1466",
      "subtopic": "Sources of Variation",
      "image_filename": "question_71.png",
      "captured": true,
      "explanation": [
        "https://d2f8z173p7073l.cloudfront.net/1582634114834"
      ]
    },
    "question_72": {
      "question_number": 72,
      "correct_option": 1,
      "sds_id": "SDS1467",
      "subtopic": "Sources of Variation",
      "image_filename": "question_72.png",
      "captured": true,
      "explanation": [
        "https://d2f8z173p7073l.cloudfront.net/1582896207877"
      ]
    },
    "question_73": {
      "question_number": 73,
      "correct_option": 4,
      "sds_id": "SDS1468",
      "subtopic": "Sources of Variation",
      "image_filename": "question_73.png",
      "captured": true,
      "explanation": [
        "https://d2f8z173p7073l.cloudfront.net/1582895250376"
      ]
    },
    "question_74": {
      "question_number": 74,
      "correct_option": 4,
      "sds_id": "SDS1469",
      "subtopic": "Sources of Variation",
      "image_filename": "question_74.png",
      "captured": true,
      "explanation": [
        "https://d2f8z173p7073l.cloudfront.net/1582895564140"
      ]
    },
    "question_75": {
      "question_number": 75,
      "correct_option": 1,
      "sds_id": "SDS146A",
      "subtopic": "Sources of Variation",
      "image_filename": "question_75.png",
      "captured": true,
      "explanation": [
        "https://d2f8z173p7073l.cloudfront.net/1582895674103"
      ]
    },
    "question_76": {
      "question_number": 76,
      "correct_option": 1,
      "sds_id": "SDS146B",
      "subtopic": "Sources of Variation",
      "image_filename": "question_76.png",
      "captured": true,
      "explanation": [
        "https://d2f8z173p7073l.cloudfront.net/1582895118673"
      ]
    },
    "question_77": {
      "question_number": 77,
      "correct_option": 2,
      "sds_id": "SDS146C",
      "subtopic": "Sources of Variation",
      "image_filename": "question_77.png",
      "captured": true,
      "explanation": [
        "https://d2f8z173p7073l.cloudfront.net/1582885941067"
      ]
    },
    "question_78": {
      "question_number": 78,
      "correct_option": 2,
      "sds_id": "SDS146D",
      "subtopic": "Sources of Variation",
      "image_filename": "question_78.png",
      "captured": true,
      "explanation": [
        "https://d2f8z173p7073l.cloudfront.net/1574164216915"
      ]
    },
    "question_79": {
      "question_number": 79,
      "correct_option": 4,
      "sds_id": "SDS146E",
      "subtopic": "A BRIEF ACCOUNT OF EVOLUTION",
      "image_filename": "question_79.png",
      "captured": true,
      "explanation": [
        "https://d2f8z173p7073l.cloudfront.net/1582886708315"
      ]
    },
    "question_80": {
      "question_number": 80,
      "correct_option": 1,
      "sds_id": "SDS146F",
      "subtopic": "A BRIEF ACCOUNT OF EVOLUTION",
      "image_filename": "question_80.png",
      "captured": true,
      "explanation": [
        "https://d2f8z173p7073l.cloudfront.net/1582886675765"
      ]
    },
    "question_81": {
      "question_number": 81,
      "correct_option": 2,
      "sds_id": "SDS1470",
      "subtopic": "A BRIEF ACCOUNT OF EVOLUTION",
      "image_filename": "question_81.png",
      "captured": true,
      "explanation": [
        "https://d2f8z173p7073l.cloudfront.net/1582884601875"
      ]
    },
    "question_82": {
      "question_number": 82,
      "correct_option": 4,
      "sds_id": "SDS1471",
      "subtopic": "Mechanism of Evolution",
      "image_filename": "question_82.png",
      "captured": true,
      "explanation": [
        "https://d1iljb9ao69244.cloudfront.net/250939_1728890711683_49.ogg"
      ]
    }
  }
}