{
  "chapter_no": 8,
  "chapter_name": "Microbes in Human Welfare",
  "section_name": "Invictus- Microbes in Human Welfare",
  "total_questions": 45,
  "questions": {
    "question_1": {
      "question_number": 1,
      "correct_option": 1,
      "sds_id": "SDS15C8",
      "subtopic": "Industrial Products, Beverages & Antibiotics",
      "image_filename": "question_1.png",
      "captured": true,
      "explanation": [
        "https://d2f8z173p7073l.cloudfront.net/1582432477835"
      ]
    },
    "question_2": {
      "question_number": 2,
      "correct_option": 1,
      "sds_id": "SDS15C9",
      "subtopic": "Industrial Products, Beverages & Antibiotics",
      "image_filename": "question_2.png",
      "captured": true,
      "explanation": [
        "https://d2f8z173p7073l.cloudfront.net/1596025887923"
      ]
    },
    "question_3": {
      "question_number": 3,
      "correct_option": 3,
      "sds_id": "SDS15CA",
      "subtopic": "Industrial Products, Beverages & Antibiotics",
      "image_filename": "question_3.png",
      "captured": true,
      "explanation": [
        "https://d2f8z173p7073l.cloudfront.net/1596025856737"
      ]
    },
    "question_4": {
      "question_number": 4,
      "correct_option": 4,
      "sds_id": "SDS15CB",
      "subtopic": "Industrial Products, Beverages & Antibiotics",
      "image_filename": "question_4.png",
      "captured": true,
      "explanation": [
        "https://d2f8z173p7073l.cloudfront.net/1582434572785"
      ]
    },
    "question_5": {
      "question_number": 5,
      "correct_option": 1,
      "sds_id": "SDS15CC",
      "subtopic": "Industrial Products, Beverages & Antibiotics",
      "image_filename": "question_5.png",
      "captured": true,
      "explanation": [
        "https://d2f8z173p7073l.cloudfront.net/1582573371950"
      ]
    },
    "question_6": {
      "question_number": 6,
      "correct_option": 2,
      "sds_id": "SDS15CD",
      "subtopic": "Industrial Products, Beverages & Antibiotics",
      "image_filename": "question_6.png",
      "captured": true,
      "explanation": [
        "https://d2f8z173p7073l.cloudfront.net/1582434362285"
      ]
    },
    "question_7": {
      "question_number": 7,
      "correct_option": 3,
      "sds_id": "SDS15CE",
      "subtopic": "Industrial Products, Beverages & Antibiotics",
      "image_filename": "question_7.png",
      "captured": true,
      "explanation": [
        "https://d2f8z173p7073l.cloudfront.net/1582434870343"
      ]
    },
    "question_8": {
      "question_number": 8,
      "correct_option": 2,
      "sds_id": "SDS15CF",
      "subtopic": "Industrial Products, Beverages & Antibiotics",
      "image_filename": "question_8.png",
      "captured": true,
      "explanation": [
        "https://d2f8z173p7073l.cloudfront.net/1582433136034"
      ]
    },
    "question_9": {
      "question_number": 9,
      "correct_option": 1,
      "sds_id": "SDS15D0",
      "subtopic": "Chemistry of Fermented Beverages",
      "image_filename": "question_9.png",
      "captured": true,
      "explanation": [
        "https://d2f8z173p7073l.cloudfront.net/1582433091709"
      ]
    },
    "question_10": {
      "question_number": 10,
      "correct_option": 1,
      "sds_id": "SDS15D1",
      "subtopic": "Chemistry of Fermented Beverages",
      "image_filename": "question_10.png",
      "captured": true,
      "explanation": [
        "https://d2f8z173p7073l.cloudfront.net/1582433624343"
      ]
    },
    "question_11": {
      "question_number": 11,
      "correct_option": 4,
      "sds_id": "SDS15D2",
      "subtopic": "Microbes in Household Products",
      "image_filename": "question_11.png",
      "captured": true,
      "explanation": [
        "https://d2f8z173p7073l.cloudfront.net/1582432386145"
      ]
    },
    "question_12": {
      "question_number": 12,
      "correct_option": 1,
      "sds_id": "SDS15D3",
      "subtopic": "Microbes in Household Products",
      "image_filename": "question_12.png",
      "captured": true,
      "explanation": [
        "https://d2f8z173p7073l.cloudfront.net/1582444582020"
      ]
    },
    "question_13": {
      "question_number": 13,
      "correct_option": 1,
      "sds_id": "SDS15D4",
      "subtopic": "Microbes in Household Products",
      "image_filename": "question_13.png",
      "captured": true,
      "explanation": [
        "https://d2f8z173p7073l.cloudfront.net/1582431055215"
      ]
    },
    "question_14": {
      "question_number": 14,
      "correct_option": 3,
      "sds_id": "SDS15D5",
      "subtopic": "Microbes in Household Products",
      "image_filename": "question_14.png",
      "captured": true,
      "explanation": [
        "https://d1iljb9ao69244.cloudfront.net/95700_1602517144428_Q171.ogg",
        "https://www.youtube.com/embed/Vfkpz31TSaQ?rel=0&amp;modestbranding=1&amp;loop=1&amp;playlist=Vfkpz31TSaQ&amp;start=680&amp;end=737",
        "https://www.youtube.com/embed/Vfkpz31TSaQ?rel=0&modestbranding=1&loop=1&playlist=Vfkpz31TSaQ&start=680&end=737"
      ]
    },
    "question_15": {
      "question_number": 15,
      "correct_option": 4,
      "sds_id": "SDS15D6",
      "subtopic": "Microbes in Household Products",
      "image_filename": "question_15.png",
      "captured": true,
      "explanation": [
        "https://d1iljb9ao69244.cloudfront.net/251300_1630735688241_26.ogg",
        "https://www.youtube.com/embed/kZSpubnPaGw?rel=0&amp;modestbranding=1&amp;loop=1&amp;playlist=kZSpubnPaGw&amp;start=2203&amp;end=2250",
        "https://www.youtube.com/embed/Vfkpz31TSaQ?rel=0&amp;modestbranding=1&amp;loop=1&amp;playlist=Vfkpz31TSaQ&amp;start=55&amp;end=99",
        "https://www.youtube.com/embed/kZSpubnPaGw?rel=0&modestbranding=1&loop=1&playlist=kZSpubnPaGw&start=2203&end=2250",
        "https://www.youtube.com/embed/Vfkpz31TSaQ?rel=0&modestbranding=1&loop=1&playlist=Vfkpz31TSaQ&start=55&end=99"
      ]
    },
    "question_16": {
      "question_number": 16,
      "correct_option": 3,
      "sds_id": "SDS15D7",
      "subtopic": "Microbes in Household Products",
      "image_filename": "question_16.png",
      "captured": true,
      "explanation": [
        "https://d2f8z173p7073l.cloudfront.net/1582432703183"
      ]
    },
    "question_17": {
      "question_number": 17,
      "correct_option": 1,
      "sds_id": "SDS15D8",
      "subtopic": "Microbes in Household Products",
      "image_filename": "question_17.png",
      "captured": true,
      "explanation": [
        "https://d2f8z173p7073l.cloudfront.net/1550668544186"
      ]
    },
    "question_18": {
      "question_number": 18,
      "correct_option": 2,
      "sds_id": "SDS15D9",
      "subtopic": "Microbes in Household Products",
      "image_filename": "question_18.png",
      "captured": true,
      "explanation": [
        "https://d2f8z173p7073l.cloudfront.net/1582433879533"
      ]
    },
    "question_19": {
      "question_number": 19,
      "correct_option": 1,
      "sds_id": "SDS15DA",
      "subtopic": "Microbes in Household Products",
      "image_filename": "question_19.png",
      "captured": true,
      "explanation": [
        "https://d2f8z173p7073l.cloudfront.net/1582434156766"
      ]
    },
    "question_20": {
      "question_number": 20,
      "correct_option": 1,
      "sds_id": "SDS15DB",
      "subtopic": "Microbes in Household Products",
      "image_filename": "question_20.png",
      "captured": true,
      "explanation": [
        "https://d2f8z173p7073l.cloudfront.net/1582434930939"
      ]
    },
    "question_21": {
      "question_number": 21,
      "correct_option": 3,
      "sds_id": "SDS15DC",
      "subtopic": "Chemicals, Enzymes & Other Bioactive Molecules",
      "image_filename": "question_21.png",
      "captured": true,
      "explanation": [
        "https://d2f8z173p7073l.cloudfront.net/1596026440846"
      ]
    },
    "question_22": {
      "question_number": 22,
      "correct_option": 3,
      "sds_id": "SDS15DD",
      "subtopic": "Chemicals, Enzymes & Other Bioactive Molecules",
      "image_filename": "question_22.png",
      "captured": true,
      "explanation": [
        "https://d2f8z173p7073l.cloudfront.net/1582431815862"
      ]
    },
    "question_23": {
      "question_number": 23,
      "correct_option": 2,
      "sds_id": "SDS15DE",
      "subtopic": "Chemicals, Enzymes & Other Bioactive Molecules",
      "image_filename": "question_23.png",
      "captured": true,
      "explanation": [
        "https://d2f8z173p7073l.cloudfront.net/1582432317594",
        "https://www.youtube.com/embed/_FQSsofIaZ0?rel=0&amp;modestbranding=1&amp;loop=1&amp;playlist=_FQSsofIaZ0&amp;start=29&amp;end=68",
        "https://www.youtube.com/embed/_FQSsofIaZ0?rel=0&modestbranding=1&loop=1&playlist=_FQSsofIaZ0&start=29&end=68"
      ]
    },
    "question_24": {
      "question_number": 24,
      "correct_option": 2,
      "sds_id": "SDS15DF",
      "subtopic": "Chemicals, Enzymes & Other Bioactive Molecules",
      "image_filename": "question_24.png",
      "captured": true,
      "explanation": [
        "https://d1iljb9ao69244.cloudfront.net/question_explanations_339492_1668049247868.ogg"
      ]
    },
    "question_25": {
      "question_number": 25,
      "correct_option": 3,
      "sds_id": "SDS15E0",
      "subtopic": "Chemicals, Enzymes & Other Bioactive Molecules",
      "image_filename": "question_25.png",
      "captured": true,
      "explanation": [
        "https://d2f8z173p7073l.cloudfront.net/1582433576639"
      ]
    },
    "question_26": {
      "question_number": 26,
      "correct_option": 4,
      "sds_id": "SDS15E1",
      "subtopic": "Microbes in Sewage Treatment",
      "image_filename": "question_26.png",
      "captured": true,
      "explanation": [
        "https://d2f8z173p7073l.cloudfront.net/1582434033849"
      ]
    },
    "question_27": {
      "question_number": 27,
      "correct_option": 2,
      "sds_id": "SDS15E2",
      "subtopic": "Microbes in Sewage Treatment",
      "image_filename": "question_27.png",
      "captured": true,
      "explanation": [
        "https://d2f8z173p7073l.cloudfront.net/1582432831003"
      ]
    },
    "question_28": {
      "question_number": 28,
      "correct_option": 1,
      "sds_id": "SDS15E3",
      "subtopic": "Microbes in Sewage Treatment",
      "image_filename": "question_28.png",
      "captured": true,
      "explanation": [
        "https://d2f8z173p7073l.cloudfront.net/1551581325035"
      ]
    },
    "question_29": {
      "question_number": 29,
      "correct_option": 2,
      "sds_id": "SDS15E4",
      "subtopic": "Microbes in Sewage Treatment",
      "image_filename": "question_29.png",
      "captured": true,
      "explanation": [
        "https://d2f8z173p7073l.cloudfront.net/1582434258360"
      ]
    },
    "question_30": {
      "question_number": 30,
      "correct_option": 1,
      "sds_id": "SDS15E5",
      "subtopic": "Microbes in Production of Biogas",
      "image_filename": "question_30.png",
      "captured": true,
      "explanation": [
        "https://d2f8z173p7073l.cloudfront.net/1582432158524"
      ]
    },
    "question_31": {
      "question_number": 31,
      "correct_option": 3,
      "sds_id": "SDS15E6",
      "subtopic": "Microbes in Production of Biogas",
      "image_filename": "question_31.png",
      "captured": true,
      "explanation": [
        "https://d1iljb9ao69244.cloudfront.net/131710_1711086907869_19.ogg",
        "https://d1iljb9ao69244.cloudfront.net/131710_1590594744489_Q12.ogg",
        "https://www.youtube.com/embed/zCVs2po-MNo?rel=0&amp;modestbranding=1&amp;loop=1&amp;playlist=zCVs2po-MNo&amp;start=324&amp;end=365",
        "https://www.youtube.com/embed/Vfkpz31TSaQ?rel=0&amp;modestbranding=1&amp;loop=1&amp;playlist=Vfkpz31TSaQ&amp;start=584&amp;end=625",
        "https://www.youtube.com/embed/zCVs2po-MNo?rel=0&modestbranding=1&loop=1&playlist=zCVs2po-MNo&start=324&end=365",
        "https://www.youtube.com/embed/Vfkpz31TSaQ?rel=0&modestbranding=1&loop=1&playlist=Vfkpz31TSaQ&start=584&end=625"
      ]
    },
    "question_32": {
      "question_number": 32,
      "correct_option": 3,
      "sds_id": "SDS15E7",
      "subtopic": "Microbes in Biocontrol Agent",
      "image_filename": "question_32.png",
      "captured": true,
      "explanation": [
        "https://d2f8z173p7073l.cloudfront.net/1596026179937"
      ]
    },
    "question_33": {
      "question_number": 33,
      "correct_option": 1,
      "sds_id": "SDS15E8",
      "subtopic": "Microbes in Biocontrol Agent",
      "image_filename": "question_33.png",
      "captured": true,
      "explanation": [
        "https://d2f8z173p7073l.cloudfront.net/1582432873013",
        "https://www.youtube.com/embed/kUxJUEDdasQ?rel=0&amp;modestbranding=1&amp;loop=1&amp;playlist=kUxJUEDdasQ&amp;start=187&amp;end=208",
        "https://www.youtube.com/embed/kUxJUEDdasQ?rel=0&modestbranding=1&loop=1&playlist=kUxJUEDdasQ&start=187&end=208"
      ]
    },
    "question_34": {
      "question_number": 34,
      "correct_option": 1,
      "sds_id": "SDS15E9",
      "subtopic": "Microbes in Biocontrol Agent",
      "image_filename": "question_34.png",
      "captured": true,
      "explanation": [
        "https://d2f8z173p7073l.cloudfront.net/1582434781095"
      ]
    },
    "question_35": {
      "question_number": 35,
      "correct_option": 1,
      "sds_id": "SDS15EA",
      "subtopic": "Microbes in Biocontrol Agent",
      "image_filename": "question_35.png",
      "captured": true,
      "explanation": [
        "https://d2f8z173p7073l.cloudfront.net/1582432743835"
      ]
    },
    "question_36": {
      "question_number": 36,
      "correct_option": 2,
      "sds_id": "SDS15EB",
      "subtopic": "Microbes in Biocontrol Agent",
      "image_filename": "question_36.png",
      "captured": true,
      "explanation": [
        "https://d2f8z173p7073l.cloudfront.net/1582433175352"
      ]
    },
    "question_37": {
      "question_number": 37,
      "correct_option": 4,
      "sds_id": "SDS15EC",
      "subtopic": "Microbes in Biocontrol Agent",
      "image_filename": "question_37.png",
      "captured": true,
      "explanation": [
        "https://d1iljb9ao69244.cloudfront.net/131406_1711086922128_20.ogg",
        "https://d1iljb9ao69244.cloudfront.net/131406_1597816913662_Q16.ogg",
        "https://www.youtube-nocookie.com/embed/0ZFVYljne6o?rel=0",
        "https://www.youtube.com/embed/kUxJUEDdasQ?rel=0&amp;modestbranding=1&amp;loop=1&amp;playlist=kUxJUEDdasQ&amp;start=46&amp;end=78",
        "https://www.youtube.com/embed/Vfkpz31TSaQ?rel=0&amp;modestbranding=1&amp;loop=1&amp;playlist=Vfkpz31TSaQ&amp;start=630&amp;end=677",
        "https://www.youtube.com/embed/kUxJUEDdasQ?rel=0&modestbranding=1&loop=1&playlist=kUxJUEDdasQ&start=46&end=78",
        "https://www.youtube.com/embed/Vfkpz31TSaQ?rel=0&modestbranding=1&loop=1&playlist=Vfkpz31TSaQ&start=630&end=677"
      ]
    },
    "question_38": {
      "question_number": 38,
      "correct_option": 3,
      "sds_id": "SDS15ED",
      "subtopic": "Microbes in Biocontrol Agent",
      "image_filename": "question_38.png",
      "captured": true,
      "explanation": [
        "https://d1iljb9ao69244.cloudfront.net/95649_1602516170836_Q120.ogg",
        "https://www.youtube-nocookie.com/embed/4gN8th74iDc?rel=0",
        "https://www.youtube.com/embed/kUxJUEDdasQ?rel=0&amp;modestbranding=1&amp;loop=1&amp;playlist=kUxJUEDdasQ&amp;start=81&amp;end=115",
        "https://www.youtube.com/embed/Vfkpz31TSaQ?rel=0&amp;modestbranding=1&amp;loop=1&amp;playlist=Vfkpz31TSaQ&amp;start=790&amp;end=820",
        "https://www.youtube.com/embed/kUxJUEDdasQ?rel=0&modestbranding=1&loop=1&playlist=kUxJUEDdasQ&start=81&end=115",
        "https://www.youtube.com/embed/Vfkpz31TSaQ?rel=0&modestbranding=1&loop=1&playlist=Vfkpz31TSaQ&start=790&end=820"
      ]
    },
    "question_39": {
      "question_number": 39,
      "correct_option": 1,
      "sds_id": "SDS15EE",
      "subtopic": "Microbes in Biocontrol Agent",
      "image_filename": "question_39.png",
      "captured": true,
      "explanation": [
        "https://d2f8z173p7073l.cloudfront.net/1582432069298"
      ]
    },
    "question_40": {
      "question_number": 40,
      "correct_option": 2,
      "sds_id": "SDS15EF",
      "subtopic": "Microbes in Biocontrol Agent",
      "image_filename": "question_40.png",
      "captured": true,
      "explanation": [
        "https://d1iljb9ao69244.cloudfront.net/95632_1602051833148_Q103.ogg",
        "https://www.youtube.com/embed/kUxJUEDdasQ?rel=0&amp;modestbranding=1&amp;loop=1&amp;playlist=kUxJUEDdasQ&amp;start=120&amp;end=145",
        "https://www.youtube.com/embed/Vfkpz31TSaQ?rel=0&amp;modestbranding=1&amp;loop=1&amp;playlist=Vfkpz31TSaQ&amp;start=826&amp;end=864",
        "https://www.youtube.com/embed/kUxJUEDdasQ?rel=0&modestbranding=1&loop=1&playlist=kUxJUEDdasQ&start=120&end=145",
        "https://www.youtube.com/embed/Vfkpz31TSaQ?rel=0&modestbranding=1&loop=1&playlist=Vfkpz31TSaQ&start=826&end=864"
      ]
    },
    "question_41": {
      "question_number": 41,
      "correct_option": 2,
      "sds_id": "SDS15F0",
      "subtopic": "Microbes as Biofertilizer",
      "image_filename": "question_41.png",
      "captured": true,
      "explanation": [
        "https://d2f8z173p7073l.cloudfront.net/1550562067276"
      ]
    },
    "question_42": {
      "question_number": 42,
      "correct_option": 1,
      "sds_id": "SDS15F1",
      "subtopic": "Microbes as Biofertilizer",
      "image_filename": "question_42.png",
      "captured": true,
      "explanation": [
        "https://d1iljb9ao69244.cloudfront.net/243425_1621689427291_76.ogg"
      ]
    },
    "question_43": {
      "question_number": 43,
      "correct_option": 2,
      "sds_id": "SDS15F2",
      "subtopic": "Microbes as Biofertilizer",
      "image_filename": "question_43.png",
      "captured": true,
      "explanation": [
        "https://d2f8z173p7073l.cloudfront.net/1582433404923"
      ]
    },
    "question_44": {
      "question_number": 44,
      "correct_option": 1,
      "sds_id": "SDS15F3",
      "subtopic": "Microbes as Biofertilizer",
      "image_filename": "question_44.png",
      "captured": true,
      "explanation": [
        "https://d1iljb9ao69244.cloudfront.net/251224_1627370246101_85.ogg",
        "https://www.youtube.com/embed/Vfkpz31TSaQ?rel=0&amp;modestbranding=1&amp;loop=1&amp;playlist=Vfkpz31TSaQ&amp;start=103&amp;end=131",
        "https://www.youtube.com/embed/Vfkpz31TSaQ?rel=0&modestbranding=1&loop=1&playlist=Vfkpz31TSaQ&start=103&end=131"
      ]
    },
    "question_45": {
      "question_number": 45,
      "correct_option": 3,
      "sds_id": "SDS15F4",
      "subtopic": "Microbes as Biofertilizer",
      "image_filename": "question_45.png",
      "captured": true,
      "explanation": [
        "https://d1iljb9ao69244.cloudfront.net/131714_1711087137141_21.ogg",
        "https://d1iljb9ao69244.cloudfront.net/131714_1590594800803_Q14.ogg",
        "https://www.youtube.com/embed/kUxJUEDdasQ?rel=0&amp;modestbranding=1&amp;loop=1&amp;playlist=kUxJUEDdasQ&amp;start=213&amp;end=240",
        "https://www.youtube.com/embed/Vfkpz31TSaQ?rel=0&amp;modestbranding=1&amp;loop=1&amp;playlist=Vfkpz31TSaQ&amp;start=546&amp;end=580",
        "https://www.youtube.com/embed/kUxJUEDdasQ?rel=0&modestbranding=1&loop=1&playlist=kUxJUEDdasQ&start=213&end=240",
        "https://www.youtube.com/embed/Vfkpz31TSaQ?rel=0&modestbranding=1&loop=1&playlist=Vfkpz31TSaQ&start=546&end=580"
      ]
    }
  }
}