{
  "chapter_no": 7,
  "chapter_name": "Human Health and Disease",
  "section_name": "Human Health and Disease (155 MCQs)",
  "total_questions": 155,
  "questions": {
    "question_1": {
      "question_number": 1,
      "correct_option": 2,
      "sds_id": "SDS1472",
      "subtopic": "Dengue",
      "image_filename": "question_1.png",
      "captured": true,
      "explanation": [
        "https://d1iljb9ao69244.cloudfront.net/409333_1705462084417_54.ogg"
      ]
    },
    "question_2": {
      "question_number": 2,
      "correct_option": 3,
      "sds_id": "SDS1473",
      "subtopic": "Introduction",
      "image_filename": "question_2.png",
      "captured": true,
      "explanation": [
        "https://d2f8z173p7073l.cloudfront.net/1582300815647"
      ]
    },
    "question_3": {
      "question_number": 3,
      "correct_option": 1,
      "sds_id": "SDS1474",
      "subtopic": "Introduction",
      "image_filename": "question_3.png",
      "captured": true,
      "explanation": [
        "https://d2f8z173p7073l.cloudfront.net/1582300859095"
      ]
    },
    "question_4": {
      "question_number": 4,
      "correct_option": 4,
      "sds_id": "SDS1475",
      "subtopic": "Introduction",
      "image_filename": "question_4.png",
      "captured": true,
      "explanation": [
        "https://d1iljb9ao69244.cloudfront.net/question_explanations_181590_1672047781852.ogg"
      ]
    },
    "question_5": {
      "question_number": 5,
      "correct_option": 2,
      "sds_id": "SDS1476",
      "subtopic": "Introduction",
      "image_filename": "question_5.png",
      "captured": true,
      "explanation": [
        "https://d2f8z173p7073l.cloudfront.net/1582301015777"
      ]
    },
    "question_6": {
      "question_number": 6,
      "correct_option": 4,
      "sds_id": "SDS1477",
      "subtopic": "Typhoid Fever",
      "image_filename": "question_6.png",
      "captured": true,
      "explanation": [
        "https://d2f8z173p7073l.cloudfront.net/1582300932227"
      ]
    },
    "question_7": {
      "question_number": 7,
      "correct_option": 4,
      "sds_id": "SDS1478",
      "subtopic": "Typhoid Fever",
      "image_filename": "question_7.png",
      "captured": true,
      "explanation": [
        "https://d2f8z173p7073l.cloudfront.net/1582788634180"
      ]
    },
    "question_8": {
      "question_number": 8,
      "correct_option": 4,
      "sds_id": "SDS1479",
      "subtopic": "Typhoid Fever",
      "image_filename": "question_8.png",
      "captured": true,
      "explanation": [
        "https://d2f8z173p7073l.cloudfront.net/1582300898737"
      ]
    },
    "question_9": {
      "question_number": 9,
      "correct_option": 2,
      "sds_id": "SDS147A",
      "subtopic": "Typhoid Fever",
      "image_filename": "question_9.png",
      "captured": true,
      "explanation": [
        "https://d1iljb9ao69244.cloudfront.net/question_explanations_181591_1672047837492.ogg"
      ]
    },
    "question_10": {
      "question_number": 10,
      "correct_option": 3,
      "sds_id": "SDS147B",
      "subtopic": "Typhoid Fever",
      "image_filename": "question_10.png",
      "captured": true,
      "explanation": [
        "https://d1iljb9ao69244.cloudfront.net/400576_1702877298354_1.ogg"
      ]
    },
    "question_11": {
      "question_number": 11,
      "correct_option": 3,
      "sds_id": "SDS147C",
      "subtopic": "Typhoid Fever",
      "image_filename": "question_11.png",
      "captured": true,
      "explanation": [
        "https://d1iljb9ao69244.cloudfront.net/400795_1703136013984_38.ogg"
      ]
    },
    "question_12": {
      "question_number": 12,
      "correct_option": 2,
      "sds_id": "SDS147D",
      "subtopic": "Pneumonia & Related Questions",
      "image_filename": "question_12.png",
      "captured": true,
      "explanation": [
        "https://d2f8z173p7073l.cloudfront.net/1582788675287"
      ]
    },
    "question_13": {
      "question_number": 13,
      "correct_option": 3,
      "sds_id": "SDS147E",
      "subtopic": "Pneumonia & Related Questions",
      "image_filename": "question_13.png",
      "captured": true,
      "explanation": [
        "https://d1iljb9ao69244.cloudfront.net/question_explanations_359631_1672456219387.ogg",
        "https://dsbihjlymzdyy.cloudfront.net/bio_images/all/Diagrams%20in%20Svg%20form%2FSVG%20Diagrams%20of%20class%2012th%2FHuman%20Health%20and%20Disease%20%2F359631.SVG.svg"
      ]
    },
    "question_14": {
      "question_number": 14,
      "correct_option": 2,
      "sds_id": "SDS147F",
      "subtopic": "Pneumonia & Related Questions",
      "image_filename": "question_14.png",
      "captured": true,
      "explanation": [
        "https://d1iljb9ao69244.cloudfront.net/400577_1702877316420_2.ogg"
      ]
    },
    "question_15": {
      "question_number": 15,
      "correct_option": 1,
      "sds_id": "SDS1480",
      "subtopic": "Pneumonia & Related Questions",
      "image_filename": "question_15.png",
      "captured": true,
      "explanation": [
        "https://d1iljb9ao69244.cloudfront.net/417373_1707648749044_52.ogg"
      ]
    },
    "question_16": {
      "question_number": 16,
      "correct_option": 1,
      "sds_id": "SDS1481",
      "subtopic": "Common Cold & Malaria Introduction",
      "image_filename": "question_16.png",
      "captured": true,
      "explanation": [
        "https://d2f8z173p7073l.cloudfront.net/1582301055316"
      ]
    },
    "question_17": {
      "question_number": 17,
      "correct_option": 2,
      "sds_id": "SDS1482",
      "subtopic": "Common Cold & Malaria Introduction",
      "image_filename": "question_17.png",
      "captured": true,
      "explanation": [
        "https://d1iljb9ao69244.cloudfront.net/400579_1702877351845_4.ogg"
      ]
    },
    "question_18": {
      "question_number": 18,
      "correct_option": 2,
      "sds_id": "SDS1483",
      "subtopic": "Common Cold & Malaria Introduction",
      "image_filename": "question_18.png",
      "captured": true,
      "explanation": [
        "https://d1iljb9ao69244.cloudfront.net/417453_1707538476326_54.ogg"
      ]
    },
    "question_19": {
      "question_number": 19,
      "correct_option": 1,
      "sds_id": "SDS1484",
      "subtopic": "Common Cold & Malaria Introduction",
      "image_filename": "question_19.png",
      "captured": true,
      "explanation": [
        "https://d1iljb9ao69244.cloudfront.net/417375_1707648775592_54.ogg"
      ]
    },
    "question_20": {
      "question_number": 20,
      "correct_option": 3,
      "sds_id": "SDS1485",
      "subtopic": "Common Cold & Malaria Introduction",
      "image_filename": "question_20.png",
      "captured": true,
      "explanation": [
        "https://d2f8z173p7073l.cloudfront.net/1582303211341"
      ]
    },
    "question_21": {
      "question_number": 21,
      "correct_option": 2,
      "sds_id": "SDS1486",
      "subtopic": "Common Cold & Malaria Introduction",
      "image_filename": "question_21.png",
      "captured": true,
      "explanation": [
        "https://d2f8z173p7073l.cloudfront.net/1582788984388"
      ]
    },
    "question_22": {
      "question_number": 22,
      "correct_option": 3,
      "sds_id": "SDS1487",
      "subtopic": "Common Cold & Malaria Introduction",
      "image_filename": "question_22.png",
      "captured": true,
      "explanation": [
        "https://d1iljb9ao69244.cloudfront.net/400799_1703138759044_42.ogg"
      ]
    },
    "question_23": {
      "question_number": 23,
      "correct_option": 2,
      "sds_id": "SDS1488",
      "subtopic": "Treatment & Life Cycle of Malaria",
      "image_filename": "question_23.png",
      "captured": true,
      "explanation": [
        "https://d1iljb9ao69244.cloudfront.net/243347_1621686876998_32.ogg"
      ]
    },
    "question_24": {
      "question_number": 24,
      "correct_option": 3,
      "sds_id": "SDS1489",
      "subtopic": "Treatment & Life Cycle of Malaria",
      "image_filename": "question_24.png",
      "captured": true,
      "explanation": [
        "https://d1iljb9ao69244.cloudfront.net/question_explanations_181589_1672047688595.ogg"
      ]
    },
    "question_25": {
      "question_number": 25,
      "correct_option": 3,
      "sds_id": "SDS148A",
      "subtopic": "Treatment & Life Cycle of Malaria",
      "image_filename": "question_25.png",
      "captured": true,
      "explanation": [
        "https://d2f8z173p7073l.cloudfront.net/1582300974847"
      ]
    },
    "question_26": {
      "question_number": 26,
      "correct_option": 3,
      "sds_id": "SDS148B",
      "subtopic": "Treatment & Life Cycle of Malaria",
      "image_filename": "question_26.png",
      "captured": true,
      "explanation": [
        "https://d1iljb9ao69244.cloudfront.net/62859_1730540891570_77.ogg",
        "https://d2f8z173p7073l.cloudfront.net/1549283751317",
        "https://dsbihjlymzdyy.cloudfront.net/bio_images/all/Diagrams%20in%20Svg%20form%2FSVG%20Diagrams%20of%20class%2012th%2FMixed%20SVG%20Diagrams%2F62859.SVG.svg"
      ]
    },
    "question_27": {
      "question_number": 27,
      "correct_option": 4,
      "sds_id": "SDS148C",
      "subtopic": "Treatment & Life Cycle of Malaria",
      "image_filename": "question_27.png",
      "captured": true,
      "explanation": [
        "https://d1iljb9ao69244.cloudfront.net/400581_1702877370457_5.ogg"
      ]
    },
    "question_28": {
      "question_number": 28,
      "correct_option": 3,
      "sds_id": "SDS148D",
      "subtopic": "Treatment & Life Cycle of Malaria",
      "image_filename": "question_28.png",
      "captured": true,
      "explanation": [
        "https://d1iljb9ao69244.cloudfront.net/417461_1707538789741_62.ogg"
      ]
    },
    "question_29": {
      "question_number": 29,
      "correct_option": 2,
      "sds_id": "SDS148E",
      "subtopic": "Treatment & Life Cycle of Malaria",
      "image_filename": "question_29.png",
      "captured": true,
      "explanation": [
        "https://d1iljb9ao69244.cloudfront.net/417383_1707649064220_62.ogg"
      ]
    },
    "question_30": {
      "question_number": 30,
      "correct_option": 2,
      "sds_id": "SDS148F",
      "subtopic": "Treatment & Life Cycle of Malaria",
      "image_filename": "question_30.png",
      "captured": true,
      "explanation": [
        "https://d1iljb9ao69244.cloudfront.net/446631_1713094027149_24.ogg"
      ]
    },
    "question_31": {
      "question_number": 31,
      "correct_option": 3,
      "sds_id": "SDS1490",
      "subtopic": "Treatment & Life Cycle of Malaria",
      "image_filename": "question_31.png",
      "captured": true,
      "explanation": [
        "https://d1iljb9ao69244.cloudfront.net/426468_1711177055381_14.ogg"
      ]
    },
    "question_32": {
      "question_number": 32,
      "correct_option": 1,
      "sds_id": "SDS1491",
      "subtopic": "Treatment & Life Cycle of Malaria",
      "image_filename": "question_32.png",
      "captured": true,
      "explanation": [
        "https://d1iljb9ao69244.cloudfront.net/448208_1713523011060_24.ogg"
      ]
    },
    "question_33": {
      "question_number": 33,
      "correct_option": 1,
      "sds_id": "SDS1492",
      "subtopic": "Treatment & Life Cycle of Malaria",
      "image_filename": "question_33.png",
      "captured": true,
      "explanation": [
        "https://d1iljb9ao69244.cloudfront.net/400798_1703138741559_41.ogg"
      ]
    },
    "question_34": {
      "question_number": 34,
      "correct_option": 3,
      "sds_id": "SDS1493",
      "subtopic": "Ascariasis & Filariasis",
      "image_filename": "question_34.png",
      "captured": true,
      "explanation": [
        "https://d1iljb9ao69244.cloudfront.net/400582_1702877388060_6.ogg"
      ]
    },
    "question_35": {
      "question_number": 35,
      "correct_option": 1,
      "sds_id": "SDS1494",
      "subtopic": "Ascariasis & Filariasis",
      "image_filename": "question_35.png",
      "captured": true,
      "explanation": [
        "https://d1iljb9ao69244.cloudfront.net/417407_1707649828932_86.ogg"
      ]
    },
    "question_36": {
      "question_number": 36,
      "correct_option": 4,
      "sds_id": "SDS1495",
      "subtopic": "Ascariasis & Filariasis",
      "image_filename": "question_36.png",
      "captured": true,
      "explanation": [
        "https://d1iljb9ao69244.cloudfront.net/question_explanations_359637_1672380358612.ogg",
        "https://dsbihjlymzdyy.cloudfront.net/bio_images/all/Diagrams%20in%20Svg%20form%2FSVG%20Diagrams%20of%20class%2012th%2FHuman%20Health%20and%20Disease%20%2F359637.SVG.svg"
      ]
    },
    "question_37": {
      "question_number": 37,
      "correct_option": 3,
      "sds_id": "SDS1496",
      "subtopic": "Ascariasis & Filariasis",
      "image_filename": "question_37.png",
      "captured": true,
      "explanation": [
        "https://d1iljb9ao69244.cloudfront.net/400796_1703136028265_39.ogg"
      ]
    },
    "question_38": {
      "question_number": 38,
      "correct_option": 2,
      "sds_id": "SDS1497",
      "subtopic": "Ascariasis & Filariasis",
      "image_filename": "question_38.png",
      "captured": true,
      "explanation": [
        "https://d1iljb9ao69244.cloudfront.net/417489_1707539494896_86.ogg"
      ]
    },
    "question_39": {
      "question_number": 39,
      "correct_option": 1,
      "sds_id": "SDS1498",
      "subtopic": "Ascariasis & Filariasis",
      "image_filename": "question_39.png",
      "captured": true,
      "explanation": [
        "https://d1iljb9ao69244.cloudfront.net/447765_1713352324772_47.ogg"
      ]
    },
    "question_40": {
      "question_number": 40,
      "correct_option": 2,
      "sds_id": "SDS1499",
      "subtopic": "Fungal Infection & Concept of Immunity",
      "image_filename": "question_40.png",
      "captured": true,
      "explanation": [
        "https://d2f8z173p7073l.cloudfront.net/1582788595542"
      ]
    },
    "question_41": {
      "question_number": 41,
      "correct_option": 1,
      "sds_id": "SDS149A",
      "subtopic": "Fungal Infection & Concept of Immunity",
      "image_filename": "question_41.png",
      "captured": true,
      "explanation": [
        "https://d1iljb9ao69244.cloudfront.net/question_explanations_181593_1672048652064.ogg"
      ]
    },
    "question_42": {
      "question_number": 42,
      "correct_option": 1,
      "sds_id": "SDS149B",
      "subtopic": "Fungal Infection & Concept of Immunity",
      "image_filename": "question_42.png",
      "captured": true,
      "explanation": [
        "https://d1iljb9ao69244.cloudfront.net/400797_1703136044589_40.ogg"
      ]
    },
    "question_43": {
      "question_number": 43,
      "correct_option": 3,
      "sds_id": "SDS149C",
      "subtopic": "Fungal Infection & Concept of Immunity",
      "image_filename": "question_43.png",
      "captured": true,
      "explanation": [
        "https://d2f8z173p7073l.cloudfront.net/1574701476984"
      ]
    },
    "question_44": {
      "question_number": 44,
      "correct_option": 3,
      "sds_id": "SDS149D",
      "subtopic": "Fungal Infection & Concept of Immunity",
      "image_filename": "question_44.png",
      "captured": true,
      "explanation": [
        "https://d1iljb9ao69244.cloudfront.net/243316_1621684530572_8.ogg"
      ]
    },
    "question_45": {
      "question_number": 45,
      "correct_option": 4,
      "sds_id": "SDS149E",
      "subtopic": "Fungal Infection & Concept of Immunity",
      "image_filename": "question_45.png",
      "captured": true,
      "explanation": [
        "https://d2f8z173p7073l.cloudfront.net/1582789901606"
      ]
    },
    "question_46": {
      "question_number": 46,
      "correct_option": 2,
      "sds_id": "SDS149F",
      "subtopic": "Details of Immunity",
      "image_filename": "question_46.png",
      "captured": true,
      "explanation": [
        "https://d2f8z173p7073l.cloudfront.net/1582788567507"
      ]
    },
    "question_47": {
      "question_number": 47,
      "correct_option": 3,
      "sds_id": "SDS14A0",
      "subtopic": "Details of Immunity",
      "image_filename": "question_47.png",
      "captured": true,
      "explanation": [
        "https://d2f8z173p7073l.cloudfront.net/1582789011945"
      ]
    },
    "question_48": {
      "question_number": 48,
      "correct_option": 3,
      "sds_id": "SDS14A1",
      "subtopic": "Details of Immunity",
      "image_filename": "question_48.png",
      "captured": true,
      "explanation": [
        "https://d2f8z173p7073l.cloudfront.net/1588065982274"
      ]
    },
    "question_49": {
      "question_number": 49,
      "correct_option": 3,
      "sds_id": "SDS14A2",
      "subtopic": "Details of Immunity",
      "image_filename": "question_49.png",
      "captured": true,
      "explanation": [
        "https://d1iljb9ao69244.cloudfront.net/question_explanations_181595_1672048734275.ogg"
      ]
    },
    "question_50": {
      "question_number": 50,
      "correct_option": 1,
      "sds_id": "SDS14A3",
      "subtopic": "Details of Immunity",
      "image_filename": "question_50.png",
      "captured": true,
      "explanation": [
        "https://d1iljb9ao69244.cloudfront.net/243348_1621686894779_33.ogg"
      ]
    },
    "question_51": {
      "question_number": 51,
      "correct_option": 1,
      "sds_id": "SDS14A4",
      "subtopic": "Details of Immunity",
      "image_filename": "question_51.png",
      "captured": true,
      "explanation": [
        "https://d1iljb9ao69244.cloudfront.net/question_explanations_181596_1672118707325.ogg"
      ]
    },
    "question_52": {
      "question_number": 52,
      "correct_option": 4,
      "sds_id": "SDS14A5",
      "subtopic": "Details of Immunity",
      "image_filename": "question_52.png",
      "captured": true,
      "explanation": [
        "https://d1iljb9ao69244.cloudfront.net/328106_1647018382687_100.ogg"
      ]
    },
    "question_53": {
      "question_number": 53,
      "correct_option": 1,
      "sds_id": "SDS14A6",
      "subtopic": "Details of Immunity",
      "image_filename": "question_53.png",
      "captured": true,
      "explanation": [
        "https://d1iljb9ao69244.cloudfront.net/446648_1713095223053_41.ogg"
      ]
    },
    "question_54": {
      "question_number": 54,
      "correct_option": 1,
      "sds_id": "SDS14A7",
      "subtopic": "Details of Immunity",
      "image_filename": "question_54.png",
      "captured": true,
      "explanation": [
        "https://d2f8z173p7073l.cloudfront.net/1582789326540"
      ]
    },
    "question_55": {
      "question_number": 55,
      "correct_option": 3,
      "sds_id": "SDS14A8",
      "subtopic": "Details of Immunity",
      "image_filename": "question_55.png",
      "captured": true,
      "explanation": [
        "https://d1iljb9ao69244.cloudfront.net/question_explanations_181597_1672048858706.ogg"
      ]
    },
    "question_56": {
      "question_number": 56,
      "correct_option": 4,
      "sds_id": "SDS14A9",
      "subtopic": "Details of Immunity",
      "image_filename": "question_56.png",
      "captured": true,
      "explanation": [
        "https://d2f8z173p7073l.cloudfront.net/1582789365704"
      ]
    },
    "question_57": {
      "question_number": 57,
      "correct_option": 3,
      "sds_id": "SDS14AA",
      "subtopic": "Details of Immunity",
      "image_filename": "question_57.png",
      "captured": true,
      "explanation": [
        "https://d2f8z173p7073l.cloudfront.net/1582789490920"
      ]
    },
    "question_58": {
      "question_number": 58,
      "correct_option": 2,
      "sds_id": "SDS14AB",
      "subtopic": "Details of Immunity",
      "image_filename": "question_58.png",
      "captured": true,
      "explanation": [
        "https://d1iljb9ao69244.cloudfront.net/question_explanations_181600_1672048953711.ogg"
      ]
    },
    "question_59": {
      "question_number": 59,
      "correct_option": 4,
      "sds_id": "SDS14AC",
      "subtopic": "Details of Immunity",
      "image_filename": "question_59.png",
      "captured": true,
      "explanation": [
        "https://d2f8z173p7073l.cloudfront.net/1582303003930"
      ]
    },
    "question_60": {
      "question_number": 60,
      "correct_option": 1,
      "sds_id": "SDS14AD",
      "subtopic": "Details of Immunity",
      "image_filename": "question_60.png",
      "captured": true,
      "explanation": [
        "https://d1iljb9ao69244.cloudfront.net/question_explanations_181598_1671604572728.ogg"
      ]
    },
    "question_61": {
      "question_number": 61,
      "correct_option": 2,
      "sds_id": "SDS14AE",
      "subtopic": "Details of Immunity",
      "image_filename": "question_61.png",
      "captured": true,
      "explanation": [
        "https://d1iljb9ao69244.cloudfront.net/400587_1702877501638_11.ogg"
      ]
    },
    "question_62": {
      "question_number": 62,
      "correct_option": 3,
      "sds_id": "SDS14AF",
      "subtopic": "Details of Immunity",
      "image_filename": "question_62.png",
      "captured": true,
      "explanation": [
        "https://d1iljb9ao69244.cloudfront.net/338570_1657684315207_338570.ogg"
      ]
    },
    "question_63": {
      "question_number": 63,
      "correct_option": 2,
      "sds_id": "SDS14B0",
      "subtopic": "Details of Immunity",
      "image_filename": "question_63.png",
      "captured": true,
      "explanation": [
        "https://d2f8z173p7073l.cloudfront.net/1582342492435"
      ]
    },
    "question_64": {
      "question_number": 64,
      "correct_option": 1,
      "sds_id": "SDS14B1",
      "subtopic": "Details of Immunity",
      "image_filename": "question_64.png",
      "captured": true,
      "explanation": [
        "https://d1iljb9ao69244.cloudfront.net/115135_1712045200280_31.ogg",
        "https://d2f8z173p7073l.cloudfront.net/1574701170477"
      ]
    },
    "question_65": {
      "question_number": 65,
      "correct_option": 3,
      "sds_id": "SDS14B2",
      "subtopic": "Details of Immunity",
      "image_filename": "question_65.png",
      "captured": true,
      "explanation": [
        "https://d2f8z173p7073l.cloudfront.net/1582789673178"
      ]
    },
    "question_66": {
      "question_number": 66,
      "correct_option": 4,
      "sds_id": "SDS14B3",
      "subtopic": "Details of Immunity",
      "image_filename": "question_66.png",
      "captured": true,
      "explanation": [
        "https://d2f8z173p7073l.cloudfront.net/1582789842259"
      ]
    },
    "question_67": {
      "question_number": 67,
      "correct_option": 2,
      "sds_id": "SDS14B4",
      "subtopic": "Details of Immunity",
      "image_filename": "question_67.png",
      "captured": true,
      "explanation": [
        "https://d1iljb9ao69244.cloudfront.net/417471_1707539123290_71.ogg"
      ]
    },
    "question_68": {
      "question_number": 68,
      "correct_option": 1,
      "sds_id": "SDS14B5",
      "subtopic": "Active & Passive Immunity",
      "image_filename": "question_68.png",
      "captured": true,
      "explanation": [
        "https://d1iljb9ao69244.cloudfront.net/400804_1703138837663_47.ogg"
      ]
    },
    "question_69": {
      "question_number": 69,
      "correct_option": 1,
      "sds_id": "SDS14B6",
      "subtopic": "Active & Passive Immunity",
      "image_filename": "question_69.png",
      "captured": true,
      "explanation": [
        "https://d2f8z173p7073l.cloudfront.net/1582789520549"
      ]
    },
    "question_70": {
      "question_number": 70,
      "correct_option": 4,
      "sds_id": "SDS14B7",
      "subtopic": "Active & Passive Immunity",
      "image_filename": "question_70.png",
      "captured": true,
      "explanation": [
        "https://d2f8z173p7073l.cloudfront.net/1582789583316"
      ]
    },
    "question_71": {
      "question_number": 71,
      "correct_option": 3,
      "sds_id": "SDS14B8",
      "subtopic": "Active & Passive Immunity",
      "image_filename": "question_71.png",
      "captured": true,
      "explanation": [
        "https://d2f8z173p7073l.cloudfront.net/1582789639419"
      ]
    },
    "question_72": {
      "question_number": 72,
      "correct_option": 4,
      "sds_id": "SDS14B9",
      "subtopic": "Active & Passive Immunity",
      "image_filename": "question_72.png",
      "captured": true,
      "explanation": [
        "https://d1iljb9ao69244.cloudfront.net/243350_1621687283328_35.ogg"
      ]
    },
    "question_73": {
      "question_number": 73,
      "correct_option": 2,
      "sds_id": "SDS14BA",
      "subtopic": "Active & Passive Immunity",
      "image_filename": "question_73.png",
      "captured": true,
      "explanation": [
        "https://d2f8z173p7073l.cloudfront.net/1548844178344"
      ]
    },
    "question_74": {
      "question_number": 74,
      "correct_option": 4,
      "sds_id": "SDS14BB",
      "subtopic": "Active & Passive Immunity",
      "image_filename": "question_74.png",
      "captured": true,
      "explanation": [
        "https://d1iljb9ao69244.cloudfront.net/427556_1710127071942_49.ogg"
      ]
    },
    "question_75": {
      "question_number": 75,
      "correct_option": 1,
      "sds_id": "SDS14BC",
      "subtopic": "Active & Passive Immunity",
      "image_filename": "question_75.png",
      "captured": true,
      "explanation": [
        "https://d1iljb9ao69244.cloudfront.net/453637_1714481669210_45.ogg"
      ]
    },
    "question_76": {
      "question_number": 76,
      "correct_option": 3,
      "sds_id": "SDS14BD",
      "subtopic": "Allergies & Autoimmunity",
      "image_filename": "question_76.png",
      "captured": true,
      "explanation": [
        "https://d1iljb9ao69244.cloudfront.net/327994_1646975728923_30.ogg"
      ]
    },
    "question_77": {
      "question_number": 77,
      "correct_option": 3,
      "sds_id": "SDS14BE",
      "subtopic": "Allergies & Autoimmunity",
      "image_filename": "question_77.png",
      "captured": true,
      "explanation": [
        "https://d1iljb9ao69244.cloudfront.net/400800_1703138774455_43.ogg"
      ]
    },
    "question_78": {
      "question_number": 78,
      "correct_option": 4,
      "sds_id": "SDS14BF",
      "subtopic": "Allergies & Autoimmunity",
      "image_filename": "question_78.png",
      "captured": true,
      "explanation": [
        "https://d1iljb9ao69244.cloudfront.net/400805_1703138853550_48.ogg"
      ]
    },
    "question_79": {
      "question_number": 79,
      "correct_option": 4,
      "sds_id": "SDS14C0",
      "subtopic": "Allergies & Autoimmunity",
      "image_filename": "question_79.png",
      "captured": true,
      "explanation": [
        "https://d1iljb9ao69244.cloudfront.net/426794_1709871394675_99.ogg"
      ]
    },
    "question_80": {
      "question_number": 80,
      "correct_option": 2,
      "sds_id": "SDS14C1",
      "subtopic": "Allergies & Autoimmunity",
      "image_filename": "question_80.png",
      "captured": true,
      "explanation": [
        "https://d1iljb9ao69244.cloudfront.net/417466_1707538855172_67.ogg"
      ]
    },
    "question_81": {
      "question_number": 81,
      "correct_option": 4,
      "sds_id": "SDS14C2",
      "subtopic": "Allergies & Autoimmunity",
      "image_filename": "question_81.png",
      "captured": true,
      "explanation": [
        "https://d2f8z173p7073l.cloudfront.net/1582789812616"
      ]
    },
    "question_82": {
      "question_number": 82,
      "correct_option": 3,
      "sds_id": "SDS14C3",
      "subtopic": "Allergies & Autoimmunity",
      "image_filename": "question_82.png",
      "captured": true,
      "explanation": [
        "https://d1iljb9ao69244.cloudfront.net/question_explanations_181603_1672041484204.ogg"
      ]
    },
    "question_83": {
      "question_number": 83,
      "correct_option": 3,
      "sds_id": "SDS14C4",
      "subtopic": "Allergies & Autoimmunity",
      "image_filename": "question_83.png",
      "captured": true,
      "explanation": [
        "https://d1iljb9ao69244.cloudfront.net/426448_1709891563789_27.ogg"
      ]
    },
    "question_84": {
      "question_number": 84,
      "correct_option": 1,
      "sds_id": "SDS14C5",
      "subtopic": "Human Immune System",
      "image_filename": "question_84.png",
      "captured": true,
      "explanation": [
        "https://d1iljb9ao69244.cloudfront.net/417454_1707538488491_55.ogg"
      ]
    },
    "question_85": {
      "question_number": 85,
      "correct_option": 2,
      "sds_id": "SDS14C6",
      "subtopic": "Human Immune System",
      "image_filename": "question_85.png",
      "captured": true,
      "explanation": [
        "https://d1iljb9ao69244.cloudfront.net/417376_1707648787809_55.ogg"
      ]
    },
    "question_86": {
      "question_number": 86,
      "correct_option": 2,
      "sds_id": "SDS14C7",
      "subtopic": "Human Immune System",
      "image_filename": "question_86.png",
      "captured": true,
      "explanation": [
        "https://d1iljb9ao69244.cloudfront.net/400803_1703138822968_46.ogg"
      ]
    },
    "question_87": {
      "question_number": 87,
      "correct_option": 2,
      "sds_id": "SDS14C8",
      "subtopic": "Human Immune System",
      "image_filename": "question_87.png",
      "captured": true,
      "explanation": [
        "https://d1iljb9ao69244.cloudfront.net/417491_1707539519597_88.ogg"
      ]
    },
    "question_88": {
      "question_number": 88,
      "correct_option": 1,
      "sds_id": "SDS14C9",
      "subtopic": "Human Immune System",
      "image_filename": "question_88.png",
      "captured": true,
      "explanation": [
        "https://d1iljb9ao69244.cloudfront.net/177183_1718331073542_WhatsApp%20Ptt%202024-06-12%20at%207.06.51%20PM.ogg",
        "https://d1iljb9ao69244.cloudfront.net/177183_1718331073542_WhatsApp"
      ]
    },
    "question_89": {
      "question_number": 89,
      "correct_option": 2,
      "sds_id": "SDS14CA",
      "subtopic": "Human Immune System",
      "image_filename": "question_89.png",
      "captured": true,
      "explanation": [
        "https://d1iljb9ao69244.cloudfront.net/question_explanations_337655_1655525911627.ogg"
      ]
    },
    "question_90": {
      "question_number": 90,
      "correct_option": 3,
      "sds_id": "SDS14CB",
      "subtopic": "Human Immune System",
      "image_filename": "question_90.png",
      "captured": true,
      "explanation": [
        "https://d1iljb9ao69244.cloudfront.net/334606_1651547939574_27.ogg"
      ]
    },
    "question_91": {
      "question_number": 91,
      "correct_option": 3,
      "sds_id": "SDS14CC",
      "subtopic": "Human Immune System",
      "image_filename": "question_91.png",
      "captured": true,
      "explanation": [
        "https://d2f8z173p7073l.cloudfront.net/1582789703397"
      ]
    },
    "question_92": {
      "question_number": 92,
      "correct_option": 3,
      "sds_id": "SDS14CD",
      "subtopic": "Human Immune System",
      "image_filename": "question_92.png",
      "captured": true,
      "explanation": [
        "https://d1iljb9ao69244.cloudfront.net/400592_1702877590244_16.ogg"
      ]
    },
    "question_93": {
      "question_number": 93,
      "correct_option": 3,
      "sds_id": "SDS14CE",
      "subtopic": "Human Immune System",
      "image_filename": "question_93.png",
      "captured": true,
      "explanation": [
        "https://d1iljb9ao69244.cloudfront.net/426465_1709891600812_30.ogg"
      ]
    },
    "question_94": {
      "question_number": 94,
      "correct_option": 1,
      "sds_id": "SDS14CF",
      "subtopic": "Human Immune System",
      "image_filename": "question_94.png",
      "captured": true,
      "explanation": [
        "https://d2f8z173p7073l.cloudfront.net/1582789934749"
      ]
    },
    "question_95": {
      "question_number": 95,
      "correct_option": 2,
      "sds_id": "SDS14D0",
      "subtopic": "Human Immune System",
      "image_filename": "question_95.png",
      "captured": true,
      "explanation": [
        "https://d1iljb9ao69244.cloudfront.net/question_explanations_335830_1653059279046.ogg"
      ]
    },
    "question_96": {
      "question_number": 96,
      "correct_option": 1,
      "sds_id": "SDS14D1",
      "subtopic": "AIDS",
      "image_filename": "question_96.png",
      "captured": true,
      "explanation": [
        "https://d1iljb9ao69244.cloudfront.net/question_explanations_358228_1672226469383.ogg"
      ]
    },
    "question_97": {
      "question_number": 97,
      "correct_option": 2,
      "sds_id": "SDS14D2",
      "subtopic": "AIDS",
      "image_filename": "question_97.png",
      "captured": true,
      "explanation": [
        "https://d1iljb9ao69244.cloudfront.net/question_explanations_358230_1672461976708.ogg"
      ]
    },
    "question_98": {
      "question_number": 98,
      "correct_option": 1,
      "sds_id": "SDS14D3",
      "subtopic": "AIDS",
      "image_filename": "question_98.png",
      "captured": true,
      "explanation": [
        "https://d2f8z173p7073l.cloudfront.net/1582790964283"
      ]
    },
    "question_99": {
      "question_number": 99,
      "correct_option": 3,
      "sds_id": "SDS14D4",
      "subtopic": "AIDS",
      "image_filename": "question_99.png",
      "captured": true,
      "explanation": [
        "https://d2f8z173p7073l.cloudfront.net/1582302911382"
      ]
    },
    "question_100": {
      "question_number": 100,
      "correct_option": 3,
      "sds_id": "SDS14D5",
      "subtopic": "AIDS",
      "image_filename": "question_100.png",
      "captured": true,
      "explanation": [
        "https://d1iljb9ao69244.cloudfront.net/243331_1621685615476_23.ogg"
      ]
    },
    "question_101": {
      "question_number": 101,
      "correct_option": 1,
      "sds_id": "SDS14D6",
      "subtopic": "AIDS",
      "image_filename": "question_101.png",
      "captured": true,
      "explanation": [
        "https://d2f8z173p7073l.cloudfront.net/1549016048722",
        "https://www.youtube-nocookie.com/embed/QhykFKu9jXc?rel=0"
      ]
    },
    "question_102": {
      "question_number": 102,
      "correct_option": 3,
      "sds_id": "SDS14D7",
      "subtopic": "AIDS",
      "image_filename": "question_102.png",
      "captured": true,
      "explanation": [
        "https://d1iljb9ao69244.cloudfront.net/400790_1703135677998_33.ogg"
      ]
    },
    "question_103": {
      "question_number": 103,
      "correct_option": 3,
      "sds_id": "SDS14D8",
      "subtopic": "AIDS",
      "image_filename": "question_103.png",
      "captured": true,
      "explanation": [
        "https://d1iljb9ao69244.cloudfront.net/400788_1703135647312_31.ogg"
      ]
    },
    "question_104": {
      "question_number": 104,
      "correct_option": 1,
      "sds_id": "SDS14D9",
      "subtopic": "AIDS",
      "image_filename": "question_104.png",
      "captured": true,
      "explanation": [
        "https://d1iljb9ao69244.cloudfront.net/400789_1703135663288_32.ogg"
      ]
    },
    "question_105": {
      "question_number": 105,
      "correct_option": 1,
      "sds_id": "SDS14DA",
      "subtopic": "AIDS",
      "image_filename": "question_105.png",
      "captured": true,
      "explanation": [
        "https://d1iljb9ao69244.cloudfront.net/400787_1703135218592_30.ogg"
      ]
    },
    "question_106": {
      "question_number": 106,
      "correct_option": 2,
      "sds_id": "SDS14DB",
      "subtopic": "AIDS",
      "image_filename": "question_106.png",
      "captured": true,
      "explanation": [
        "https://d1iljb9ao69244.cloudfront.net/400594_1702877625408_18.ogg"
      ]
    },
    "question_107": {
      "question_number": 107,
      "correct_option": 1,
      "sds_id": "SDS14DC",
      "subtopic": "AIDS",
      "image_filename": "question_107.png",
      "captured": true,
      "explanation": [
        "https://d1iljb9ao69244.cloudfront.net/417493_1707539543652_90.ogg"
      ]
    },
    "question_108": {
      "question_number": 108,
      "correct_option": 1,
      "sds_id": "SDS14DD",
      "subtopic": "AIDS",
      "image_filename": "question_108.png",
      "captured": true,
      "explanation": [
        "https://d1iljb9ao69244.cloudfront.net/417492_1707539531595_89.ogg"
      ]
    },
    "question_109": {
      "question_number": 109,
      "correct_option": 2,
      "sds_id": "SDS14DE",
      "subtopic": "AIDS",
      "image_filename": "question_109.png",
      "captured": true,
      "explanation": [
        "https://d1iljb9ao69244.cloudfront.net/450767_1714046386287_34.ogg"
      ]
    },
    "question_110": {
      "question_number": 110,
      "correct_option": 3,
      "sds_id": "SDS14DF",
      "subtopic": "Cancer",
      "image_filename": "question_110.png",
      "captured": true,
      "explanation": [
        "https://d2f8z173p7073l.cloudfront.net/1596024032338"
      ]
    },
    "question_111": {
      "question_number": 111,
      "correct_option": 3,
      "sds_id": "SDS14E0",
      "subtopic": "Cancer",
      "image_filename": "question_111.png",
      "captured": true,
      "explanation": [
        "https://d2f8z173p7073l.cloudfront.net/1588066160892"
      ]
    },
    "question_112": {
      "question_number": 112,
      "correct_option": 4,
      "sds_id": "SDS14E1",
      "subtopic": "Cancer",
      "image_filename": "question_112.png",
      "captured": true,
      "explanation": [
        "https://d1iljb9ao69244.cloudfront.net/243330_1621685597930_22.ogg"
      ]
    },
    "question_113": {
      "question_number": 113,
      "correct_option": 3,
      "sds_id": "SDS14E2",
      "subtopic": "Cancer",
      "image_filename": "question_113.png",
      "captured": true,
      "explanation": [
        "https://d2f8z173p7073l.cloudfront.net/1582301094833"
      ]
    },
    "question_114": {
      "question_number": 114,
      "correct_option": 2,
      "sds_id": "SDS14E3",
      "subtopic": "Cancer",
      "image_filename": "question_114.png",
      "captured": true,
      "explanation": [
        "https://d2f8z173p7073l.cloudfront.net/1582790897904"
      ]
    },
    "question_115": {
      "question_number": 115,
      "correct_option": 4,
      "sds_id": "SDS14E4",
      "subtopic": "Cancer",
      "image_filename": "question_115.png",
      "captured": true,
      "explanation": [
        "https://d2f8z173p7073l.cloudfront.net/1582790009600"
      ]
    },
    "question_116": {
      "question_number": 116,
      "correct_option": 4,
      "sds_id": "SDS14E5",
      "subtopic": "Cancer",
      "image_filename": "question_116.png",
      "captured": true,
      "explanation": [
        "https://d2f8z173p7073l.cloudfront.net/1582790934769"
      ]
    },
    "question_117": {
      "question_number": 117,
      "correct_option": 1,
      "sds_id": "SDS14E6",
      "subtopic": "Cancer",
      "image_filename": "question_117.png",
      "captured": true,
      "explanation": [
        "https://d1iljb9ao69244.cloudfront.net/question_explanations_358231_1672387492181.ogg"
      ]
    },
    "question_118": {
      "question_number": 118,
      "correct_option": 3,
      "sds_id": "SDS14E7",
      "subtopic": "Cancer",
      "image_filename": "question_118.png",
      "captured": true,
      "explanation": [
        "https://d1iljb9ao69244.cloudfront.net/question_explanations_358233_1672388101828.ogg"
      ]
    },
    "question_119": {
      "question_number": 119,
      "correct_option": 2,
      "sds_id": "SDS14E8",
      "subtopic": "Cancer",
      "image_filename": "question_119.png",
      "captured": true,
      "explanation": [
        "https://d1iljb9ao69244.cloudfront.net/123705_1712045257717_32.ogg",
        "https://d2f8z173p7073l.cloudfront.net/1582301127327"
      ]
    },
    "question_120": {
      "question_number": 120,
      "correct_option": 3,
      "sds_id": "SDS14E9",
      "subtopic": "Cancer",
      "image_filename": "question_120.png",
      "captured": true,
      "explanation": [
        "https://d1iljb9ao69244.cloudfront.net/331948_1649523736807_10.ogg"
      ]
    },
    "question_121": {
      "question_number": 121,
      "correct_option": 3,
      "sds_id": "SDS14EA",
      "subtopic": "Cancer",
      "image_filename": "question_121.png",
      "captured": true,
      "explanation": [
        "https://d1iljb9ao69244.cloudfront.net/400596_1702892657525_21.ogg"
      ]
    },
    "question_122": {
      "question_number": 122,
      "correct_option": 1,
      "sds_id": "SDS14EB",
      "subtopic": "Cancer",
      "image_filename": "question_122.png",
      "captured": true,
      "explanation": [
        "https://d1iljb9ao69244.cloudfront.net/400792_1703135707548_35.ogg"
      ]
    },
    "question_123": {
      "question_number": 123,
      "correct_option": 1,
      "sds_id": "SDS14EC",
      "subtopic": "Cancer",
      "image_filename": "question_123.png",
      "captured": true,
      "explanation": [
        "https://d1iljb9ao69244.cloudfront.net/400597_1702877661408_20.ogg"
      ]
    },
    "question_124": {
      "question_number": 124,
      "correct_option": 1,
      "sds_id": "SDS14ED",
      "subtopic": "Cancer",
      "image_filename": "question_124.png",
      "captured": true,
      "explanation": [
        "https://d1iljb9ao69244.cloudfront.net/400598_1702877677203_21.ogg"
      ]
    },
    "question_125": {
      "question_number": 125,
      "correct_option": 1,
      "sds_id": "SDS14EE",
      "subtopic": "Cancer",
      "image_filename": "question_125.png",
      "captured": true,
      "explanation": [
        "https://d1iljb9ao69244.cloudfront.net/427554_1710127060519_48.ogg"
      ]
    },
    "question_126": {
      "question_number": 126,
      "correct_option": 4,
      "sds_id": "SDS14EF",
      "subtopic": "Cancer",
      "image_filename": "question_126.png",
      "captured": true,
      "explanation": [
        "https://d1iljb9ao69244.cloudfront.net/453613_1714479933202_27.ogg"
      ]
    },
    "question_127": {
      "question_number": 127,
      "correct_option": 4,
      "sds_id": "SDS14F0",
      "subtopic": "Drugs & Alcohol Abuse",
      "image_filename": "question_127.png",
      "captured": true,
      "explanation": [
        "https://d1iljb9ao69244.cloudfront.net/417393_1707649357319_72.ogg"
      ]
    },
    "question_128": {
      "question_number": 128,
      "correct_option": 1,
      "sds_id": "SDS14F1",
      "subtopic": "Drugs & Alcohol Abuse",
      "image_filename": "question_128.png",
      "captured": true,
      "explanation": [
        "https://d2f8z173p7073l.cloudfront.net/1582790044196"
      ]
    },
    "question_129": {
      "question_number": 129,
      "correct_option": 4,
      "sds_id": "SDS14F2",
      "subtopic": "Drugs & Alcohol Abuse",
      "image_filename": "question_129.png",
      "captured": true,
      "explanation": [
        "https://d1iljb9ao69244.cloudfront.net/question_explanations_181609_1672041838256.ogg"
      ]
    },
    "question_130": {
      "question_number": 130,
      "correct_option": 1,
      "sds_id": "SDS14F3",
      "subtopic": "Drugs & Alcohol Abuse",
      "image_filename": "question_130.png",
      "captured": true,
      "explanation": [
        "https://d2f8z173p7073l.cloudfront.net/1582302942543"
      ]
    },
    "question_131": {
      "question_number": 131,
      "correct_option": 2,
      "sds_id": "SDS14F4",
      "subtopic": "Drugs & Alcohol Abuse",
      "image_filename": "question_131.png",
      "captured": true,
      "explanation": [
        "https://d2f8z173p7073l.cloudfront.net/1582790092178"
      ]
    },
    "question_132": {
      "question_number": 132,
      "correct_option": 2,
      "sds_id": "SDS14F5",
      "subtopic": "Drugs & Alcohol Abuse",
      "image_filename": "question_132.png",
      "captured": true,
      "explanation": [
        "https://d2f8z173p7073l.cloudfront.net/1588066831529",
        "https://dsbihjlymzdyy.cloudfront.net/bio_images/all/Diagrams%20in%20Svg%20form%2FSVG%20Diagrams%20of%20class%2012th%2FMixed%20SVG%20Diagrams%2F136186.SVG%20%281%29.svg",
        "https://dsbihjlymzdyy.cloudfront.net/bio_images/all/Diagrams%20in%20Svg%20form%2FSVG%20Diagrams%20of%20class%2012th%2FMixed%20SVG%20Diagrams%2F136186.SVG%20%282%29.svg",
        "https://dsbihjlymzdyy.cloudfront.net/bio_images/all/Diagrams%20in%20Svg%20form%2FSVG%20Diagrams%20of%20class%2012th%2FMixed%20SVG%20Diagrams%2F136186.SVG%20%283%29.svg",
        "https://dsbihjlymzdyy.cloudfront.net/bio_images/all/Diagrams%20in%20Svg%20form%2FSVG%20Diagrams%20of%20class%2012th%2FMixed%20SVG%20Diagrams%2F136186.SVG%20%284%29.svg"
      ]
    },
    "question_133": {
      "question_number": 133,
      "correct_option": 1,
      "sds_id": "SDS14F6",
      "subtopic": "Drugs & Alcohol Abuse",
      "image_filename": "question_133.png",
      "captured": true,
      "explanation": [
        "https://d2f8z173p7073l.cloudfront.net/1582303074826"
      ]
    },
    "question_134": {
      "question_number": 134,
      "correct_option": 3,
      "sds_id": "SDS14F7",
      "subtopic": "Drugs & Alcohol Abuse",
      "image_filename": "question_134.png",
      "captured": true,
      "explanation": [
        "https://d2f8z173p7073l.cloudfront.net/1582790123317"
      ]
    },
    "question_135": {
      "question_number": 135,
      "correct_option": 3,
      "sds_id": "SDS14F8",
      "subtopic": "Drugs & Alcohol Abuse",
      "image_filename": "question_135.png",
      "captured": true,
      "explanation": [
        "https://d2f8z173p7073l.cloudfront.net/1582790639074"
      ]
    },
    "question_136": {
      "question_number": 136,
      "correct_option": 1,
      "sds_id": "SDS14F9",
      "subtopic": "Drugs & Alcohol Abuse",
      "image_filename": "question_136.png",
      "captured": true,
      "explanation": [
        "https://d1iljb9ao69244.cloudfront.net/334601_1651547878478_22.ogg"
      ]
    },
    "question_137": {
      "question_number": 137,
      "correct_option": 3,
      "sds_id": "SDS14FA",
      "subtopic": "Drugs & Alcohol Abuse",
      "image_filename": "question_137.png",
      "captured": true,
      "explanation": [
        "https://d1iljb9ao69244.cloudfront.net/question_explanations_337657_1655526090774.ogg"
      ]
    },
    "question_138": {
      "question_number": 138,
      "correct_option": 4,
      "sds_id": "SDS14FB",
      "subtopic": "Drugs & Alcohol Abuse",
      "image_filename": "question_138.png",
      "captured": true,
      "explanation": [
        "https://d1iljb9ao69244.cloudfront.net/400607_1702892976563_32.ogg"
      ]
    },
    "question_139": {
      "question_number": 139,
      "correct_option": 2,
      "sds_id": "SDS14FC",
      "subtopic": "Drugs & Alcohol Abuse",
      "image_filename": "question_139.png",
      "captured": true,
      "explanation": [
        "https://d1iljb9ao69244.cloudfront.net/400601_1702892811230_26.ogg"
      ]
    },
    "question_140": {
      "question_number": 140,
      "correct_option": 3,
      "sds_id": "SDS14FD",
      "subtopic": "Drugs & Alcohol Abuse",
      "image_filename": "question_140.png",
      "captured": true,
      "explanation": [
        "https://d1iljb9ao69244.cloudfront.net/417485_1707539457956_83.ogg"
      ]
    },
    "question_141": {
      "question_number": 141,
      "correct_option": 4,
      "sds_id": "SDS14FE",
      "subtopic": "Drugs & Alcohol Abuse",
      "image_filename": "question_141.png",
      "captured": true,
      "explanation": [
        "https://d1iljb9ao69244.cloudfront.net/question_explanations_181611_1672049061904.ogg"
      ]
    },
    "question_142": {
      "question_number": 142,
      "correct_option": 3,
      "sds_id": "SDS14FF",
      "subtopic": "Drugs & Alcohol Abuse",
      "image_filename": "question_142.png",
      "captured": true,
      "explanation": [
        "https://d1iljb9ao69244.cloudfront.net/331935_1649523728013_9.ogg"
      ]
    },
    "question_143": {
      "question_number": 143,
      "correct_option": 2,
      "sds_id": "SDS1500",
      "subtopic": "Drugs & Alcohol Abuse",
      "image_filename": "question_143.png",
      "captured": true,
      "explanation": [
        "https://d1iljb9ao69244.cloudfront.net/417406_1707649816986_85.ogg"
      ]
    },
    "question_144": {
      "question_number": 144,
      "correct_option": 3,
      "sds_id": "SDS1501",
      "subtopic": "Drugs & Alcohol Abuse",
      "image_filename": "question_144.png",
      "captured": true,
      "explanation": [
        "https://d1iljb9ao69244.cloudfront.net/447221_1713288816198_30.ogg"
      ]
    },
    "question_145": {
      "question_number": 145,
      "correct_option": 4,
      "sds_id": "SDS1502",
      "subtopic": "Drugs & Alcohol Abuse",
      "image_filename": "question_145.png",
      "captured": true,
      "explanation": [
        "https://d1iljb9ao69244.cloudfront.net/449545_1713783023855_48.ogg"
      ]
    },
    "question_146": {
      "question_number": 146,
      "correct_option": 1,
      "sds_id": "SDS1503",
      "subtopic": "Drugs & Alcohol Abuse",
      "image_filename": "question_146.png",
      "captured": true,
      "explanation": [
        "https://d1iljb9ao69244.cloudfront.net/400606_1702877752716_24.ogg"
      ]
    },
    "question_147": {
      "question_number": 147,
      "correct_option": 1,
      "sds_id": "SDS1504",
      "subtopic": "Drugs & Alcohol Abuse",
      "image_filename": "question_147.png",
      "captured": true,
      "explanation": [
        "https://d1iljb9ao69244.cloudfront.net/question_explanations_163724_1671554339247.ogg"
      ]
    },
    "question_148": {
      "question_number": 148,
      "correct_option": 2,
      "sds_id": "SDS1505",
      "subtopic": "Drugs & Alcohol Abuse",
      "image_filename": "question_148.png",
      "captured": true,
      "explanation": [
        "https://d1iljb9ao69244.cloudfront.net/327997_1646975749940_33.ogg"
      ]
    },
    "question_149": {
      "question_number": 149,
      "correct_option": 3,
      "sds_id": "SDS1506",
      "subtopic": "Drugs & Alcohol Abuse",
      "image_filename": "question_149.png",
      "captured": true,
      "explanation": [
        "https://d1iljb9ao69244.cloudfront.net/400609_1702877767170_25.ogg"
      ]
    },
    "question_150": {
      "question_number": 150,
      "correct_option": 1,
      "sds_id": "SDS1507",
      "subtopic": "Drugs & Alcohol Abuse",
      "image_filename": "question_150.png",
      "captured": true,
      "explanation": [
        "https://d1iljb9ao69244.cloudfront.net/443096_1712904300060_41.ogg"
      ]
    },
    "question_151": {
      "question_number": 151,
      "correct_option": 4,
      "sds_id": "SDS1508",
      "subtopic": "Drugs & Alcohol Abuse",
      "image_filename": "question_151.png",
      "captured": true,
      "explanation": [
        "https://d1iljb9ao69244.cloudfront.net/450759_1714044383152_27.ogg"
      ]
    },
    "question_152": {
      "question_number": 152,
      "correct_option": 4,
      "sds_id": "SDS1509",
      "subtopic": "Drugs & Alcohol Abuse",
      "image_filename": "question_152.png",
      "captured": true,
      "explanation": [
        "https://d1iljb9ao69244.cloudfront.net/400604_1702877737135_23.ogg"
      ]
    },
    "question_153": {
      "question_number": 153,
      "correct_option": 1,
      "sds_id": "SDS150A",
      "subtopic": "Common Diseases in Humans",
      "image_filename": "question_153.png",
      "captured": true,
      "explanation": [
        "https://d1iljb9ao69244.cloudfront.net/437274_1712312704142_43.ogg"
      ]
    },
    "question_154": {
      "question_number": 154,
      "correct_option": 4,
      "sds_id": "SDS150B",
      "subtopic": "Common Diseases in Humans",
      "image_filename": "question_154.png",
      "captured": true,
      "explanation": [
        "https://d1iljb9ao69244.cloudfront.net/426439_1709977649022_24.ogg"
      ]
    },
    "question_155": {
      "question_number": 155,
      "correct_option": 3,
      "sds_id": "SDS150C",
      "subtopic": "Common Diseases in Humans",
      "image_filename": "question_155.png",
      "captured": true,
      "explanation": [
        "https://d1iljb9ao69244.cloudfront.net/438435_1712642799359_8.ogg"
      ]
    }
  }
}