{
  "chapter_no": 17,
  "chapter_name": "Locomotion and Movement",
  "section_name": "Level 3",
  "total_questions": 24,
  "questions": {
    "question_1": {
      "question_number": 1,
      "correct_option": 2,
      "sds_id": "SDS0DA7",
      "subtopic": "Introduction to Locomotion",
      "image_filename": "question_1.png",
      "captured": true,
      "explanation": [
        "https://d1iljb9ao69244.cloudfront.net/447723_1713348298058_5.ogg"
      ]
    },
    "question_2": {
      "question_number": 2,
      "correct_option": 1,
      "sds_id": "SDS0DA8",
      "subtopic": "Skeletal Muscle: Myofilaments",
      "image_filename": "question_2.png",
      "captured": true,
      "explanation": [
        "https://d1iljb9ao69244.cloudfront.net/439268_1712654996437_21.ogg"
      ]
    },
    "question_3": {
      "question_number": 3,
      "correct_option": 4,
      "sds_id": "SDS0DA9",
      "subtopic": "Skeletal Muscle: Myofilaments",
      "image_filename": "question_3.png",
      "captured": true,
      "explanation": [
        "https://d2f8z173p7073l.cloudfront.net/1549077706744"
      ]
    },
    "question_4": {
      "question_number": 4,
      "correct_option": 2,
      "sds_id": "SDS0DAA",
      "subtopic": "Skeletal Muscle: Sarcomere",
      "image_filename": "question_4.png",
      "captured": true,
      "explanation": [
        "https://d1iljb9ao69244.cloudfront.net/431624_1711178317529_22.ogg"
      ]
    },
    "question_5": {
      "question_number": 5,
      "correct_option": 1,
      "sds_id": "SDS0DAB",
      "subtopic": "Skeletal Muscle: Sarcomere",
      "image_filename": "question_5.png",
      "captured": true,
      "explanation": [
        "https://d1iljb9ao69244.cloudfront.net/386245_1697546119154_37.ogg"
      ]
    },
    "question_6": {
      "question_number": 6,
      "correct_option": 3,
      "sds_id": "SDS0DAC",
      "subtopic": "Skeletal Muscle: Sarcomere",
      "image_filename": "question_6.png",
      "captured": true,
      "explanation": [
        "https://d1iljb9ao69244.cloudfront.net/392597_1697798441486_18.ogg"
      ]
    },
    "question_7": {
      "question_number": 7,
      "correct_option": 2,
      "sds_id": "SDS0DAD",
      "subtopic": "Excitation Contraction Coupling I",
      "image_filename": "question_7.png",
      "captured": true,
      "explanation": [
        "https://d2f8z173p7073l.cloudfront.net/1548430827361",
        "https://d2f8z173p7073l.cloudfront.net/1548430827361During"
      ]
    },
    "question_8": {
      "question_number": 8,
      "correct_option": 1,
      "sds_id": "SDS0DAE",
      "subtopic": "Sliding Filament Theory",
      "image_filename": "question_8.png",
      "captured": true,
      "explanation": [
        "https://d1iljb9ao69244.cloudfront.net/447192_1713287648405_13.ogg"
      ]
    },
    "question_9": {
      "question_number": 9,
      "correct_option": 1,
      "sds_id": "SDS0DAF",
      "subtopic": "Sliding Filament Theory",
      "image_filename": "question_9.png",
      "captured": true,
      "explanation": [
        "https://d1iljb9ao69244.cloudfront.net/450721_1714041916031_9.ogg"
      ]
    },
    "question_10": {
      "question_number": 10,
      "correct_option": 3,
      "sds_id": "SDS0DB0",
      "subtopic": "Sliding Filament Theory",
      "image_filename": "question_10.png",
      "captured": true,
      "explanation": [
        "https://d2f8z173p7073l.cloudfront.net/1632376590809"
      ]
    },
    "question_11": {
      "question_number": 11,
      "correct_option": 1,
      "sds_id": "SDS0DB1",
      "subtopic": "Energy for Muscle Contraction",
      "image_filename": "question_11.png",
      "captured": true,
      "explanation": [
        "https://d1iljb9ao69244.cloudfront.net/163690_1627470009586_163690.ogg"
      ]
    },
    "question_12": {
      "question_number": 12,
      "correct_option": 3,
      "sds_id": "SDS0DB2",
      "subtopic": "Vertebral column",
      "image_filename": "question_12.png",
      "captured": true,
      "explanation": [
        "https://d1iljb9ao69244.cloudfront.net/386271_1697546435957_47.ogg"
      ]
    },
    "question_13": {
      "question_number": 13,
      "correct_option": 2,
      "sds_id": "SDS0DB3",
      "subtopic": "Sternum & Ribs",
      "image_filename": "question_13.png",
      "captured": true,
      "explanation": [
        "https://d1iljb9ao69244.cloudfront.net/386284_1697546522707_50.ogg"
      ]
    },
    "question_14": {
      "question_number": 14,
      "correct_option": 4,
      "sds_id": "SDS0DB4",
      "subtopic": "Sternum & Ribs",
      "image_filename": "question_14.png",
      "captured": true,
      "explanation": [
        "https://d1iljb9ao69244.cloudfront.net/333140_1650647374435_11.ogg"
      ]
    },
    "question_15": {
      "question_number": 15,
      "correct_option": 2,
      "sds_id": "SDS0DB5",
      "subtopic": "Appendicular Skeleton: Girdle",
      "image_filename": "question_15.png",
      "captured": true,
      "explanation": [
        "https://d1iljb9ao69244.cloudfront.net/429973_1710826562505_26.ogg"
      ]
    },
    "question_16": {
      "question_number": 16,
      "correct_option": 3,
      "sds_id": "SDS0DB6",
      "subtopic": "Fibrous & Catilaginous Joints",
      "image_filename": "question_16.png",
      "captured": true,
      "explanation": [
        "https://d1iljb9ao69244.cloudfront.net/333113_1650646823961_6.ogg"
      ]
    },
    "question_17": {
      "question_number": 17,
      "correct_option": 1,
      "sds_id": "SDS0DB7",
      "subtopic": "Fibrous & Catilaginous Joints",
      "image_filename": "question_17.png",
      "captured": true,
      "explanation": [
        "https://d1iljb9ao69244.cloudfront.net/386300_1695972360068_47.ogg"
      ]
    },
    "question_18": {
      "question_number": 18,
      "correct_option": 3,
      "sds_id": "SDS0DB8",
      "subtopic": "Fibrous & Catilaginous Joints",
      "image_filename": "question_18.png",
      "captured": true,
      "explanation": [
        "https://d1iljb9ao69244.cloudfront.net/question_explanations_335752_1653054607769.ogg"
      ]
    },
    "question_19": {
      "question_number": 19,
      "correct_option": 4,
      "sds_id": "SDS0DB9",
      "subtopic": "Fibrous & Catilaginous Joints",
      "image_filename": "question_19.png",
      "captured": true,
      "explanation": [
        "https://d2f8z173p7073l.cloudfront.net/1583388278984"
      ]
    },
    "question_20": {
      "question_number": 20,
      "correct_option": 4,
      "sds_id": "SDS0DBA",
      "subtopic": "Synovial Joint",
      "image_filename": "question_20.png",
      "captured": true,
      "explanation": [
        "https://d1iljb9ao69244.cloudfront.net/446654_1713095340365_47.ogg"
      ]
    },
    "question_21": {
      "question_number": 21,
      "correct_option": 2,
      "sds_id": "SDS0DBB",
      "subtopic": "Synovial Joint",
      "image_filename": "question_21.png",
      "captured": true,
      "explanation": [
        "https://d1iljb9ao69244.cloudfront.net/431625_1711178330589_23.ogg"
      ]
    },
    "question_22": {
      "question_number": 22,
      "correct_option": 1,
      "sds_id": "SDS0DBC",
      "subtopic": "Disorders of Muscular and Skeletal System",
      "image_filename": "question_22.png",
      "captured": true,
      "explanation": [
        "https://d1iljb9ao69244.cloudfront.net/333332_1650647421654_15.ogg"
      ]
    },
    "question_23": {
      "question_number": 23,
      "correct_option": 3,
      "sds_id": "SDS0DBD",
      "subtopic": "Disorders of Muscular and Skeletal System",
      "image_filename": "question_23.png",
      "captured": true,
      "explanation": [
        "https://d1iljb9ao69244.cloudfront.net/448226_1713523932675_39.ogg"
      ]
    },
    "question_24": {
      "question_number": 24,
      "correct_option": 2,
      "sds_id": "SDS0DBE",
      "subtopic": "Disorders of Muscular and Skeletal System",
      "image_filename": "question_24.png",
      "captured": true,
      "explanation": [
        "https://d1iljb9ao69244.cloudfront.net/338903_1657730074994_5.ogg"
      ]
    }
  }
}