{
  "chapter_name": "3 Reproductive Health",
  "sets": {
    "Level 1": {
      "name": "Level 1",
      "path": "Level 1/",
      "questions": {
        "question_1": {
          "question_number": 1,
          "correct_option": 3,
          "sds_id": "SDS10BF",
          "subtopic": "Introduction",
          "image_filename": "question_1.png",
          "captured": true,
          "explanation": [
            "https://d1iljb9ao69244.cloudfront.net/395717_1700041128515_Z41.ogg"
          ]
        },
        "question_2": {
          "question_number": 2,
          "correct_option": 2,
          "sds_id": "SDS10C0",
          "subtopic": "Introduction",
          "image_filename": "question_2.png",
          "captured": true,
          "explanation": [
            "https://d1iljb9ao69244.cloudfront.net/395366_1699595367431_1.ogg"
          ]
        },
        "question_3": {
          "question_number": 3,
          "correct_option": 3,
          "sds_id": "SDS10C1",
          "subtopic": "Introduction",
          "image_filename": "question_3.png",
          "captured": true,
          "explanation": [
            "https://d2f8z173p7073l.cloudfront.net/1549086342757"
          ]
        },
        "question_4": {
          "question_number": 4,
          "correct_option": 2,
          "sds_id": "SDS10C2",
          "subtopic": "Introduction",
          "image_filename": "question_4.png",
          "captured": true,
          "explanation": [
            "https://d1iljb9ao69244.cloudfront.net/395367_1699595410515_2.ogg"
          ]
        },
        "question_5": {
          "question_number": 5,
          "correct_option": 3,
          "sds_id": "SDS10C3",
          "subtopic": "Introduction",
          "image_filename": "question_5.png",
          "captured": true,
          "explanation": [
            "https://d1iljb9ao69244.cloudfront.net/399695_1702263988069_68.ogg"
          ]
        },
        "question_6": {
          "question_number": 6,
          "correct_option": 3,
          "sds_id": "SDS10C4",
          "subtopic": "Introduction",
          "image_filename": "question_6.png",
          "captured": true,
          "explanation": [
            "https://d2f8z173p7073l.cloudfront.net/1549086371919"
          ]
        },
        "question_7": {
          "question_number": 7,
          "correct_option": 1,
          "sds_id": "SDS10C5",
          "subtopic": "Introduction",
          "image_filename": "question_7.png",
          "captured": true,
          "explanation": [
            "https://d1iljb9ao69244.cloudfront.net/question_explanations_179025_1672070916083.ogg"
          ]
        },
        "question_8": {
          "question_number": 8,
          "correct_option": 1,
          "sds_id": "SDS10C6",
          "subtopic": "Introduction",
          "image_filename": "question_8.png",
          "captured": true,
          "explanation": [
            "https://d2f8z173p7073l.cloudfront.net/1549086490141"
          ]
        },
        "question_9": {
          "question_number": 9,
          "correct_option": 1,
          "sds_id": "SDS10C7",
          "subtopic": "Introduction",
          "image_filename": "question_9.png",
          "captured": true,
          "explanation": [
            "https://d1iljb9ao69244.cloudfront.net/423773_1709890399459_8.ogg"
          ]
        },
        "question_10": {
          "question_number": 10,
          "correct_option": 2,
          "sds_id": "SDS10C8",
          "subtopic": "Introduction",
          "image_filename": "question_10.png",
          "captured": true,
          "explanation": [
            "https://d1iljb9ao69244.cloudfront.net/450738_1714044476065_18.ogg"
          ]
        },
        "question_11": {
          "question_number": 11,
          "correct_option": 4,
          "sds_id": "SDS10C9",
          "subtopic": "Introduction",
          "image_filename": "question_11.png",
          "captured": true,
          "explanation": [
            "https://d2f8z173p7073l.cloudfront.net/1549086582857"
          ]
        },
        "question_12": {
          "question_number": 12,
          "correct_option": 2,
          "sds_id": "SDS10CA",
          "subtopic": "Introduction",
          "image_filename": "question_12.png",
          "captured": true,
          "explanation": [
            "https://d1iljb9ao69244.cloudfront.net/395726_1700041303997_Z46.ogg"
          ]
        },
        "question_13": {
          "question_number": 13,
          "correct_option": 3,
          "sds_id": "SDS10CB",
          "subtopic": "Introduction",
          "image_filename": "question_13.png",
          "captured": true,
          "explanation": [
            "https://d1iljb9ao69244.cloudfront.net/395728_1700041319482_Z47.ogg"
          ]
        },
        "question_14": {
          "question_number": 14,
          "correct_option": 2,
          "sds_id": "SDS10CC",
          "subtopic": "Introduction",
          "image_filename": "question_14.png",
          "captured": true,
          "explanation": [
            "https://d1iljb9ao69244.cloudfront.net/395730_1700041333515_Z48.ogg"
          ]
        },
        "question_15": {
          "question_number": 15,
          "correct_option": 1,
          "sds_id": "SDS10CD",
          "subtopic": "Contraception: Natural Methods",
          "image_filename": "question_15.png",
          "captured": true,
          "explanation": [
            "https://d1iljb9ao69244.cloudfront.net/399696_1702264002821_69.ogg"
          ]
        },
        "question_16": {
          "question_number": 16,
          "correct_option": 1,
          "sds_id": "SDS10CE",
          "subtopic": "Contraception: Natural Methods",
          "image_filename": "question_16.png",
          "captured": true,
          "explanation": [
            "https://d2f8z173p7073l.cloudfront.net/1583992316545"
          ]
        },
        "question_17": {
          "question_number": 17,
          "correct_option": 3,
          "sds_id": "SDS10CF",
          "subtopic": "Contraception: Natural Methods",
          "image_filename": "question_17.png",
          "captured": true,
          "explanation": [
            "https://d2f8z173p7073l.cloudfront.net/1583992435203"
          ]
        },
        "question_18": {
          "question_number": 18,
          "correct_option": 3,
          "sds_id": "SDS10D0",
          "subtopic": "Contraception: Natural Methods",
          "image_filename": "question_18.png",
          "captured": true,
          "explanation": [
            "https://d2f8z173p7073l.cloudfront.net/1583992393225"
          ]
        },
        "question_19": {
          "question_number": 19,
          "correct_option": 2,
          "sds_id": "SDS10D1",
          "subtopic": "Contraception: Natural Methods",
          "image_filename": "question_19.png",
          "captured": true,
          "explanation": [
            "https://d2f8z173p7073l.cloudfront.net/1583992476668"
          ]
        },
        "question_20": {
          "question_number": 20,
          "correct_option": 2,
          "sds_id": "SDS10D2",
          "subtopic": "Contraception: Natural Methods",
          "image_filename": "question_20.png",
          "captured": true,
          "explanation": [
            "https://www.youtube-nocookie.com/embed/a6zr1-Az8_M?rel=0"
          ]
        },
        "question_21": {
          "question_number": 21,
          "correct_option": 2,
          "sds_id": "SDS10D3",
          "subtopic": "Contraception: Barrier Methods & IUDs",
          "image_filename": "question_21.png",
          "captured": true,
          "explanation": [
            "https://d2f8z173p7073l.cloudfront.net/1583992592842"
          ]
        },
        "question_22": {
          "question_number": 22,
          "correct_option": 4,
          "sds_id": "SDS10D4",
          "subtopic": "Contraception: Barrier Methods & IUDs",
          "image_filename": "question_22.png",
          "captured": true,
          "explanation": [
            "https://d2f8z173p7073l.cloudfront.net/1583992550187"
          ]
        },
        "question_23": {
          "question_number": 23,
          "correct_option": 3,
          "sds_id": "SDS10D5",
          "subtopic": "Contraception: Barrier Methods & IUDs",
          "image_filename": "question_23.png",
          "captured": true,
          "explanation": [
            "https://d2f8z173p7073l.cloudfront.net/1583992636632"
          ]
        },
        "question_24": {
          "question_number": 24,
          "correct_option": 3,
          "sds_id": "SDS10D6",
          "subtopic": "Contraception: Barrier Methods & IUDs",
          "image_filename": "question_24.png",
          "captured": true,
          "explanation": [
            "https://d1iljb9ao69244.cloudfront.net/423787_1709890703830_11.ogg"
          ]
        },
        "question_25": {
          "question_number": 25,
          "correct_option": 1,
          "sds_id": "SDS10D7",
          "subtopic": "Contraception: Barrier Methods & IUDs",
          "image_filename": "question_25.png",
          "captured": true,
          "explanation": [
            "https://d1iljb9ao69244.cloudfront.net/422355_1709092379174_90.ogg"
          ]
        },
        "question_26": {
          "question_number": 26,
          "correct_option": 1,
          "sds_id": "SDS10D8",
          "subtopic": "Contraception: Barrier Methods & IUDs",
          "image_filename": "question_26.png",
          "captured": true,
          "explanation": [
            "https://d2f8z173p7073l.cloudfront.net/1583992681564"
          ]
        },
        "question_27": {
          "question_number": 27,
          "correct_option": 2,
          "sds_id": "SDS10D9",
          "subtopic": "Contraception: Barrier Methods & IUDs",
          "image_filename": "question_27.png",
          "captured": true,
          "explanation": [
            "https://d2f8z173p7073l.cloudfront.net/1619796638764"
          ]
        },
        "question_28": {
          "question_number": 28,
          "correct_option": 1,
          "sds_id": "SDS10DA",
          "subtopic": "Contraception: Barrier Methods & IUDs",
          "image_filename": "question_28.png",
          "captured": true,
          "explanation": [
            "https://d1iljb9ao69244.cloudfront.net/question_explanations_163733_1672118502886.ogg"
          ]
        },
        "question_29": {
          "question_number": 29,
          "correct_option": 2,
          "sds_id": "SDS10DB",
          "subtopic": "Contraception: Barrier Methods & IUDs",
          "image_filename": "question_29.png",
          "captured": true,
          "explanation": [
            "https://d2f8z173p7073l.cloudfront.net/1549087244695"
          ]
        },
        "question_30": {
          "question_number": 30,
          "correct_option": 3,
          "sds_id": "SDS10DC",
          "subtopic": "Contraception: Barrier Methods & IUDs",
          "image_filename": "question_30.png",
          "captured": true,
          "explanation": [
            "https://d2f8z173p7073l.cloudfront.net/1549087333389"
          ]
        },
        "question_31": {
          "question_number": 31,
          "correct_option": 2,
          "sds_id": "SDS10DD",
          "subtopic": "Contraception: Barrier Methods & IUDs",
          "image_filename": "question_31.png",
          "captured": true,
          "explanation": [
            "https://d2f8z173p7073l.cloudfront.net/1549087290129"
          ]
        },
        "question_32": {
          "question_number": 32,
          "correct_option": 2,
          "sds_id": "SDS10DE",
          "subtopic": "Contraception: Barrier Methods & IUDs",
          "image_filename": "question_32.png",
          "captured": true,
          "explanation": [
            "https://d1iljb9ao69244.cloudfront.net/399697_1702264023701_70.ogg"
          ]
        },
        "question_33": {
          "question_number": 33,
          "correct_option": 3,
          "sds_id": "SDS10DF",
          "subtopic": "Contraception: Barrier Methods & IUDs",
          "image_filename": "question_33.png",
          "captured": true,
          "explanation": [
            "https://d1iljb9ao69244.cloudfront.net/question_explanations_63962_1672141134001.ogg"
          ]
        },
        "question_34": {
          "question_number": 34,
          "correct_option": 1,
          "sds_id": "SDS10E0",
          "subtopic": "Hormonal Contraceptives, Emergency Contraception & Terminal Methods",
          "image_filename": "question_34.png",
          "captured": true,
          "explanation": [
            "https://d1iljb9ao69244.cloudfront.net/395370_1699595542736_5.ogg"
          ]
        },
        "question_35": {
          "question_number": 35,
          "correct_option": 1,
          "sds_id": "SDS10E1",
          "subtopic": "Hormonal Contraceptives, Emergency Contraception & Terminal Methods",
          "image_filename": "question_35.png",
          "captured": true,
          "explanation": [
            "https://d1iljb9ao69244.cloudfront.net/395371_1699595577958_6.ogg"
          ]
        },
        "question_36": {
          "question_number": 36,
          "correct_option": 1,
          "sds_id": "SDS10E2",
          "subtopic": "Hormonal Contraceptives, Emergency Contraception & Terminal Methods",
          "image_filename": "question_36.png",
          "captured": true,
          "explanation": [
            "https://d2f8z173p7073l.cloudfront.net/1588063112219"
          ]
        },
        "question_37": {
          "question_number": 37,
          "correct_option": 4,
          "sds_id": "SDS10E3",
          "subtopic": "Hormonal Contraceptives, Emergency Contraception & Terminal Methods",
          "image_filename": "question_37.png",
          "captured": true,
          "explanation": [
            "https://d1iljb9ao69244.cloudfront.net/334611_1651548003656_32.ogg",
            "https://www.youtube-nocookie.com/embed/jHWd5GhYguw?rel=0",
            "https://www.youtube-nocookie.com/embed/gLrMlHN9wFM?rel=0"
          ]
        },
        "question_38": {
          "question_number": 38,
          "correct_option": 4,
          "sds_id": "SDS10E4",
          "subtopic": "Hormonal Contraceptives, Emergency Contraception & Terminal Methods",
          "image_filename": "question_38.png",
          "captured": true,
          "explanation": [
            "https://d2f8z173p7073l.cloudfront.net/1549086454874"
          ]
        },
        "question_39": {
          "question_number": 39,
          "correct_option": 2,
          "sds_id": "SDS10E5",
          "subtopic": "Hormonal Contraceptives, Emergency Contraception & Terminal Methods",
          "image_filename": "question_39.png",
          "captured": true,
          "explanation": [
            "https://d1iljb9ao69244.cloudfront.net/question_explanations_179021_1672043345086.ogg"
          ]
        },
        "question_40": {
          "question_number": 40,
          "correct_option": 2,
          "sds_id": "SDS10E6",
          "subtopic": "Hormonal Contraceptives, Emergency Contraception & Terminal Methods",
          "image_filename": "question_40.png",
          "captured": true,
          "explanation": [
            "https://d1iljb9ao69244.cloudfront.net/question_explanations_335760_1653055066771.ogg"
          ]
        },
        "question_41": {
          "question_number": 41,
          "correct_option": 4,
          "sds_id": "SDS10E7",
          "subtopic": "Hormonal Contraceptives, Emergency Contraception & Terminal Methods",
          "image_filename": "question_41.png",
          "captured": true,
          "explanation": [
            "https://d2f8z173p7073l.cloudfront.net/1588062966383"
          ]
        },
        "question_42": {
          "question_number": 42,
          "correct_option": 2,
          "sds_id": "SDS10E8",
          "subtopic": "Hormonal Contraceptives, Emergency Contraception & Terminal Methods",
          "image_filename": "question_42.png",
          "captured": true,
          "explanation": [
            "https://d2f8z173p7073l.cloudfront.net/1583993146424"
          ]
        },
        "question_43": {
          "question_number": 43,
          "correct_option": 3,
          "sds_id": "SDS10E9",
          "subtopic": "Hormonal Contraceptives, Emergency Contraception & Terminal Methods",
          "image_filename": "question_43.png",
          "captured": true,
          "explanation": [
            "https://d2f8z173p7073l.cloudfront.net/1583993103341"
          ]
        },
        "question_44": {
          "question_number": 44,
          "correct_option": 4,
          "sds_id": "SDS10EA",
          "subtopic": "Hormonal Contraceptives, Emergency Contraception & Terminal Methods",
          "image_filename": "question_44.png",
          "captured": true,
          "explanation": [
            "https://d2f8z173p7073l.cloudfront.net/1549087652224"
          ]
        },
        "question_45": {
          "question_number": 45,
          "correct_option": 1,
          "sds_id": "SDS10EB",
          "subtopic": "Hormonal Contraceptives, Emergency Contraception & Terminal Methods",
          "image_filename": "question_45.png",
          "captured": true,
          "explanation": [
            "https://d2f8z173p7073l.cloudfront.net/1548831983032"
          ]
        },
        "question_46": {
          "question_number": 46,
          "correct_option": 4,
          "sds_id": "SDS10EC",
          "subtopic": "Hormonal Contraceptives, Emergency Contraception & Terminal Methods",
          "image_filename": "question_46.png",
          "captured": true,
          "explanation": [
            "https://d2f8z173p7073l.cloudfront.net/1591695875472"
          ]
        },
        "question_47": {
          "question_number": 47,
          "correct_option": 1,
          "sds_id": "SDS10ED",
          "subtopic": "Hormonal Contraceptives, Emergency Contraception & Terminal Methods",
          "image_filename": "question_47.png",
          "captured": true,
          "explanation": [
            "https://d2f8z173p7073l.cloudfront.net/1583993253206"
          ]
        },
        "question_48": {
          "question_number": 48,
          "correct_option": 2,
          "sds_id": "SDS10EE",
          "subtopic": "Hormonal Contraceptives, Emergency Contraception & Terminal Methods",
          "image_filename": "question_48.png",
          "captured": true,
          "explanation": [
            "https://d2f8z173p7073l.cloudfront.net/1583993220212"
          ]
        },
        "question_49": {
          "question_number": 49,
          "correct_option": 4,
          "sds_id": "SDS10EF",
          "subtopic": "Medical Termination of Pregnancy",
          "image_filename": "question_49.png",
          "captured": true,
          "explanation": [
            "https://www.youtube-nocookie.com/embed/5g--wRa1ELQ?rel=0"
          ]
        },
        "question_50": {
          "question_number": 50,
          "correct_option": 3,
          "sds_id": "SDS10F0",
          "subtopic": "Medical Termination of Pregnancy",
          "image_filename": "question_50.png",
          "captured": true,
          "explanation": [
            "https://d1iljb9ao69244.cloudfront.net/395722_1700041242365_Z44.ogg"
          ]
        },
        "question_51": {
          "question_number": 51,
          "correct_option": 1,
          "sds_id": "SDS10F1",
          "subtopic": "Medical Termination of Pregnancy",
          "image_filename": "question_51.png",
          "captured": true,
          "explanation": [
            "https://www.youtube-nocookie.com/embed/GMX9AZmuhSg?rel=0"
          ]
        },
        "question_52": {
          "question_number": 52,
          "correct_option": 1,
          "sds_id": "SDS10F2",
          "subtopic": "Medical Termination of Pregnancy",
          "image_filename": "question_52.png",
          "captured": true,
          "explanation": [
            "https://www.youtube-nocookie.com/embed/tuJSMQBJrwM?rel=0"
          ]
        },
        "question_53": {
          "question_number": 53,
          "correct_option": 1,
          "sds_id": "SDS10F3",
          "subtopic": "Medical Termination of Pregnancy",
          "image_filename": "question_53.png",
          "captured": true,
          "explanation": [
            "https://d1iljb9ao69244.cloudfront.net/422326_1709091210228_61.ogg"
          ]
        },
        "question_54": {
          "question_number": 54,
          "correct_option": 2,
          "sds_id": "SDS10F4",
          "subtopic": "Medical Termination of Pregnancy",
          "image_filename": "question_54.png",
          "captured": true,
          "explanation": [
            "https://d2f8z173p7073l.cloudfront.net/1549087847887"
          ]
        },
        "question_55": {
          "question_number": 55,
          "correct_option": 3,
          "sds_id": "SDS10F5",
          "subtopic": "Medical Termination of Pregnancy",
          "image_filename": "question_55.png",
          "captured": true,
          "explanation": [
            "https://d1iljb9ao69244.cloudfront.net/395382_1699599567684_17.ogg"
          ]
        },
        "question_56": {
          "question_number": 56,
          "correct_option": 3,
          "sds_id": "SDS10F6",
          "subtopic": "Medical Termination of Pregnancy",
          "image_filename": "question_56.png",
          "captured": true,
          "explanation": [
            "https://d1iljb9ao69244.cloudfront.net/426783_1709871291479_91.ogg"
          ]
        },
        "question_57": {
          "question_number": 57,
          "correct_option": 3,
          "sds_id": "SDS10F7",
          "subtopic": "Medical Termination of Pregnancy",
          "image_filename": "question_57.png",
          "captured": true,
          "explanation": [
            "https://d1iljb9ao69244.cloudfront.net/437259_1712311372535_30.ogg"
          ]
        },
        "question_58": {
          "question_number": 58,
          "correct_option": 1,
          "sds_id": "SDS10F8",
          "subtopic": "Medical Termination of Pregnancy",
          "image_filename": "question_58.png",
          "captured": true,
          "explanation": [
            "https://d1iljb9ao69244.cloudfront.net/395383_1699599628664_18.ogg"
          ]
        },
        "question_59": {
          "question_number": 59,
          "correct_option": 4,
          "sds_id": "SDS10F9",
          "subtopic": "Medical Termination of Pregnancy",
          "image_filename": "question_59.png",
          "captured": true,
          "explanation": [
            "https://d1iljb9ao69244.cloudfront.net/question_explanations_63960_1672197179066.ogg"
          ]
        },
        "question_60": {
          "question_number": 60,
          "correct_option": 3,
          "sds_id": "SDS10FA",
          "subtopic": "Medical Termination of Pregnancy",
          "image_filename": "question_60.png",
          "captured": true,
          "explanation": [
            "https://d1iljb9ao69244.cloudfront.net/423782_1710827909901_43.ogg"
          ]
        },
        "question_61": {
          "question_number": 61,
          "correct_option": 3,
          "sds_id": "SDS10FB",
          "subtopic": "Sexually Transmitted Infections",
          "image_filename": "question_61.png",
          "captured": true,
          "explanation": [
            "https://d1iljb9ao69244.cloudfront.net/395734_1700041363304_Z50.ogg"
          ]
        },
        "question_62": {
          "question_number": 62,
          "correct_option": 2,
          "sds_id": "SDS10FC",
          "subtopic": "Sexually Transmitted Infections",
          "image_filename": "question_62.png",
          "captured": true,
          "explanation": [
            "https://d2f8z173p7073l.cloudfront.net/1588063149646"
          ]
        },
        "question_63": {
          "question_number": 63,
          "correct_option": 1,
          "sds_id": "SDS10FD",
          "subtopic": "Sexually Transmitted Infections",
          "image_filename": "question_63.png",
          "captured": true,
          "explanation": [
            "https://d2f8z173p7073l.cloudfront.net/1549088170841"
          ]
        },
        "question_64": {
          "question_number": 64,
          "correct_option": 4,
          "sds_id": "SDS10FE",
          "subtopic": "Sexually Transmitted Infections",
          "image_filename": "question_64.png",
          "captured": true,
          "explanation": [
            "https://d2f8z173p7073l.cloudfront.net/1549088190589"
          ]
        },
        "question_65": {
          "question_number": 65,
          "correct_option": 3,
          "sds_id": "SDS10FF",
          "subtopic": "Sexually Transmitted Infections",
          "image_filename": "question_65.png",
          "captured": true,
          "explanation": [
            "https://d2f8z173p7073l.cloudfront.net/1549089218949"
          ]
        },
        "question_66": {
          "question_number": 66,
          "correct_option": 2,
          "sds_id": "SDS1100",
          "subtopic": "Sexually Transmitted Infections",
          "image_filename": "question_66.png",
          "captured": true,
          "explanation": [
            "https://d1iljb9ao69244.cloudfront.net/395385_1699599698362_20.ogg"
          ]
        },
        "question_67": {
          "question_number": 67,
          "correct_option": 3,
          "sds_id": "SDS1101",
          "subtopic": "Sexually Transmitted Infections",
          "image_filename": "question_67.png",
          "captured": true,
          "explanation": [
            "https://d1iljb9ao69244.cloudfront.net/395384_1699599671144_19.ogg"
          ]
        },
        "question_68": {
          "question_number": 68,
          "correct_option": 2,
          "sds_id": "SDS1102",
          "subtopic": "Sexually Transmitted Infections",
          "image_filename": "question_68.png",
          "captured": true,
          "explanation": [
            "https://d1iljb9ao69244.cloudfront.net/395390_1699600345228_25.ogg"
          ]
        },
        "question_69": {
          "question_number": 69,
          "correct_option": 1,
          "sds_id": "SDS1103",
          "subtopic": "Sexually Transmitted Infections",
          "image_filename": "question_69.png",
          "captured": true,
          "explanation": [
            "https://d1iljb9ao69244.cloudfront.net/422353_1709092352465_88.ogg"
          ]
        },
        "question_70": {
          "question_number": 70,
          "correct_option": 1,
          "sds_id": "SDS1104",
          "subtopic": "Sexually Transmitted Infections",
          "image_filename": "question_70.png",
          "captured": true,
          "explanation": [
            "https://d1iljb9ao69244.cloudfront.net/427542_1710126973247_41.ogg"
          ]
        },
        "question_71": {
          "question_number": 71,
          "correct_option": 1,
          "sds_id": "SDS1105",
          "subtopic": "Sexually Transmitted Infections",
          "image_filename": "question_71.png",
          "captured": true,
          "explanation": [
            "https://d1iljb9ao69244.cloudfront.net/436584_1712141349664_45.ogg"
          ]
        },
        "question_72": {
          "question_number": 72,
          "correct_option": 2,
          "sds_id": "SDS1106",
          "subtopic": "Infertility",
          "image_filename": "question_72.png",
          "captured": true,
          "explanation": [
            "https://d2f8z173p7073l.cloudfront.net/1583995298270"
          ]
        },
        "question_73": {
          "question_number": 73,
          "correct_option": 3,
          "sds_id": "SDS1107",
          "subtopic": "Infertility",
          "image_filename": "question_73.png",
          "captured": true,
          "explanation": [
            "https://d2f8z173p7073l.cloudfront.net/1549088314497"
          ]
        },
        "question_74": {
          "question_number": 74,
          "correct_option": 1,
          "sds_id": "SDS1108",
          "subtopic": "Infertility",
          "image_filename": "question_74.png",
          "captured": true,
          "explanation": [
            "https://d2f8z173p7073l.cloudfront.net/1588063053429"
          ]
        },
        "question_75": {
          "question_number": 75,
          "correct_option": 1,
          "sds_id": "SDS1109",
          "subtopic": "Infertility",
          "image_filename": "question_75.png",
          "captured": true,
          "explanation": [
            "https://d2f8z173p7073l.cloudfront.net/1549088406704"
          ]
        },
        "question_76": {
          "question_number": 76,
          "correct_option": 3,
          "sds_id": "SDS110A",
          "subtopic": "Infertility",
          "image_filename": "question_76.png",
          "captured": true,
          "explanation": [
            "https://d1iljb9ao69244.cloudfront.net/399699_1702264144389_72.ogg"
          ]
        }
      }
    },
    "Level 2": {
      "name": "Level 2",
      "path": "Level 2/",
      "questions": {
        "question_1": {
          "question_number": 1,
          "correct_option": 3,
          "sds_id": "SDS1128",
          "subtopic": "Introduction",
          "image_filename": "question_1.png",
          "captured": true,
          "explanation": [
            "https://d1iljb9ao69244.cloudfront.net/question_explanations_90541_1664682368220.ogg",
            "https://www.youtube-nocookie.com/embed/cX2ZewNvHs0?rel=0",
            "https://www.youtube-nocookie.com/embed/gfrP2vC6CXY?rel=0"
          ]
        },
        "question_2": {
          "question_number": 2,
          "correct_option": 1,
          "sds_id": "SDS1129",
          "subtopic": "Introduction",
          "image_filename": "question_2.png",
          "captured": true,
          "explanation": [
            "https://d2f8z173p7073l.cloudfront.net/1549088768844"
          ]
        },
        "question_3": {
          "question_number": 3,
          "correct_option": 4,
          "sds_id": "SDS112A",
          "subtopic": "Introduction",
          "image_filename": "question_3.png",
          "captured": true,
          "explanation": [
            "https://d2f8z173p7073l.cloudfront.net/1549089042403"
          ]
        },
        "question_4": {
          "question_number": 4,
          "correct_option": 3,
          "sds_id": "SDS112B",
          "subtopic": "Contraception: Natural Methods",
          "image_filename": "question_4.png",
          "captured": true,
          "explanation": [
            "https://d2f8z173p7073l.cloudfront.net/1549086894733"
          ]
        },
        "question_5": {
          "question_number": 5,
          "correct_option": 3,
          "sds_id": "SDS112C",
          "subtopic": "Contraception: Natural Methods",
          "image_filename": "question_5.png",
          "captured": true,
          "explanation": [
            "https://d2f8z173p7073l.cloudfront.net/1549086865853"
          ]
        },
        "question_6": {
          "question_number": 6,
          "correct_option": 1,
          "sds_id": "SDS112D",
          "subtopic": "Contraception: Natural Methods",
          "image_filename": "question_6.png",
          "captured": true,
          "explanation": [
            "https://d2f8z173p7073l.cloudfront.net/1549086793678"
          ]
        },
        "question_7": {
          "question_number": 7,
          "correct_option": 3,
          "sds_id": "SDS112E",
          "subtopic": "Contraception: Natural Methods",
          "image_filename": "question_7.png",
          "captured": true,
          "explanation": [
            "https://d1iljb9ao69244.cloudfront.net/126218_1726055948694_88.ogg",
            "https://d2f8z173p7073l.cloudfront.net/1583992210435"
          ]
        },
        "question_8": {
          "question_number": 8,
          "correct_option": 2,
          "sds_id": "SDS112F",
          "subtopic": "Contraception: Natural Methods",
          "image_filename": "question_8.png",
          "captured": true,
          "explanation": [
            "https://d2f8z173p7073l.cloudfront.net/1549086932153"
          ]
        },
        "question_9": {
          "question_number": 9,
          "correct_option": 2,
          "sds_id": "SDS1130",
          "subtopic": "Contraception: Natural Methods",
          "image_filename": "question_9.png",
          "captured": true,
          "explanation": [
            "https://d2f8z173p7073l.cloudfront.net/1583992357617"
          ]
        },
        "question_10": {
          "question_number": 10,
          "correct_option": 2,
          "sds_id": "SDS1131",
          "subtopic": "Contraception: Barrier Methods & IUDs",
          "image_filename": "question_10.png",
          "captured": true,
          "explanation": [
            "https://d2f8z173p7073l.cloudfront.net/1549087040803"
          ]
        },
        "question_11": {
          "question_number": 11,
          "correct_option": 3,
          "sds_id": "SDS1132",
          "subtopic": "Contraception: Barrier Methods & IUDs",
          "image_filename": "question_11.png",
          "captured": true,
          "explanation": [
            "https://d2f8z173p7073l.cloudfront.net/1583992867306"
          ]
        },
        "question_12": {
          "question_number": 12,
          "correct_option": 3,
          "sds_id": "SDS1133",
          "subtopic": "Contraception: Barrier Methods & IUDs",
          "image_filename": "question_12.png",
          "captured": true,
          "explanation": [
            "https://d1iljb9ao69244.cloudfront.net/131491_1589990934015_Q41.ogg",
            "https://www.youtube-nocookie.com/embed/ETe_N1meOKE?rel=0",
            "https://www.youtube-nocookie.com/embed/WD7m8rnQDJE?rel=0"
          ]
        },
        "question_13": {
          "question_number": 13,
          "correct_option": 1,
          "sds_id": "SDS1134",
          "subtopic": "Contraception: Barrier Methods & IUDs",
          "image_filename": "question_13.png",
          "captured": true,
          "explanation": [
            "https://d2f8z173p7073l.cloudfront.net/1549088606157"
          ]
        },
        "question_14": {
          "question_number": 14,
          "correct_option": 4,
          "sds_id": "SDS1135",
          "subtopic": "Contraception: Barrier Methods & IUDs",
          "image_filename": "question_14.png",
          "captured": true,
          "explanation": [
            "https://d2f8z173p7073l.cloudfront.net/1583992012753"
          ]
        },
        "question_15": {
          "question_number": 15,
          "correct_option": 3,
          "sds_id": "SDS1136",
          "subtopic": "Hormonal Contraceptives, Emergency Contraception & Terminal Methods",
          "image_filename": "question_15.png",
          "captured": true,
          "explanation": [
            "https://d2f8z173p7073l.cloudfront.net/1549089239806"
          ]
        },
        "question_16": {
          "question_number": 16,
          "correct_option": 2,
          "sds_id": "SDS1137",
          "subtopic": "Hormonal Contraceptives, Emergency Contraception & Terminal Methods",
          "image_filename": "question_16.png",
          "captured": true,
          "explanation": [
            "https://d2f8z173p7073l.cloudfront.net/1549087512991"
          ]
        },
        "question_17": {
          "question_number": 17,
          "correct_option": 2,
          "sds_id": "SDS1138",
          "subtopic": "Hormonal Contraceptives, Emergency Contraception & Terminal Methods",
          "image_filename": "question_17.png",
          "captured": true,
          "explanation": [
            "https://d2f8z173p7073l.cloudfront.net/1549087619111"
          ]
        },
        "question_18": {
          "question_number": 18,
          "correct_option": 2,
          "sds_id": "SDS1139",
          "subtopic": "Hormonal Contraceptives, Emergency Contraception & Terminal Methods",
          "image_filename": "question_18.png",
          "captured": true,
          "explanation": [
            "https://d1iljb9ao69244.cloudfront.net/question_explanations_89512_1664683541885.ogg",
            "https://www.youtube-nocookie.com/embed/6xuS2d1Xxsw?rel=0"
          ]
        },
        "question_19": {
          "question_number": 19,
          "correct_option": 1,
          "sds_id": "SDS113A",
          "subtopic": "Hormonal Contraceptives, Emergency Contraception & Terminal Methods",
          "image_filename": "question_19.png",
          "captured": true,
          "explanation": [
            "https://d2f8z173p7073l.cloudfront.net/1549087760847"
          ]
        },
        "question_20": {
          "question_number": 20,
          "correct_option": 3,
          "sds_id": "SDS113B",
          "subtopic": "Hormonal Contraceptives, Emergency Contraception & Terminal Methods",
          "image_filename": "question_20.png",
          "captured": true,
          "explanation": [
            "https://d2f8z173p7073l.cloudfront.net/1549087580832"
          ]
        },
        "question_21": {
          "question_number": 21,
          "correct_option": 3,
          "sds_id": "SDS113C",
          "subtopic": "Hormonal Contraceptives, Emergency Contraception & Terminal Methods",
          "image_filename": "question_21.png",
          "captured": true,
          "explanation": [
            "https://d1iljb9ao69244.cloudfront.net/90519_1665316058684_90519.ogg",
            "https://www.youtube-nocookie.com/embed/y5-zEg4TCoA?rel=0",
            "https://www.youtube-nocookie.com/embed/QAFarq0nJvY?rel=0"
          ]
        },
        "question_22": {
          "question_number": 22,
          "correct_option": 4,
          "sds_id": "SDS113D",
          "subtopic": "Hormonal Contraceptives, Emergency Contraception & Terminal Methods",
          "image_filename": "question_22.png",
          "captured": true,
          "explanation": [
            "https://d2f8z173p7073l.cloudfront.net/1583993182896"
          ]
        },
        "question_23": {
          "question_number": 23,
          "correct_option": 1,
          "sds_id": "SDS113E",
          "subtopic": "Hormonal Contraceptives, Emergency Contraception & Terminal Methods",
          "image_filename": "question_23.png",
          "captured": true,
          "explanation": [
            "https://d1iljb9ao69244.cloudfront.net/question_explanations_93501_1641375003001.ogg",
            "https://d1iljb9ao69244.cloudfront.net/question_explanations_93501_1641374960969.ogg",
            "https://www.youtube-nocookie.com/embed/V4ryZ_EhnEc?rel=0"
          ]
        },
        "question_24": {
          "question_number": 24,
          "correct_option": 2,
          "sds_id": "SDS113F",
          "subtopic": "Hormonal Contraceptives, Emergency Contraception & Terminal Methods",
          "image_filename": "question_24.png",
          "captured": true,
          "explanation": [
            "https://d2f8z173p7073l.cloudfront.net/1549087731892"
          ]
        },
        "question_25": {
          "question_number": 25,
          "correct_option": 1,
          "sds_id": "SDS1140",
          "subtopic": "Medical Termination of Pregnancy",
          "image_filename": "question_25.png",
          "captured": true,
          "explanation": [
            "https://d2f8z173p7073l.cloudfront.net/1549088868715"
          ]
        },
        "question_26": {
          "question_number": 26,
          "correct_option": 3,
          "sds_id": "SDS1141",
          "subtopic": "Medical Termination of Pregnancy",
          "image_filename": "question_26.png",
          "captured": true,
          "explanation": [
            "https://d2f8z173p7073l.cloudfront.net/1549087804875"
          ]
        },
        "question_27": {
          "question_number": 27,
          "correct_option": 1,
          "sds_id": "SDS1142",
          "subtopic": "Medical Termination of Pregnancy",
          "image_filename": "question_27.png",
          "captured": true,
          "explanation": [
            "https://d2f8z173p7073l.cloudfront.net/1549087884636"
          ]
        },
        "question_28": {
          "question_number": 28,
          "correct_option": 1,
          "sds_id": "SDS1143",
          "subtopic": "Medical Termination of Pregnancy",
          "image_filename": "question_28.png",
          "captured": true,
          "explanation": [
            "https://d2f8z173p7073l.cloudfront.net/1583992509978"
          ]
        },
        "question_29": {
          "question_number": 29,
          "correct_option": 2,
          "sds_id": "SDS1144",
          "subtopic": "Sexually Transmitted Infections",
          "image_filename": "question_29.png",
          "captured": true,
          "explanation": [
            "https://d2f8z173p7073l.cloudfront.net/1549088064270"
          ]
        },
        "question_30": {
          "question_number": 30,
          "correct_option": 1,
          "sds_id": "SDS1145",
          "subtopic": "Sexually Transmitted Infections",
          "image_filename": "question_30.png",
          "captured": true,
          "explanation": [
            "https://d2f8z173p7073l.cloudfront.net/1549088542687"
          ]
        },
        "question_31": {
          "question_number": 31,
          "correct_option": 4,
          "sds_id": "SDS1146",
          "subtopic": "Sexually Transmitted Infections",
          "image_filename": "question_31.png",
          "captured": true,
          "explanation": [
            "https://d2f8z173p7073l.cloudfront.net/1583995261422"
          ]
        },
        "question_32": {
          "question_number": 32,
          "correct_option": 1,
          "sds_id": "SDS1147",
          "subtopic": "Sexually Transmitted Infections",
          "image_filename": "question_32.png",
          "captured": true,
          "explanation": [
            "https://d2f8z173p7073l.cloudfront.net/1583995207148"
          ]
        },
        "question_33": {
          "question_number": 33,
          "correct_option": 3,
          "sds_id": "SDS1148",
          "subtopic": "Infertility",
          "image_filename": "question_33.png",
          "captured": true,
          "explanation": [
            "https://d2f8z173p7073l.cloudfront.net/1583247784878"
          ]
        },
        "question_34": {
          "question_number": 34,
          "correct_option": 2,
          "sds_id": "SDS1149",
          "subtopic": "Infertility",
          "image_filename": "question_34.png",
          "captured": true,
          "explanation": [
            "https://d2f8z173p7073l.cloudfront.net/1549088847670"
          ]
        },
        "question_35": {
          "question_number": 35,
          "correct_option": 2,
          "sds_id": "SDS114A",
          "subtopic": "Infertility",
          "image_filename": "question_35.png",
          "captured": true,
          "explanation": [
            "https://d2f8z173p7073l.cloudfront.net/1549089005534"
          ]
        },
        "question_36": {
          "question_number": 36,
          "correct_option": 2,
          "sds_id": "SDS114B",
          "subtopic": "Infertility",
          "image_filename": "question_36.png",
          "captured": true,
          "explanation": [
            "https://d1iljb9ao69244.cloudfront.net/251341_1628773453700_251341.ogg",
            "https://www.youtube.com/embed/Z79lB_Swh6g?rel=0&amp;modestbranding=1&amp;loop=1&amp;playlist=Z79lB_Swh6g",
            "https://www.youtube.com/embed/Z79lB_Swh6g?rel=0&modestbranding=1&loop=1&playlist=Z79lB_Swh6g"
          ]
        },
        "question_37": {
          "question_number": 37,
          "correct_option": 1,
          "sds_id": "SDS114C",
          "subtopic": "Infertility",
          "image_filename": "question_37.png",
          "captured": true,
          "explanation": [
            "https://d2f8z173p7073l.cloudfront.net/1549088291013"
          ]
        },
        "question_38": {
          "question_number": 38,
          "correct_option": 4,
          "sds_id": "SDS114D",
          "subtopic": "Infertility",
          "image_filename": "question_38.png",
          "captured": true,
          "explanation": [
            "https://d2f8z173p7073l.cloudfront.net/1549088378766"
          ]
        }
      }
    },
    "Level 3": {
      "name": "Level 3",
      "path": "Level 3/",
      "questions": {
        "question_1": {
          "question_number": 1,
          "correct_option": 2,
          "sds_id": "SDS110B",
          "subtopic": "Introduction",
          "image_filename": "question_1.png",
          "captured": true,
          "explanation": [
            "https://d1iljb9ao69244.cloudfront.net/443104_1712904424261_47.ogg"
          ]
        },
        "question_2": {
          "question_number": 2,
          "correct_option": 4,
          "sds_id": "SDS110C",
          "subtopic": "Introduction",
          "image_filename": "question_2.png",
          "captured": true,
          "explanation": [
            "https://d1iljb9ao69244.cloudfront.net/449516_1713777968424_19.ogg"
          ]
        },
        "question_3": {
          "question_number": 3,
          "correct_option": 4,
          "sds_id": "SDS110D",
          "subtopic": "Introduction",
          "image_filename": "question_3.png",
          "captured": true,
          "explanation": [
            "https://d2f8z173p7073l.cloudfront.net/1549086410328"
          ]
        },
        "question_4": {
          "question_number": 4,
          "correct_option": 3,
          "sds_id": "SDS110E",
          "subtopic": "Introduction",
          "image_filename": "question_4.png",
          "captured": true,
          "explanation": [
            "https://d2f8z173p7073l.cloudfront.net/1583991877791"
          ]
        },
        "question_5": {
          "question_number": 5,
          "correct_option": 4,
          "sds_id": "SDS110F",
          "subtopic": "Contraception: Natural Methods",
          "image_filename": "question_5.png",
          "captured": true,
          "explanation": [
            "https://d1iljb9ao69244.cloudfront.net/415593_1707116661571_95.ogg"
          ]
        },
        "question_6": {
          "question_number": 6,
          "correct_option": 1,
          "sds_id": "SDS1110",
          "subtopic": "Contraception: Natural Methods",
          "image_filename": "question_6.png",
          "captured": true,
          "explanation": [
            "https://d1iljb9ao69244.cloudfront.net/447249_1713289522101_47.ogg"
          ]
        },
        "question_7": {
          "question_number": 7,
          "correct_option": 4,
          "sds_id": "SDS1111",
          "subtopic": "Contraception: Barrier Methods & IUDs",
          "image_filename": "question_7.png",
          "captured": true,
          "explanation": [
            "https://www.youtube-nocookie.com/embed/0_hxKlk8iR0?rel=0"
          ]
        },
        "question_8": {
          "question_number": 8,
          "correct_option": 1,
          "sds_id": "SDS1112",
          "subtopic": "Contraception: Barrier Methods & IUDs",
          "image_filename": "question_8.png",
          "captured": true,
          "explanation": [
            "https://d1iljb9ao69244.cloudfront.net/423781_1709890422877_10.ogg"
          ]
        },
        "question_9": {
          "question_number": 9,
          "correct_option": 3,
          "sds_id": "SDS1113",
          "subtopic": "Contraception: Barrier Methods & IUDs",
          "image_filename": "question_9.png",
          "captured": true,
          "explanation": [
            "https://d1iljb9ao69244.cloudfront.net/415595_1707116688436_97.ogg"
          ]
        },
        "question_10": {
          "question_number": 10,
          "correct_option": 1,
          "sds_id": "SDS1114",
          "subtopic": "Contraception: Barrier Methods & IUDs",
          "image_filename": "question_10.png",
          "captured": true,
          "explanation": [
            "https://d1iljb9ao69244.cloudfront.net/415594_1707116675122_96.ogg"
          ]
        },
        "question_11": {
          "question_number": 11,
          "correct_option": 4,
          "sds_id": "SDS1115",
          "subtopic": "Contraception: Barrier Methods & IUDs",
          "image_filename": "question_11.png",
          "captured": true,
          "explanation": [
            "https://d1iljb9ao69244.cloudfront.net/423785_1711180988105_41.ogg"
          ]
        },
        "question_12": {
          "question_number": 12,
          "correct_option": 3,
          "sds_id": "SDS1116",
          "subtopic": "Hormonal Contraceptives, Emergency Contraception & Terminal Methods",
          "image_filename": "question_12.png",
          "captured": true,
          "explanation": [
            "https://d1iljb9ao69244.cloudfront.net/question_explanations_179022_1672210430050.ogg"
          ]
        },
        "question_13": {
          "question_number": 13,
          "correct_option": 2,
          "sds_id": "SDS1117",
          "subtopic": "Hormonal Contraceptives, Emergency Contraception & Terminal Methods",
          "image_filename": "question_13.png",
          "captured": true,
          "explanation": [
            "https://d1iljb9ao69244.cloudfront.net/325796_1645887541922_29.ogg"
          ]
        },
        "question_14": {
          "question_number": 14,
          "correct_option": 2,
          "sds_id": "SDS1118",
          "subtopic": "Hormonal Contraceptives, Emergency Contraception & Terminal Methods",
          "image_filename": "question_14.png",
          "captured": true,
          "explanation": [
            "https://d2f8z173p7073l.cloudfront.net/1583993046738"
          ]
        },
        "question_15": {
          "question_number": 15,
          "correct_option": 3,
          "sds_id": "SDS1119",
          "subtopic": "Hormonal Contraceptives, Emergency Contraception & Terminal Methods",
          "image_filename": "question_15.png",
          "captured": true,
          "explanation": [
            "https://d1iljb9ao69244.cloudfront.net/439274_1712655099357_27.ogg"
          ]
        },
        "question_16": {
          "question_number": 16,
          "correct_option": 3,
          "sds_id": "SDS111A",
          "subtopic": "Hormonal Contraceptives, Emergency Contraception & Terminal Methods",
          "image_filename": "question_16.png",
          "captured": true,
          "explanation": [
            "https://d1iljb9ao69244.cloudfront.net/436356_1712129107996_24.ogg"
          ]
        },
        "question_17": {
          "question_number": 17,
          "correct_option": 1,
          "sds_id": "SDS111B",
          "subtopic": "Hormonal Contraceptives, Emergency Contraception & Terminal Methods",
          "image_filename": "question_17.png",
          "captured": true,
          "explanation": [
            "https://d1iljb9ao69244.cloudfront.net/450742_1714043378043_19.ogg"
          ]
        },
        "question_18": {
          "question_number": 18,
          "correct_option": 1,
          "sds_id": "SDS111C",
          "subtopic": "Hormonal Contraceptives, Emergency Contraception & Terminal Methods",
          "image_filename": "question_18.png",
          "captured": true,
          "explanation": [
            "https://d1iljb9ao69244.cloudfront.net/453595_1714477642819_19.ogg"
          ]
        },
        "question_19": {
          "question_number": 19,
          "correct_option": 2,
          "sds_id": "SDS111D",
          "subtopic": "Medical Termination of Pregnancy",
          "image_filename": "question_19.png",
          "captured": true,
          "explanation": [
            "https://d1iljb9ao69244.cloudfront.net/395372_1699595609047_7.ogg"
          ]
        },
        "question_20": {
          "question_number": 20,
          "correct_option": 2,
          "sds_id": "SDS111E",
          "subtopic": "Medical Termination of Pregnancy",
          "image_filename": "question_20.png",
          "captured": true,
          "explanation": [
            "https://d1iljb9ao69244.cloudfront.net/395380_1699599503747_15.ogg"
          ]
        },
        "question_21": {
          "question_number": 21,
          "correct_option": 4,
          "sds_id": "SDS111F",
          "subtopic": "Medical Termination of Pregnancy",
          "image_filename": "question_21.png",
          "captured": true,
          "explanation": [
            "https://d1iljb9ao69244.cloudfront.net/395381_1699599536914_16.ogg"
          ]
        },
        "question_22": {
          "question_number": 22,
          "correct_option": 1,
          "sds_id": "SDS1120",
          "subtopic": "Medical Termination of Pregnancy",
          "image_filename": "question_22.png",
          "captured": true,
          "explanation": [
            "https://d1iljb9ao69244.cloudfront.net/415597_1707116713619_99.ogg"
          ]
        },
        "question_23": {
          "question_number": 23,
          "correct_option": 1,
          "sds_id": "SDS1121",
          "subtopic": "Sexually Transmitted Infections",
          "image_filename": "question_23.png",
          "captured": true,
          "explanation": [
            "https://d2f8z173p7073l.cloudfront.net/1582603913976"
          ]
        },
        "question_24": {
          "question_number": 24,
          "correct_option": 3,
          "sds_id": "SDS1122",
          "subtopic": "Sexually Transmitted Infections",
          "image_filename": "question_24.png",
          "captured": true,
          "explanation": [
            "https://d1iljb9ao69244.cloudfront.net/448202_1713522376190_19.ogg"
          ]
        },
        "question_25": {
          "question_number": 25,
          "correct_option": 1,
          "sds_id": "SDS1123",
          "subtopic": "Infertility",
          "image_filename": "question_25.png",
          "captured": true,
          "explanation": [
            "https://d1iljb9ao69244.cloudfront.net/449515_1713777952169_18.ogg"
          ]
        },
        "question_26": {
          "question_number": 26,
          "correct_option": 2,
          "sds_id": "SDS1124",
          "subtopic": "Infertility",
          "image_filename": "question_26.png",
          "captured": true,
          "explanation": [
            "https://d1iljb9ao69244.cloudfront.net/446627_1713093444622_20.ogg"
          ]
        },
        "question_27": {
          "question_number": 27,
          "correct_option": 3,
          "sds_id": "SDS1125",
          "subtopic": "Infertility",
          "image_filename": "question_27.png",
          "captured": true,
          "explanation": [
            "https://d1iljb9ao69244.cloudfront.net/449532_1713782261033_35.ogg"
          ]
        },
        "question_28": {
          "question_number": 28,
          "correct_option": 3,
          "sds_id": "SDS1126",
          "subtopic": "Infertility",
          "image_filename": "question_28.png",
          "captured": true,
          "explanation": [
            "https://d1iljb9ao69244.cloudfront.net/450746_1714044300921_21.ogg"
          ]
        },
        "question_29": {
          "question_number": 29,
          "correct_option": 1,
          "sds_id": "SDS1127",
          "subtopic": "Infertility",
          "image_filename": "question_29.png",
          "captured": true,
          "explanation": [
            "https://d1iljb9ao69244.cloudfront.net/453635_1714481427179_43.ogg"
          ]
        }
      }
    }
  },
  "type": "multi_set"
}