{
  "chapter_no": 2,
  "chapter_name": "Biological Classification",
  "section_name": "Invictus- Biological Classification",
  "total_questions": 18,
  "questions": {
    "question_1": {
      "question_number": 1,
      "correct_option": 2,
      "sds_id": "SDS03EA",
      "subtopic": "Different Classification Systems",
      "image_filename": "question_1.png",
      "captured": true,
      "explanation": [
        "https://d2f8z173p7073l.cloudfront.net/1581162333421"
      ]
    },
    "question_2": {
      "question_number": 2,
      "correct_option": 1,
      "sds_id": "SDS03EB",
      "subtopic": "Kingdom Monera: Introduction",
      "image_filename": "question_2.png",
      "captured": true,
      "explanation": [
        "https://d2f8z173p7073l.cloudfront.net/1581164193826"
      ]
    },
    "question_3": {
      "question_number": 3,
      "correct_option": 4,
      "sds_id": "SDS03EC",
      "subtopic": "Kingdom Monera: Bacterial Cell Structure",
      "image_filename": "question_3.png",
      "captured": true,
      "explanation": [
        "https://d2f8z173p7073l.cloudfront.net/1580623981061"
      ]
    },
    "question_4": {
      "question_number": 4,
      "correct_option": 4,
      "sds_id": "SDS03ED",
      "subtopic": "Kingdom Monera: Bacterial Classification",
      "image_filename": "question_4.png",
      "captured": true,
      "explanation": [
        "https://d2f8z173p7073l.cloudfront.net/1580195450729",
        "https://www.youtube.com/embed/j0WrsZYdWuQ?rel=0&amp;modestbranding=1&amp;loop=1&amp;playlist=j0WrsZYdWuQ&amp;start=703&amp;end=778",
        "https://www.youtube.com/embed/j0WrsZYdWuQ?rel=0&modestbranding=1&loop=1&playlist=j0WrsZYdWuQ&start=703&end=778"
      ]
    },
    "question_5": {
      "question_number": 5,
      "correct_option": 3,
      "sds_id": "SDS03EE",
      "subtopic": "Kingdom Monera: Bacterial Classification",
      "image_filename": "question_5.png",
      "captured": true,
      "explanation": [
        "https://d2f8z173p7073l.cloudfront.net/1580195484224",
        "https://www.youtube.com/embed/j0WrsZYdWuQ?rel=0&amp;modestbranding=1&amp;loop=1&amp;playlist=j0WrsZYdWuQ&amp;start=632&amp;end=698",
        "https://www.youtube.com/embed/j0WrsZYdWuQ?rel=0&modestbranding=1&loop=1&playlist=j0WrsZYdWuQ&start=632&end=698"
      ]
    },
    "question_6": {
      "question_number": 6,
      "correct_option": 1,
      "sds_id": "SDS03EF",
      "subtopic": "Kingdom Monera: Bacterial Classification",
      "image_filename": "question_6.png",
      "captured": true,
      "explanation": [
        "https://d2f8z173p7073l.cloudfront.net/1581162158740"
      ]
    },
    "question_7": {
      "question_number": 7,
      "correct_option": 4,
      "sds_id": "SDS03F0",
      "subtopic": "Kingdom Monera: Bacterial Classification",
      "image_filename": "question_7.png",
      "captured": true,
      "explanation": [
        "https://d2f8z173p7073l.cloudfront.net/1581164148880"
      ]
    },
    "question_8": {
      "question_number": 8,
      "correct_option": 1,
      "sds_id": "SDS03F1",
      "subtopic": "Kingdom Monera: Blue Green Algae",
      "image_filename": "question_8.png",
      "captured": true,
      "explanation": [
        "https://d2f8z173p7073l.cloudfront.net/1581163431118"
      ]
    },
    "question_9": {
      "question_number": 9,
      "correct_option": 2,
      "sds_id": "SDS03F2",
      "subtopic": "Kingdom Protista: Chrysophytes",
      "image_filename": "question_9.png",
      "captured": true,
      "explanation": [
        "https://d2f8z173p7073l.cloudfront.net/1581163769853",
        "https://d2f8z173p7073l.cloudfront.net/1663920263880"
      ]
    },
    "question_10": {
      "question_number": 10,
      "correct_option": 2,
      "sds_id": "SDS03F3",
      "subtopic": "Kingdom Protista: Dinoflagellates",
      "image_filename": "question_10.png",
      "captured": true,
      "explanation": [
        "https://d2f8z173p7073l.cloudfront.net/1581162192845"
      ]
    },
    "question_11": {
      "question_number": 11,
      "correct_option": 1,
      "sds_id": "SDS03F4",
      "subtopic": "Kingdom Fungi: Introduction",
      "image_filename": "question_11.png",
      "captured": true,
      "explanation": [
        "https://d2f8z173p7073l.cloudfront.net/1581164235358"
      ]
    },
    "question_12": {
      "question_number": 12,
      "correct_option": 3,
      "sds_id": "SDS03F5",
      "subtopic": "Kingdom Fungi: Basidomycetes",
      "image_filename": "question_12.png",
      "captured": true,
      "explanation": [
        "https://d2f8z173p7073l.cloudfront.net/1581162440645"
      ]
    },
    "question_13": {
      "question_number": 13,
      "correct_option": 1,
      "sds_id": "SDS03F6",
      "subtopic": "Kingdom Fungi: Basidomycetes",
      "image_filename": "question_13.png",
      "captured": true,
      "explanation": [
        "https://d2f8z173p7073l.cloudfront.net/1581163157545",
        "https://d2f8z173p7073l.cloudfront.net/1663919016378"
      ]
    },
    "question_14": {
      "question_number": 14,
      "correct_option": 2,
      "sds_id": "SDS03F7",
      "subtopic": "Virus, Viroids & Prions",
      "image_filename": "question_14.png",
      "captured": true,
      "explanation": [
        "https://d2f8z173p7073l.cloudfront.net/1581163675580",
        "https://d2f8z173p7073l.cloudfront.net/1663918119911"
      ]
    },
    "question_15": {
      "question_number": 15,
      "correct_option": 1,
      "sds_id": "SDS03F8",
      "subtopic": "Virus, Viroids & Prions",
      "image_filename": "question_15.png",
      "captured": true,
      "explanation": [
        "https://d2f8z173p7073l.cloudfront.net/1581163910347"
      ]
    },
    "question_16": {
      "question_number": 16,
      "correct_option": 1,
      "sds_id": "SDS03F9",
      "subtopic": "Virus, Viroids & Prions",
      "image_filename": "question_16.png",
      "captured": true,
      "explanation": [
        "https://d2f8z173p7073l.cloudfront.net/1581164054528"
      ]
    },
    "question_17": {
      "question_number": 17,
      "correct_option": 2,
      "sds_id": "SDS03FA",
      "subtopic": "Virus, Viroids & Prions",
      "image_filename": "question_17.png",
      "captured": true,
      "explanation": [
        "https://d2f8z173p7073l.cloudfront.net/1581164510965"
      ]
    },
    "question_18": {
      "question_number": 18,
      "correct_option": 2,
      "sds_id": "SDS03FB",
      "subtopic": "Protozoa",
      "image_filename": "question_18.png",
      "captured": true,
      "explanation": [
        "https://d2f8z173p7073l.cloudfront.net/1581163115759",
        "https://d2f8z173p7073l.cloudfront.net/1663757955270"
      ]
    }
  }
}