{
  "chapter_no": 4,
  "chapter_name": "Principles of Inheritance and Variation",
  "section_name": "Level 2",
  "total_questions": 99,
  "questions": {
    "question_1": {
      "question_number": 1,
      "correct_option": 1,
      "sds_id": "SDS120B",
      "subtopic": "Introduction to Genetics: 2",
      "image_filename": "question_1.png",
      "captured": true,
      "explanation": [
        "https://d2f8z173p7073l.cloudfront.net/1583594010221"
      ]
    },
    "question_2": {
      "question_number": 2,
      "correct_option": 1,
      "sds_id": "SDS120C",
      "subtopic": "Introduction to Genetics: 2",
      "image_filename": "question_2.png",
      "captured": true,
      "explanation": [
        "https://d2f8z173p7073l.cloudfront.net/1583600453528"
      ]
    },
    "question_3": {
      "question_number": 3,
      "correct_option": 1,
      "sds_id": "SDS120D",
      "subtopic": "Introduction to Genetics: 2",
      "image_filename": "question_3.png",
      "captured": true,
      "explanation": [
        "https://d2f8z173p7073l.cloudfront.net/1583600924958"
      ]
    },
    "question_4": {
      "question_number": 4,
      "correct_option": 1,
      "sds_id": "SDS120E",
      "subtopic": "Introduction to Genetics: 2",
      "image_filename": "question_4.png",
      "captured": true,
      "explanation": [
        "https://d2f8z173p7073l.cloudfront.net/1583594040280"
      ]
    },
    "question_5": {
      "question_number": 5,
      "correct_option": 4,
      "sds_id": "SDS120F",
      "subtopic": "Introduction to Genetics: 2",
      "image_filename": "question_5.png",
      "captured": true,
      "explanation": [
        "https://d2f8z173p7073l.cloudfront.net/1582525413641"
      ]
    },
    "question_6": {
      "question_number": 6,
      "correct_option": 4,
      "sds_id": "SDS1210",
      "subtopic": "Introduction to Genetics: 2",
      "image_filename": "question_6.png",
      "captured": true,
      "explanation": [
        "https://d2f8z173p7073l.cloudfront.net/1583594106464"
      ]
    },
    "question_7": {
      "question_number": 7,
      "correct_option": 1,
      "sds_id": "SDS1211",
      "subtopic": "Introduction to Genetics: 2",
      "image_filename": "question_7.png",
      "captured": true,
      "explanation": [
        "https://d2f8z173p7073l.cloudfront.net/1583600429719"
      ]
    },
    "question_8": {
      "question_number": 8,
      "correct_option": 2,
      "sds_id": "SDS1212",
      "subtopic": "Introduction to Genetics: 2",
      "image_filename": "question_8.png",
      "captured": true,
      "explanation": [
        "https://d2f8z173p7073l.cloudfront.net/1582525197385"
      ]
    },
    "question_9": {
      "question_number": 9,
      "correct_option": 4,
      "sds_id": "SDS1213",
      "subtopic": "Introduction to Genetics: 2",
      "image_filename": "question_9.png",
      "captured": true,
      "explanation": [
        "https://d1iljb9ao69244.cloudfront.net/94143_1652716801785_23.ogg"
      ]
    },
    "question_10": {
      "question_number": 10,
      "correct_option": 4,
      "sds_id": "SDS1214",
      "subtopic": "Monohybrid Cross: 1",
      "image_filename": "question_10.png",
      "captured": true,
      "explanation": [
        "https://d2f8z173p7073l.cloudfront.net/1582526801839"
      ]
    },
    "question_11": {
      "question_number": 11,
      "correct_option": 4,
      "sds_id": "SDS1215",
      "subtopic": "Monohybrid Cross: 1",
      "image_filename": "question_11.png",
      "captured": true,
      "explanation": [
        "https://d1iljb9ao69244.cloudfront.net/90470_1651293784749_24.ogg",
        "https://d2f8z173p7073l.cloudfront.net/1538314479228",
        "https://www.youtube-nocookie.com/embed/7Cz7Gb8z3vg?rel=0",
        "https://www.youtube-nocookie.com/embed/kVdOeNLRF1Y?rel=0"
      ]
    },
    "question_12": {
      "question_number": 12,
      "correct_option": 4,
      "sds_id": "SDS1216",
      "subtopic": "Monohybrid Cross: 1",
      "image_filename": "question_12.png",
      "captured": true,
      "explanation": [
        "https://d2f8z173p7073l.cloudfront.net/1582530136374"
      ]
    },
    "question_13": {
      "question_number": 13,
      "correct_option": 2,
      "sds_id": "SDS1217",
      "subtopic": "Monohybrid Cross: Further Understanding",
      "image_filename": "question_13.png",
      "captured": true,
      "explanation": [
        "https://d2f8z173p7073l.cloudfront.net/1583590749549"
      ]
    },
    "question_14": {
      "question_number": 14,
      "correct_option": 2,
      "sds_id": "SDS1218",
      "subtopic": "Monohybrid Cross: Further Understanding",
      "image_filename": "question_14.png",
      "captured": true,
      "explanation": [
        "https://d2f8z173p7073l.cloudfront.net/1583600060747"
      ]
    },
    "question_15": {
      "question_number": 15,
      "correct_option": 1,
      "sds_id": "SDS1219",
      "subtopic": "Monohybrid Cross: Further Understanding",
      "image_filename": "question_15.png",
      "captured": true,
      "explanation": [
        "https://d2f8z173p7073l.cloudfront.net/1583594181396"
      ]
    },
    "question_16": {
      "question_number": 16,
      "correct_option": 4,
      "sds_id": "SDS121A",
      "subtopic": "Monohybrid Cross: Further Understanding",
      "image_filename": "question_16.png",
      "captured": true,
      "explanation": [
        "https://d1iljb9ao69244.cloudfront.net/251321_1630735799128_35.ogg"
      ]
    },
    "question_17": {
      "question_number": 17,
      "correct_option": 4,
      "sds_id": "SDS121B",
      "subtopic": "Monohybrid Cross: Further Understanding",
      "image_filename": "question_17.png",
      "captured": true,
      "explanation": [
        "https://d2f8z173p7073l.cloudfront.net/1582801682478"
      ]
    },
    "question_18": {
      "question_number": 18,
      "correct_option": 2,
      "sds_id": "SDS121C",
      "subtopic": "Monohybrid Cross: Further Understanding",
      "image_filename": "question_18.png",
      "captured": true,
      "explanation": [
        "https://d2f8z173p7073l.cloudfront.net/1583594398100"
      ]
    },
    "question_19": {
      "question_number": 19,
      "correct_option": 4,
      "sds_id": "SDS121D",
      "subtopic": "Monohybrid Cross: Further Understanding",
      "image_filename": "question_19.png",
      "captured": true,
      "explanation": [
        "https://d2f8z173p7073l.cloudfront.net/1582527543480"
      ]
    },
    "question_20": {
      "question_number": 20,
      "correct_option": 3,
      "sds_id": "SDS121E",
      "subtopic": "Monohybrid Cross: Further Understanding",
      "image_filename": "question_20.png",
      "captured": true,
      "explanation": [
        "https://d2f8z173p7073l.cloudfront.net/1582530379150"
      ]
    },
    "question_21": {
      "question_number": 21,
      "correct_option": 1,
      "sds_id": "SDS121F",
      "subtopic": "Dihybrid Cross Analysis",
      "image_filename": "question_21.png",
      "captured": true,
      "explanation": [
        "https://d2f8z173p7073l.cloudfront.net/1619844295559"
      ]
    },
    "question_22": {
      "question_number": 22,
      "correct_option": 4,
      "sds_id": "SDS1220",
      "subtopic": "Dihybrid Cross Analysis",
      "image_filename": "question_22.png",
      "captured": true,
      "explanation": [
        "https://d2f8z173p7073l.cloudfront.net/1583600234501"
      ]
    },
    "question_23": {
      "question_number": 23,
      "correct_option": 1,
      "sds_id": "SDS1221",
      "subtopic": "Dihybrid Cross: General Consideration",
      "image_filename": "question_23.png",
      "captured": true,
      "explanation": [
        "https://d2f8z173p7073l.cloudfront.net/1582801846929"
      ]
    },
    "question_24": {
      "question_number": 24,
      "correct_option": 1,
      "sds_id": "SDS1222",
      "subtopic": "Dihybrid Cross: Details",
      "image_filename": "question_24.png",
      "captured": true,
      "explanation": [
        "https://d1iljb9ao69244.cloudfront.net/question_explanations_265002_1664683029849.ogg"
      ]
    },
    "question_25": {
      "question_number": 25,
      "correct_option": 2,
      "sds_id": "SDS1223",
      "subtopic": "Dihybrid Cross: Details",
      "image_filename": "question_25.png",
      "captured": true,
      "explanation": [
        "https://d2f8z173p7073l.cloudfront.net/1582524084010",
        "https://www.youtube-nocookie.com/embed/rb9X7IanhRc?rel=0"
      ]
    },
    "question_26": {
      "question_number": 26,
      "correct_option": 1,
      "sds_id": "SDS1224",
      "subtopic": "Dihybrid Cross: Details",
      "image_filename": "question_26.png",
      "captured": true,
      "explanation": [
        "https://d2f8z173p7073l.cloudfront.net/1582523808603"
      ]
    },
    "question_27": {
      "question_number": 27,
      "correct_option": 2,
      "sds_id": "SDS1225",
      "subtopic": "Dominance Deviation from Mendel: 2",
      "image_filename": "question_27.png",
      "captured": true,
      "explanation": [
        "https://d2f8z173p7073l.cloudfront.net/1583600037958"
      ]
    },
    "question_28": {
      "question_number": 28,
      "correct_option": 2,
      "sds_id": "SDS1226",
      "subtopic": "Dominance Deviation from Mendel: 2",
      "image_filename": "question_28.png",
      "captured": true,
      "explanation": [
        "https://d2f8z173p7073l.cloudfront.net/1583600134327"
      ]
    },
    "question_29": {
      "question_number": 29,
      "correct_option": 3,
      "sds_id": "SDS1227",
      "subtopic": "Dominance Deviation from Mendel: 2",
      "image_filename": "question_29.png",
      "captured": true,
      "explanation": [
        "https://d1iljb9ao69244.cloudfront.net/91203_1665315246383_91203.ogg",
        "https://www.youtube.com/embed/e6SmhY_uyYc?rel=0&amp;modestbranding=1&amp;loop=1&amp;playlist=e6SmhY_uyYc&amp;start=3556&amp;end=3605",
        "https://www.youtube.com/embed/e6SmhY_uyYc?rel=0&modestbranding=1&loop=1&playlist=e6SmhY_uyYc&start=3556&end=3605"
      ]
    },
    "question_30": {
      "question_number": 30,
      "correct_option": 4,
      "sds_id": "SDS1228",
      "subtopic": "Dominance Deviation from Mendel: 2",
      "image_filename": "question_30.png",
      "captured": true,
      "explanation": [
        "https://d1iljb9ao69244.cloudfront.net/91522_1651547498565_62.ogg",
        "https://www.youtube-nocookie.com/embed/Tz7dJ3WQ8p0?rel=0",
        "https://www.youtube-nocookie.com/embed/WweMnOkjYBo?rel=0"
      ]
    },
    "question_31": {
      "question_number": 31,
      "correct_option": 3,
      "sds_id": "SDS1229",
      "subtopic": "Dominance Deviation from Mendel: 2",
      "image_filename": "question_31.png",
      "captured": true,
      "explanation": [
        "https://d2f8z173p7073l.cloudfront.net/1582345157501"
      ]
    },
    "question_32": {
      "question_number": 32,
      "correct_option": 1,
      "sds_id": "SDS122A",
      "subtopic": "Epistasis",
      "image_filename": "question_32.png",
      "captured": true,
      "explanation": [
        "https://d2f8z173p7073l.cloudfront.net/1582801540794"
      ]
    },
    "question_33": {
      "question_number": 33,
      "correct_option": 2,
      "sds_id": "SDS122B",
      "subtopic": "Epistasis",
      "image_filename": "question_33.png",
      "captured": true,
      "explanation": [
        "https://d2f8z173p7073l.cloudfront.net/1582529363834",
        "https://www.youtube.com/embed/e6SmhY_uyYc?rel=0&amp;modestbranding=1&amp;loop=1&amp;playlist=e6SmhY_uyYc&amp;start=3750&amp;end=4028",
        "https://www.youtube.com/embed/e6SmhY_uyYc?rel=0&modestbranding=1&loop=1&playlist=e6SmhY_uyYc&start=3750&end=4028"
      ]
    },
    "question_34": {
      "question_number": 34,
      "correct_option": 1,
      "sds_id": "SDS122C",
      "subtopic": "Polygenic Inheritance & Pleiotropy",
      "image_filename": "question_34.png",
      "captured": true,
      "explanation": [
        "https://d2f8z173p7073l.cloudfront.net/1583590785416"
      ]
    },
    "question_35": {
      "question_number": 35,
      "correct_option": 3,
      "sds_id": "SDS122D",
      "subtopic": "Polygenic Inheritance & Pleiotropy",
      "image_filename": "question_35.png",
      "captured": true,
      "explanation": [
        "https://d2f8z173p7073l.cloudfront.net/1589872510118"
      ]
    },
    "question_36": {
      "question_number": 36,
      "correct_option": 4,
      "sds_id": "SDS122E",
      "subtopic": "Sex Linked Recessive Inheritance",
      "image_filename": "question_36.png",
      "captured": true,
      "explanation": [
        "https://d2f8z173p7073l.cloudfront.net/1582524120086"
      ]
    },
    "question_37": {
      "question_number": 37,
      "correct_option": 1,
      "sds_id": "SDS122F",
      "subtopic": "Sex Linked Recessive Inheritance",
      "image_filename": "question_37.png",
      "captured": true,
      "explanation": [
        "https://d1iljb9ao69244.cloudfront.net/89526_1666453167497_89526.ogg"
      ]
    },
    "question_38": {
      "question_number": 38,
      "correct_option": 1,
      "sds_id": "SDS1230",
      "subtopic": "Sex Linked Inheritance: Characteristics",
      "image_filename": "question_38.png",
      "captured": true,
      "explanation": [
        "https://d2f8z173p7073l.cloudfront.net/1583600208735"
      ]
    },
    "question_39": {
      "question_number": 39,
      "correct_option": 1,
      "sds_id": "SDS1231",
      "subtopic": "Sex Linked Inheritance: Characteristics",
      "image_filename": "question_39.png",
      "captured": true,
      "explanation": [
        "https://d2f8z173p7073l.cloudfront.net/1583599960240"
      ]
    },
    "question_40": {
      "question_number": 40,
      "correct_option": 2,
      "sds_id": "SDS1232",
      "subtopic": "Sex Linked Inheritance: Characteristics",
      "image_filename": "question_40.png",
      "captured": true,
      "explanation": [
        "https://d2f8z173p7073l.cloudfront.net/1583600184839"
      ]
    },
    "question_41": {
      "question_number": 41,
      "correct_option": 1,
      "sds_id": "SDS1233",
      "subtopic": "Chromosomal Basis of Inheritance: Introduction",
      "image_filename": "question_41.png",
      "captured": true,
      "explanation": [
        "https://d2f8z173p7073l.cloudfront.net/1582344939804"
      ]
    },
    "question_42": {
      "question_number": 42,
      "correct_option": 3,
      "sds_id": "SDS1234",
      "subtopic": "Chromosomal Basis of Inheritance: Introduction",
      "image_filename": "question_42.png",
      "captured": true,
      "explanation": [
        "https://d2f8z173p7073l.cloudfront.net/1583595041662"
      ]
    },
    "question_43": {
      "question_number": 43,
      "correct_option": 4,
      "sds_id": "SDS1235",
      "subtopic": "Chromosomal Basis of Inheritance: Introduction",
      "image_filename": "question_43.png",
      "captured": true,
      "explanation": [
        "https://d2f8z173p7073l.cloudfront.net/1583599781588"
      ]
    },
    "question_44": {
      "question_number": 44,
      "correct_option": 1,
      "sds_id": "SDS1236",
      "subtopic": "Chromosomal Basis of Inheritance: Introduction",
      "image_filename": "question_44.png",
      "captured": true,
      "explanation": [
        "https://d2f8z173p7073l.cloudfront.net/1583637273331"
      ]
    },
    "question_45": {
      "question_number": 45,
      "correct_option": 4,
      "sds_id": "SDS1237",
      "subtopic": "Chromosomal Basis of Inheritance: Introduction",
      "image_filename": "question_45.png",
      "captured": true,
      "explanation": [
        "https://d2f8z173p7073l.cloudfront.net/1583595072641"
      ]
    },
    "question_46": {
      "question_number": 46,
      "correct_option": 2,
      "sds_id": "SDS1238",
      "subtopic": "Chromosomal Basis of Inheritance: Introduction",
      "image_filename": "question_46.png",
      "captured": true,
      "explanation": [
        "https://d2f8z173p7073l.cloudfront.net/1583593849043"
      ]
    },
    "question_47": {
      "question_number": 47,
      "correct_option": 3,
      "sds_id": "SDS1239",
      "subtopic": "Chromosomal Basis of Inheritance: Further Considerations",
      "image_filename": "question_47.png",
      "captured": true,
      "explanation": [
        "https://d2f8z173p7073l.cloudfront.net/1619844772181"
      ]
    },
    "question_48": {
      "question_number": 48,
      "correct_option": 4,
      "sds_id": "SDS123A",
      "subtopic": "Linkage",
      "image_filename": "question_48.png",
      "captured": true,
      "explanation": [
        "https://d2f8z173p7073l.cloudfront.net/1583590905175"
      ]
    },
    "question_49": {
      "question_number": 49,
      "correct_option": 3,
      "sds_id": "SDS123B",
      "subtopic": "Linkage",
      "image_filename": "question_49.png",
      "captured": true,
      "explanation": [
        "https://d2f8z173p7073l.cloudfront.net/1582520143523"
      ]
    },
    "question_50": {
      "question_number": 50,
      "correct_option": 3,
      "sds_id": "SDS123C",
      "subtopic": "Understanding Linkage",
      "image_filename": "question_50.png",
      "captured": true,
      "explanation": [
        "https://d2f8z173p7073l.cloudfront.net/1582801798179"
      ]
    },
    "question_51": {
      "question_number": 51,
      "correct_option": 2,
      "sds_id": "SDS123D",
      "subtopic": "Understanding Linkage",
      "image_filename": "question_51.png",
      "captured": true,
      "explanation": [
        "https://d2f8z173p7073l.cloudfront.net/1571931010737"
      ]
    },
    "question_52": {
      "question_number": 52,
      "correct_option": 3,
      "sds_id": "SDS123E",
      "subtopic": "Understanding Linkage",
      "image_filename": "question_52.png",
      "captured": true,
      "explanation": [
        "https://d2f8z173p7073l.cloudfront.net/1582525384727"
      ]
    },
    "question_53": {
      "question_number": 53,
      "correct_option": 3,
      "sds_id": "SDS123F",
      "subtopic": "Understanding Linkage",
      "image_filename": "question_53.png",
      "captured": true,
      "explanation": [
        "https://d2f8z173p7073l.cloudfront.net/1583594646899"
      ]
    },
    "question_54": {
      "question_number": 54,
      "correct_option": 3,
      "sds_id": "SDS1240",
      "subtopic": "Understanding Linkage",
      "image_filename": "question_54.png",
      "captured": true,
      "explanation": [
        "https://d1iljb9ao69244.cloudfront.net/266127_1665315882418_266127.ogg"
      ]
    },
    "question_55": {
      "question_number": 55,
      "correct_option": 4,
      "sds_id": "SDS1241",
      "subtopic": "Understanding Linkage",
      "image_filename": "question_55.png",
      "captured": true,
      "explanation": [
        "https://d2f8z173p7073l.cloudfront.net/1583590401724"
      ]
    },
    "question_56": {
      "question_number": 56,
      "correct_option": 3,
      "sds_id": "SDS1242",
      "subtopic": "Recombination Gene Mapping",
      "image_filename": "question_56.png",
      "captured": true,
      "explanation": [
        "https://d2f8z173p7073l.cloudfront.net/1582529812472"
      ]
    },
    "question_57": {
      "question_number": 57,
      "correct_option": 1,
      "sds_id": "SDS1243",
      "subtopic": "Sex Determination",
      "image_filename": "question_57.png",
      "captured": true,
      "explanation": [
        "https://d1iljb9ao69244.cloudfront.net/92723_1651771790551_68.ogg"
      ]
    },
    "question_58": {
      "question_number": 58,
      "correct_option": 3,
      "sds_id": "SDS1244",
      "subtopic": "Recombination & Gene Mapping",
      "image_filename": "question_58.png",
      "captured": true,
      "explanation": [
        "https://d2f8z173p7073l.cloudfront.net/1582800735537"
      ]
    },
    "question_59": {
      "question_number": 59,
      "correct_option": 1,
      "sds_id": "SDS1245",
      "subtopic": "Recombination & Gene Mapping",
      "image_filename": "question_59.png",
      "captured": true,
      "explanation": [
        "https://d2f8z173p7073l.cloudfront.net/1583600328301"
      ]
    },
    "question_60": {
      "question_number": 60,
      "correct_option": 1,
      "sds_id": "SDS1246",
      "subtopic": "Recombination & Gene Mapping",
      "image_filename": "question_60.png",
      "captured": true,
      "explanation": [
        "https://d2f8z173p7073l.cloudfront.net/1582529291165"
      ]
    },
    "question_61": {
      "question_number": 61,
      "correct_option": 4,
      "sds_id": "SDS1247",
      "subtopic": "Recombination & Gene Mapping",
      "image_filename": "question_61.png",
      "captured": true,
      "explanation": [
        "https://d2f8z173p7073l.cloudfront.net/1583590564257"
      ]
    },
    "question_62": {
      "question_number": 62,
      "correct_option": 1,
      "sds_id": "SDS1248",
      "subtopic": "Sex Determination: Further Considerations",
      "image_filename": "question_62.png",
      "captured": true,
      "explanation": [
        "https://d2f8z173p7073l.cloudfront.net/1619844804138"
      ]
    },
    "question_63": {
      "question_number": 63,
      "correct_option": 3,
      "sds_id": "SDS1249",
      "subtopic": "Sex Determination: Further Considerations",
      "image_filename": "question_63.png",
      "captured": true,
      "explanation": [
        "https://d2f8z173p7073l.cloudfront.net/1583589868538"
      ]
    },
    "question_64": {
      "question_number": 64,
      "correct_option": 2,
      "sds_id": "SDS124A",
      "subtopic": "Sex Determination: Further Considerations",
      "image_filename": "question_64.png",
      "captured": true,
      "explanation": [
        "https://d2f8z173p7073l.cloudfront.net/1583260471007"
      ]
    },
    "question_65": {
      "question_number": 65,
      "correct_option": 4,
      "sds_id": "SDS124B",
      "subtopic": "Genic Balance Theory",
      "image_filename": "question_65.png",
      "captured": true,
      "explanation": [
        "https://d2f8z173p7073l.cloudfront.net/1583600546035"
      ]
    },
    "question_66": {
      "question_number": 66,
      "correct_option": 4,
      "sds_id": "SDS124C",
      "subtopic": "Genic Balance Theory",
      "image_filename": "question_66.png",
      "captured": true,
      "explanation": [
        "https://d2f8z173p7073l.cloudfront.net/1583600007120"
      ]
    },
    "question_67": {
      "question_number": 67,
      "correct_option": 3,
      "sds_id": "SDS124D",
      "subtopic": "Genic Balance Theory",
      "image_filename": "question_67.png",
      "captured": true,
      "explanation": [
        "https://d2f8z173p7073l.cloudfront.net/1583600581629"
      ]
    },
    "question_68": {
      "question_number": 68,
      "correct_option": 2,
      "sds_id": "SDS124E",
      "subtopic": "Pedigree Analysis: Problem Solving",
      "image_filename": "question_68.png",
      "captured": true,
      "explanation": [
        "https://d1iljb9ao69244.cloudfront.net/93388_1652417798491_40.ogg"
      ]
    },
    "question_69": {
      "question_number": 69,
      "correct_option": 1,
      "sds_id": "SDS124F",
      "subtopic": "Pedigree Analysis: Problem Solving",
      "image_filename": "question_69.png",
      "captured": true,
      "explanation": [
        "https://d2f8z173p7073l.cloudfront.net/1582525160157"
      ]
    },
    "question_70": {
      "question_number": 70,
      "correct_option": 2,
      "sds_id": "SDS1250",
      "subtopic": "Pedigree Analysis: More Examples",
      "image_filename": "question_70.png",
      "captured": true,
      "explanation": [
        "https://d2f8z173p7073l.cloudfront.net/1582523867881"
      ]
    },
    "question_71": {
      "question_number": 71,
      "correct_option": 2,
      "sds_id": "SDS1251",
      "subtopic": "Mendelian Disorders: Sickle Cell Anemia",
      "image_filename": "question_71.png",
      "captured": true,
      "explanation": [
        "https://d1iljb9ao69244.cloudfront.net/185372_1654222377814_41.ogg"
      ]
    },
    "question_72": {
      "question_number": 72,
      "correct_option": 2,
      "sds_id": "SDS1252",
      "subtopic": "Mendelian Disorders: Sickle Cell Anemia",
      "image_filename": "question_72.png",
      "captured": true,
      "explanation": [
        "https://d2f8z173p7073l.cloudfront.net/1582523727014"
      ]
    },
    "question_73": {
      "question_number": 73,
      "correct_option": 3,
      "sds_id": "SDS1253",
      "subtopic": "Mendelian Disorders: Sickle Cell Anemia",
      "image_filename": "question_73.png",
      "captured": true,
      "explanation": [
        "https://d2f8z173p7073l.cloudfront.net/1582525340095"
      ]
    },
    "question_74": {
      "question_number": 74,
      "correct_option": 4,
      "sds_id": "SDS1254",
      "subtopic": "Mendelian Disorders: Sickle Cell Anemia",
      "image_filename": "question_74.png",
      "captured": true,
      "explanation": [
        "https://d2f8z173p7073l.cloudfront.net/1582344737114"
      ]
    },
    "question_75": {
      "question_number": 75,
      "correct_option": 3,
      "sds_id": "SDS1255",
      "subtopic": "Mendelian Disorders",
      "image_filename": "question_75.png",
      "captured": true,
      "explanation": [
        "https://d2f8z173p7073l.cloudfront.net/1582801259838"
      ]
    },
    "question_76": {
      "question_number": 76,
      "correct_option": 3,
      "sds_id": "SDS1256",
      "subtopic": "Mendelian Disorders",
      "image_filename": "question_76.png",
      "captured": true,
      "explanation": [
        "https://d2f8z173p7073l.cloudfront.net/1591696016789"
      ]
    },
    "question_77": {
      "question_number": 77,
      "correct_option": 1,
      "sds_id": "SDS1257",
      "subtopic": "Mendelian Disorders",
      "image_filename": "question_77.png",
      "captured": true,
      "explanation": [
        "https://d2f8z173p7073l.cloudfront.net/1589875024151"
      ]
    },
    "question_78": {
      "question_number": 78,
      "correct_option": 2,
      "sds_id": "SDS1258",
      "subtopic": "Mendelian Disorders",
      "image_filename": "question_78.png",
      "captured": true,
      "explanation": [
        "https://d2f8z173p7073l.cloudfront.net/1583590639945"
      ]
    },
    "question_79": {
      "question_number": 79,
      "correct_option": 2,
      "sds_id": "SDS1259",
      "subtopic": "Mendelian Disorders",
      "image_filename": "question_79.png",
      "captured": true,
      "explanation": [
        "https://d2f8z173p7073l.cloudfront.net/1582523779005"
      ]
    },
    "question_80": {
      "question_number": 80,
      "correct_option": 2,
      "sds_id": "SDS125A",
      "subtopic": "Mendelian Disorders: Thalassemia",
      "image_filename": "question_80.png",
      "captured": true,
      "explanation": [
        "https://d2f8z173p7073l.cloudfront.net/1582529232079"
      ]
    },
    "question_81": {
      "question_number": 81,
      "correct_option": 2,
      "sds_id": "SDS125B",
      "subtopic": "Additional Note on Thalassemia",
      "image_filename": "question_81.png",
      "captured": true,
      "explanation": [
        "https://d1iljb9ao69244.cloudfront.net/89275_1651292902120_24.ogg",
        "https://www.youtube-nocookie.com/embed/Rf0H0l20jKM?rel=0"
      ]
    },
    "question_82": {
      "question_number": 82,
      "correct_option": 3,
      "sds_id": "SDS125C",
      "subtopic": "Non - Disjunction & Aneuploidy",
      "image_filename": "question_82.png",
      "captured": true,
      "explanation": [
        "https://d1iljb9ao69244.cloudfront.net/question_explanations_264403_1630756412277.ogg"
      ]
    },
    "question_83": {
      "question_number": 83,
      "correct_option": 3,
      "sds_id": "SDS125D",
      "subtopic": "Non - Disjunction & Aneuploidy",
      "image_filename": "question_83.png",
      "captured": true,
      "explanation": [
        "https://d2f8z173p7073l.cloudfront.net/1583600901070"
      ]
    },
    "question_84": {
      "question_number": 84,
      "correct_option": 4,
      "sds_id": "SDS125E",
      "subtopic": "Non - Disjunction & Aneuploidy",
      "image_filename": "question_84.png",
      "captured": true,
      "explanation": [
        "https://d2f8z173p7073l.cloudfront.net/1583600999463"
      ]
    },
    "question_85": {
      "question_number": 85,
      "correct_option": 1,
      "sds_id": "SDS125F",
      "subtopic": "Non - Disjunction & Aneuploidy",
      "image_filename": "question_85.png",
      "captured": true,
      "explanation": [
        "https://d2f8z173p7073l.cloudfront.net/1583600950610"
      ]
    },
    "question_86": {
      "question_number": 86,
      "correct_option": 1,
      "sds_id": "SDS1260",
      "subtopic": "Non - Disjunction & Aneuploidy",
      "image_filename": "question_86.png",
      "captured": true,
      "explanation": [
        "https://d2f8z173p7073l.cloudfront.net/1582529875856"
      ]
    },
    "question_87": {
      "question_number": 87,
      "correct_option": 4,
      "sds_id": "SDS1261",
      "subtopic": "Non - Disjunction & Aneuploidy",
      "image_filename": "question_87.png",
      "captured": true,
      "explanation": [
        "https://d2f8z173p7073l.cloudfront.net/1583590102001"
      ]
    },
    "question_88": {
      "question_number": 88,
      "correct_option": 1,
      "sds_id": "SDS1262",
      "subtopic": "Non - Disjunction & Aneuploidy",
      "image_filename": "question_88.png",
      "captured": true,
      "explanation": [
        "https://d2f8z173p7073l.cloudfront.net/1583590170384"
      ]
    },
    "question_89": {
      "question_number": 89,
      "correct_option": 2,
      "sds_id": "SDS1263",
      "subtopic": "Non - Disjunction & Aneuploidy",
      "image_filename": "question_89.png",
      "captured": true,
      "explanation": [
        "https://d2f8z173p7073l.cloudfront.net/1582525307752"
      ]
    },
    "question_90": {
      "question_number": 90,
      "correct_option": 1,
      "sds_id": "SDS1264",
      "subtopic": "Non - Disjunction & Aneuploidy",
      "image_filename": "question_90.png",
      "captured": true,
      "explanation": [
        "https://d1iljb9ao69244.cloudfront.net/180045_1666453193042_180045.ogg"
      ]
    },
    "question_91": {
      "question_number": 91,
      "correct_option": 1,
      "sds_id": "SDS1265",
      "subtopic": "Non - Disjunction & Aneuploidy",
      "image_filename": "question_91.png",
      "captured": true,
      "explanation": [
        "https://d1iljb9ao69244.cloudfront.net/90527_1651293936617_46.ogg",
        "https://www.youtube-nocookie.com/embed/qbGqe3pJMBg?rel=0",
        "https://www.youtube-nocookie.com/embed/tVa53UHjx64?rel=0"
      ]
    },
    "question_92": {
      "question_number": 92,
      "correct_option": 4,
      "sds_id": "SDS1266",
      "subtopic": "Non - Disjunction & Aneuploidy",
      "image_filename": "question_92.png",
      "captured": true,
      "explanation": [
        "https://d2f8z173p7073l.cloudfront.net/1583600673317"
      ]
    },
    "question_93": {
      "question_number": 93,
      "correct_option": 2,
      "sds_id": "SDS1267",
      "subtopic": "Sex Aneuploidy - Turner & Klinefelter Syndrome",
      "image_filename": "question_93.png",
      "captured": true,
      "explanation": [
        "https://d2f8z173p7073l.cloudfront.net/1583590133058"
      ]
    },
    "question_94": {
      "question_number": 94,
      "correct_option": 1,
      "sds_id": "SDS1268",
      "subtopic": "Sex Aneuploidy - Turner & Klinefelter Syndrome",
      "image_filename": "question_94.png",
      "captured": true,
      "explanation": [
        "https://d2f8z173p7073l.cloudfront.net/1588063863059"
      ]
    },
    "question_95": {
      "question_number": 95,
      "correct_option": 2,
      "sds_id": "SDS1269",
      "subtopic": "Sex Aneuploidy - Turner & Klinefelter Syndrome",
      "image_filename": "question_95.png",
      "captured": true,
      "explanation": [
        "https://d1iljb9ao69244.cloudfront.net/131674_1590594628676_Q8.ogg"
      ]
    },
    "question_96": {
      "question_number": 96,
      "correct_option": 3,
      "sds_id": "SDS126A",
      "subtopic": "Mutation",
      "image_filename": "question_96.png",
      "captured": true,
      "explanation": [
        "https://d2f8z173p7073l.cloudfront.net/1583599911691"
      ]
    },
    "question_97": {
      "question_number": 97,
      "correct_option": 4,
      "sds_id": "SDS126B",
      "subtopic": "Mutation",
      "image_filename": "question_97.png",
      "captured": true,
      "explanation": [
        "https://d2f8z173p7073l.cloudfront.net/1582530263755"
      ]
    },
    "question_98": {
      "question_number": 98,
      "correct_option": 4,
      "sds_id": "SDS126C",
      "subtopic": "Mutation",
      "image_filename": "question_98.png",
      "captured": true,
      "explanation": [
        "https://d2f8z173p7073l.cloudfront.net/1582527503817"
      ]
    },
    "question_99": {
      "question_number": 99,
      "correct_option": 1,
      "sds_id": "SDS126D",
      "subtopic": "Co-dominance",
      "image_filename": "question_99.png",
      "captured": true,
      "explanation": [
        "https://d2f8z173p7073l.cloudfront.net/1582529394026"
      ]
    }
  }
}