{
  "chapter_name": "10 Cell Cycle and Cell Division",
  "sets": {
    "Level 1": {
      "name": "Level 1",
      "path": "Level 1/",
      "questions": {
        "question_1": {
          "question_number": 1,
          "correct_option": 3,
          "sds_id": "SDS08A7",
          "subtopic": "Intro to Cell Cycle & Interphase",
          "image_filename": "question_1.png",
          "captured": true,
          "explanation": [
            "https://d1iljb9ao69244.cloudfront.net/376425_1690779175645_2.ogg"
          ]
        },
        "question_2": {
          "question_number": 2,
          "correct_option": 3,
          "sds_id": "SDS08A8",
          "subtopic": "Intro to Cell Cycle & Interphase",
          "image_filename": "question_2.png",
          "captured": true,
          "explanation": [
            "https://d1iljb9ao69244.cloudfront.net/376449_1691147096274_41.ogg"
          ]
        },
        "question_3": {
          "question_number": 3,
          "correct_option": 1,
          "sds_id": "SDS08A9",
          "subtopic": "Intro to Cell Cycle & Interphase",
          "image_filename": "question_3.png",
          "captured": true,
          "explanation": [
            "https://d1iljb9ao69244.cloudfront.net/376424_1690779227927_WhatsApp%20Audio%202023-07-31%20at%2010.18.22%20AM.ogg",
            "https://d1iljb9ao69244.cloudfront.net/376424_1690779227927_WhatsApp"
          ]
        },
        "question_4": {
          "question_number": 4,
          "correct_option": 2,
          "sds_id": "SDS08AA",
          "subtopic": "Intro to Cell Cycle & Interphase",
          "image_filename": "question_4.png",
          "captured": true,
          "explanation": [
            "https://d1iljb9ao69244.cloudfront.net/408074_1704971210113_73.ogg"
          ]
        },
        "question_5": {
          "question_number": 5,
          "correct_option": 3,
          "sds_id": "SDS08AB",
          "subtopic": "Intro to Cell Cycle & Interphase",
          "image_filename": "question_5.png",
          "captured": true,
          "explanation": [
            "https://d1iljb9ao69244.cloudfront.net/408075_1704971237070_74.ogg"
          ]
        },
        "question_6": {
          "question_number": 6,
          "correct_option": 1,
          "sds_id": "SDS08AC",
          "subtopic": "Intro to Cell Cycle & Interphase",
          "image_filename": "question_6.png",
          "captured": true,
          "explanation": [
            "https://d1iljb9ao69244.cloudfront.net/376427_1690779216268_4.ogg"
          ]
        },
        "question_7": {
          "question_number": 7,
          "correct_option": 2,
          "sds_id": "SDS08AD",
          "subtopic": "Intro to Cell Cycle & Interphase",
          "image_filename": "question_7.png",
          "captured": true,
          "explanation": [
            "https://d1iljb9ao69244.cloudfront.net/121343_1726400150952_397.ogg",
            "https://d2f8z173p7073l.cloudfront.net/1580307631601"
          ]
        },
        "question_8": {
          "question_number": 8,
          "correct_option": 3,
          "sds_id": "SDS08AE",
          "subtopic": "Intro to Cell Cycle & Interphase",
          "image_filename": "question_8.png",
          "captured": true,
          "explanation": [
            "https://d1iljb9ao69244.cloudfront.net/121344_1726400344792_398.ogg",
            "https://d2f8z173p7073l.cloudfront.net/1580307668899"
          ]
        },
        "question_9": {
          "question_number": 9,
          "correct_option": 3,
          "sds_id": "SDS08AF",
          "subtopic": "Intro to Cell Cycle & Interphase",
          "image_filename": "question_9.png",
          "captured": true,
          "explanation": [
            "https://d1iljb9ao69244.cloudfront.net/121345_1726400414052_399.ogg",
            "https://d2f8z173p7073l.cloudfront.net/1580307715746"
          ]
        },
        "question_10": {
          "question_number": 10,
          "correct_option": 2,
          "sds_id": "SDS08B0",
          "subtopic": "Intro to Cell Cycle & Interphase",
          "image_filename": "question_10.png",
          "captured": true,
          "explanation": [
            "https://d1iljb9ao69244.cloudfront.net/121348_1726400589988_402.ogg",
            "https://d2f8z173p7073l.cloudfront.net/1580307873909"
          ]
        },
        "question_11": {
          "question_number": 11,
          "correct_option": 3,
          "sds_id": "SDS08B1",
          "subtopic": "Intro to Cell Cycle & Interphase",
          "image_filename": "question_11.png",
          "captured": true,
          "explanation": [
            "https://d1iljb9ao69244.cloudfront.net/121350_1726665662376_404.ogg",
            "https://d2f8z173p7073l.cloudfront.net/1580307950863"
          ]
        },
        "question_12": {
          "question_number": 12,
          "correct_option": 3,
          "sds_id": "SDS08B2",
          "subtopic": "Intro to Cell Cycle & Interphase",
          "image_filename": "question_12.png",
          "captured": true,
          "explanation": [
            "https://d1iljb9ao69244.cloudfront.net/121346_1726400470516_400.ogg",
            "https://d2f8z173p7073l.cloudfront.net/1580307758156"
          ]
        },
        "question_13": {
          "question_number": 13,
          "correct_option": 3,
          "sds_id": "SDS08B3",
          "subtopic": "Intro to Cell Cycle & Interphase",
          "image_filename": "question_13.png",
          "captured": true,
          "explanation": [
            "https://d1iljb9ao69244.cloudfront.net/121412_1726729681305_425.ogg",
            "https://d2f8z173p7073l.cloudfront.net/1580362356329"
          ]
        },
        "question_14": {
          "question_number": 14,
          "correct_option": 4,
          "sds_id": "SDS08B4",
          "subtopic": "Intro to Cell Cycle & Interphase",
          "image_filename": "question_14.png",
          "captured": true,
          "explanation": [
            "https://d1iljb9ao69244.cloudfront.net/question_explanations_342360_1669134037935.ogg"
          ]
        },
        "question_15": {
          "question_number": 15,
          "correct_option": 3,
          "sds_id": "SDS08B5",
          "subtopic": "Intro to Cell Cycle & Interphase",
          "image_filename": "question_15.png",
          "captured": true,
          "explanation": [
            "https://d1iljb9ao69244.cloudfront.net/408079_1704971289650_76.ogg"
          ]
        },
        "question_16": {
          "question_number": 16,
          "correct_option": 1,
          "sds_id": "SDS08B6",
          "subtopic": "Intro to Cell Cycle & Interphase",
          "image_filename": "question_16.png",
          "captured": true,
          "explanation": [
            "https://d1iljb9ao69244.cloudfront.net/342362_1662899916141_342362.ogg"
          ]
        },
        "question_17": {
          "question_number": 17,
          "correct_option": 1,
          "sds_id": "SDS08B7",
          "subtopic": "Cell Division: Mitosis (Karyokinesis)",
          "image_filename": "question_17.png",
          "captured": true,
          "explanation": [
            "https://d1iljb9ao69244.cloudfront.net/408090_1704971355753_80.ogg"
          ]
        },
        "question_18": {
          "question_number": 18,
          "correct_option": 2,
          "sds_id": "SDS08B8",
          "subtopic": "Cell Division: Mitosis (Karyokinesis)",
          "image_filename": "question_18.png",
          "captured": true,
          "explanation": [
            "https://d1iljb9ao69244.cloudfront.net/121349_1726663015051_403.ogg",
            "https://d2f8z173p7073l.cloudfront.net/1580307918456"
          ]
        },
        "question_19": {
          "question_number": 19,
          "correct_option": 4,
          "sds_id": "SDS08B9",
          "subtopic": "Cell Division: Mitosis (Karyokinesis)",
          "image_filename": "question_19.png",
          "captured": true,
          "explanation": [
            "https://d1iljb9ao69244.cloudfront.net/121352_1726665715150_405.ogg",
            "https://d2f8z173p7073l.cloudfront.net/1580308010337"
          ]
        },
        "question_20": {
          "question_number": 20,
          "correct_option": 3,
          "sds_id": "SDS08BA",
          "subtopic": "Cell Division: Mitosis (Karyokinesis)",
          "image_filename": "question_20.png",
          "captured": true,
          "explanation": [
            "https://d1iljb9ao69244.cloudfront.net/121354_1726665763731_406.ogg",
            "https://d2f8z173p7073l.cloudfront.net/1580308080756"
          ]
        },
        "question_21": {
          "question_number": 21,
          "correct_option": 1,
          "sds_id": "SDS08BB",
          "subtopic": "Cell Division: Mitosis (Karyokinesis)",
          "image_filename": "question_21.png",
          "captured": true,
          "explanation": [
            "https://d1iljb9ao69244.cloudfront.net/175810_1727334304342_754.ogg",
            "https://d2f8z173p7073l.cloudfront.net/1595678150117"
          ]
        },
        "question_22": {
          "question_number": 22,
          "correct_option": 3,
          "sds_id": "SDS08BC",
          "subtopic": "Cell Division: Mitosis (Karyokinesis)",
          "image_filename": "question_22.png",
          "captured": true,
          "explanation": [
            "https://d1iljb9ao69244.cloudfront.net/408094_1704971388281_82.ogg"
          ]
        },
        "question_23": {
          "question_number": 23,
          "correct_option": 3,
          "sds_id": "SDS08BD",
          "subtopic": "Cell Division: Mitosis (Karyokinesis)",
          "image_filename": "question_23.png",
          "captured": true,
          "explanation": [
            "https://d1iljb9ao69244.cloudfront.net/376455_1691148274279_90.ogg"
          ]
        },
        "question_24": {
          "question_number": 24,
          "correct_option": 4,
          "sds_id": "SDS08BE",
          "subtopic": "Cell Division: Mitosis (Karyokinesis)",
          "image_filename": "question_24.png",
          "captured": true,
          "explanation": [
            "https://d1iljb9ao69244.cloudfront.net/420476_1709198359852_32.ogg"
          ]
        },
        "question_25": {
          "question_number": 25,
          "correct_option": 1,
          "sds_id": "SDS08BF",
          "subtopic": "Cell Division: Mitosis (Karyokinesis)",
          "image_filename": "question_25.png",
          "captured": true,
          "explanation": [
            "https://d1iljb9ao69244.cloudfront.net/121357_1726666078918_409.ogg",
            "https://d2f8z173p7073l.cloudfront.net/1580308198612"
          ]
        },
        "question_26": {
          "question_number": 26,
          "correct_option": 3,
          "sds_id": "SDS08C0",
          "subtopic": "Cell Division: Mitosis (Karyokinesis)",
          "image_filename": "question_26.png",
          "captured": true,
          "explanation": [
            "https://d1iljb9ao69244.cloudfront.net/121368_1726727848290_415.ogg",
            "https://d2f8z173p7073l.cloudfront.net/1580309246626",
            "https://d2f8z173p7073l.cloudfront.net/1700205910585",
            "https://d2f8z173p7073l.cloudfront.net/1700205936939",
            "https://d2f8z173p7073l.cloudfront.net/1700205996703",
            "https://d2f8z173p7073l.cloudfront.net/1700205964154"
          ]
        },
        "question_27": {
          "question_number": 27,
          "correct_option": 2,
          "sds_id": "SDS08C1",
          "subtopic": "Cell Division: Mitosis (Karyokinesis)",
          "image_filename": "question_27.png",
          "captured": true,
          "explanation": [
            "https://d1iljb9ao69244.cloudfront.net/429656_1710821952950_11.ogg"
          ]
        },
        "question_28": {
          "question_number": 28,
          "correct_option": 4,
          "sds_id": "SDS08C2",
          "subtopic": "Cell Division: Mitosis (Karyokinesis)",
          "image_filename": "question_28.png",
          "captured": true,
          "explanation": [
            "https://d1iljb9ao69244.cloudfront.net/200766_1727419415184_773.ogg",
            "https://d1iljb9ao69244.cloudfront.net/200766_1606745978548_63.ogg"
          ]
        },
        "question_29": {
          "question_number": 29,
          "correct_option": 3,
          "sds_id": "SDS08C3",
          "subtopic": "Cell Division: Mitosis (Karyokinesis)",
          "image_filename": "question_29.png",
          "captured": true,
          "explanation": [
            "https://d1iljb9ao69244.cloudfront.net/376432_1690779447500_9.ogg"
          ]
        },
        "question_30": {
          "question_number": 30,
          "correct_option": 4,
          "sds_id": "SDS08C4",
          "subtopic": "Cell Division: Mitosis (Karyokinesis)",
          "image_filename": "question_30.png",
          "captured": true,
          "explanation": [
            "https://d1iljb9ao69244.cloudfront.net/376457_1691147129378_44.ogg",
            "https://d2f8z173p7073l.cloudfront.net/1690434826502",
            "https://d2f8z173p7073l.cloudfront.net/1690434826443",
            "https://d2f8z173p7073l.cloudfront.net/1690434826454",
            "https://d2f8z173p7073l.cloudfront.net/1690434826579"
          ]
        },
        "question_31": {
          "question_number": 31,
          "correct_option": 4,
          "sds_id": "SDS08C5",
          "subtopic": "Cell Division: Mitosis (Karyokinesis)",
          "image_filename": "question_31.png",
          "captured": true,
          "explanation": [
            "https://d1iljb9ao69244.cloudfront.net/121342_1726400090012_396.ogg",
            "https://d2f8z173p7073l.cloudfront.net/1580307587229",
            "https://dsbihjlymzdyy.cloudfront.net/bio_images/all/Diagrams%20in%20Svg%20form%2FCell%20Cycle%20_%20Cell%20Division%2F121342.svg.svg"
          ]
        },
        "question_32": {
          "question_number": 32,
          "correct_option": 4,
          "sds_id": "SDS08C6",
          "subtopic": "Cell Division: Mitosis (Karyokinesis)",
          "image_filename": "question_32.png",
          "captured": true,
          "explanation": [
            "https://d1iljb9ao69244.cloudfront.net/408101_1704971499282_87.ogg"
          ]
        },
        "question_33": {
          "question_number": 33,
          "correct_option": 4,
          "sds_id": "SDS08C7",
          "subtopic": "Cell Division: Mitosis (Karyokinesis)",
          "image_filename": "question_33.png",
          "captured": true,
          "explanation": [
            "https://d1iljb9ao69244.cloudfront.net/420481_1708422732401_35.ogg"
          ]
        },
        "question_34": {
          "question_number": 34,
          "correct_option": 1,
          "sds_id": "SDS08C8",
          "subtopic": "Cell Division: Mitosis (Karyokinesis)",
          "image_filename": "question_34.png",
          "captured": true,
          "explanation": [
            "https://d1iljb9ao69244.cloudfront.net/425177_1709536547827_44.ogg"
          ]
        },
        "question_35": {
          "question_number": 35,
          "correct_option": 1,
          "sds_id": "SDS08C9",
          "subtopic": "Cell Division: Mitosis (Karyokinesis)",
          "image_filename": "question_35.png",
          "captured": true,
          "explanation": [
            "https://d1iljb9ao69244.cloudfront.net/425232_1709540849287_93.ogg",
            "https://d2f8z173p7073l.cloudfront.net/1709443509157"
          ]
        },
        "question_36": {
          "question_number": 36,
          "correct_option": 2,
          "sds_id": "SDS08CA",
          "subtopic": "Cell Division: Mitosis (Karyokinesis)",
          "image_filename": "question_36.png",
          "captured": true,
          "explanation": [
            "https://d1iljb9ao69244.cloudfront.net/125526_1726996988172_572.ogg",
            "https://d2f8z173p7073l.cloudfront.net/1583303404980"
          ]
        },
        "question_37": {
          "question_number": 37,
          "correct_option": 4,
          "sds_id": "SDS08CB",
          "subtopic": "Cell Division: Mitosis (Cytokinesis)",
          "image_filename": "question_37.png",
          "captured": true,
          "explanation": [
            "https://d1iljb9ao69244.cloudfront.net/121361_1726666211246_411.ogg",
            "https://d2f8z173p7073l.cloudfront.net/1580308780799"
          ]
        },
        "question_38": {
          "question_number": 38,
          "correct_option": 3,
          "sds_id": "SDS08CC",
          "subtopic": "Cell Division: Mitosis (Cytokinesis)",
          "image_filename": "question_38.png",
          "captured": true,
          "explanation": [
            "https://d1iljb9ao69244.cloudfront.net/376429_1690779297661_6.ogg"
          ]
        },
        "question_39": {
          "question_number": 39,
          "correct_option": 4,
          "sds_id": "SDS08CD",
          "subtopic": "Cell Division: Mitosis (Cytokinesis)",
          "image_filename": "question_39.png",
          "captured": true,
          "explanation": [
            "https://d1iljb9ao69244.cloudfront.net/121347_1726400529935_401.ogg",
            "https://d2f8z173p7073l.cloudfront.net/1580307833289"
          ]
        },
        "question_40": {
          "question_number": 40,
          "correct_option": 3,
          "sds_id": "SDS08CE",
          "subtopic": "Cell Division: Mitosis (Cytokinesis)",
          "image_filename": "question_40.png",
          "captured": true,
          "explanation": [
            "https://d1iljb9ao69244.cloudfront.net/376435_1724828870379_73.ogg",
            "https://d1iljb9ao69244.cloudfront.net/376435_1690779524013_12.ogg"
          ]
        },
        "question_41": {
          "question_number": 41,
          "correct_option": 2,
          "sds_id": "SDS08CF",
          "subtopic": "Cell Division: Mitosis (Cytokinesis)",
          "image_filename": "question_41.png",
          "captured": true,
          "explanation": [
            "https://d1iljb9ao69244.cloudfront.net/121359_1726666128578_410.ogg",
            "https://d2f8z173p7073l.cloudfront.net/1580308282317"
          ]
        },
        "question_42": {
          "question_number": 42,
          "correct_option": 3,
          "sds_id": "SDS08D0",
          "subtopic": "Cell Division: Mitosis (Cytokinesis)",
          "image_filename": "question_42.png",
          "captured": true,
          "explanation": [
            "https://d1iljb9ao69244.cloudfront.net/121367_1726667033938_414.ogg",
            "https://d2f8z173p7073l.cloudfront.net/1580309191009"
          ]
        },
        "question_43": {
          "question_number": 43,
          "correct_option": 3,
          "sds_id": "SDS08D1",
          "subtopic": "Cell Division: Mitosis (Cytokinesis)",
          "image_filename": "question_43.png",
          "captured": true,
          "explanation": [
            "https://d1iljb9ao69244.cloudfront.net/121370_1726727910394_416.ogg",
            "https://d2f8z173p7073l.cloudfront.net/1580309431016"
          ]
        },
        "question_44": {
          "question_number": 44,
          "correct_option": 2,
          "sds_id": "SDS08D2",
          "subtopic": "Cell Division: Mitosis (Cytokinesis)",
          "image_filename": "question_44.png",
          "captured": true,
          "explanation": [
            "https://d1iljb9ao69244.cloudfront.net/121362_1726666268419_412.ogg",
            "https://d2f8z173p7073l.cloudfront.net/1580308871540"
          ]
        },
        "question_45": {
          "question_number": 45,
          "correct_option": 3,
          "sds_id": "SDS08D3",
          "subtopic": "Cell Division: Mitosis (Cytokinesis)",
          "image_filename": "question_45.png",
          "captured": true,
          "explanation": [
            "https://d1iljb9ao69244.cloudfront.net/121364_1726666987663_413.ogg",
            "https://d2f8z173p7073l.cloudfront.net/1580308991268"
          ]
        },
        "question_46": {
          "question_number": 46,
          "correct_option": 1,
          "sds_id": "SDS08D4",
          "subtopic": "Cell Division: Mitosis (Cytokinesis)",
          "image_filename": "question_46.png",
          "captured": true,
          "explanation": [
            "https://d1iljb9ao69244.cloudfront.net/342363_1662900173950_342363.ogg"
          ]
        },
        "question_47": {
          "question_number": 47,
          "correct_option": 2,
          "sds_id": "SDS08D5",
          "subtopic": "Cell Division: Mitosis (Cytokinesis)",
          "image_filename": "question_47.png",
          "captured": true,
          "explanation": [
            "https://d1iljb9ao69244.cloudfront.net/376436_1690779544718_13.ogg"
          ]
        },
        "question_48": {
          "question_number": 48,
          "correct_option": 1,
          "sds_id": "SDS08D6",
          "subtopic": "Cell Division: Mitosis (Cytokinesis)",
          "image_filename": "question_48.png",
          "captured": true,
          "explanation": [
            "https://d1iljb9ao69244.cloudfront.net/question_explanations_334730_1651762773059.ogg"
          ]
        },
        "question_49": {
          "question_number": 49,
          "correct_option": 3,
          "sds_id": "SDS08D7",
          "subtopic": "Cell Division: Mitosis (Cytokinesis)",
          "image_filename": "question_49.png",
          "captured": true,
          "explanation": [
            "https://d1iljb9ao69244.cloudfront.net/410949_1705922264242_61.ogg",
            "https://d2f8z173p7073l.cloudfront.net/1705913741519"
          ]
        },
        "question_50": {
          "question_number": 50,
          "correct_option": 3,
          "sds_id": "SDS08D8",
          "subtopic": "Cell Division: Mitosis (Cytokinesis)",
          "image_filename": "question_50.png",
          "captured": true,
          "explanation": [
            "https://d1iljb9ao69244.cloudfront.net/121356_1726666040014_408.ogg",
            "https://d2f8z173p7073l.cloudfront.net/1580308161094",
            "https://dsbihjlymzdyy.cloudfront.net/bio_images/all/Diagrams%20in%20Svg%20form%2FCell%20Cycle%20_%20Cell%20Division%2F121356.svg.svg"
          ]
        },
        "question_51": {
          "question_number": 51,
          "correct_option": 4,
          "sds_id": "SDS08D9",
          "subtopic": "Cell Division: Mitosis (Cytokinesis)",
          "image_filename": "question_51.png",
          "captured": true,
          "explanation": [
            "https://d1iljb9ao69244.cloudfront.net/121376_1726728061761_418.ogg",
            "https://d2f8z173p7073l.cloudfront.net/1580309766681"
          ]
        },
        "question_52": {
          "question_number": 52,
          "correct_option": 1,
          "sds_id": "SDS08DA",
          "subtopic": "Cell Division: Mitosis (Cytokinesis)",
          "image_filename": "question_52.png",
          "captured": true,
          "explanation": [
            "https://d1iljb9ao69244.cloudfront.net/121382_1726728200273_420.ogg",
            "https://d2f8z173p7073l.cloudfront.net/1580310040157"
          ]
        },
        "question_53": {
          "question_number": 53,
          "correct_option": 4,
          "sds_id": "SDS08DB",
          "subtopic": "Cell Cycle: Meiosis I",
          "image_filename": "question_53.png",
          "captured": true,
          "explanation": [
            "https://d1iljb9ao69244.cloudfront.net/376434_1690779504629_11.ogg"
          ]
        },
        "question_54": {
          "question_number": 54,
          "correct_option": 1,
          "sds_id": "SDS08DC",
          "subtopic": "Cell Cycle: Meiosis I",
          "image_filename": "question_54.png",
          "captured": true,
          "explanation": [
            "https://d1iljb9ao69244.cloudfront.net/121374_1726727973350_417.ogg",
            "https://d2f8z173p7073l.cloudfront.net/1580309700689",
            "https://dsbihjlymzdyy.cloudfront.net/bio_images/all/Diagrams%20in%20Svg%20form%2FCell%20Cycle%20_%20Cell%20Division%2F121374.svg.svg"
          ]
        },
        "question_55": {
          "question_number": 55,
          "correct_option": 3,
          "sds_id": "SDS08DD",
          "subtopic": "Cell Cycle: Meiosis I",
          "image_filename": "question_55.png",
          "captured": true,
          "explanation": [
            "https://d1iljb9ao69244.cloudfront.net/121617_1726830103734_440.ogg",
            "https://d2f8z173p7073l.cloudfront.net/1580413433561"
          ]
        },
        "question_56": {
          "question_number": 56,
          "correct_option": 4,
          "sds_id": "SDS08DE",
          "subtopic": "Cell Cycle: Meiosis I",
          "image_filename": "question_56.png",
          "captured": true,
          "explanation": [
            "https://d1iljb9ao69244.cloudfront.net/408105_1705036577482_90.ogg"
          ]
        },
        "question_57": {
          "question_number": 57,
          "correct_option": 3,
          "sds_id": "SDS08DF",
          "subtopic": "Cell Cycle: Meiosis I",
          "image_filename": "question_57.png",
          "captured": true,
          "explanation": [
            "https://d1iljb9ao69244.cloudfront.net/376438_1690779579341_15.ogg"
          ]
        },
        "question_58": {
          "question_number": 58,
          "correct_option": 2,
          "sds_id": "SDS08E0",
          "subtopic": "Cell Cycle: Meiosis I",
          "image_filename": "question_58.png",
          "captured": true,
          "explanation": [
            "https://d1iljb9ao69244.cloudfront.net/376462_1691147153952_46.ogg"
          ]
        },
        "question_59": {
          "question_number": 59,
          "correct_option": 3,
          "sds_id": "SDS08E1",
          "subtopic": "Cell Cycle: Meiosis I",
          "image_filename": "question_59.png",
          "captured": true,
          "explanation": [
            "https://d1iljb9ao69244.cloudfront.net/125513_1726996668084_567.ogg",
            "https://d2f8z173p7073l.cloudfront.net/1583302700073"
          ]
        },
        "question_60": {
          "question_number": 60,
          "correct_option": 3,
          "sds_id": "SDS08E2",
          "subtopic": "Cell Cycle: Meiosis I",
          "image_filename": "question_60.png",
          "captured": true,
          "explanation": [
            "https://d1iljb9ao69244.cloudfront.net/408108_1705036613697_92.ogg"
          ]
        },
        "question_61": {
          "question_number": 61,
          "correct_option": 1,
          "sds_id": "SDS08E3",
          "subtopic": "Cell Cycle: Meiosis I",
          "image_filename": "question_61.png",
          "captured": true,
          "explanation": [
            "https://d1iljb9ao69244.cloudfront.net/376463_1724827727221_64.ogg",
            "https://d1iljb9ao69244.cloudfront.net/376463_1691148633847_94.ogg"
          ]
        },
        "question_62": {
          "question_number": 62,
          "correct_option": 3,
          "sds_id": "SDS08E4",
          "subtopic": "Cell Cycle: Meiosis I",
          "image_filename": "question_62.png",
          "captured": true,
          "explanation": [
            "https://d1iljb9ao69244.cloudfront.net/121040_1726391463066_340.ogg",
            "https://d2f8z173p7073l.cloudfront.net/1580213513886"
          ]
        },
        "question_63": {
          "question_number": 63,
          "correct_option": 1,
          "sds_id": "SDS08E5",
          "subtopic": "Cell Cycle: Meiosis I",
          "image_filename": "question_63.png",
          "captured": true,
          "explanation": [
            "https://d1iljb9ao69244.cloudfront.net/121042_1726391537095_341.ogg",
            "https://d2f8z173p7073l.cloudfront.net/1580213678787"
          ]
        },
        "question_64": {
          "question_number": 64,
          "correct_option": 1,
          "sds_id": "SDS08E6",
          "subtopic": "Cell Cycle: Meiosis I",
          "image_filename": "question_64.png",
          "captured": true,
          "explanation": [
            "https://d1iljb9ao69244.cloudfront.net/121047_1726391588652_342.ogg",
            "https://d2f8z173p7073l.cloudfront.net/1580214030413"
          ]
        },
        "question_65": {
          "question_number": 65,
          "correct_option": 3,
          "sds_id": "SDS08E7",
          "subtopic": "Cell Cycle: Meiosis I",
          "image_filename": "question_65.png",
          "captured": true,
          "explanation": [
            "https://d1iljb9ao69244.cloudfront.net/408111_1705036662388_95.ogg"
          ]
        },
        "question_66": {
          "question_number": 66,
          "correct_option": 4,
          "sds_id": "SDS08E8",
          "subtopic": "Cell Cycle: Meiosis I",
          "image_filename": "question_66.png",
          "captured": true,
          "explanation": [
            "https://d1iljb9ao69244.cloudfront.net/376440_1690779615820_17.ogg"
          ]
        },
        "question_67": {
          "question_number": 67,
          "correct_option": 3,
          "sds_id": "SDS08E9",
          "subtopic": "Cell Cycle: Meiosis I",
          "image_filename": "question_67.png",
          "captured": true,
          "explanation": [
            "https://d1iljb9ao69244.cloudfront.net/376464_1691147162302_47.ogg"
          ]
        },
        "question_68": {
          "question_number": 68,
          "correct_option": 3,
          "sds_id": "SDS08EA",
          "subtopic": "Cell Cycle: Meiosis I",
          "image_filename": "question_68.png",
          "captured": true,
          "explanation": [
            "https://d1iljb9ao69244.cloudfront.net/376465_1691148645899_95.ogg"
          ]
        },
        "question_69": {
          "question_number": 69,
          "correct_option": 3,
          "sds_id": "SDS08EB",
          "subtopic": "Cell Cycle: Meiosis I",
          "image_filename": "question_69.png",
          "captured": true,
          "explanation": [
            "https://d1iljb9ao69244.cloudfront.net/125514_1726996751415_568.ogg",
            "https://d2f8z173p7073l.cloudfront.net/1583302742078"
          ]
        },
        "question_70": {
          "question_number": 70,
          "correct_option": 3,
          "sds_id": "SDS08EC",
          "subtopic": "Cell Cycle: Meiosis I",
          "image_filename": "question_70.png",
          "captured": true,
          "explanation": [
            "https://d1iljb9ao69244.cloudfront.net/175807_1727333198470_753.ogg",
            "https://d2f8z173p7073l.cloudfront.net/1595678266007"
          ]
        },
        "question_71": {
          "question_number": 71,
          "correct_option": 4,
          "sds_id": "SDS08ED",
          "subtopic": "Cell Cycle: Meiosis I",
          "image_filename": "question_71.png",
          "captured": true,
          "explanation": [
            "https://d1iljb9ao69244.cloudfront.net/408114_1705036687771_97.ogg"
          ]
        },
        "question_72": {
          "question_number": 72,
          "correct_option": 3,
          "sds_id": "SDS08EE",
          "subtopic": "Cell Cycle: Meiosis I",
          "image_filename": "question_72.png",
          "captured": true,
          "explanation": [
            "https://d1iljb9ao69244.cloudfront.net/446684_1713084716940_15.ogg"
          ]
        },
        "question_73": {
          "question_number": 73,
          "correct_option": 1,
          "sds_id": "SDS08EF",
          "subtopic": "Cell Cycle: Meiosis I",
          "image_filename": "question_73.png",
          "captured": true,
          "explanation": [
            "https://d1iljb9ao69244.cloudfront.net/200672_1724827679801_61.ogg",
            "https://d1iljb9ao69244.cloudfront.net/200672_1606740311786_75.ogg"
          ]
        },
        "question_74": {
          "question_number": 74,
          "correct_option": 2,
          "sds_id": "SDS08F0",
          "subtopic": "Cell Cycle: Meiosis I",
          "image_filename": "question_74.png",
          "captured": true,
          "explanation": [
            "https://d1iljb9ao69244.cloudfront.net/408117_1705036728736_100.ogg"
          ]
        },
        "question_75": {
          "question_number": 75,
          "correct_option": 3,
          "sds_id": "SDS08F1",
          "subtopic": "Cell Cycle: Meiosis I",
          "image_filename": "question_75.png",
          "captured": true,
          "explanation": [
            "https://d1iljb9ao69244.cloudfront.net/376443_1690779664361_20.ogg"
          ]
        },
        "question_76": {
          "question_number": 76,
          "correct_option": 1,
          "sds_id": "SDS08F2",
          "subtopic": "Cell Cycle: Meiosis I",
          "image_filename": "question_76.png",
          "captured": true,
          "explanation": [
            "https://d1iljb9ao69244.cloudfront.net/376467_1691148665252_96.ogg"
          ]
        },
        "question_77": {
          "question_number": 77,
          "correct_option": 3,
          "sds_id": "SDS08F3",
          "subtopic": "Cell Cycle: Meiosis I",
          "image_filename": "question_77.png",
          "captured": true,
          "explanation": [
            "https://d1iljb9ao69244.cloudfront.net/408115_1705036701054_98.ogg"
          ]
        },
        "question_78": {
          "question_number": 78,
          "correct_option": 1,
          "sds_id": "SDS08F4",
          "subtopic": "Cell Cycle: Meiosis I",
          "image_filename": "question_78.png",
          "captured": true,
          "explanation": [
            "https://d1iljb9ao69244.cloudfront.net/408116_1705036714522_99.ogg"
          ]
        },
        "question_79": {
          "question_number": 79,
          "correct_option": 4,
          "sds_id": "SDS08F5",
          "subtopic": "Cell Cycle: Meiosis I",
          "image_filename": "question_79.png",
          "captured": true,
          "explanation": [
            "https://d1iljb9ao69244.cloudfront.net/376444_1690779690694_21.ogg"
          ]
        },
        "question_80": {
          "question_number": 80,
          "correct_option": 3,
          "sds_id": "SDS08F6",
          "subtopic": "Cell Cycle: Meiosis I",
          "image_filename": "question_80.png",
          "captured": true,
          "explanation": [
            "https://d1iljb9ao69244.cloudfront.net/408109_1705036632521_93.ogg"
          ]
        },
        "question_81": {
          "question_number": 81,
          "correct_option": 2,
          "sds_id": "SDS08F7",
          "subtopic": "Cell Cycle: Meiosis I",
          "image_filename": "question_81.png",
          "captured": true,
          "explanation": [
            "https://d1iljb9ao69244.cloudfront.net/425178_1709536561401_45.ogg"
          ]
        },
        "question_82": {
          "question_number": 82,
          "correct_option": 1,
          "sds_id": "SDS08F8",
          "subtopic": "Cell Cycle: Meiosis I",
          "image_filename": "question_82.png",
          "captured": true,
          "explanation": [
            "https://d1iljb9ao69244.cloudfront.net/431282_1711522067032_21.ogg"
          ]
        },
        "question_83": {
          "question_number": 83,
          "correct_option": 2,
          "sds_id": "SDS08F9",
          "subtopic": "Cell Cycle: Meiosis I",
          "image_filename": "question_83.png",
          "captured": true,
          "explanation": [
            "https://d1iljb9ao69244.cloudfront.net/question_explanations_337097_1654313129408.ogg"
          ]
        },
        "question_84": {
          "question_number": 84,
          "correct_option": 4,
          "sds_id": "SDS08FA",
          "subtopic": "Cell Cycle: Meiosis I",
          "image_filename": "question_84.png",
          "captured": true,
          "explanation": [
            "https://d1iljb9ao69244.cloudfront.net/121618_1726830164318_441.ogg",
            "https://d2f8z173p7073l.cloudfront.net/1580413482137"
          ]
        },
        "question_85": {
          "question_number": 85,
          "correct_option": 4,
          "sds_id": "SDS08FB",
          "subtopic": "Cell Cycle: Meiosis II",
          "image_filename": "question_85.png",
          "captured": true,
          "explanation": [
            "https://d1iljb9ao69244.cloudfront.net/376458_1691148591727_91.ogg",
            "https://dsbihjlymzdyy.cloudfront.net/question-assets/key__2024-06-03%2011%3A20%3A56%20%2B0000image.png"
          ]
        },
        "question_86": {
          "question_number": 86,
          "correct_option": 2,
          "sds_id": "SDS08FC",
          "subtopic": "Cell Cycle: Meiosis II",
          "image_filename": "question_86.png",
          "captured": true,
          "explanation": [
            "https://d1iljb9ao69244.cloudfront.net/376447_1690779745036_24.ogg",
            "https://dsbihjlymzdyy.cloudfront.net/question-assets/key__2024-06-03%2009%3A43%3A34%20%2B0000image.png"
          ]
        },
        "question_87": {
          "question_number": 87,
          "correct_option": 4,
          "sds_id": "SDS08FD",
          "subtopic": "Cell Cycle: Meiosis II",
          "image_filename": "question_87.png",
          "captured": true,
          "explanation": [
            "https://d1iljb9ao69244.cloudfront.net/376470_1691147209066_50.ogg",
            "https://dsbihjlymzdyy.cloudfront.net/question-assets/key__2024-06-03%2011%3A32%3A28%20%2B0000image.png"
          ]
        },
        "question_88": {
          "question_number": 88,
          "correct_option": 2,
          "sds_id": "SDS08FE",
          "subtopic": "Cell Cycle: Meiosis II",
          "image_filename": "question_88.png",
          "captured": true,
          "explanation": [
            "https://d1iljb9ao69244.cloudfront.net/376473_1691148709059_100.ogg",
            "https://dsbihjlymzdyy.cloudfront.net/question-assets/key__2024-06-03%2011%3A52%3A48%20%2B0000image.png"
          ]
        },
        "question_89": {
          "question_number": 89,
          "correct_option": 4,
          "sds_id": "SDS08FF",
          "subtopic": "Cell Cycle: Meiosis II",
          "image_filename": "question_89.png",
          "captured": true,
          "explanation": [
            "https://d1iljb9ao69244.cloudfront.net/121387_1726728394042_421.ogg",
            "https://d2f8z173p7073l.cloudfront.net/1580310327221"
          ]
        },
        "question_90": {
          "question_number": 90,
          "correct_option": 3,
          "sds_id": "SDS0900",
          "subtopic": "Cell Cycle: Meiosis II",
          "image_filename": "question_90.png",
          "captured": true,
          "explanation": [
            "https://d1iljb9ao69244.cloudfront.net/376437_1690779564045_14.ogg"
          ]
        },
        "question_91": {
          "question_number": 91,
          "correct_option": 3,
          "sds_id": "SDS0901",
          "subtopic": "Cell Cycle: Meiosis II",
          "image_filename": "question_91.png",
          "captured": true,
          "explanation": [
            "https://d1iljb9ao69244.cloudfront.net/121036_1726391404567_339.ogg",
            "https://d2f8z173p7073l.cloudfront.net/1580212898232"
          ]
        },
        "question_92": {
          "question_number": 92,
          "correct_option": 2,
          "sds_id": "SDS0902",
          "subtopic": "Cell Cycle: Meiosis II",
          "image_filename": "question_92.png",
          "captured": true,
          "explanation": [
            "https://d1iljb9ao69244.cloudfront.net/125522_1726996927584_571.ogg",
            "https://d2f8z173p7073l.cloudfront.net/1583303146043"
          ]
        },
        "question_93": {
          "question_number": 93,
          "correct_option": 3,
          "sds_id": "SDS0903",
          "subtopic": "Cell Cycle: Meiosis II",
          "image_filename": "question_93.png",
          "captured": true,
          "explanation": [
            "https://d1iljb9ao69244.cloudfront.net/121381_1726728151925_419.ogg",
            "https://d2f8z173p7073l.cloudfront.net/1580310002049"
          ]
        },
        "question_94": {
          "question_number": 94,
          "correct_option": 1,
          "sds_id": "SDS0904",
          "subtopic": "Cell Cycle: Meiosis II",
          "image_filename": "question_94.png",
          "captured": true,
          "explanation": [
            "https://d1iljb9ao69244.cloudfront.net/121391_1726729544973_423.ogg",
            "https://d2f8z173p7073l.cloudfront.net/1580310496789"
          ]
        },
        "question_95": {
          "question_number": 95,
          "correct_option": 3,
          "sds_id": "SDS0905",
          "subtopic": "Cell Cycle: Meiosis II",
          "image_filename": "question_95.png",
          "captured": true,
          "explanation": [
            "https://d1iljb9ao69244.cloudfront.net/125521_1726996865349_570.ogg",
            "https://d2f8z173p7073l.cloudfront.net/1583303109761"
          ]
        },
        "question_96": {
          "question_number": 96,
          "correct_option": 1,
          "sds_id": "SDS0906",
          "subtopic": "Cell Cycle: Meiosis II",
          "image_filename": "question_96.png",
          "captured": true,
          "explanation": [
            "https://d1iljb9ao69244.cloudfront.net/376448_1690779814516_25.ogg"
          ]
        },
        "question_97": {
          "question_number": 97,
          "correct_option": 1,
          "sds_id": "SDS0907",
          "subtopic": "Cell Cycle: Meiosis II",
          "image_filename": "question_97.png",
          "captured": true,
          "explanation": [
            "https://d1iljb9ao69244.cloudfront.net/121409_1726729609177_424.ogg",
            "https://d2f8z173p7073l.cloudfront.net/1580361973623"
          ]
        },
        "question_98": {
          "question_number": 98,
          "correct_option": 4,
          "sds_id": "SDS0908",
          "subtopic": "Cell Cycle: Meiosis II",
          "image_filename": "question_98.png",
          "captured": true,
          "explanation": [
            "https://d1iljb9ao69244.cloudfront.net/376446_1690779723326_23.ogg"
          ]
        },
        "question_99": {
          "question_number": 99,
          "correct_option": 2,
          "sds_id": "SDS0909",
          "subtopic": "Cell Cycle: Meiosis II",
          "image_filename": "question_99.png",
          "captured": true,
          "explanation": [
            "https://d1iljb9ao69244.cloudfront.net/333318_1650647090019_26.ogg"
          ]
        },
        "question_100": {
          "question_number": 100,
          "correct_option": 3,
          "sds_id": "SDS090A",
          "subtopic": "Cell Cycle: Meiosis II",
          "image_filename": "question_100.png",
          "captured": true,
          "explanation": [
            "https://d1iljb9ao69244.cloudfront.net/376469_1691148676679_97.ogg"
          ]
        },
        "question_101": {
          "question_number": 101,
          "correct_option": 4,
          "sds_id": "SDS090B",
          "subtopic": "Cell Cycle: Meiosis II",
          "image_filename": "question_101.png",
          "captured": true,
          "explanation": [
            "https://d1iljb9ao69244.cloudfront.net/408118_1705036742520_101.ogg"
          ]
        },
        "question_102": {
          "question_number": 102,
          "correct_option": 1,
          "sds_id": "SDS090C",
          "subtopic": "Cell Cycle: Meiosis II",
          "image_filename": "question_102.png",
          "captured": true,
          "explanation": [
            "https://d1iljb9ao69244.cloudfront.net/447149_1713262841431_13.ogg"
          ]
        },
        "question_103": {
          "question_number": 103,
          "correct_option": 3,
          "sds_id": "SDS090D",
          "subtopic": "Cell Cycle: Meiosis II",
          "image_filename": "question_103.png",
          "captured": true,
          "explanation": [
            "https://d1iljb9ao69244.cloudfront.net/376472_1691148699106_99.ogg"
          ]
        },
        "question_104": {
          "question_number": 104,
          "correct_option": 3,
          "sds_id": "SDS090E",
          "subtopic": "Cell Cycle: Meiosis II",
          "image_filename": "question_104.png",
          "captured": true,
          "explanation": [
            "https://d1iljb9ao69244.cloudfront.net/125520_1726996812243_569.ogg",
            "https://d2f8z173p7073l.cloudfront.net/1583303063315"
          ]
        },
        "question_105": {
          "question_number": 105,
          "correct_option": 1,
          "sds_id": "SDS090F",
          "subtopic": "Cell Cycle: Meiosis II",
          "image_filename": "question_105.png",
          "captured": true,
          "explanation": [
            "https://d1iljb9ao69244.cloudfront.net/315516_1641493050314_94.ogg"
          ]
        }
      }
    },
    "Level 2": {
      "name": "Level 2",
      "path": "Level 2/",
      "questions": {
        "question_1": {
          "question_number": 1,
          "correct_option": 1,
          "sds_id": "SDS0931",
          "subtopic": "Intro to Cell Cycle & Interphase",
          "image_filename": "question_1.png",
          "captured": true,
          "explanation": [
            "https://d2f8z173p7073l.cloudfront.net/1580413081406"
          ]
        },
        "question_2": {
          "question_number": 2,
          "correct_option": 1,
          "sds_id": "SDS0932",
          "subtopic": "Intro to Cell Cycle & Interphase",
          "image_filename": "question_2.png",
          "captured": true,
          "explanation": [
            "https://d2f8z173p7073l.cloudfront.net/1583302522685"
          ]
        },
        "question_3": {
          "question_number": 3,
          "correct_option": 2,
          "sds_id": "SDS0933",
          "subtopic": "Intro to Cell Cycle & Interphase",
          "image_filename": "question_3.png",
          "captured": true,
          "explanation": [
            "https://d2f8z173p7073l.cloudfront.net/1595677519300"
          ]
        },
        "question_4": {
          "question_number": 4,
          "correct_option": 1,
          "sds_id": "SDS0934",
          "subtopic": "Intro to Cell Cycle & Interphase",
          "image_filename": "question_4.png",
          "captured": true,
          "explanation": [
            "https://d2f8z173p7073l.cloudfront.net/1595677862238"
          ]
        },
        "question_5": {
          "question_number": 5,
          "correct_option": 3,
          "sds_id": "SDS0935",
          "subtopic": "Intro to Cell Cycle & Interphase",
          "image_filename": "question_5.png",
          "captured": true,
          "explanation": [
            "https://d2f8z173p7073l.cloudfront.net/1595678359906"
          ]
        },
        "question_6": {
          "question_number": 6,
          "correct_option": 4,
          "sds_id": "SDS0936",
          "subtopic": "Intro to Cell Cycle & Interphase",
          "image_filename": "question_6.png",
          "captured": true,
          "explanation": [
            "https://d2f8z173p7073l.cloudfront.net/1589871853908"
          ]
        },
        "question_7": {
          "question_number": 7,
          "correct_option": 4,
          "sds_id": "SDS0937",
          "subtopic": "Cell Division: Mitosis (Karyokinesis)",
          "image_filename": "question_7.png",
          "captured": true,
          "explanation": [
            "https://d2f8z173p7073l.cloudfront.net/1595678120214"
          ]
        },
        "question_8": {
          "question_number": 8,
          "correct_option": 2,
          "sds_id": "SDS0938",
          "subtopic": "Cell Division: Mitosis (Cytokinesis)",
          "image_filename": "question_8.png",
          "captured": true,
          "explanation": [
            "https://d2f8z173p7073l.cloudfront.net/1580413266280"
          ]
        },
        "question_9": {
          "question_number": 9,
          "correct_option": 3,
          "sds_id": "SDS0939",
          "subtopic": "Cell Cycle: Meiosis I",
          "image_filename": "question_9.png",
          "captured": true,
          "explanation": [
            "https://d2f8z173p7073l.cloudfront.net/1595678313899"
          ]
        },
        "question_10": {
          "question_number": 10,
          "correct_option": 4,
          "sds_id": "SDS093A",
          "subtopic": "Numericals based on cell division",
          "image_filename": "question_10.png",
          "captured": true,
          "explanation": [
            "https://d2f8z173p7073l.cloudfront.net/1580211228149"
          ]
        }
      }
    },
    "Level 3": {
      "name": "Level 3",
      "path": "Level 3/",
      "questions": {
        "question_1": {
          "question_number": 1,
          "correct_option": 4,
          "sds_id": "SDS0910",
          "subtopic": "Intro to Cell Cycle & Interphase",
          "image_filename": "question_1.png",
          "captured": true,
          "explanation": [
            "https://d1iljb9ao69244.cloudfront.net/200796_1606803941339_130.ogg"
          ]
        },
        "question_2": {
          "question_number": 2,
          "correct_option": 3,
          "sds_id": "SDS0911",
          "subtopic": "Intro to Cell Cycle & Interphase",
          "image_filename": "question_2.png",
          "captured": true,
          "explanation": [
            "https://d1iljb9ao69244.cloudfront.net/408089_1704971339843_79.ogg"
          ]
        },
        "question_3": {
          "question_number": 3,
          "correct_option": 1,
          "sds_id": "SDS0912",
          "subtopic": "Intro to Cell Cycle & Interphase",
          "image_filename": "question_3.png",
          "captured": true,
          "explanation": [
            "https://d1iljb9ao69244.cloudfront.net/376426_1690779193285_3.ogg"
          ]
        },
        "question_4": {
          "question_number": 4,
          "correct_option": 1,
          "sds_id": "SDS0913",
          "subtopic": "Intro to Cell Cycle & Interphase",
          "image_filename": "question_4.png",
          "captured": true,
          "explanation": [
            "https://d1iljb9ao69244.cloudfront.net/437237_1712310182969_12.ogg"
          ]
        },
        "question_5": {
          "question_number": 5,
          "correct_option": 2,
          "sds_id": "SDS0914",
          "subtopic": "Intro to Cell Cycle & Interphase",
          "image_filename": "question_5.png",
          "captured": true,
          "explanation": [
            "https://d1iljb9ao69244.cloudfront.net/438440_1712646793927_33.ogg"
          ]
        },
        "question_6": {
          "question_number": 6,
          "correct_option": 1,
          "sds_id": "SDS0915",
          "subtopic": "Intro to Cell Cycle & Interphase",
          "image_filename": "question_6.png",
          "captured": true,
          "explanation": [
            "https://d1iljb9ao69244.cloudfront.net/450684_1714038315478_11.ogg"
          ]
        },
        "question_7": {
          "question_number": 7,
          "correct_option": 3,
          "sds_id": "SDS0916",
          "subtopic": "Intro to Cell Cycle & Interphase",
          "image_filename": "question_7.png",
          "captured": true,
          "explanation": [
            "https://d1iljb9ao69244.cloudfront.net/338230_1656776755521_14.ogg"
          ]
        },
        "question_8": {
          "question_number": 8,
          "correct_option": 1,
          "sds_id": "SDS0917",
          "subtopic": "Intro to Cell Cycle & Interphase",
          "image_filename": "question_8.png",
          "captured": true,
          "explanation": [
            "https://www.youtube-nocookie.com/embed/ADNsc5_H0gc?rel=0"
          ]
        },
        "question_9": {
          "question_number": 9,
          "correct_option": 4,
          "sds_id": "SDS0918",
          "subtopic": "Intro to Cell Cycle & Interphase",
          "image_filename": "question_9.png",
          "captured": true,
          "explanation": [
            "https://www.youtube-nocookie.com/embed/b34dQxWyWdM?rel=0"
          ]
        },
        "question_10": {
          "question_number": 10,
          "correct_option": 3,
          "sds_id": "SDS0919",
          "subtopic": "Intro to Cell Cycle & Interphase",
          "image_filename": "question_10.png",
          "captured": true,
          "explanation": [
            "https://www.youtube-nocookie.com/embed/2nuOQzijfuY?rel=0"
          ]
        },
        "question_11": {
          "question_number": 11,
          "correct_option": 3,
          "sds_id": "SDS091A",
          "subtopic": "Intro to Cell Cycle & Interphase",
          "image_filename": "question_11.png",
          "captured": true,
          "explanation": [
            "https://www.youtube-nocookie.com/embed/QhOBEmgjE3g?rel=0"
          ]
        },
        "question_12": {
          "question_number": 12,
          "correct_option": 4,
          "sds_id": "SDS091B",
          "subtopic": "Intro to Cell Cycle & Interphase",
          "image_filename": "question_12.png",
          "captured": true,
          "explanation": [
            "https://d2f8z173p7073l.cloudfront.net/1579193852676"
          ]
        },
        "question_13": {
          "question_number": 13,
          "correct_option": 3,
          "sds_id": "SDS091C",
          "subtopic": "Cell Division: Mitosis (Karyokinesis)",
          "image_filename": "question_13.png",
          "captured": true,
          "explanation": [
            "https://d1iljb9ao69244.cloudfront.net/376456_1691147118702_43.ogg"
          ]
        },
        "question_14": {
          "question_number": 14,
          "correct_option": 2,
          "sds_id": "SDS091D",
          "subtopic": "Cell Division: Mitosis (Karyokinesis)",
          "image_filename": "question_14.png",
          "captured": true,
          "explanation": [
            "https://d1iljb9ao69244.cloudfront.net/439257_1712654440892_11.ogg"
          ]
        },
        "question_15": {
          "question_number": 15,
          "correct_option": 1,
          "sds_id": "SDS091E",
          "subtopic": "Cell Division: Mitosis (Karyokinesis)",
          "image_filename": "question_15.png",
          "captured": true,
          "explanation": [
            "https://d1iljb9ao69244.cloudfront.net/449400_1713787140456_17.ogg"
          ]
        },
        "question_16": {
          "question_number": 16,
          "correct_option": 3,
          "sds_id": "SDS091F",
          "subtopic": "Cell Division: Mitosis (Karyokinesis)",
          "image_filename": "question_16.png",
          "captured": true,
          "explanation": [
            "https://d2f8z173p7073l.cloudfront.net/1583303796019"
          ]
        },
        "question_17": {
          "question_number": 17,
          "correct_option": 2,
          "sds_id": "SDS0920",
          "subtopic": "Cell Division: Mitosis (Karyokinesis)",
          "image_filename": "question_17.png",
          "captured": true,
          "explanation": [
            "https://www.youtube-nocookie.com/embed/Gc0Gvjj8fqs?rel=0"
          ]
        },
        "question_18": {
          "question_number": 18,
          "correct_option": 1,
          "sds_id": "SDS0921",
          "subtopic": "Cell Division: Mitosis (Karyokinesis)",
          "image_filename": "question_18.png",
          "captured": true,
          "explanation": [
            "https://www.youtube-nocookie.com/embed/k_shgbsIKhc?rel=0"
          ]
        },
        "question_19": {
          "question_number": 19,
          "correct_option": 4,
          "sds_id": "SDS0922",
          "subtopic": "Cell Division: Mitosis (Cytokinesis)",
          "image_filename": "question_19.png",
          "captured": true,
          "explanation": [
            "https://d1iljb9ao69244.cloudfront.net/410935_1705904365496_50.ogg"
          ]
        },
        "question_20": {
          "question_number": 20,
          "correct_option": 1,
          "sds_id": "SDS0923",
          "subtopic": "Cell Division: Mitosis (Cytokinesis)",
          "image_filename": "question_20.png",
          "captured": true,
          "explanation": [
            "https://d1iljb9ao69244.cloudfront.net/376459_1691148608325_92.ogg"
          ]
        },
        "question_21": {
          "question_number": 21,
          "correct_option": 3,
          "sds_id": "SDS0924",
          "subtopic": "Cell Cycle: Meiosis I",
          "image_filename": "question_21.png",
          "captured": true,
          "explanation": [
            "https://d1iljb9ao69244.cloudfront.net/408110_1705036647111_94.ogg"
          ]
        },
        "question_22": {
          "question_number": 22,
          "correct_option": 4,
          "sds_id": "SDS0925",
          "subtopic": "Cell Cycle: Meiosis I",
          "image_filename": "question_22.png",
          "captured": true,
          "explanation": [
            "https://d1iljb9ao69244.cloudfront.net/408107_1705036813295_91.ogg"
          ]
        },
        "question_23": {
          "question_number": 23,
          "correct_option": 1,
          "sds_id": "SDS0926",
          "subtopic": "Cell Cycle: Meiosis I",
          "image_filename": "question_23.png",
          "captured": true,
          "explanation": [
            "https://d1iljb9ao69244.cloudfront.net/376439_1714220214804_8.ogg",
            "https://d1iljb9ao69244.cloudfront.net/376439_1690779600020_16.ogg"
          ]
        },
        "question_24": {
          "question_number": 24,
          "correct_option": 2,
          "sds_id": "SDS0927",
          "subtopic": "Cell Cycle: Meiosis I",
          "image_filename": "question_24.png",
          "captured": true,
          "explanation": [
            "https://d1iljb9ao69244.cloudfront.net/376466_1691147181492_48.ogg"
          ]
        },
        "question_25": {
          "question_number": 25,
          "correct_option": 3,
          "sds_id": "SDS0928",
          "subtopic": "Cell Cycle: Meiosis I",
          "image_filename": "question_25.png",
          "captured": true,
          "explanation": [
            "https://d1iljb9ao69244.cloudfront.net/439258_1712654453253_12.ogg"
          ]
        },
        "question_26": {
          "question_number": 26,
          "correct_option": 3,
          "sds_id": "SDS0929",
          "subtopic": "Cell Cycle: Meiosis I",
          "image_filename": "question_26.png",
          "captured": true,
          "explanation": [
            "https://d1iljb9ao69244.cloudfront.net/436337_1712126166615_11.ogg"
          ]
        },
        "question_27": {
          "question_number": 27,
          "correct_option": 3,
          "sds_id": "SDS092A",
          "subtopic": "Cell Cycle: Meiosis I",
          "image_filename": "question_27.png",
          "captured": true,
          "explanation": [
            "https://d1iljb9ao69244.cloudfront.net/452782_1714309040149_42.ogg"
          ]
        },
        "question_28": {
          "question_number": 28,
          "correct_option": 1,
          "sds_id": "SDS092B",
          "subtopic": "Cell Cycle: Meiosis I",
          "image_filename": "question_28.png",
          "captured": true,
          "explanation": [
            "https://d2f8z173p7073l.cloudfront.net/1591692309153"
          ]
        },
        "question_29": {
          "question_number": 29,
          "correct_option": 1,
          "sds_id": "SDS092C",
          "subtopic": "Cell Cycle: Meiosis I",
          "image_filename": "question_29.png",
          "captured": true,
          "explanation": [
            "https://d1iljb9ao69244.cloudfront.net/338688_1657389626322_90.ogg",
            "https://www.youtube-nocookie.com/embed/3PGIfKdq38c?rel=0"
          ]
        },
        "question_30": {
          "question_number": 30,
          "correct_option": 2,
          "sds_id": "SDS092D",
          "subtopic": "Cell Cycle: Meiosis II",
          "image_filename": "question_30.png",
          "captured": true,
          "explanation": [
            "https://d1iljb9ao69244.cloudfront.net/376471_1691148688445_98.ogg"
          ]
        },
        "question_31": {
          "question_number": 31,
          "correct_option": 3,
          "sds_id": "SDS092E",
          "subtopic": "Cell Cycle: Meiosis II",
          "image_filename": "question_31.png",
          "captured": true,
          "explanation": [
            "https://d1iljb9ao69244.cloudfront.net/433537_1711523960040_45.ogg"
          ]
        },
        "question_32": {
          "question_number": 32,
          "correct_option": 1,
          "sds_id": "SDS092F",
          "subtopic": "Cell Cycle: Meiosis II",
          "image_filename": "question_32.png",
          "captured": true,
          "explanation": [
            "https://d1iljb9ao69244.cloudfront.net/438468_1712647271897_47.ogg"
          ]
        },
        "question_33": {
          "question_number": 33,
          "correct_option": 2,
          "sds_id": "SDS0930",
          "subtopic": "Significance of mitosis and miosis",
          "image_filename": "question_33.png",
          "captured": true,
          "explanation": [
            "https://www.youtube-nocookie.com/embed/LHO8ylS4ohM?rel=0"
          ]
        }
      }
    }
  },
  "type": "multi_set"
}