{
  "chapter_number": 6,
  "chapter_name": "Work, Energy and Power",
  "section_name": "HC Verma",
  "total_questions": 31,
  "questions": {
    "question_1": {
      "question_number": 1,
      "correct_option": 4,
      "sds_id": "SDS007B",
      "subtopic": "Direct Page Capture",
      "image_filename": "question_1.png",
      "captured": true,
      "explanation": [
        "https://www.youtube.com/watch?v=2AZFnQvBZOQ"
      ]
    },
    "question_2": {
      "question_number": 2,
      "correct_option": 2,
      "sds_id": "SDS007C",
      "subtopic": "Direct Page Capture",
      "image_filename": "question_2.png",
      "captured": true,
      "explanation": [
        "https://www.youtube.com/watch?v=g43c5RjRblk"
      ]
    },
    "question_3": {
      "question_number": 3,
      "correct_option": 4,
      "sds_id": "SDS007D",
      "subtopic": "Direct Page Capture",
      "image_filename": "question_3.png",
      "captured": true,
      "explanation": [
        "https://www.youtube.com/watch?v=M7dmnzwZgK8"
      ]
    },
    "question_4": {
      "question_number": 4,
      "correct_option": 3,
      "sds_id": "SDS007E",
      "subtopic": "Direct Page Capture",
      "image_filename": "question_4.png",
      "captured": true,
      "explanation": [
        "https://www.youtube.com/watch?v=n96ECXXbQGM"
      ]
    },
    "question_5": {
      "question_number": 5,
      "correct_option": 1,
      "sds_id": "SDS007F",
      "subtopic": "Direct Page Capture",
      "image_filename": "question_5.png",
      "captured": true,
      "explanation": [
        "https://www.youtube.com/watch?v=l6lUct_SxIc"
      ]
    },
    "question_6": {
      "question_number": 6,
      "correct_option": 2,
      "sds_id": "SDS0080",
      "subtopic": "Direct Page Capture",
      "image_filename": "question_6.png",
      "captured": true,
      "explanation": [
        "https://www.youtube.com/watch?v=8ApgKBNh3sY"
      ]
    },
    "question_7": {
      "question_number": 7,
      "correct_option": 3,
      "sds_id": "SDS0081",
      "subtopic": "Direct Page Capture",
      "image_filename": "question_7.png",
      "captured": true,
      "explanation": [
        "https://www.youtube.com/watch?v=6RJkftXZetc"
      ]
    },
    "question_8": {
      "question_number": 8,
      "correct_option": 3,
      "sds_id": "SDS0082",
      "subtopic": "Direct Page Capture",
      "image_filename": "question_8.png",
      "captured": true,
      "explanation": [
        "https://www.youtube.com/watch?v=SE8Qh499Dtw"
      ]
    },
    "question_9": {
      "question_number": 9,
      "correct_option": 4,
      "sds_id": "SDS0083",
      "subtopic": "Direct Page Capture",
      "image_filename": "question_9.png",
      "captured": true,
      "explanation": [
        "https://www.youtube.com/watch?v=aAk6kCdWiHw"
      ]
    },
    "question_10": {
      "question_number": 10,
      "correct_option": 3,
      "sds_id": "SDS0084",
      "subtopic": "Direct Page Capture",
      "image_filename": "question_10.png",
      "captured": true,
      "explanation": [
        "https://www.youtube.com/watch?v=AVw6GmC8rvg"
      ]
    },
    "question_11": {
      "question_number": 11,
      "correct_option": 1,
      "sds_id": "SDS0085",
      "subtopic": "Direct Page Capture",
      "image_filename": "question_11.png",
      "captured": true,
      "explanation": [
        "https://www.youtube.com/watch?v=cMiURM1vwPo"
      ]
    },
    "question_12": {
      "question_number": 12,
      "correct_option": 1,
      "sds_id": "SDS0086",
      "subtopic": "Direct Page Capture",
      "image_filename": "question_12.png",
      "captured": true,
      "explanation": [
        "https://www.youtube.com/watch?v=b7E8QtYj9Yc"
      ]
    },
    "question_13": {
      "question_number": 13,
      "correct_option": 3,
      "sds_id": "SDS0087",
      "subtopic": "Direct Page Capture",
      "image_filename": "question_13.png",
      "captured": true,
      "explanation": [
        "https://www.youtube.com/watch?v=TsBNVHTgi1I"
      ]
    },
    "question_14": {
      "question_number": 14,
      "correct_option": 4,
      "sds_id": "SDS0088",
      "subtopic": "Direct Page Capture",
      "image_filename": "question_14.png",
      "captured": true,
      "explanation": [
        "https://www.youtube.com/watch?v=UjllQDR4opE"
      ]
    },
    "question_15": {
      "question_number": 15,
      "correct_option": 1,
      "sds_id": "SDS0089",
      "subtopic": "Direct Page Capture",
      "image_filename": "question_15.png",
      "captured": true,
      "explanation": [
        "https://www.youtube.com/watch?v=wc11fhI-ZUI"
      ]
    },
    "question_16": {
      "question_number": 16,
      "correct_option": 2,
      "sds_id": "SDS008A",
      "subtopic": "Direct Page Capture",
      "image_filename": "question_16.png",
      "captured": true,
      "explanation": [
        "https://www.youtube.com/watch?v=ZoHUPCLTECo"
      ]
    },
    "question_17": {
      "question_number": 17,
      "correct_option": 4,
      "sds_id": "SDS008B",
      "subtopic": "Direct Page Capture",
      "image_filename": "question_17.png",
      "captured": true,
      "explanation": [
        "https://www.youtube.com/watch?v=HydaKj0acLA"
      ]
    },
    "question_18": {
      "question_number": 18,
      "correct_option": 3,
      "sds_id": "SDS008C",
      "subtopic": "Direct Page Capture",
      "image_filename": "question_18.png",
      "captured": true,
      "explanation": [
        "https://www.youtube.com/watch?v=HZcm8SBfm9A"
      ]
    },
    "question_19": {
      "question_number": 19,
      "correct_option": 1,
      "sds_id": "SDS008D",
      "subtopic": "Direct Page Capture",
      "image_filename": "question_19.png",
      "captured": true,
      "explanation": [
        "https://www.youtube.com/watch?v=9H1SiN8mjnE"
      ]
    },
    "question_20": {
      "question_number": 20,
      "correct_option": 2,
      "sds_id": "SDS008E",
      "subtopic": "Direct Page Capture",
      "image_filename": "question_20.png",
      "captured": true,
      "explanation": [
        "https://www.youtube.com/watch?v=uw7OfgN82hI"
      ]
    },
    "question_21": {
      "question_number": 21,
      "correct_option": 3,
      "sds_id": "SDS008F",
      "subtopic": "Direct Page Capture",
      "image_filename": "question_21.png",
      "captured": true,
      "explanation": [
        "https://www.youtube.com/watch?v=WHYNmPY3RXU"
      ]
    },
    "question_22": {
      "question_number": 22,
      "correct_option": 2,
      "sds_id": "SDS0090",
      "subtopic": "Direct Page Capture",
      "image_filename": "question_22.png",
      "captured": true,
      "explanation": [
        "https://www.youtube.com/watch?v=gPRy7FDlE3E"
      ]
    },
    "question_23": {
      "question_number": 23,
      "correct_option": 3,
      "sds_id": "SDS0091",
      "subtopic": "Direct Page Capture",
      "image_filename": "question_23.png",
      "captured": true,
      "explanation": [
        "https://www.youtube.com/watch?v=KEGkEayZsUg"
      ]
    },
    "question_24": {
      "question_number": 24,
      "correct_option": 4,
      "sds_id": "SDS0092",
      "subtopic": "Direct Page Capture",
      "image_filename": "question_24.png",
      "captured": true,
      "explanation": [
        "https://www.youtube.com/watch?v=mCb5eEb7olU"
      ]
    },
    "question_25": {
      "question_number": 25,
      "correct_option": 1,
      "sds_id": "SDS0093",
      "subtopic": "Direct Page Capture",
      "image_filename": "question_25.png",
      "captured": true,
      "explanation": [
        "https://www.youtube.com/watch?v=SsgnxjZtcUM"
      ]
    },
    "question_26": {
      "question_number": 26,
      "correct_option": 2,
      "sds_id": "SDS0094",
      "subtopic": "Direct Page Capture",
      "image_filename": "question_26.png",
      "captured": true,
      "explanation": [
        "https://www.youtube.com/watch?v=-yaSMqXF6N4"
      ]
    },
    "question_27": {
      "question_number": 27,
      "correct_option": 3,
      "sds_id": "SDS0095",
      "subtopic": "Direct Page Capture",
      "image_filename": "question_27.png",
      "captured": true,
      "explanation": [
        "https://www.youtube.com/watch?v=AEltregQL58"
      ]
    },
    "question_28": {
      "question_number": 28,
      "correct_option": 2,
      "sds_id": "SDS0096",
      "subtopic": "Direct Page Capture",
      "image_filename": "question_28.png",
      "captured": true,
      "explanation": [
        "https://www.youtube.com/watch?v=v94bsC5yP-I"
      ]
    },
    "question_29": {
      "question_number": 29,
      "correct_option": 3,
      "sds_id": "SDS0097",
      "subtopic": "Direct Page Capture",
      "image_filename": "question_29.png",
      "captured": true,
      "explanation": [
        "https://www.youtube.com/watch?v=qovVXbZjnSY"
      ]
    },
    "question_30": {
      "question_number": 30,
      "correct_option": 2,
      "sds_id": "SDS0098",
      "subtopic": "Direct Page Capture",
      "image_filename": "question_30.png",
      "captured": true,
      "explanation": [
        "https://www.youtube.com/watch?v=alRAdt163o0"
      ]
    },
    "question_31": {
      "question_number": 31,
      "correct_option": 4,
      "sds_id": "SDS0099",
      "subtopic": "Direct Page Capture",
      "image_filename": "question_31.png",
      "captured": true,
      "explanation": [
        "https://www.youtube.com/watch?v=2gz6c4cGOEU"
      ]
    }
  }
}