{
  "chapter_no": 7,
  "chapter_name": "Human Health and Disease",
  "section_name": "Invictus- Human Health and Disease",
  "total_questions": 54,
  "questions": {
    "question_1": {
      "question_number": 1,
      "correct_option": 1,
      "sds_id": "SDS1526",
      "subtopic": "Introduction",
      "image_filename": "question_1.png",
      "captured": true,
      "explanation": [
        "https://d2f8z173p7073l.cloudfront.net/1582800170430"
      ]
    },
    "question_2": {
      "question_number": 2,
      "correct_option": 2,
      "sds_id": "SDS1527",
      "subtopic": "Introduction",
      "image_filename": "question_2.png",
      "captured": true,
      "explanation": [
        "https://d2f8z173p7073l.cloudfront.net/1596024128865"
      ]
    },
    "question_3": {
      "question_number": 3,
      "correct_option": 2,
      "sds_id": "SDS1528",
      "subtopic": "Introduction",
      "image_filename": "question_3.png",
      "captured": true,
      "explanation": [
        "https://d1iljb9ao69244.cloudfront.net/243428_1621689465671_78.ogg"
      ]
    },
    "question_4": {
      "question_number": 4,
      "correct_option": 1,
      "sds_id": "SDS1529",
      "subtopic": "Introduction",
      "image_filename": "question_4.png",
      "captured": true,
      "explanation": [
        "https://d2f8z173p7073l.cloudfront.net/1582559837958"
      ]
    },
    "question_5": {
      "question_number": 5,
      "correct_option": 2,
      "sds_id": "SDS152A",
      "subtopic": "Introduction",
      "image_filename": "question_5.png",
      "captured": true,
      "explanation": [
        "https://d2f8z173p7073l.cloudfront.net/1582603568376"
      ]
    },
    "question_6": {
      "question_number": 6,
      "correct_option": 2,
      "sds_id": "SDS152B",
      "subtopic": "Introduction",
      "image_filename": "question_6.png",
      "captured": true,
      "explanation": [
        "https://d2f8z173p7073l.cloudfront.net/1596022365672"
      ]
    },
    "question_7": {
      "question_number": 7,
      "correct_option": 3,
      "sds_id": "SDS152C",
      "subtopic": "Introduction",
      "image_filename": "question_7.png",
      "captured": true,
      "explanation": [
        "https://d2f8z173p7073l.cloudfront.net/1582603512146"
      ]
    },
    "question_8": {
      "question_number": 8,
      "correct_option": 4,
      "sds_id": "SDS152D",
      "subtopic": "Typhoid Fever",
      "image_filename": "question_8.png",
      "captured": true,
      "explanation": [
        "https://d2f8z173p7073l.cloudfront.net/1545573519640"
      ]
    },
    "question_9": {
      "question_number": 9,
      "correct_option": 1,
      "sds_id": "SDS152E",
      "subtopic": "Typhoid Fever",
      "image_filename": "question_9.png",
      "captured": true,
      "explanation": [
        "https://d1iljb9ao69244.cloudfront.net/question_explanations_245043_1643636418222.ogg",
        "https://d1iljb9ao69244.cloudfront.net/question_explanations_245043_1643636392452.ogg",
        "https://www.youtube-nocookie.com/embed/vzXl-Ngh4co?rel=0"
      ]
    },
    "question_10": {
      "question_number": 10,
      "correct_option": 4,
      "sds_id": "SDS152F",
      "subtopic": "Pneumonia & Related Questions",
      "image_filename": "question_10.png",
      "captured": true,
      "explanation": [
        "https://d2f8z173p7073l.cloudfront.net/1582572954867"
      ]
    },
    "question_11": {
      "question_number": 11,
      "correct_option": 3,
      "sds_id": "SDS1530",
      "subtopic": "Pneumonia & Related Questions",
      "image_filename": "question_11.png",
      "captured": true,
      "explanation": [
        "https://d2f8z173p7073l.cloudfront.net/1596022321560"
      ]
    },
    "question_12": {
      "question_number": 12,
      "correct_option": 4,
      "sds_id": "SDS1531",
      "subtopic": "Pneumonia & Related Questions",
      "image_filename": "question_12.png",
      "captured": true,
      "explanation": [
        "https://d1iljb9ao69244.cloudfront.net/question_explanations_92306_1643623239876.ogg",
        "https://d1iljb9ao69244.cloudfront.net/question_explanations_92306_1643623196722.ogg",
        "https://www.youtube-nocookie.com/embed/JV5Q5C_Z7Y4?rel=0",
        "https://www.youtube.com/embed/5q95y4kj1Xo?rel=0&amp;modestbranding=1&amp;loop=1&amp;playlist=5q95y4kj1Xo&amp;start=2098&amp;end=2155",
        "https://www.youtube.com/embed/5q95y4kj1Xo?rel=0&modestbranding=1&loop=1&playlist=5q95y4kj1Xo&start=2098&end=2155"
      ]
    },
    "question_13": {
      "question_number": 13,
      "correct_option": 3,
      "sds_id": "SDS1532",
      "subtopic": "Pneumonia & Related Questions",
      "image_filename": "question_13.png",
      "captured": true,
      "explanation": [
        "https://d1iljb9ao69244.cloudfront.net/251353_1628773509623_251353.ogg",
        "https://www.youtube-nocookie.com/embed/1oAAk-qMl80?rel=0",
        "https://www.youtube.com/embed/Qka0rRrH4FI?rel=0&amp;modestbranding=1&amp;loop=1&amp;playlist=Qka0rRrH4FI&amp;start=5161&amp;end=5318",
        "https://www.youtube.com/embed/Qka0rRrH4FI?rel=0&modestbranding=1&loop=1&playlist=Qka0rRrH4FI&start=5161&end=5318"
      ]
    },
    "question_14": {
      "question_number": 14,
      "correct_option": 2,
      "sds_id": "SDS1533",
      "subtopic": "Common Cold & Malaria Introduction",
      "image_filename": "question_14.png",
      "captured": true,
      "explanation": [
        "https://d2f8z173p7073l.cloudfront.net/1580017592595"
      ]
    },
    "question_15": {
      "question_number": 15,
      "correct_option": 2,
      "sds_id": "SDS1534",
      "subtopic": "Common Cold & Malaria Introduction",
      "image_filename": "question_15.png",
      "captured": true,
      "explanation": [
        "https://d2f8z173p7073l.cloudfront.net/1582573022389"
      ]
    },
    "question_16": {
      "question_number": 16,
      "correct_option": 1,
      "sds_id": "SDS1535",
      "subtopic": "Treatment & Life Cycle of Malaria",
      "image_filename": "question_16.png",
      "captured": true,
      "explanation": [
        "https://d2f8z173p7073l.cloudfront.net/1582573439916"
      ]
    },
    "question_17": {
      "question_number": 17,
      "correct_option": 2,
      "sds_id": "SDS1536",
      "subtopic": "Treatment & Life Cycle of Malaria",
      "image_filename": "question_17.png",
      "captured": true,
      "explanation": [
        "https://d1iljb9ao69244.cloudfront.net/251267_1627372659318_113.ogg",
        "https://www.youtube.com/embed/5q95y4kj1Xo?rel=0&amp;modestbranding=1&amp;loop=1&amp;playlist=5q95y4kj1Xo&amp;start=3479&amp;end=3554",
        "https://www.youtube.com/embed/5q95y4kj1Xo?rel=0&modestbranding=1&loop=1&playlist=5q95y4kj1Xo&start=3479&end=3554"
      ]
    },
    "question_18": {
      "question_number": 18,
      "correct_option": 4,
      "sds_id": "SDS1537",
      "subtopic": "Amoebiasis",
      "image_filename": "question_18.png",
      "captured": true,
      "explanation": [
        "https://d2f8z173p7073l.cloudfront.net/1580016928695"
      ]
    },
    "question_19": {
      "question_number": 19,
      "correct_option": 4,
      "sds_id": "SDS1538",
      "subtopic": "Ascariasis & Filariasis",
      "image_filename": "question_19.png",
      "captured": true,
      "explanation": [
        "https://d2f8z173p7073l.cloudfront.net/1596022696997"
      ]
    },
    "question_20": {
      "question_number": 20,
      "correct_option": 2,
      "sds_id": "SDS1539",
      "subtopic": "Fungal Infection & Concept of Immunity",
      "image_filename": "question_20.png",
      "captured": true,
      "explanation": [
        "https://d2f8z173p7073l.cloudfront.net/1596022819427"
      ]
    },
    "question_21": {
      "question_number": 21,
      "correct_option": 3,
      "sds_id": "SDS153A",
      "subtopic": "Fungal Infection & Concept of Immunity",
      "image_filename": "question_21.png",
      "captured": true,
      "explanation": [
        "https://d2f8z173p7073l.cloudfront.net/1596022853553"
      ]
    },
    "question_22": {
      "question_number": 22,
      "correct_option": 4,
      "sds_id": "SDS153B",
      "subtopic": "Fungal Infection & Concept of Immunity",
      "image_filename": "question_22.png",
      "captured": true,
      "explanation": [
        "https://d1iljb9ao69244.cloudfront.net/251354_1628773536869_251354.ogg",
        "https://www.youtube.com/embed/5q95y4kj1Xo?rel=0&amp;modestbranding=1&amp;loop=1&amp;playlist=5q95y4kj1Xo&amp;start=3225&amp;end=3250",
        "https://www.youtube.com/embed/5q95y4kj1Xo?rel=0&modestbranding=1&loop=1&playlist=5q95y4kj1Xo&start=3225&end=3250"
      ]
    },
    "question_23": {
      "question_number": 23,
      "correct_option": 2,
      "sds_id": "SDS153C",
      "subtopic": "Details of Immunity",
      "image_filename": "question_23.png",
      "captured": true,
      "explanation": [
        "https://d2f8z173p7073l.cloudfront.net/1582603293173"
      ]
    },
    "question_24": {
      "question_number": 24,
      "correct_option": 3,
      "sds_id": "SDS153D",
      "subtopic": "Details of Immunity",
      "image_filename": "question_24.png",
      "captured": true,
      "explanation": [
        "https://d2f8z173p7073l.cloudfront.net/1582573159896"
      ]
    },
    "question_25": {
      "question_number": 25,
      "correct_option": 2,
      "sds_id": "SDS153E",
      "subtopic": "Details of Immunity",
      "image_filename": "question_25.png",
      "captured": true,
      "explanation": [
        "https://d2f8z173p7073l.cloudfront.net/1582604120200"
      ]
    },
    "question_26": {
      "question_number": 26,
      "correct_option": 1,
      "sds_id": "SDS153F",
      "subtopic": "Active & Passive Immunity",
      "image_filename": "question_26.png",
      "captured": true,
      "explanation": [
        "https://d1iljb9ao69244.cloudfront.net/250965_1630738077222_39.ogg",
        "https://www.youtube.com/embed/Qka0rRrH4FI?rel=0&amp;modestbranding=1&amp;loop=1&amp;playlist=Qka0rRrH4FI&amp;start=4896&amp;end=5023",
        "https://www.youtube.com/embed/Qka0rRrH4FI?rel=0&modestbranding=1&loop=1&playlist=Qka0rRrH4FI&start=4896&end=5023"
      ]
    },
    "question_27": {
      "question_number": 27,
      "correct_option": 2,
      "sds_id": "SDS1540",
      "subtopic": "Active & Passive Immunity",
      "image_filename": "question_27.png",
      "captured": true,
      "explanation": [
        "https://d2f8z173p7073l.cloudfront.net/1596025100818"
      ]
    },
    "question_28": {
      "question_number": 28,
      "correct_option": 2,
      "sds_id": "SDS1541",
      "subtopic": "Active & Passive Immunity",
      "image_filename": "question_28.png",
      "captured": true,
      "explanation": [
        "https://d2f8z173p7073l.cloudfront.net/1582603450972"
      ]
    },
    "question_29": {
      "question_number": 29,
      "correct_option": 2,
      "sds_id": "SDS1542",
      "subtopic": "Active & Passive Immunity",
      "image_filename": "question_29.png",
      "captured": true,
      "explanation": [
        "https://d1iljb9ao69244.cloudfront.net/251355_1628773575425_251355.ogg",
        "https://www.youtube.com/embed/5q95y4kj1Xo?rel=0&amp;modestbranding=1&amp;loop=1&amp;playlist=5q95y4kj1Xo&amp;start=2908&amp;end=3024",
        "https://www.youtube.com/embed/5q95y4kj1Xo?rel=0&modestbranding=1&loop=1&playlist=5q95y4kj1Xo&start=2908&end=3024"
      ]
    },
    "question_30": {
      "question_number": 30,
      "correct_option": 2,
      "sds_id": "SDS1543",
      "subtopic": "Active & Passive Immunity",
      "image_filename": "question_30.png",
      "captured": true,
      "explanation": [
        "https://d2f8z173p7073l.cloudfront.net/1582573055765"
      ]
    },
    "question_31": {
      "question_number": 31,
      "correct_option": 1,
      "sds_id": "SDS1544",
      "subtopic": "Active & Passive Immunity",
      "image_filename": "question_31.png",
      "captured": true,
      "explanation": [
        "https://d2f8z173p7073l.cloudfront.net/1582603635164"
      ]
    },
    "question_32": {
      "question_number": 32,
      "correct_option": 4,
      "sds_id": "SDS1545",
      "subtopic": "Active & Passive Immunity",
      "image_filename": "question_32.png",
      "captured": true,
      "explanation": [
        "https://d1iljb9ao69244.cloudfront.net/250968_1630738100597_42.ogg",
        "https://www.youtube-nocookie.com/embed/acSaRuIIQMI?rel=0"
      ]
    },
    "question_33": {
      "question_number": 33,
      "correct_option": 3,
      "sds_id": "SDS1546",
      "subtopic": "Human Immune System",
      "image_filename": "question_33.png",
      "captured": true,
      "explanation": [
        "https://d2f8z173p7073l.cloudfront.net/1596025042254"
      ]
    },
    "question_34": {
      "question_number": 34,
      "correct_option": 4,
      "sds_id": "SDS1547",
      "subtopic": "Human Immune System",
      "image_filename": "question_34.png",
      "captured": true,
      "explanation": [
        "https://d2f8z173p7073l.cloudfront.net/1596025013526"
      ]
    },
    "question_35": {
      "question_number": 35,
      "correct_option": 4,
      "sds_id": "SDS1548",
      "subtopic": "Human Immune System",
      "image_filename": "question_35.png",
      "captured": true,
      "explanation": [
        "https://d2f8z173p7073l.cloudfront.net/1596024943435"
      ]
    },
    "question_36": {
      "question_number": 36,
      "correct_option": 2,
      "sds_id": "SDS1549",
      "subtopic": "AIDS",
      "image_filename": "question_36.png",
      "captured": true,
      "explanation": [
        "https://d2f8z173p7073l.cloudfront.net/1596024320984"
      ]
    },
    "question_37": {
      "question_number": 37,
      "correct_option": 1,
      "sds_id": "SDS154A",
      "subtopic": "AIDS",
      "image_filename": "question_37.png",
      "captured": true,
      "explanation": [
        "https://d2f8z173p7073l.cloudfront.net/1596024280216"
      ]
    },
    "question_38": {
      "question_number": 38,
      "correct_option": 1,
      "sds_id": "SDS154B",
      "subtopic": "AIDS",
      "image_filename": "question_38.png",
      "captured": true,
      "explanation": [
        "https://d2f8z173p7073l.cloudfront.net/1545574060169"
      ]
    },
    "question_39": {
      "question_number": 39,
      "correct_option": 3,
      "sds_id": "SDS154C",
      "subtopic": "AIDS",
      "image_filename": "question_39.png",
      "captured": true,
      "explanation": [
        "https://d2f8z173p7073l.cloudfront.net/1582791026654"
      ]
    },
    "question_40": {
      "question_number": 40,
      "correct_option": 3,
      "sds_id": "SDS154D",
      "subtopic": "AIDS",
      "image_filename": "question_40.png",
      "captured": true,
      "explanation": [
        "https://d2f8z173p7073l.cloudfront.net/1596024347917"
      ]
    },
    "question_41": {
      "question_number": 41,
      "correct_option": 3,
      "sds_id": "SDS154E",
      "subtopic": "AIDS",
      "image_filename": "question_41.png",
      "captured": true,
      "explanation": [
        "https://d2f8z173p7073l.cloudfront.net/1582791088456"
      ]
    },
    "question_42": {
      "question_number": 42,
      "correct_option": 3,
      "sds_id": "SDS154F",
      "subtopic": "Cancer",
      "image_filename": "question_42.png",
      "captured": true,
      "explanation": [
        "https://d2f8z173p7073l.cloudfront.net/1596024982051"
      ]
    },
    "question_43": {
      "question_number": 43,
      "correct_option": 4,
      "sds_id": "SDS1550",
      "subtopic": "Cancer",
      "image_filename": "question_43.png",
      "captured": true,
      "explanation": [
        "https://d1iljb9ao69244.cloudfront.net/251268_1627372680731_114.ogg",
        "https://www.youtube.com/embed/5q95y4kj1Xo?rel=0&amp;modestbranding=1&amp;loop=1&amp;playlist=5q95y4kj1Xo&amp;start=3558&amp;end=3672",
        "https://www.youtube.com/embed/5q95y4kj1Xo?rel=0&modestbranding=1&loop=1&playlist=5q95y4kj1Xo&start=3558&end=3672"
      ]
    },
    "question_44": {
      "question_number": 44,
      "correct_option": 2,
      "sds_id": "SDS1551",
      "subtopic": "Cancer",
      "image_filename": "question_44.png",
      "captured": true,
      "explanation": [
        "https://d2f8z173p7073l.cloudfront.net/1545573588783"
      ]
    },
    "question_45": {
      "question_number": 45,
      "correct_option": 4,
      "sds_id": "SDS1552",
      "subtopic": "Cancer",
      "image_filename": "question_45.png",
      "captured": true,
      "explanation": [
        "https://d1iljb9ao69244.cloudfront.net/question_explanations_93479_1643631333560.ogg",
        "https://d1iljb9ao69244.cloudfront.net/question_explanations_93479_1643631270639.ogg",
        "https://www.youtube.com/embed/Qka0rRrH4FI?rel=0&amp;modestbranding=1&amp;loop=1&amp;playlist=Qka0rRrH4FI&amp;start=5457&amp;end=5541",
        "https://www.youtube.com/embed/Qka0rRrH4FI?rel=0&modestbranding=1&loop=1&playlist=Qka0rRrH4FI&start=5457&end=5541"
      ]
    },
    "question_46": {
      "question_number": 46,
      "correct_option": 4,
      "sds_id": "SDS1553",
      "subtopic": "Cancer",
      "image_filename": "question_46.png",
      "captured": true,
      "explanation": [
        "https://d1iljb9ao69244.cloudfront.net/92338_1741493986023_58.ogg",
        "https://d1iljb9ao69244.cloudfront.net/question_explanations_92338_1643623355763.ogg",
        "https://d1iljb9ao69244.cloudfront.net/question_explanations_92338_1643623307787.ogg",
        "https://www.youtube.com/embed/5q95y4kj1Xo?rel=0&amp;modestbranding=1&amp;loop=1&amp;playlist=5q95y4kj1Xo&amp;start=2156&amp;end=2207",
        "https://www.youtube.com/embed/5q95y4kj1Xo?rel=0&modestbranding=1&loop=1&playlist=5q95y4kj1Xo&start=2156&end=2207"
      ]
    },
    "question_47": {
      "question_number": 47,
      "correct_option": 1,
      "sds_id": "SDS1554",
      "subtopic": "Drugs & Alcohol Abuse",
      "image_filename": "question_47.png",
      "captured": true,
      "explanation": [
        "https://d2f8z173p7073l.cloudfront.net/1596023916203"
      ]
    },
    "question_48": {
      "question_number": 48,
      "correct_option": 1,
      "sds_id": "SDS1555",
      "subtopic": "Drugs & Alcohol Abuse",
      "image_filename": "question_48.png",
      "captured": true,
      "explanation": [
        "https://d2f8z173p7073l.cloudfront.net/1596024004943"
      ]
    },
    "question_49": {
      "question_number": 49,
      "correct_option": 2,
      "sds_id": "SDS1556",
      "subtopic": "Drugs & Alcohol Abuse",
      "image_filename": "question_49.png",
      "captured": true,
      "explanation": [
        "https://d2f8z173p7073l.cloudfront.net/1596023979389"
      ]
    },
    "question_50": {
      "question_number": 50,
      "correct_option": 3,
      "sds_id": "SDS1557",
      "subtopic": "Drugs & Alcohol Abuse",
      "image_filename": "question_50.png",
      "captured": true,
      "explanation": [
        "https://d2f8z173p7073l.cloudfront.net/1582572989250"
      ]
    },
    "question_51": {
      "question_number": 51,
      "correct_option": 3,
      "sds_id": "SDS1558",
      "subtopic": "Drugs & Alcohol Abuse",
      "image_filename": "question_51.png",
      "captured": true,
      "explanation": [
        "https://d1iljb9ao69244.cloudfront.net/250952_1630737891007_27.ogg",
        "https://dsbihjlymzdyy.cloudfront.net/question-assets/key__2024-04-20%2009%3A26%3A20%20%2B0000image-20240420145543-2.png",
        "https://dsbihjlymzdyy.cloudfront.net/question-assets/key__2024-04-20%2009%3A26%3A42%20%2B0000image-20240420145605-3.png",
        "https://www.youtube.com/embed/5q95y4kj1Xo?rel=0&amp;modestbranding=1&amp;loop=1&amp;playlist=5q95y4kj1Xo&amp;start=2779&amp;end=2902",
        "https://www.youtube.com/embed/5q95y4kj1Xo?rel=0&modestbranding=1&loop=1&playlist=5q95y4kj1Xo&start=2779&end=2902"
      ]
    },
    "question_52": {
      "question_number": 52,
      "correct_option": 4,
      "sds_id": "SDS1559",
      "subtopic": "Drugs & Alcohol Abuse",
      "image_filename": "question_52.png",
      "captured": true,
      "explanation": [
        "https://d2f8z173p7073l.cloudfront.net/1582604220728"
      ]
    },
    "question_53": {
      "question_number": 53,
      "correct_option": 2,
      "sds_id": "SDS155A",
      "subtopic": "Drugs & Alcohol Abuse",
      "image_filename": "question_53.png",
      "captured": true,
      "explanation": [
        "https://d2f8z173p7073l.cloudfront.net/1582573598835"
      ]
    },
    "question_54": {
      "question_number": 54,
      "correct_option": 2,
      "sds_id": "SDS155B",
      "subtopic": "Drugs & Alcohol Abuse",
      "image_filename": "question_54.png",
      "captured": true,
      "explanation": [
        "https://d1iljb9ao69244.cloudfront.net/question_explanations_92810_1643629162688.ogg",
        "https://d1iljb9ao69244.cloudfront.net/question_explanations_92810_1643629129838.ogg",
        "https://www.youtube.com/embed/5q95y4kj1Xo?rel=0&amp;modestbranding=1&amp;loop=1&amp;playlist=5q95y4kj1Xo&amp;start=3264&amp;end=3313",
        "https://www.youtube.com/embed/5q95y4kj1Xo?rel=0&modestbranding=1&loop=1&playlist=5q95y4kj1Xo&start=3264&end=3313"
      ]
    }
  }
}