{
  "chapter_no": 8,
  "chapter_name": "Microbes in Human Welfare",
  "section_name": "Level 1",
  "total_questions": 78,
  "questions": {
    "question_1": {
      "question_number": 1,
      "correct_option": 2,
      "sds_id": "SDS155C",
      "subtopic": "Industrial Products, Beverages & Antibiotics",
      "image_filename": "question_1.png",
      "captured": true,
      "explanation": [
        "https://d1iljb9ao69244.cloudfront.net/243312_1621684455862_4.ogg"
      ]
    },
    "question_2": {
      "question_number": 2,
      "correct_option": 3,
      "sds_id": "SDS155D",
      "subtopic": "Industrial Products, Beverages & Antibiotics",
      "image_filename": "question_2.png",
      "captured": true,
      "explanation": [
        "https://d2f8z173p7073l.cloudfront.net/1582990382605"
      ]
    },
    "question_3": {
      "question_number": 3,
      "correct_option": 1,
      "sds_id": "SDS155E",
      "subtopic": "Industrial Products, Beverages & Antibiotics",
      "image_filename": "question_3.png",
      "captured": true,
      "explanation": [
        "https://d2f8z173p7073l.cloudfront.net/1582990416999"
      ]
    },
    "question_4": {
      "question_number": 4,
      "correct_option": 3,
      "sds_id": "SDS155F",
      "subtopic": "Industrial Products, Beverages & Antibiotics",
      "image_filename": "question_4.png",
      "captured": true,
      "explanation": [
        "https://d1iljb9ao69244.cloudfront.net/question_explanations_360852_1672050701821.ogg"
      ]
    },
    "question_5": {
      "question_number": 5,
      "correct_option": 4,
      "sds_id": "SDS1560",
      "subtopic": "Industrial Products, Beverages & Antibiotics",
      "image_filename": "question_5.png",
      "captured": true,
      "explanation": [
        "https://d1iljb9ao69244.cloudfront.net/question_explanations_358342_1672376561863.ogg"
      ]
    },
    "question_6": {
      "question_number": 6,
      "correct_option": 3,
      "sds_id": "SDS1561",
      "subtopic": "Industrial Products, Beverages & Antibiotics",
      "image_filename": "question_6.png",
      "captured": true,
      "explanation": [
        "https://d1iljb9ao69244.cloudfront.net/question_explanations_181575_1672041413758.ogg"
      ]
    },
    "question_7": {
      "question_number": 7,
      "correct_option": 2,
      "sds_id": "SDS1562",
      "subtopic": "Industrial Products, Beverages & Antibiotics",
      "image_filename": "question_7.png",
      "captured": true,
      "explanation": [
        "https://d1iljb9ao69244.cloudfront.net/243323_1621685453724_15.ogg"
      ]
    },
    "question_8": {
      "question_number": 8,
      "correct_option": 3,
      "sds_id": "SDS1563",
      "subtopic": "Industrial Products, Beverages & Antibiotics",
      "image_filename": "question_8.png",
      "captured": true,
      "explanation": [
        "https://d1iljb9ao69244.cloudfront.net/400715_1703000778707_4.ogg"
      ]
    },
    "question_9": {
      "question_number": 9,
      "correct_option": 1,
      "sds_id": "SDS1564",
      "subtopic": "Industrial Products, Beverages & Antibiotics",
      "image_filename": "question_9.png",
      "captured": true,
      "explanation": [
        "https://d2f8z173p7073l.cloudfront.net/1591696876571"
      ]
    },
    "question_10": {
      "question_number": 10,
      "correct_option": 1,
      "sds_id": "SDS1565",
      "subtopic": "Chemistry of Fermented Beverages",
      "image_filename": "question_10.png",
      "captured": true,
      "explanation": [
        "https://d1iljb9ao69244.cloudfront.net/401411_1703395250563_6.ogg"
      ]
    },
    "question_11": {
      "question_number": 11,
      "correct_option": 2,
      "sds_id": "SDS1566",
      "subtopic": "Microbes in Household Products",
      "image_filename": "question_11.png",
      "captured": true,
      "explanation": [
        "https://d1iljb9ao69244.cloudfront.net/question_explanations_181570_1672041281375.ogg"
      ]
    },
    "question_12": {
      "question_number": 12,
      "correct_option": 2,
      "sds_id": "SDS1567",
      "subtopic": "Microbes in Household Products",
      "image_filename": "question_12.png",
      "captured": true,
      "explanation": [
        "https://d2f8z173p7073l.cloudfront.net/1582298833345"
      ]
    },
    "question_13": {
      "question_number": 13,
      "correct_option": 2,
      "sds_id": "SDS1568",
      "subtopic": "Microbes in Household Products",
      "image_filename": "question_13.png",
      "captured": true,
      "explanation": [
        "https://d2f8z173p7073l.cloudfront.net/1589876701082"
      ]
    },
    "question_14": {
      "question_number": 14,
      "correct_option": 2,
      "sds_id": "SDS1569",
      "subtopic": "Microbes in Household Products",
      "image_filename": "question_14.png",
      "captured": true,
      "explanation": [
        "https://d1iljb9ao69244.cloudfront.net/401406_1703394913817_2.ogg",
        "https://d2f8z173p7073l.cloudfront.net/1703234648889"
      ]
    },
    "question_15": {
      "question_number": 15,
      "correct_option": 2,
      "sds_id": "SDS156A",
      "subtopic": "Microbes in Household Products",
      "image_filename": "question_15.png",
      "captured": true,
      "explanation": [
        "https://d1iljb9ao69244.cloudfront.net/401409_1703394949989_4.ogg"
      ]
    },
    "question_16": {
      "question_number": 16,
      "correct_option": 1,
      "sds_id": "SDS156B",
      "subtopic": "Microbes in Household Products",
      "image_filename": "question_16.png",
      "captured": true,
      "explanation": [
        "https://d1iljb9ao69244.cloudfront.net/401408_1703394930521_3.ogg"
      ]
    },
    "question_17": {
      "question_number": 17,
      "correct_option": 2,
      "sds_id": "SDS156C",
      "subtopic": "Chemicals, Enzymes & Other Bioactive Molecules",
      "image_filename": "question_17.png",
      "captured": true,
      "explanation": [
        "https://d2f8z173p7073l.cloudfront.net/1582990447648"
      ]
    },
    "question_18": {
      "question_number": 18,
      "correct_option": 4,
      "sds_id": "SDS156D",
      "subtopic": "Chemicals, Enzymes & Other Bioactive Molecules",
      "image_filename": "question_18.png",
      "captured": true,
      "explanation": [
        "https://d2f8z173p7073l.cloudfront.net/1582990477402"
      ]
    },
    "question_19": {
      "question_number": 19,
      "correct_option": 1,
      "sds_id": "SDS156E",
      "subtopic": "Chemicals, Enzymes & Other Bioactive Molecules",
      "image_filename": "question_19.png",
      "captured": true,
      "explanation": [
        "https://d1iljb9ao69244.cloudfront.net/436621_1712137731052_46.ogg"
      ]
    },
    "question_20": {
      "question_number": 20,
      "correct_option": 3,
      "sds_id": "SDS156F",
      "subtopic": "Chemicals, Enzymes & Other Bioactive Molecules",
      "image_filename": "question_20.png",
      "captured": true,
      "explanation": [
        "https://d1iljb9ao69244.cloudfront.net/question_explanations_358343_1672120366675.ogg"
      ]
    },
    "question_21": {
      "question_number": 21,
      "correct_option": 3,
      "sds_id": "SDS1570",
      "subtopic": "Chemicals, Enzymes & Other Bioactive Molecules",
      "image_filename": "question_21.png",
      "captured": true,
      "explanation": [
        "https://d1iljb9ao69244.cloudfront.net/question_explanations_181578_1672047513590.ogg"
      ]
    },
    "question_22": {
      "question_number": 22,
      "correct_option": 2,
      "sds_id": "SDS1571",
      "subtopic": "Chemicals, Enzymes & Other Bioactive Molecules",
      "image_filename": "question_22.png",
      "captured": true,
      "explanation": [
        "https://d1iljb9ao69244.cloudfront.net/401414_1703395283385_8.ogg"
      ]
    },
    "question_23": {
      "question_number": 23,
      "correct_option": 3,
      "sds_id": "SDS1572",
      "subtopic": "Chemicals, Enzymes & Other Bioactive Molecules",
      "image_filename": "question_23.png",
      "captured": true,
      "explanation": [
        "https://d1iljb9ao69244.cloudfront.net/447693_1713345114272_25.ogg"
      ]
    },
    "question_24": {
      "question_number": 24,
      "correct_option": 3,
      "sds_id": "SDS1573",
      "subtopic": "Chemicals, Enzymes & Other Bioactive Molecules",
      "image_filename": "question_24.png",
      "captured": true,
      "explanation": [
        "https://d1iljb9ao69244.cloudfront.net/401417_1703395315156_10.ogg"
      ]
    },
    "question_25": {
      "question_number": 25,
      "correct_option": 4,
      "sds_id": "SDS1574",
      "subtopic": "Chemicals, Enzymes & Other Bioactive Molecules",
      "image_filename": "question_25.png",
      "captured": true,
      "explanation": [
        "https://d1iljb9ao69244.cloudfront.net/401418_1703395331196_11.ogg"
      ]
    },
    "question_26": {
      "question_number": 26,
      "correct_option": 1,
      "sds_id": "SDS1575",
      "subtopic": "Chemicals, Enzymes & Other Bioactive Molecules",
      "image_filename": "question_26.png",
      "captured": true,
      "explanation": [
        "https://d1iljb9ao69244.cloudfront.net/426477_1710822071175_20.ogg"
      ]
    },
    "question_27": {
      "question_number": 27,
      "correct_option": 1,
      "sds_id": "SDS1576",
      "subtopic": "Chemicals, Enzymes & Other Bioactive Molecules",
      "image_filename": "question_27.png",
      "captured": true,
      "explanation": [
        "https://d1iljb9ao69244.cloudfront.net/401420_1703395347026_12.ogg"
      ]
    },
    "question_28": {
      "question_number": 28,
      "correct_option": 2,
      "sds_id": "SDS1577",
      "subtopic": "Chemicals, Enzymes & Other Bioactive Molecules",
      "image_filename": "question_28.png",
      "captured": true,
      "explanation": [
        "https://d1iljb9ao69244.cloudfront.net/409337_1705462140215_58.ogg"
      ]
    },
    "question_29": {
      "question_number": 29,
      "correct_option": 3,
      "sds_id": "SDS1578",
      "subtopic": "Chemicals, Enzymes & Other Bioactive Molecules",
      "image_filename": "question_29.png",
      "captured": true,
      "explanation": [
        "https://d1iljb9ao69244.cloudfront.net/416642_1707502129479_12.ogg"
      ]
    },
    "question_30": {
      "question_number": 30,
      "correct_option": 4,
      "sds_id": "SDS1579",
      "subtopic": "Microbes in Sewage Treatment",
      "image_filename": "question_30.png",
      "captured": true,
      "explanation": [
        "https://d1iljb9ao69244.cloudfront.net/question_explanations_358346_1672374753399.ogg"
      ]
    },
    "question_31": {
      "question_number": 31,
      "correct_option": 4,
      "sds_id": "SDS157A",
      "subtopic": "Microbes in Sewage Treatment",
      "image_filename": "question_31.png",
      "captured": true,
      "explanation": [
        "https://d2f8z173p7073l.cloudfront.net/1551583307847"
      ]
    },
    "question_32": {
      "question_number": 32,
      "correct_option": 4,
      "sds_id": "SDS157B",
      "subtopic": "Microbes in Sewage Treatment",
      "image_filename": "question_32.png",
      "captured": true,
      "explanation": [
        "https://d1iljb9ao69244.cloudfront.net/243322_1621685442063_14.ogg"
      ]
    },
    "question_33": {
      "question_number": 33,
      "correct_option": 2,
      "sds_id": "SDS157C",
      "subtopic": "Microbes in Sewage Treatment",
      "image_filename": "question_33.png",
      "captured": true,
      "explanation": [
        "https://d2f8z173p7073l.cloudfront.net/1582897158060"
      ]
    },
    "question_34": {
      "question_number": 34,
      "correct_option": 1,
      "sds_id": "SDS157D",
      "subtopic": "Microbes in Sewage Treatment",
      "image_filename": "question_34.png",
      "captured": true,
      "explanation": [
        "https://d1iljb9ao69244.cloudfront.net/question_explanations_181580_1672371066552.ogg"
      ]
    },
    "question_35": {
      "question_number": 35,
      "correct_option": 2,
      "sds_id": "SDS157E",
      "subtopic": "Microbes in Sewage Treatment",
      "image_filename": "question_35.png",
      "captured": true,
      "explanation": [
        "https://d2f8z173p7073l.cloudfront.net/1588067138344"
      ]
    },
    "question_36": {
      "question_number": 36,
      "correct_option": 2,
      "sds_id": "SDS157F",
      "subtopic": "Microbes in Sewage Treatment",
      "image_filename": "question_36.png",
      "captured": true,
      "explanation": [
        "https://d2f8z173p7073l.cloudfront.net/1582892595432"
      ]
    },
    "question_37": {
      "question_number": 37,
      "correct_option": 3,
      "sds_id": "SDS1580",
      "subtopic": "Microbes in Sewage Treatment",
      "image_filename": "question_37.png",
      "captured": true,
      "explanation": [
        "https://d1iljb9ao69244.cloudfront.net/question_explanations_181582_1672371208980.ogg"
      ]
    },
    "question_38": {
      "question_number": 38,
      "correct_option": 3,
      "sds_id": "SDS1581",
      "subtopic": "Microbes in Sewage Treatment",
      "image_filename": "question_38.png",
      "captured": true,
      "explanation": [
        "https://d1iljb9ao69244.cloudfront.net/400721_1703000845096_8.ogg"
      ]
    },
    "question_39": {
      "question_number": 39,
      "correct_option": 4,
      "sds_id": "SDS1582",
      "subtopic": "Microbes in Sewage Treatment",
      "image_filename": "question_39.png",
      "captured": true,
      "explanation": [
        "https://d1iljb9ao69244.cloudfront.net/401422_1703395364361_13.ogg"
      ]
    },
    "question_40": {
      "question_number": 40,
      "correct_option": 3,
      "sds_id": "SDS1583",
      "subtopic": "Microbes in Sewage Treatment",
      "image_filename": "question_40.png",
      "captured": true,
      "explanation": [
        "https://d1iljb9ao69244.cloudfront.net/401425_1703395399632_15.ogg"
      ]
    },
    "question_41": {
      "question_number": 41,
      "correct_option": 3,
      "sds_id": "SDS1584",
      "subtopic": "Microbes in Sewage Treatment",
      "image_filename": "question_41.png",
      "captured": true,
      "explanation": [
        "https://d1iljb9ao69244.cloudfront.net/401423_1703395381832_14.ogg"
      ]
    },
    "question_42": {
      "question_number": 42,
      "correct_option": 1,
      "sds_id": "SDS1585",
      "subtopic": "Microbes in Sewage Treatment",
      "image_filename": "question_42.png",
      "captured": true,
      "explanation": [
        "https://d1iljb9ao69244.cloudfront.net/442396_1712912048592_42.ogg"
      ]
    },
    "question_43": {
      "question_number": 43,
      "correct_option": 1,
      "sds_id": "SDS1586",
      "subtopic": "Microbes in Sewage Treatment",
      "image_filename": "question_43.png",
      "captured": true,
      "explanation": [
        "https://d2f8z173p7073l.cloudfront.net/1582990901309"
      ]
    },
    "question_44": {
      "question_number": 44,
      "correct_option": 3,
      "sds_id": "SDS1587",
      "subtopic": "Microbes in Sewage Treatment",
      "image_filename": "question_44.png",
      "captured": true,
      "explanation": [
        "https://d1iljb9ao69244.cloudfront.net/416646_1707640946532_14.ogg"
      ]
    },
    "question_45": {
      "question_number": 45,
      "correct_option": 4,
      "sds_id": "SDS1588",
      "subtopic": "Microbes in Sewage Treatment",
      "image_filename": "question_45.png",
      "captured": true,
      "explanation": [
        "https://d2f8z173p7073l.cloudfront.net/1582342746336"
      ]
    },
    "question_46": {
      "question_number": 46,
      "correct_option": 4,
      "sds_id": "SDS1589",
      "subtopic": "Microbes in Production of Biogas",
      "image_filename": "question_46.png",
      "captured": true,
      "explanation": [
        "https://d1iljb9ao69244.cloudfront.net/question_explanations_358356_1672120300214.ogg"
      ]
    },
    "question_47": {
      "question_number": 47,
      "correct_option": 1,
      "sds_id": "SDS158A",
      "subtopic": "Microbes in Production of Biogas",
      "image_filename": "question_47.png",
      "captured": true,
      "explanation": [
        "https://d2f8z173p7073l.cloudfront.net/1582897189510"
      ]
    },
    "question_48": {
      "question_number": 48,
      "correct_option": 3,
      "sds_id": "SDS158B",
      "subtopic": "Microbes in Production of Biogas",
      "image_filename": "question_48.png",
      "captured": true,
      "explanation": [
        "https://d2f8z173p7073l.cloudfront.net/1582990937989"
      ]
    },
    "question_49": {
      "question_number": 49,
      "correct_option": 3,
      "sds_id": "SDS158C",
      "subtopic": "Microbes in Production of Biogas",
      "image_filename": "question_49.png",
      "captured": true,
      "explanation": [
        "https://d2f8z173p7073l.cloudfront.net/1582343050163"
      ]
    },
    "question_50": {
      "question_number": 50,
      "correct_option": 3,
      "sds_id": "SDS158D",
      "subtopic": "Microbes in Production of Biogas",
      "image_filename": "question_50.png",
      "captured": true,
      "explanation": [
        "https://d1iljb9ao69244.cloudfront.net/416650_1707502168525_15.ogg"
      ]
    },
    "question_51": {
      "question_number": 51,
      "correct_option": 2,
      "sds_id": "SDS158E",
      "subtopic": "Microbes in Production of Biogas",
      "image_filename": "question_51.png",
      "captured": true,
      "explanation": [
        "https://d1iljb9ao69244.cloudfront.net/442401_1712912092744_45.ogg"
      ]
    },
    "question_52": {
      "question_number": 52,
      "correct_option": 4,
      "sds_id": "SDS158F",
      "subtopic": "Microbes in Production of Biogas",
      "image_filename": "question_52.png",
      "captured": true,
      "explanation": [
        "https://d2f8z173p7073l.cloudfront.net/1582990965577"
      ]
    },
    "question_53": {
      "question_number": 53,
      "correct_option": 3,
      "sds_id": "SDS1590",
      "subtopic": "Microbes in Biocontrol Agent",
      "image_filename": "question_53.png",
      "captured": true,
      "explanation": [
        "https://d1iljb9ao69244.cloudfront.net/question_explanations_358353_1672472472679.ogg"
      ]
    },
    "question_54": {
      "question_number": 54,
      "correct_option": 2,
      "sds_id": "SDS1591",
      "subtopic": "Microbes in Biocontrol Agent",
      "image_filename": "question_54.png",
      "captured": true,
      "explanation": [
        "https://d1iljb9ao69244.cloudfront.net/question_explanations_163725_1672370328990.ogg"
      ]
    },
    "question_55": {
      "question_number": 55,
      "correct_option": 2,
      "sds_id": "SDS1592",
      "subtopic": "Microbes in Biocontrol Agent",
      "image_filename": "question_55.png",
      "captured": true,
      "explanation": [
        "https://d2f8z173p7073l.cloudfront.net/1582343081020"
      ]
    },
    "question_56": {
      "question_number": 56,
      "correct_option": 1,
      "sds_id": "SDS1593",
      "subtopic": "Microbes in Biocontrol Agent",
      "image_filename": "question_56.png",
      "captured": true,
      "explanation": [
        "https://d1iljb9ao69244.cloudfront.net/question_explanations_181584_1672144139689.ogg"
      ]
    },
    "question_57": {
      "question_number": 57,
      "correct_option": 2,
      "sds_id": "SDS1594",
      "subtopic": "Microbes in Biocontrol Agent",
      "image_filename": "question_57.png",
      "captured": true,
      "explanation": [
        "https://d1iljb9ao69244.cloudfront.net/243424_1621689412664_75.ogg"
      ]
    },
    "question_58": {
      "question_number": 58,
      "correct_option": 2,
      "sds_id": "SDS1595",
      "subtopic": "Microbes in Biocontrol Agent",
      "image_filename": "question_58.png",
      "captured": true,
      "explanation": [
        "https://d1iljb9ao69244.cloudfront.net/400722_1703000860549_9.ogg"
      ]
    },
    "question_59": {
      "question_number": 59,
      "correct_option": 1,
      "sds_id": "SDS1596",
      "subtopic": "Microbes in Biocontrol Agent",
      "image_filename": "question_59.png",
      "captured": true,
      "explanation": [
        "https://d1iljb9ao69244.cloudfront.net/400725_1703001154891_11.ogg"
      ]
    },
    "question_60": {
      "question_number": 60,
      "correct_option": 1,
      "sds_id": "SDS1597",
      "subtopic": "Microbes in Biocontrol Agent",
      "image_filename": "question_60.png",
      "captured": true,
      "explanation": [
        "https://d1iljb9ao69244.cloudfront.net/401426_1703395416425_16.ogg"
      ]
    },
    "question_61": {
      "question_number": 61,
      "correct_option": 1,
      "sds_id": "SDS1598",
      "subtopic": "Microbes in Biocontrol Agent",
      "image_filename": "question_61.png",
      "captured": true,
      "explanation": [
        "https://d1iljb9ao69244.cloudfront.net/401429_1703395433435_17.ogg"
      ]
    },
    "question_62": {
      "question_number": 62,
      "correct_option": 1,
      "sds_id": "SDS1599",
      "subtopic": "Microbes in Biocontrol Agent",
      "image_filename": "question_62.png",
      "captured": true,
      "explanation": [
        "https://d1iljb9ao69244.cloudfront.net/426687_1709870863860_46.ogg"
      ]
    },
    "question_63": {
      "question_number": 63,
      "correct_option": 2,
      "sds_id": "SDS159A",
      "subtopic": "Microbes in Biocontrol Agent",
      "image_filename": "question_63.png",
      "captured": true,
      "explanation": [
        "https://d1iljb9ao69244.cloudfront.net/426485_1709973088206_20.ogg"
      ]
    },
    "question_64": {
      "question_number": 64,
      "correct_option": 4,
      "sds_id": "SDS159B",
      "subtopic": "Microbes in Biocontrol Agent",
      "image_filename": "question_64.png",
      "captured": true,
      "explanation": [
        "https://d2f8z173p7073l.cloudfront.net/1582343155320"
      ]
    },
    "question_65": {
      "question_number": 65,
      "correct_option": 3,
      "sds_id": "SDS159C",
      "subtopic": "Microbes as Biofertilizer",
      "image_filename": "question_65.png",
      "captured": true,
      "explanation": [
        "https://d2f8z173p7073l.cloudfront.net/1582343252693"
      ]
    },
    "question_66": {
      "question_number": 66,
      "correct_option": 4,
      "sds_id": "SDS159D",
      "subtopic": "Microbes as Biofertilizer",
      "image_filename": "question_66.png",
      "captured": true,
      "explanation": [
        "https://d2f8z173p7073l.cloudfront.net/1582343189795"
      ]
    },
    "question_67": {
      "question_number": 67,
      "correct_option": 3,
      "sds_id": "SDS159E",
      "subtopic": "Microbes as Biofertilizer",
      "image_filename": "question_67.png",
      "captured": true,
      "explanation": [
        "https://d2f8z173p7073l.cloudfront.net/1582991185432"
      ]
    },
    "question_68": {
      "question_number": 68,
      "correct_option": 4,
      "sds_id": "SDS159F",
      "subtopic": "Microbes as Biofertilizer",
      "image_filename": "question_68.png",
      "captured": true,
      "explanation": [
        "https://d2f8z173p7073l.cloudfront.net/1582991130870"
      ]
    },
    "question_69": {
      "question_number": 69,
      "correct_option": 4,
      "sds_id": "SDS15A0",
      "subtopic": "Microbes as Biofertilizer",
      "image_filename": "question_69.png",
      "captured": true,
      "explanation": [
        "https://d2f8z173p7073l.cloudfront.net/1588067195772"
      ]
    },
    "question_70": {
      "question_number": 70,
      "correct_option": 2,
      "sds_id": "SDS15A1",
      "subtopic": "Microbes as Biofertilizer",
      "image_filename": "question_70.png",
      "captured": true,
      "explanation": [
        "https://d1iljb9ao69244.cloudfront.net/400716_1703000794137_5.ogg"
      ]
    },
    "question_71": {
      "question_number": 71,
      "correct_option": 3,
      "sds_id": "SDS15A2",
      "subtopic": "Microbes as Biofertilizer",
      "image_filename": "question_71.png",
      "captured": true,
      "explanation": [
        "https://d1iljb9ao69244.cloudfront.net/400726_1703001171981_12.ogg"
      ]
    },
    "question_72": {
      "question_number": 72,
      "correct_option": 2,
      "sds_id": "SDS15A3",
      "subtopic": "Microbes as Biofertilizer",
      "image_filename": "question_72.png",
      "captured": true,
      "explanation": [
        "https://d1iljb9ao69244.cloudfront.net/401440_1703395525072_23.ogg"
      ]
    },
    "question_73": {
      "question_number": 73,
      "correct_option": 3,
      "sds_id": "SDS15A4",
      "subtopic": "Microbes as Biofertilizer",
      "image_filename": "question_73.png",
      "captured": true,
      "explanation": [
        "https://d1iljb9ao69244.cloudfront.net/401441_1703395539046_24.ogg"
      ]
    },
    "question_74": {
      "question_number": 74,
      "correct_option": 1,
      "sds_id": "SDS15A5",
      "subtopic": "Microbes as Biofertilizer",
      "image_filename": "question_74.png",
      "captured": true,
      "explanation": [
        "https://d1iljb9ao69244.cloudfront.net/401438_1703395509449_22.ogg"
      ]
    },
    "question_75": {
      "question_number": 75,
      "correct_option": 4,
      "sds_id": "SDS15A6",
      "subtopic": "Microbes as Biofertilizer",
      "image_filename": "question_75.png",
      "captured": true,
      "explanation": [
        "https://d1iljb9ao69244.cloudfront.net/426491_1709887492058_16.ogg"
      ]
    },
    "question_76": {
      "question_number": 76,
      "correct_option": 1,
      "sds_id": "SDS15A7",
      "subtopic": "Microbes as Biofertilizer",
      "image_filename": "question_76.png",
      "captured": true,
      "explanation": [
        "https://d1iljb9ao69244.cloudfront.net/431606_1711173023579_30.ogg"
      ]
    },
    "question_77": {
      "question_number": 77,
      "correct_option": 2,
      "sds_id": "SDS15A8",
      "subtopic": "Microbes as Biofertilizer",
      "image_filename": "question_77.png",
      "captured": true,
      "explanation": [
        "https://d1iljb9ao69244.cloudfront.net/327709_1646936837814_12.ogg"
      ]
    },
    "question_78": {
      "question_number": 78,
      "correct_option": 1,
      "sds_id": "SDS15A9",
      "subtopic": "Microbes as Biofertilizer",
      "image_filename": "question_78.png",
      "captured": true,
      "explanation": [
        "https://d2f8z173p7073l.cloudfront.net/1551695705888"
      ]
    }
  }
}