{
  "chapter_no": 15,
  "chapter_name": "Body Fluids and Circulation",
  "section_name": "Level 1",
  "total_questions": 156,
  "questions": {
    "question_1": {
      "question_number": 1,
      "correct_option": 2,
      "sds_id": "SDS0BA7",
      "subtopic": "Blood: White Blood Cells",
      "image_filename": "question_1.png",
      "captured": true,
      "explanation": [
        "https://d1iljb9ao69244.cloudfront.net/61384_1724406890459_37.ogg",
        "https://d2f8z173p7073l.cloudfront.net/1547971019835"
      ]
    },
    "question_2": {
      "question_number": 2,
      "correct_option": 4,
      "sds_id": "SDS0BA8",
      "subtopic": "Blood: White Blood Cells",
      "image_filename": "question_2.png",
      "captured": true,
      "explanation": [
        "https://d1iljb9ao69244.cloudfront.net/127068_1727001933209_624.ogg",
        "https://d2f8z173p7073l.cloudfront.net/1585130261673"
      ]
    },
    "question_3": {
      "question_number": 3,
      "correct_option": 2,
      "sds_id": "SDS0BA9",
      "subtopic": "Blood: White Blood Cells",
      "image_filename": "question_3.png",
      "captured": true,
      "explanation": [
        "https://d1iljb9ao69244.cloudfront.net/400025_1702456608615_70.ogg"
      ]
    },
    "question_4": {
      "question_number": 4,
      "correct_option": 3,
      "sds_id": "SDS0BAA",
      "subtopic": "Blood: White Blood Cells",
      "image_filename": "question_4.png",
      "captured": true,
      "explanation": [
        "https://d1iljb9ao69244.cloudfront.net/412971_1706510069635_62.ogg"
      ]
    },
    "question_5": {
      "question_number": 5,
      "correct_option": 1,
      "sds_id": "SDS0BAB",
      "subtopic": "Blood: White Blood Cells",
      "image_filename": "question_5.png",
      "captured": true,
      "explanation": [
        "https://d1iljb9ao69244.cloudfront.net/412976_1706510136351_65.ogg"
      ]
    },
    "question_6": {
      "question_number": 6,
      "correct_option": 4,
      "sds_id": "SDS0BAC",
      "subtopic": "Blood: White Blood Cells",
      "image_filename": "question_6.png",
      "captured": true,
      "explanation": [
        "https://d1iljb9ao69244.cloudfront.net/384652_1694833630639_5-RBCs.ogg"
      ]
    },
    "question_7": {
      "question_number": 7,
      "correct_option": 1,
      "sds_id": "SDS0BAD",
      "subtopic": "Blood: White Blood Cells",
      "image_filename": "question_7.png",
      "captured": true,
      "explanation": [
        "https://d1iljb9ao69244.cloudfront.net/392571_1697797934562_1.ogg"
      ]
    },
    "question_8": {
      "question_number": 8,
      "correct_option": 4,
      "sds_id": "SDS0BAE",
      "subtopic": "Blood: White Blood Cells",
      "image_filename": "question_8.png",
      "captured": true,
      "explanation": [
        "https://d1iljb9ao69244.cloudfront.net/420644_1709209932618_3.ogg"
      ]
    },
    "question_9": {
      "question_number": 9,
      "correct_option": 1,
      "sds_id": "SDS0BAF",
      "subtopic": "Blood: White Blood Cells",
      "image_filename": "question_9.png",
      "captured": true,
      "explanation": [
        "https://d1iljb9ao69244.cloudfront.net/425211_1709539226869_72.ogg"
      ]
    },
    "question_10": {
      "question_number": 10,
      "correct_option": 4,
      "sds_id": "SDS0BB0",
      "subtopic": "Blood: White Blood Cells",
      "image_filename": "question_10.png",
      "captured": true,
      "explanation": [
        "https://d1iljb9ao69244.cloudfront.net/436339_1712126199263_13.ogg"
      ]
    },
    "question_11": {
      "question_number": 11,
      "correct_option": 1,
      "sds_id": "SDS0BB1",
      "subtopic": "Blood: White Blood Cells",
      "image_filename": "question_11.png",
      "captured": true,
      "explanation": [
        "https://d1iljb9ao69244.cloudfront.net/429908_1710826260946_20.ogg"
      ]
    },
    "question_12": {
      "question_number": 12,
      "correct_option": 3,
      "sds_id": "SDS0BB2",
      "subtopic": "Blood: White Blood Cells",
      "image_filename": "question_12.png",
      "captured": true,
      "explanation": [
        "https://d1iljb9ao69244.cloudfront.net/question_explanations_337557_1655524503742.ogg",
        "https://dsbihjlymzdyy.cloudfront.net/bio_images/svg%20images%20test%20id%20-%202676433/svg.%20337557.svg"
      ]
    },
    "question_13": {
      "question_number": 13,
      "correct_option": 2,
      "sds_id": "SDS0BB3",
      "subtopic": "Blood: White Blood Cells",
      "image_filename": "question_13.png",
      "captured": true,
      "explanation": [
        "https://d1iljb9ao69244.cloudfront.net/117733_1726226642309_254.ogg",
        "https://d1iljb9ao69244.cloudfront.net/117733_1686480437263_WhatsApp%20Ptt%202023-06-11%20at%2016.12.52.ogg",
        "https://dsbihjlymzdyy.cloudfront.net/bio_images/all/Diagrams%20in%20Svg%20form%2FSudhansu%2F117733%20-%20%28i%29.svg.svg",
        "https://d2f8z173p7073l.cloudfront.net/1686480343086",
        "https://dsbihjlymzdyy.cloudfront.net/bio_images/all/Diagrams%20in%20Svg%20form%2FSudhansu%2F117733%20-%20%28iii%29.svg.svg",
        "https://dsbihjlymzdyy.cloudfront.net/bio_images/all/Diagrams%20in%20Svg%20form%2FSudhansu%2F117733%20-%20%28iv%29.svg.svg",
        "https://d1iljb9ao69244.cloudfront.net/117733_1686480437263_WhatsApp"
      ]
    },
    "question_14": {
      "question_number": 14,
      "correct_option": 3,
      "sds_id": "SDS0BB4",
      "subtopic": "Blood: White Blood Cells",
      "image_filename": "question_14.png",
      "captured": true,
      "explanation": [
        "https://d1iljb9ao69244.cloudfront.net/392573_1697797972394_2.ogg"
      ]
    },
    "question_15": {
      "question_number": 15,
      "correct_option": 1,
      "sds_id": "SDS0BB5",
      "subtopic": "Blood: Blood Group (A,B,O)",
      "image_filename": "question_15.png",
      "captured": true,
      "explanation": [
        "https://d1iljb9ao69244.cloudfront.net/127083_1727009029129_632.ogg",
        "https://d2f8z173p7073l.cloudfront.net/1585129595254"
      ]
    },
    "question_16": {
      "question_number": 16,
      "correct_option": 4,
      "sds_id": "SDS0BB6",
      "subtopic": "Blood: Blood Group (A,B,O)",
      "image_filename": "question_16.png",
      "captured": true,
      "explanation": [
        "https://d1iljb9ao69244.cloudfront.net/61368_1724406878223_36.ogg",
        "https://d2f8z173p7073l.cloudfront.net/1547967075710"
      ]
    },
    "question_17": {
      "question_number": 17,
      "correct_option": 2,
      "sds_id": "SDS0BB7",
      "subtopic": "Blood: Blood Group (A,B,O)",
      "image_filename": "question_17.png",
      "captured": true,
      "explanation": [
        "https://d1iljb9ao69244.cloudfront.net/61393_1724406917137_39.ogg",
        "https://d2f8z173p7073l.cloudfront.net/1547971450856"
      ]
    },
    "question_18": {
      "question_number": 18,
      "correct_option": 2,
      "sds_id": "SDS0BB8",
      "subtopic": "Blood: Blood Group (A,B,O)",
      "image_filename": "question_18.png",
      "captured": true,
      "explanation": [
        "https://d1iljb9ao69244.cloudfront.net/400029_1702458775538_72.ogg"
      ]
    },
    "question_19": {
      "question_number": 19,
      "correct_option": 1,
      "sds_id": "SDS0BB9",
      "subtopic": "Blood: Blood Group (A,B,O)",
      "image_filename": "question_19.png",
      "captured": true,
      "explanation": [
        "https://d1iljb9ao69244.cloudfront.net/412975_1706510119851_64.ogg"
      ]
    },
    "question_20": {
      "question_number": 20,
      "correct_option": 3,
      "sds_id": "SDS0BBA",
      "subtopic": "Blood: Blood Group (A,B,O)",
      "image_filename": "question_20.png",
      "captured": true,
      "explanation": [
        "https://d1iljb9ao69244.cloudfront.net/391571_1697601192758_83.ogg"
      ]
    },
    "question_21": {
      "question_number": 21,
      "correct_option": 3,
      "sds_id": "SDS0BBB",
      "subtopic": "Blood: Blood Group (A,B,O)",
      "image_filename": "question_21.png",
      "captured": true,
      "explanation": [
        "https://d1iljb9ao69244.cloudfront.net/448172_1713519041332_9.ogg"
      ]
    },
    "question_22": {
      "question_number": 22,
      "correct_option": 3,
      "sds_id": "SDS0BBC",
      "subtopic": "Blood: Blood Group (A,B,O)",
      "image_filename": "question_22.png",
      "captured": true,
      "explanation": [
        "https://d1iljb9ao69244.cloudfront.net/453646_1714481808435_50.ogg"
      ]
    },
    "question_23": {
      "question_number": 23,
      "correct_option": 1,
      "sds_id": "SDS0BBD",
      "subtopic": "Blood: Blood Group (A,B,O)",
      "image_filename": "question_23.png",
      "captured": true,
      "explanation": [
        "https://d1iljb9ao69244.cloudfront.net/127062_1727001662836_620.ogg",
        "https://d2f8z173p7073l.cloudfront.net/1585128552628"
      ]
    },
    "question_24": {
      "question_number": 24,
      "correct_option": 1,
      "sds_id": "SDS0BBE",
      "subtopic": "Blood: Blood Group (A,B,O)",
      "image_filename": "question_24.png",
      "captured": true,
      "explanation": [
        "https://d1iljb9ao69244.cloudfront.net/127086_1727009137912_634.ogg",
        "https://d2f8z173p7073l.cloudfront.net/1585131442927"
      ]
    },
    "question_25": {
      "question_number": 25,
      "correct_option": 2,
      "sds_id": "SDS0BBF",
      "subtopic": "Blood: Blood Group (A,B,O)",
      "image_filename": "question_25.png",
      "captured": true,
      "explanation": [
        "https://d1iljb9ao69244.cloudfront.net/391562_1697560526757_79.ogg"
      ]
    },
    "question_26": {
      "question_number": 26,
      "correct_option": 2,
      "sds_id": "SDS0BC0",
      "subtopic": "Blood: Blood Group",
      "image_filename": "question_26.png",
      "captured": true,
      "explanation": [
        "https://d1iljb9ao69244.cloudfront.net/127064_1727001772700_622.ogg",
        "https://d2f8z173p7073l.cloudfront.net/1585128510688"
      ]
    },
    "question_27": {
      "question_number": 27,
      "correct_option": 3,
      "sds_id": "SDS0BC1",
      "subtopic": "Blood: Blood Group",
      "image_filename": "question_27.png",
      "captured": true,
      "explanation": [
        "https://d1iljb9ao69244.cloudfront.net/61241_1724330444176_19.ogg",
        "https://d2f8z173p7073l.cloudfront.net/1547961068026"
      ]
    },
    "question_28": {
      "question_number": 28,
      "correct_option": 1,
      "sds_id": "SDS0BC2",
      "subtopic": "Blood: Blood Group",
      "image_filename": "question_28.png",
      "captured": true,
      "explanation": [
        "https://d1iljb9ao69244.cloudfront.net/443051_1712902010301_13.ogg"
      ]
    },
    "question_29": {
      "question_number": 29,
      "correct_option": 4,
      "sds_id": "SDS0BC3",
      "subtopic": "Blood: Blood Group",
      "image_filename": "question_29.png",
      "captured": true,
      "explanation": [
        "https://d1iljb9ao69244.cloudfront.net/61391_1724406904104_38.ogg",
        "https://d2f8z173p7073l.cloudfront.net/1547971345709"
      ]
    },
    "question_30": {
      "question_number": 30,
      "correct_option": 3,
      "sds_id": "SDS0BC4",
      "subtopic": "Blood: Blood Clotting",
      "image_filename": "question_30.png",
      "captured": true,
      "explanation": [
        "https://d1iljb9ao69244.cloudfront.net/449504_1713776485508_7.ogg"
      ]
    },
    "question_31": {
      "question_number": 31,
      "correct_option": 3,
      "sds_id": "SDS0BC5",
      "subtopic": "Blood: Blood Clotting",
      "image_filename": "question_31.png",
      "captured": true,
      "explanation": [
        "https://d1iljb9ao69244.cloudfront.net/127070_1727002079497_625.ogg",
        "https://d2f8z173p7073l.cloudfront.net/1585128585267"
      ]
    },
    "question_32": {
      "question_number": 32,
      "correct_option": 3,
      "sds_id": "SDS0BC6",
      "subtopic": "Blood: Blood Clotting",
      "image_filename": "question_32.png",
      "captured": true,
      "explanation": [
        "https://d1iljb9ao69244.cloudfront.net/127079_1727002440681_629.ogg",
        "https://d2f8z173p7073l.cloudfront.net/1585129521720"
      ]
    },
    "question_33": {
      "question_number": 33,
      "correct_option": 2,
      "sds_id": "SDS0BC7",
      "subtopic": "Blood: Blood Clotting",
      "image_filename": "question_33.png",
      "captured": true,
      "explanation": [
        "https://d1iljb9ao69244.cloudfront.net/61243_1724330456773_20.ogg",
        "https://d2f8z173p7073l.cloudfront.net/1547961166715"
      ]
    },
    "question_34": {
      "question_number": 34,
      "correct_option": 2,
      "sds_id": "SDS0BC8",
      "subtopic": "Human Heart: Gross Anatomy",
      "image_filename": "question_34.png",
      "captured": true,
      "explanation": [
        "https://d1iljb9ao69244.cloudfront.net/question_explanations_346324_1666365196494.ogg"
      ]
    },
    "question_35": {
      "question_number": 35,
      "correct_option": 2,
      "sds_id": "SDS0BC9",
      "subtopic": "Human Heart: Gross Anatomy",
      "image_filename": "question_35.png",
      "captured": true,
      "explanation": [
        "https://d1iljb9ao69244.cloudfront.net/384658_1694834045871_20-the%20human%20heart.ogg",
        "https://d1iljb9ao69244.cloudfront.net/384658_1694834045871_20-the"
      ]
    },
    "question_36": {
      "question_number": 36,
      "correct_option": 1,
      "sds_id": "SDS0BCA",
      "subtopic": "Human Heart: Gross Anatomy",
      "image_filename": "question_36.png",
      "captured": true,
      "explanation": [
        "https://d1iljb9ao69244.cloudfront.net/127065_1727001833780_623.ogg",
        "https://d2f8z173p7073l.cloudfront.net/1585128729016"
      ]
    },
    "question_37": {
      "question_number": 37,
      "correct_option": 1,
      "sds_id": "SDS0BCB",
      "subtopic": "Human Heart: Gross Anatomy",
      "image_filename": "question_37.png",
      "captured": true,
      "explanation": [
        "https://d1iljb9ao69244.cloudfront.net/question_explanations_346322_1666364971576.ogg"
      ]
    },
    "question_38": {
      "question_number": 38,
      "correct_option": 1,
      "sds_id": "SDS0BCC",
      "subtopic": "Human Heart: Gross Anatomy",
      "image_filename": "question_38.png",
      "captured": true,
      "explanation": [
        "https://d1iljb9ao69244.cloudfront.net/61350_1724406850813_34.ogg",
        "https://d2f8z173p7073l.cloudfront.net/1547966201003"
      ]
    },
    "question_39": {
      "question_number": 39,
      "correct_option": 3,
      "sds_id": "SDS0BCD",
      "subtopic": "Human Heart: Gross Anatomy",
      "image_filename": "question_39.png",
      "captured": true,
      "explanation": [
        "https://d1iljb9ao69244.cloudfront.net/61344_1724406823069_32.ogg",
        "https://d2f8z173p7073l.cloudfront.net/1547965869197"
      ]
    },
    "question_40": {
      "question_number": 40,
      "correct_option": 4,
      "sds_id": "SDS0BCE",
      "subtopic": "Human Heart: Gross Anatomy",
      "image_filename": "question_40.png",
      "captured": true,
      "explanation": [
        "https://d1iljb9ao69244.cloudfront.net/453640_1714481762515_47.ogg"
      ]
    },
    "question_41": {
      "question_number": 41,
      "correct_option": 1,
      "sds_id": "SDS0BCF",
      "subtopic": "Human Heart: Gross Anatomy",
      "image_filename": "question_41.png",
      "captured": true,
      "explanation": [
        "https://d1iljb9ao69244.cloudfront.net/question_explanations_349043_1666363046754.ogg"
      ]
    },
    "question_42": {
      "question_number": 42,
      "correct_option": 3,
      "sds_id": "SDS0BD0",
      "subtopic": "Human Heart: Gross Anatomy",
      "image_filename": "question_42.png",
      "captured": true,
      "explanation": [
        "https://d1iljb9ao69244.cloudfront.net/391567_1697601165022_82.ogg"
      ]
    },
    "question_43": {
      "question_number": 43,
      "correct_option": 4,
      "sds_id": "SDS0BD1",
      "subtopic": "Human Heart: Gross Anatomy",
      "image_filename": "question_43.png",
      "captured": true,
      "explanation": [
        "https://d1iljb9ao69244.cloudfront.net/127092_1727009447148_638.ogg",
        "https://d2f8z173p7073l.cloudfront.net/1585131265780"
      ]
    },
    "question_44": {
      "question_number": 44,
      "correct_option": 3,
      "sds_id": "SDS0BD2",
      "subtopic": "Human Heart: Gross Anatomy",
      "image_filename": "question_44.png",
      "captured": true,
      "explanation": [
        "https://d1iljb9ao69244.cloudfront.net/391563_1697560564953_80.ogg"
      ]
    },
    "question_45": {
      "question_number": 45,
      "correct_option": 3,
      "sds_id": "SDS0BD3",
      "subtopic": "Human Heart: Gross Anatomy",
      "image_filename": "question_45.png",
      "captured": true,
      "explanation": [
        "https://d1iljb9ao69244.cloudfront.net/333331_1650647414868_14.ogg"
      ]
    },
    "question_46": {
      "question_number": 46,
      "correct_option": 2,
      "sds_id": "SDS0BD4",
      "subtopic": "Human Heart: Gross Anatomy",
      "image_filename": "question_46.png",
      "captured": true,
      "explanation": [
        "https://d1iljb9ao69244.cloudfront.net/433366_1713200271326_WhatsApp%20Ptt%202024-04-15%20at%2010.26.46%20PM.ogg",
        "https://d1iljb9ao69244.cloudfront.net/433366_1713200271326_WhatsApp"
      ]
    },
    "question_47": {
      "question_number": 47,
      "correct_option": 1,
      "sds_id": "SDS0BD5",
      "subtopic": "Human Heart: Gross Anatomy",
      "image_filename": "question_47.png",
      "captured": true,
      "explanation": [
        "https://d1iljb9ao69244.cloudfront.net/384660_1694834113731_23-the%20sino%20atrial.ogg",
        "https://d1iljb9ao69244.cloudfront.net/384660_1694834113731_23-the"
      ]
    },
    "question_48": {
      "question_number": 48,
      "correct_option": 2,
      "sds_id": "SDS0BD6",
      "subtopic": "Human Heart: Gross Anatomy",
      "image_filename": "question_48.png",
      "captured": true,
      "explanation": [
        "https://d1iljb9ao69244.cloudfront.net/400041_1702458866236_78.ogg"
      ]
    },
    "question_49": {
      "question_number": 49,
      "correct_option": 3,
      "sds_id": "SDS0BD7",
      "subtopic": "Human Heart: Gross Anatomy",
      "image_filename": "question_49.png",
      "captured": true,
      "explanation": [
        "https://d1iljb9ao69244.cloudfront.net/63145_1725013425881_137.ogg",
        "https://d2f8z173p7073l.cloudfront.net/1549020279416"
      ]
    },
    "question_50": {
      "question_number": 50,
      "correct_option": 1,
      "sds_id": "SDS0BD8",
      "subtopic": "Human Heart: Double Circulation",
      "image_filename": "question_50.png",
      "captured": true,
      "explanation": [
        "https://d1iljb9ao69244.cloudfront.net/127089_1727009328857_636.ogg",
        "https://d2f8z173p7073l.cloudfront.net/1585130184550"
      ]
    },
    "question_51": {
      "question_number": 51,
      "correct_option": 1,
      "sds_id": "SDS0BD9",
      "subtopic": "Human Heart: Double Circulation",
      "image_filename": "question_51.png",
      "captured": true,
      "explanation": [
        "https://d1iljb9ao69244.cloudfront.net/127052_1727001372568_615.ogg",
        "https://d2f8z173p7073l.cloudfront.net/1585128778278"
      ]
    },
    "question_52": {
      "question_number": 52,
      "correct_option": 3,
      "sds_id": "SDS0BDA",
      "subtopic": "Human Heart: Double Circulation",
      "image_filename": "question_52.png",
      "captured": true,
      "explanation": [
        "https://d1iljb9ao69244.cloudfront.net/127071_1727002138712_626.ogg",
        "https://d2f8z173p7073l.cloudfront.net/1585129088499"
      ]
    },
    "question_53": {
      "question_number": 53,
      "correct_option": 2,
      "sds_id": "SDS0BDB",
      "subtopic": "Human Heart: Double Circulation",
      "image_filename": "question_53.png",
      "captured": true,
      "explanation": [
        "https://d1iljb9ao69244.cloudfront.net/127060_1727001623244_619.ogg",
        "https://d2f8z173p7073l.cloudfront.net/1585129452010"
      ]
    },
    "question_54": {
      "question_number": 54,
      "correct_option": 2,
      "sds_id": "SDS0BDC",
      "subtopic": "Human Heart: Double Circulation",
      "image_filename": "question_54.png",
      "captured": true,
      "explanation": [
        "https://d1iljb9ao69244.cloudfront.net/127081_1727008984456_631.ogg",
        "https://d2f8z173p7073l.cloudfront.net/1585130902532"
      ]
    },
    "question_55": {
      "question_number": 55,
      "correct_option": 2,
      "sds_id": "SDS0BDD",
      "subtopic": "Human Heart: Double Circulation",
      "image_filename": "question_55.png",
      "captured": true,
      "explanation": [
        "https://d1iljb9ao69244.cloudfront.net/61314_1724388986429_28.ogg",
        "https://d2f8z173p7073l.cloudfront.net/1547964246768"
      ]
    },
    "question_56": {
      "question_number": 56,
      "correct_option": 2,
      "sds_id": "SDS0BDE",
      "subtopic": "Human Heart: Double Circulation",
      "image_filename": "question_56.png",
      "captured": true,
      "explanation": [
        "https://d1iljb9ao69244.cloudfront.net/265286_1727422859963_790.ogg",
        "https://d1iljb9ao69244.cloudfront.net/question_explanations_265286_1630758749249.ogg"
      ]
    },
    "question_57": {
      "question_number": 57,
      "correct_option": 2,
      "sds_id": "SDS0BDF",
      "subtopic": "Human Heart: Double Circulation",
      "image_filename": "question_57.png",
      "captured": true,
      "explanation": [
        "https://d1iljb9ao69244.cloudfront.net/400013_1702459264445_84.ogg"
      ]
    },
    "question_58": {
      "question_number": 58,
      "correct_option": 2,
      "sds_id": "SDS0BE0",
      "subtopic": "Human Heart: Double Circulation",
      "image_filename": "question_58.png",
      "captured": true,
      "explanation": [
        "https://d1iljb9ao69244.cloudfront.net/412984_1706510666736_71.ogg"
      ]
    },
    "question_59": {
      "question_number": 59,
      "correct_option": 2,
      "sds_id": "SDS0BE1",
      "subtopic": "Human Heart: Double Circulation",
      "image_filename": "question_59.png",
      "captured": true,
      "explanation": [
        "https://d1iljb9ao69244.cloudfront.net/61311_1724388973967_27.ogg",
        "https://d2f8z173p7073l.cloudfront.net/1547964157391"
      ]
    },
    "question_60": {
      "question_number": 60,
      "correct_option": 2,
      "sds_id": "SDS0BE2",
      "subtopic": "Human Heart: Double Circulation",
      "image_filename": "question_60.png",
      "captured": true,
      "explanation": [
        "https://d1iljb9ao69244.cloudfront.net/61297_1724388949984_25.ogg",
        "https://d2f8z173p7073l.cloudfront.net/1547963747356"
      ]
    },
    "question_61": {
      "question_number": 61,
      "correct_option": 1,
      "sds_id": "SDS0BE3",
      "subtopic": "Human Heart: Double Circulation",
      "image_filename": "question_61.png",
      "captured": true,
      "explanation": [
        "https://d1iljb9ao69244.cloudfront.net/127080_1727002502241_630.ogg",
        "https://d2f8z173p7073l.cloudfront.net/1585130793626"
      ]
    },
    "question_62": {
      "question_number": 62,
      "correct_option": 1,
      "sds_id": "SDS0BE4",
      "subtopic": "Human Heart: Double Circulation",
      "image_filename": "question_62.png",
      "captured": true,
      "explanation": [
        "https://d1iljb9ao69244.cloudfront.net/61347_1724406838881_33.ogg",
        "https://d2f8z173p7073l.cloudfront.net/1547966075968"
      ]
    },
    "question_63": {
      "question_number": 63,
      "correct_option": 4,
      "sds_id": "SDS0BE5",
      "subtopic": "Human Heart: Double Circulation",
      "image_filename": "question_63.png",
      "captured": true,
      "explanation": [
        "https://d1iljb9ao69244.cloudfront.net/63150_1725013466093_140.ogg",
        "https://d2f8z173p7073l.cloudfront.net/1549020552666"
      ]
    },
    "question_64": {
      "question_number": 64,
      "correct_option": 1,
      "sds_id": "SDS0BE6",
      "subtopic": "Human Heart: Double Circulation",
      "image_filename": "question_64.png",
      "captured": true,
      "explanation": [
        "https://d1iljb9ao69244.cloudfront.net/question_explanations_346329_1666366140222.ogg"
      ]
    },
    "question_65": {
      "question_number": 65,
      "correct_option": 1,
      "sds_id": "SDS0BE7",
      "subtopic": "Human Heart: Double Circulation",
      "image_filename": "question_65.png",
      "captured": true,
      "explanation": [
        "https://d1iljb9ao69244.cloudfront.net/391575_1697601266576_86.ogg"
      ]
    },
    "question_66": {
      "question_number": 66,
      "correct_option": 4,
      "sds_id": "SDS0BE8",
      "subtopic": "Human Heart: Double Circulation",
      "image_filename": "question_66.png",
      "captured": true,
      "explanation": [
        "https://d1iljb9ao69244.cloudfront.net/420614_1708425316072_93.ogg"
      ]
    },
    "question_67": {
      "question_number": 67,
      "correct_option": 2,
      "sds_id": "SDS0BE9",
      "subtopic": "Human Heart: Double Circulation",
      "image_filename": "question_67.png",
      "captured": true,
      "explanation": [
        "https://d1iljb9ao69244.cloudfront.net/439264_1712654521317_17.ogg"
      ]
    },
    "question_68": {
      "question_number": 68,
      "correct_option": 4,
      "sds_id": "SDS0BEA",
      "subtopic": "Human Heart: Double Circulation",
      "image_filename": "question_68.png",
      "captured": true,
      "explanation": [
        "https://d1iljb9ao69244.cloudfront.net/443055_1712902045053_15.ogg"
      ]
    },
    "question_69": {
      "question_number": 69,
      "correct_option": 1,
      "sds_id": "SDS0BEB",
      "subtopic": "Human Heart: Double Circulation",
      "image_filename": "question_69.png",
      "captured": true,
      "explanation": [
        "https://d1iljb9ao69244.cloudfront.net/447186_1713268898922_10.ogg"
      ]
    },
    "question_70": {
      "question_number": 70,
      "correct_option": 2,
      "sds_id": "SDS0BEC",
      "subtopic": "Human Heart: Double Circulation",
      "image_filename": "question_70.png",
      "captured": true,
      "explanation": [
        "https://d1iljb9ao69244.cloudfront.net/127074_1727002248776_627.ogg",
        "https://d2f8z173p7073l.cloudfront.net/1585130597643"
      ]
    },
    "question_71": {
      "question_number": 71,
      "correct_option": 4,
      "sds_id": "SDS0BED",
      "subtopic": "Human Heart: Cardiac Cycle",
      "image_filename": "question_71.png",
      "captured": true,
      "explanation": [
        "https://d1iljb9ao69244.cloudfront.net/384659_1694834092511_22-the%20opening.ogg",
        "https://d1iljb9ao69244.cloudfront.net/384659_1694834092511_22-the"
      ]
    },
    "question_72": {
      "question_number": 72,
      "correct_option": 3,
      "sds_id": "SDS0BEE",
      "subtopic": "Human Heart: Cardiac Cycle",
      "image_filename": "question_72.png",
      "captured": true,
      "explanation": [
        "https://d1iljb9ao69244.cloudfront.net/400039_1702458851884_77.ogg"
      ]
    },
    "question_73": {
      "question_number": 73,
      "correct_option": 4,
      "sds_id": "SDS0BEF",
      "subtopic": "Human Heart: Cardiac Cycle",
      "image_filename": "question_73.png",
      "captured": true,
      "explanation": [
        "https://d1iljb9ao69244.cloudfront.net/62960_1724929153715_112.ogg",
        "https://d2f8z173p7073l.cloudfront.net/1549021345584"
      ]
    },
    "question_74": {
      "question_number": 74,
      "correct_option": 4,
      "sds_id": "SDS0BF0",
      "subtopic": "Human Heart: Cardiac Cycle",
      "image_filename": "question_74.png",
      "captured": true,
      "explanation": [
        "https://d1iljb9ao69244.cloudfront.net/61351_1724406863846_35.ogg",
        "https://d2f8z173p7073l.cloudfront.net/1547966230440"
      ]
    },
    "question_75": {
      "question_number": 75,
      "correct_option": 4,
      "sds_id": "SDS0BF1",
      "subtopic": "Human Heart: Cardiac Cycle",
      "image_filename": "question_75.png",
      "captured": true,
      "explanation": [
        "https://d1iljb9ao69244.cloudfront.net/63146_1725013439931_138.ogg",
        "https://d2f8z173p7073l.cloudfront.net/1549020350237"
      ]
    },
    "question_76": {
      "question_number": 76,
      "correct_option": 3,
      "sds_id": "SDS0BF2",
      "subtopic": "Human Heart: Cardiac Cycle",
      "image_filename": "question_76.png",
      "captured": true,
      "explanation": [
        "https://d1iljb9ao69244.cloudfront.net/448175_1713519056716_10.ogg"
      ]
    },
    "question_77": {
      "question_number": 77,
      "correct_option": 3,
      "sds_id": "SDS0BF3",
      "subtopic": "Human Heart: Cardiac Cycle",
      "image_filename": "question_77.png",
      "captured": true,
      "explanation": [
        "https://d1iljb9ao69244.cloudfront.net/429965_1710826497211_21.ogg"
      ]
    },
    "question_78": {
      "question_number": 78,
      "correct_option": 4,
      "sds_id": "SDS0BF4",
      "subtopic": "Human Heart: Cardiac Cycle",
      "image_filename": "question_78.png",
      "captured": true,
      "explanation": [
        "https://d1iljb9ao69244.cloudfront.net/392582_1697798118311_8.ogg"
      ]
    },
    "question_79": {
      "question_number": 79,
      "correct_option": 2,
      "sds_id": "SDS0BF5",
      "subtopic": "Human Heart: Cardiac Cycle",
      "image_filename": "question_79.png",
      "captured": true,
      "explanation": [
        "https://d1iljb9ao69244.cloudfront.net/391565_1697601133758_81.ogg"
      ]
    },
    "question_80": {
      "question_number": 80,
      "correct_option": 4,
      "sds_id": "SDS0BF6",
      "subtopic": "Human Heart: Cardiac Cycle",
      "image_filename": "question_80.png",
      "captured": true,
      "explanation": [
        "https://d1iljb9ao69244.cloudfront.net/384665_1694834246917_30-if%20the%20average.ogg",
        "https://d1iljb9ao69244.cloudfront.net/384665_1694834246917_30-if"
      ]
    },
    "question_81": {
      "question_number": 81,
      "correct_option": 3,
      "sds_id": "SDS0BF7",
      "subtopic": "Human Heart: Cardiac Cycle",
      "image_filename": "question_81.png",
      "captured": true,
      "explanation": [
        "https://d1iljb9ao69244.cloudfront.net/384664_1694834231790_29-during%20ventricular.ogg",
        "https://d1iljb9ao69244.cloudfront.net/384664_1694834231790_29-during"
      ]
    },
    "question_82": {
      "question_number": 82,
      "correct_option": 2,
      "sds_id": "SDS0BF8",
      "subtopic": "Human Heart: Cardiac Cycle",
      "image_filename": "question_82.png",
      "captured": true,
      "explanation": [
        "https://d1iljb9ao69244.cloudfront.net/384662_1694834169924_26-the%20atrial.ogg",
        "https://d1iljb9ao69244.cloudfront.net/384662_1694834169924_26-the"
      ]
    },
    "question_83": {
      "question_number": 83,
      "correct_option": 3,
      "sds_id": "SDS0BF9",
      "subtopic": "Human Heart: Cardiac Cycle",
      "image_filename": "question_83.png",
      "captured": true,
      "explanation": [
        "https://d1iljb9ao69244.cloudfront.net/384661_1694834144251_25-during%20cardiac.ogg",
        "https://d1iljb9ao69244.cloudfront.net/384661_1694834144251_25-during"
      ]
    },
    "question_84": {
      "question_number": 84,
      "correct_option": 3,
      "sds_id": "SDS0BFA",
      "subtopic": "Human Heart: Cardiac Cycle",
      "image_filename": "question_84.png",
      "captured": true,
      "explanation": [
        "https://d1iljb9ao69244.cloudfront.net/412980_1706510190619_68.ogg"
      ]
    },
    "question_85": {
      "question_number": 85,
      "correct_option": 3,
      "sds_id": "SDS0BFB",
      "subtopic": "Human Heart: Cardiac Cycle",
      "image_filename": "question_85.png",
      "captured": true,
      "explanation": [
        "https://d1iljb9ao69244.cloudfront.net/question_explanations_334952_1651890941364.ogg"
      ]
    },
    "question_86": {
      "question_number": 86,
      "correct_option": 2,
      "sds_id": "SDS0BFC",
      "subtopic": "Human Heart: Cardiac Cycle",
      "image_filename": "question_86.png",
      "captured": true,
      "explanation": [
        "https://d1iljb9ao69244.cloudfront.net/question_explanations_346328_1666365940759.ogg"
      ]
    },
    "question_87": {
      "question_number": 87,
      "correct_option": 1,
      "sds_id": "SDS0BFD",
      "subtopic": "Human Heart: Cardiac Cycle",
      "image_filename": "question_87.png",
      "captured": true,
      "explanation": [
        "https://d1iljb9ao69244.cloudfront.net/61335_1724389011703_30.ogg",
        "https://d2f8z173p7073l.cloudfront.net/1547965062573"
      ]
    },
    "question_88": {
      "question_number": 88,
      "correct_option": 3,
      "sds_id": "SDS0BFE",
      "subtopic": "Human Heart: Cardiac Cycle",
      "image_filename": "question_88.png",
      "captured": true,
      "explanation": [
        "https://d1iljb9ao69244.cloudfront.net/61238_1724330430771_18.ogg",
        "https://d2f8z173p7073l.cloudfront.net/1547960933292"
      ]
    },
    "question_89": {
      "question_number": 89,
      "correct_option": 3,
      "sds_id": "SDS0BFF",
      "subtopic": "Human Heart: Cardiac Cycle",
      "image_filename": "question_89.png",
      "captured": true,
      "explanation": [
        "https://d2f8z173p7073l.cloudfront.net/1547965135353"
      ]
    },
    "question_90": {
      "question_number": 90,
      "correct_option": 3,
      "sds_id": "SDS0C00",
      "subtopic": "Human Heart: Cardiac Cycle",
      "image_filename": "question_90.png",
      "captured": true,
      "explanation": [
        "https://d1iljb9ao69244.cloudfront.net/63149_1725013452504_139.ogg",
        "https://d2f8z173p7073l.cloudfront.net/1549020487885"
      ]
    },
    "question_91": {
      "question_number": 91,
      "correct_option": 3,
      "sds_id": "SDS0C01",
      "subtopic": "Human Heart: Cardiac Cycle",
      "image_filename": "question_91.png",
      "captured": true,
      "explanation": [
        "https://d1iljb9ao69244.cloudfront.net/400007_1702459220452_81.ogg"
      ]
    },
    "question_92": {
      "question_number": 92,
      "correct_option": 2,
      "sds_id": "SDS0C02",
      "subtopic": "Human Heart: Cardiac Cycle",
      "image_filename": "question_92.png",
      "captured": true,
      "explanation": [
        "https://d1iljb9ao69244.cloudfront.net/400021_1702456579525_68.ogg"
      ]
    },
    "question_93": {
      "question_number": 93,
      "correct_option": 2,
      "sds_id": "SDS0C03",
      "subtopic": "Human Heart: Cardiac Cycle",
      "image_filename": "question_93.png",
      "captured": true,
      "explanation": [
        "https://d1iljb9ao69244.cloudfront.net/412979_1706510172231_67.ogg"
      ]
    },
    "question_94": {
      "question_number": 94,
      "correct_option": 1,
      "sds_id": "SDS0C04",
      "subtopic": "Human Heart: Cardiac Cycle",
      "image_filename": "question_94.png",
      "captured": true,
      "explanation": [
        "https://d1iljb9ao69244.cloudfront.net/384776_1721623899852_17.ogg"
      ]
    },
    "question_95": {
      "question_number": 95,
      "correct_option": 3,
      "sds_id": "SDS0C05",
      "subtopic": "Human Heart: Cardiac Cycle",
      "image_filename": "question_95.png",
      "captured": true,
      "explanation": [
        "https://d1iljb9ao69244.cloudfront.net/439263_1712654506757_16.ogg"
      ]
    },
    "question_96": {
      "question_number": 96,
      "correct_option": 1,
      "sds_id": "SDS0C06",
      "subtopic": "Human Heart: Cardiac Cycle",
      "image_filename": "question_96.png",
      "captured": true,
      "explanation": [
        "https://d1iljb9ao69244.cloudfront.net/127090_1727009388313_637.ogg",
        "https://d2f8z173p7073l.cloudfront.net/1585130962566"
      ]
    },
    "question_97": {
      "question_number": 97,
      "correct_option": 3,
      "sds_id": "SDS0C07",
      "subtopic": "Human Heart: Cardiac Cycle",
      "image_filename": "question_97.png",
      "captured": true,
      "explanation": [
        "https://d1iljb9ao69244.cloudfront.net/question_explanations_346330_1666366304894.ogg"
      ]
    },
    "question_98": {
      "question_number": 98,
      "correct_option": 2,
      "sds_id": "SDS0C08",
      "subtopic": "Rhythmic Excitation of Human Heart: Part 2",
      "image_filename": "question_98.png",
      "captured": true,
      "explanation": [
        "https://d1iljb9ao69244.cloudfront.net/392579_1697798072694_6.ogg"
      ]
    },
    "question_99": {
      "question_number": 99,
      "correct_option": 4,
      "sds_id": "SDS0C09",
      "subtopic": "Rhythmic Excitation of Human Heart: Part 2",
      "image_filename": "question_99.png",
      "captured": true,
      "explanation": [
        "https://d1iljb9ao69244.cloudfront.net/127198_1727009717136_642.ogg",
        "https://d2f8z173p7073l.cloudfront.net/1585129873002"
      ]
    },
    "question_100": {
      "question_number": 100,
      "correct_option": 2,
      "sds_id": "SDS0C0A",
      "subtopic": "Rhythmic Excitation of Human Heart: Part 2",
      "image_filename": "question_100.png",
      "captured": true,
      "explanation": [
        "https://d1iljb9ao69244.cloudfront.net/127084_1727009079596_633.ogg",
        "https://d2f8z173p7073l.cloudfront.net/1585131080501"
      ]
    },
    "question_101": {
      "question_number": 101,
      "correct_option": 3,
      "sds_id": "SDS0C0B",
      "subtopic": "Rhythmic Excitation of Human Heart: Part 2",
      "image_filename": "question_101.png",
      "captured": true,
      "explanation": [
        "https://d1iljb9ao69244.cloudfront.net/127199_1727009773009_643.ogg",
        "https://d2f8z173p7073l.cloudfront.net/1585131041088"
      ]
    },
    "question_102": {
      "question_number": 102,
      "correct_option": 4,
      "sds_id": "SDS0C0C",
      "subtopic": "ECG & Coronary Artery Disease",
      "image_filename": "question_102.png",
      "captured": true,
      "explanation": [
        "https://d1iljb9ao69244.cloudfront.net/452721_1714306390131_7.ogg"
      ]
    },
    "question_103": {
      "question_number": 103,
      "correct_option": 2,
      "sds_id": "SDS0C0D",
      "subtopic": "ECG & Coronary Artery Disease",
      "image_filename": "question_103.png",
      "captured": true,
      "explanation": [
        "https://d1iljb9ao69244.cloudfront.net/425209_1709539213863_71.ogg"
      ]
    },
    "question_104": {
      "question_number": 104,
      "correct_option": 1,
      "sds_id": "SDS0C0E",
      "subtopic": "ECG & Coronary Artery Disease",
      "image_filename": "question_104.png",
      "captured": true,
      "explanation": [
        "https://d1iljb9ao69244.cloudfront.net/420647_1709209964646_5.ogg"
      ]
    },
    "question_105": {
      "question_number": 105,
      "correct_option": 1,
      "sds_id": "SDS0C0F",
      "subtopic": "ECG & Coronary Artery Disease",
      "image_filename": "question_105.png",
      "captured": true,
      "explanation": [
        "https://d1iljb9ao69244.cloudfront.net/384778_1694864657884_WhatsApp%20Ptt%202023-09-16%20at%2017.04.59.ogg",
        "https://d1iljb9ao69244.cloudfront.net/384778_1694864657884_WhatsApp"
      ]
    },
    "question_106": {
      "question_number": 106,
      "correct_option": 4,
      "sds_id": "SDS0C10",
      "subtopic": "ECG & Coronary Artery Disease",
      "image_filename": "question_106.png",
      "captured": true,
      "explanation": [
        "https://d1iljb9ao69244.cloudfront.net/412983_1706510228473_70.ogg"
      ]
    },
    "question_107": {
      "question_number": 107,
      "correct_option": 2,
      "sds_id": "SDS0C11",
      "subtopic": "ECG & Coronary Artery Disease",
      "image_filename": "question_107.png",
      "captured": true,
      "explanation": [
        "https://d1iljb9ao69244.cloudfront.net/400011_1702459249969_83.ogg"
      ]
    },
    "question_108": {
      "question_number": 108,
      "correct_option": 3,
      "sds_id": "SDS0C12",
      "subtopic": "ECG & Coronary Artery Disease",
      "image_filename": "question_108.png",
      "captured": true,
      "explanation": [
        "https://d1iljb9ao69244.cloudfront.net/question_explanations_346327_1666365803048.ogg"
      ]
    },
    "question_109": {
      "question_number": 109,
      "correct_option": 3,
      "sds_id": "SDS0C13",
      "subtopic": "ECG & Coronary Artery Disease",
      "image_filename": "question_109.png",
      "captured": true,
      "explanation": [
        "https://d1iljb9ao69244.cloudfront.net/127078_1727002306680_628.ogg",
        "https://d2f8z173p7073l.cloudfront.net/1585130530121"
      ]
    },
    "question_110": {
      "question_number": 110,
      "correct_option": 3,
      "sds_id": "SDS0C14",
      "subtopic": "ECG & Coronary Artery Disease",
      "image_filename": "question_110.png",
      "captured": true,
      "explanation": [
        "https://d1iljb9ao69244.cloudfront.net/127051_1727001327835_614.ogg",
        "https://d2f8z173p7073l.cloudfront.net/1585130153122"
      ]
    },
    "question_111": {
      "question_number": 111,
      "correct_option": 1,
      "sds_id": "SDS0C15",
      "subtopic": "ECG & Coronary Artery Disease",
      "image_filename": "question_111.png",
      "captured": true,
      "explanation": [
        "https://d1iljb9ao69244.cloudfront.net/127054_1727001433908_616.ogg",
        "https://d2f8z173p7073l.cloudfront.net/1585131163999"
      ]
    },
    "question_112": {
      "question_number": 112,
      "correct_option": 2,
      "sds_id": "SDS0C16",
      "subtopic": "Atherosclerosis, Hypertension & Ventricular Fibrillation",
      "image_filename": "question_112.png",
      "captured": true,
      "explanation": [
        "https://d1iljb9ao69244.cloudfront.net/61316_1724388999613_29.ogg",
        "https://d2f8z173p7073l.cloudfront.net/1547964297755"
      ]
    },
    "question_113": {
      "question_number": 113,
      "correct_option": 3,
      "sds_id": "SDS0C17",
      "subtopic": "Lymph",
      "image_filename": "question_113.png",
      "captured": true,
      "explanation": [
        "https://d1iljb9ao69244.cloudfront.net/127100_1727009605197_640.ogg",
        "https://d2f8z173p7073l.cloudfront.net/1585131483356"
      ]
    },
    "question_114": {
      "question_number": 114,
      "correct_option": 2,
      "sds_id": "SDS0C18",
      "subtopic": "Lymph",
      "image_filename": "question_114.png",
      "captured": true,
      "explanation": [
        "https://d1iljb9ao69244.cloudfront.net/127088_1727009260484_635.ogg",
        "https://d2f8z173p7073l.cloudfront.net/1585130069557"
      ]
    },
    "question_115": {
      "question_number": 115,
      "correct_option": 3,
      "sds_id": "SDS0C19",
      "subtopic": "Lymph",
      "image_filename": "question_115.png",
      "captured": true,
      "explanation": [
        "https://d1iljb9ao69244.cloudfront.net/384655_1694833728657_14-the%20interstitial.ogg",
        "https://d1iljb9ao69244.cloudfront.net/384655_1694833728657_14-the"
      ]
    },
    "question_116": {
      "question_number": 116,
      "correct_option": 3,
      "sds_id": "SDS0C1A",
      "subtopic": "Lymph",
      "image_filename": "question_116.png",
      "captured": true,
      "explanation": [
        "https://d1iljb9ao69244.cloudfront.net/61249_1724388846365_21.ogg",
        "https://d2f8z173p7073l.cloudfront.net/1547961396405"
      ]
    },
    "question_117": {
      "question_number": 117,
      "correct_option": 4,
      "sds_id": "SDS0C1B",
      "subtopic": "Lymph",
      "image_filename": "question_117.png",
      "captured": true,
      "explanation": [
        "https://d1iljb9ao69244.cloudfront.net/127197_1727009651057_641.ogg",
        "https://d2f8z173p7073l.cloudfront.net/1585128615788"
      ]
    },
    "question_118": {
      "question_number": 118,
      "correct_option": 2,
      "sds_id": "SDS0C1C",
      "subtopic": "Lymph",
      "image_filename": "question_118.png",
      "captured": true,
      "explanation": [
        "https://d1iljb9ao69244.cloudfront.net/127233_1727009903777_645.ogg",
        "https://d2f8z173p7073l.cloudfront.net/1585130432901"
      ]
    },
    "question_119": {
      "question_number": 119,
      "correct_option": 3,
      "sds_id": "SDS0C1D",
      "subtopic": "Lymph",
      "image_filename": "question_119.png",
      "captured": true,
      "explanation": [
        "https://d1iljb9ao69244.cloudfront.net/61234_1724330417478_17.ogg",
        "https://d2f8z173p7073l.cloudfront.net/1547960814697"
      ]
    },
    "question_120": {
      "question_number": 120,
      "correct_option": 2,
      "sds_id": "SDS0C1E",
      "subtopic": "Regulation of Cardiac Activity",
      "image_filename": "question_120.png",
      "captured": true,
      "explanation": [
        "https://d1iljb9ao69244.cloudfront.net/433514_1711527560292_44.ogg"
      ]
    },
    "question_121": {
      "question_number": 121,
      "correct_option": 1,
      "sds_id": "SDS0C1F",
      "subtopic": "Regulation of Cardiac Activity",
      "image_filename": "question_121.png",
      "captured": true,
      "explanation": [
        "https://d1iljb9ao69244.cloudfront.net/63152_1725017692303_141.ogg",
        "https://d2f8z173p7073l.cloudfront.net/1549020618062"
      ]
    },
    "question_122": {
      "question_number": 122,
      "correct_option": 3,
      "sds_id": "SDS0C20",
      "subtopic": "Regulation of Cardiac Activity",
      "image_filename": "question_122.png",
      "captured": true,
      "explanation": [
        "https://d1iljb9ao69244.cloudfront.net/384781_1694864974589_24.ogg"
      ]
    },
    "question_123": {
      "question_number": 123,
      "correct_option": 1,
      "sds_id": "SDS0C21",
      "subtopic": "Regulation of Cardiac Activity",
      "image_filename": "question_123.png",
      "captured": true,
      "explanation": [
        "https://d1iljb9ao69244.cloudfront.net/131300_1727272594394_725.ogg",
        "https://d2f8z173p7073l.cloudfront.net/1586843990087"
      ]
    },
    "question_124": {
      "question_number": 124,
      "correct_option": 1,
      "sds_id": "SDS0C22",
      "subtopic": "Regulation of Cardiac Activity",
      "image_filename": "question_124.png",
      "captured": true,
      "explanation": [
        "https://d1iljb9ao69244.cloudfront.net/400014_1702459280091_85.ogg"
      ]
    },
    "question_125": {
      "question_number": 125,
      "correct_option": 3,
      "sds_id": "SDS0C23",
      "subtopic": "Regulation of Cardiac Activity",
      "image_filename": "question_125.png",
      "captured": true,
      "explanation": [
        "https://d1iljb9ao69244.cloudfront.net/447767_1713352357068_49.ogg"
      ]
    },
    "question_126": {
      "question_number": 126,
      "correct_option": 1,
      "sds_id": "SDS0C24",
      "subtopic": "Regulation of Cardiac Activity",
      "image_filename": "question_126.png",
      "captured": true,
      "explanation": [
        "https://d1iljb9ao69244.cloudfront.net/question_explanations_346331_1666366789184.ogg"
      ]
    },
    "question_127": {
      "question_number": 127,
      "correct_option": 2,
      "sds_id": "SDS0C25",
      "subtopic": "Regulation of Cardiac Activity",
      "image_filename": "question_127.png",
      "captured": true,
      "explanation": [
        "https://d1iljb9ao69244.cloudfront.net/384780_1694864911146_23.ogg"
      ]
    },
    "question_128": {
      "question_number": 128,
      "correct_option": 3,
      "sds_id": "SDS0C26",
      "subtopic": "Regulation of Cardiac Activity",
      "image_filename": "question_128.png",
      "captured": true,
      "explanation": [
        "https://d1iljb9ao69244.cloudfront.net/449513_1713777917473_16.ogg"
      ]
    },
    "question_129": {
      "question_number": 129,
      "correct_option": 4,
      "sds_id": "SDS0C27",
      "subtopic": "Blood: General Description & RBC",
      "image_filename": "question_129.png",
      "captured": true,
      "explanation": [
        "https://d1iljb9ao69244.cloudfront.net/429907_1710826248401_19.ogg"
      ]
    },
    "question_130": {
      "question_number": 130,
      "correct_option": 2,
      "sds_id": "SDS0C28",
      "subtopic": "Blood: General Description & RBC",
      "image_filename": "question_130.png",
      "captured": true,
      "explanation": [
        "https://d1iljb9ao69244.cloudfront.net/61284_1724388910641_23.ogg",
        "https://d2f8z173p7073l.cloudfront.net/1547962801379"
      ]
    },
    "question_131": {
      "question_number": 131,
      "correct_option": 2,
      "sds_id": "SDS0C29",
      "subtopic": "Blood: General Description & RBC",
      "image_filename": "question_131.png",
      "captured": true,
      "explanation": [
        "https://d1iljb9ao69244.cloudfront.net/127063_1727001727969_621.ogg",
        "https://d2f8z173p7073l.cloudfront.net/1585129649291"
      ]
    },
    "question_132": {
      "question_number": 132,
      "correct_option": 2,
      "sds_id": "SDS0C2A",
      "subtopic": "Blood: General Description & RBC",
      "image_filename": "question_132.png",
      "captured": true,
      "explanation": [
        "https://d1iljb9ao69244.cloudfront.net/61285_1724388936615_24.ogg",
        "https://d2f8z173p7073l.cloudfront.net/1547963066803"
      ]
    },
    "question_133": {
      "question_number": 133,
      "correct_option": 4,
      "sds_id": "SDS0C2B",
      "subtopic": "Blood: General Description & RBC",
      "image_filename": "question_133.png",
      "captured": true,
      "explanation": [
        "https://d1iljb9ao69244.cloudfront.net/384649_1694833528632_3-fibrinogens.ogg"
      ]
    },
    "question_134": {
      "question_number": 134,
      "correct_option": 1,
      "sds_id": "SDS0C2C",
      "subtopic": "Blood: General Description & RBC",
      "image_filename": "question_134.png",
      "captured": true,
      "explanation": [
        "https://d1iljb9ao69244.cloudfront.net/391556_1697560437957_76.ogg"
      ]
    },
    "question_135": {
      "question_number": 135,
      "correct_option": 2,
      "sds_id": "SDS0C2D",
      "subtopic": "Blood: General Description & RBC",
      "image_filename": "question_135.png",
      "captured": true,
      "explanation": [
        "https://d1iljb9ao69244.cloudfront.net/450720_1714041903686_8.ogg"
      ]
    },
    "question_136": {
      "question_number": 136,
      "correct_option": 2,
      "sds_id": "SDS0C2E",
      "subtopic": "Blood: General Description & RBC",
      "image_filename": "question_136.png",
      "captured": true,
      "explanation": [
        "https://d1iljb9ao69244.cloudfront.net/453581_1714476259128_9.ogg"
      ]
    },
    "question_137": {
      "question_number": 137,
      "correct_option": 1,
      "sds_id": "SDS0C2F",
      "subtopic": "Blood: General Description & RBC",
      "image_filename": "question_137.png",
      "captured": true,
      "explanation": [
        "https://d1iljb9ao69244.cloudfront.net/61298_1724388962611_26.ogg",
        "https://d2f8z173p7073l.cloudfront.net/1547963779277"
      ]
    },
    "question_138": {
      "question_number": 138,
      "correct_option": 2,
      "sds_id": "SDS0C30",
      "subtopic": "Blood: General Description & RBC",
      "image_filename": "question_138.png",
      "captured": true,
      "explanation": [
        "https://d1iljb9ao69244.cloudfront.net/61264_1724388892288_22.ogg",
        "https://d2f8z173p7073l.cloudfront.net/1547961879094"
      ]
    },
    "question_139": {
      "question_number": 139,
      "correct_option": 4,
      "sds_id": "SDS0C31",
      "subtopic": "Blood: General Description & RBC",
      "image_filename": "question_139.png",
      "captured": true,
      "explanation": [
        "https://d1iljb9ao69244.cloudfront.net/400027_1702458760460_71.ogg"
      ]
    },
    "question_140": {
      "question_number": 140,
      "correct_option": 3,
      "sds_id": "SDS0C32",
      "subtopic": "Blood: General Description & RBC",
      "image_filename": "question_140.png",
      "captured": true,
      "explanation": [
        "https://d1iljb9ao69244.cloudfront.net/420570_1709200098181_64.ogg"
      ]
    },
    "question_141": {
      "question_number": 141,
      "correct_option": 3,
      "sds_id": "SDS0C33",
      "subtopic": "Blood: General Description & RBC",
      "image_filename": "question_141.png",
      "captured": true,
      "explanation": [
        "https://d1iljb9ao69244.cloudfront.net/420613_1708425300008_92.ogg"
      ]
    },
    "question_142": {
      "question_number": 142,
      "correct_option": 1,
      "sds_id": "SDS0C34",
      "subtopic": "Blood: General Description & RBC",
      "image_filename": "question_142.png",
      "captured": true,
      "explanation": [
        "https://d1iljb9ao69244.cloudfront.net/question_explanations_337100_1654313464432.ogg"
      ]
    },
    "question_143": {
      "question_number": 143,
      "correct_option": 2,
      "sds_id": "SDS0C35",
      "subtopic": "Blood: General Description & RBC",
      "image_filename": "question_143.png",
      "captured": true,
      "explanation": [
        "https://d1iljb9ao69244.cloudfront.net/127059_1727001577160_618.ogg",
        "https://d2f8z173p7073l.cloudfront.net/1585128479647"
      ]
    },
    "question_144": {
      "question_number": 144,
      "correct_option": 4,
      "sds_id": "SDS0C36",
      "subtopic": "Blood: General Description & RBC",
      "image_filename": "question_144.png",
      "captured": true,
      "explanation": [
        "https://d1iljb9ao69244.cloudfront.net/127230_1727009853876_644.ogg",
        "https://d2f8z173p7073l.cloudfront.net/1585131301720"
      ]
    },
    "question_145": {
      "question_number": 145,
      "correct_option": 1,
      "sds_id": "SDS0C37",
      "subtopic": "Blood: General Description & RBC",
      "image_filename": "question_145.png",
      "captured": true,
      "explanation": [
        "https://d1iljb9ao69244.cloudfront.net/127095_1727009508376_639.ogg",
        "https://d2f8z173p7073l.cloudfront.net/1585131390414"
      ]
    },
    "question_146": {
      "question_number": 146,
      "correct_option": 2,
      "sds_id": "SDS0C38",
      "subtopic": "Blood: General Description & RBC",
      "image_filename": "question_146.png",
      "captured": true,
      "explanation": [
        "https://d1iljb9ao69244.cloudfront.net/127058_1727001499828_617.ogg",
        "https://d2f8z173p7073l.cloudfront.net/1585129360241"
      ]
    },
    "question_147": {
      "question_number": 147,
      "correct_option": 4,
      "sds_id": "SDS0C39",
      "subtopic": "DISORDERS OF CIRCULATORY SYSTEM",
      "image_filename": "question_147.png",
      "captured": true,
      "explanation": [
        "https://d1iljb9ao69244.cloudfront.net/400016_1702459297784_86.ogg"
      ]
    },
    "question_148": {
      "question_number": 148,
      "correct_option": 3,
      "sds_id": "SDS0C3A",
      "subtopic": "DISORDERS OF CIRCULATORY SYSTEM",
      "image_filename": "question_148.png",
      "captured": true,
      "explanation": [
        "https://d1iljb9ao69244.cloudfront.net/446617_1713091428709_10.ogg"
      ]
    },
    "question_149": {
      "question_number": 149,
      "correct_option": 3,
      "sds_id": "SDS0C3B",
      "subtopic": "DISORDERS OF CIRCULATORY SYSTEM",
      "image_filename": "question_149.png",
      "captured": true,
      "explanation": [
        "https://d1iljb9ao69244.cloudfront.net/384782_1694865054196_25.ogg"
      ]
    },
    "question_150": {
      "question_number": 150,
      "correct_option": 3,
      "sds_id": "SDS0C3C",
      "subtopic": "DISORDERS OF CIRCULATORY SYSTEM",
      "image_filename": "question_150.png",
      "captured": true,
      "explanation": [
        "https://d1iljb9ao69244.cloudfront.net/450723_1714043263035_11.ogg"
      ]
    },
    "question_151": {
      "question_number": 151,
      "correct_option": 2,
      "sds_id": "SDS0C3D",
      "subtopic": "Circulatory Pathways",
      "image_filename": "question_151.png",
      "captured": true,
      "explanation": [
        "https://d1iljb9ao69244.cloudfront.net/400037_1702458837400_76.ogg"
      ]
    },
    "question_152": {
      "question_number": 152,
      "correct_option": 4,
      "sds_id": "SDS0C3E",
      "subtopic": "Circulatory Pathways",
      "image_filename": "question_152.png",
      "captured": true,
      "explanation": [
        "https://d1iljb9ao69244.cloudfront.net/384656_1694833756607_16-consider%20two%20statements.ogg",
        "https://d1iljb9ao69244.cloudfront.net/384656_1694833756607_16-consider"
      ]
    },
    "question_153": {
      "question_number": 153,
      "correct_option": 3,
      "sds_id": "SDS0C3F",
      "subtopic": "Circulatory Pathways",
      "image_filename": "question_153.png",
      "captured": true,
      "explanation": [
        "https://d1iljb9ao69244.cloudfront.net/384657_1694833994117_18-how%20many.ogg",
        "https://d1iljb9ao69244.cloudfront.net/384657_1694833994117_18-how"
      ]
    },
    "question_154": {
      "question_number": 154,
      "correct_option": 3,
      "sds_id": "SDS0C40",
      "subtopic": "Circulatory Pathways",
      "image_filename": "question_154.png",
      "captured": true,
      "explanation": [
        "https://d1iljb9ao69244.cloudfront.net/420576_1709201620040_66.ogg"
      ]
    },
    "question_155": {
      "question_number": 155,
      "correct_option": 2,
      "sds_id": "SDS0C41",
      "subtopic": "Circulatory Pathways",
      "image_filename": "question_155.png",
      "captured": true,
      "explanation": [
        "https://d1iljb9ao69244.cloudfront.net/446644_1713094707252_37.ogg"
      ]
    },
    "question_156": {
      "question_number": 156,
      "correct_option": 3,
      "sds_id": "SDS0C42",
      "subtopic": "Circulatory Pathways",
      "image_filename": "question_156.png",
      "captured": true,
      "explanation": [
        "https://d1iljb9ao69244.cloudfront.net/question_explanations_349045_1666362773912.ogg"
      ]
    }
  }
}