{
  "chapter_no": 10,
  "chapter_name": "Cell Cycle and Cell Division",
  "section_name": "Level 2",
  "total_questions": 10,
  "questions": {
    "question_1": {
      "question_number": 1,
      "correct_option": 1,
      "sds_id": "SDS0931",
      "subtopic": "Intro to Cell Cycle & Interphase",
      "image_filename": "question_1.png",
      "captured": true,
      "explanation": [
        "https://d2f8z173p7073l.cloudfront.net/1580413081406"
      ]
    },
    "question_2": {
      "question_number": 2,
      "correct_option": 1,
      "sds_id": "SDS0932",
      "subtopic": "Intro to Cell Cycle & Interphase",
      "image_filename": "question_2.png",
      "captured": true,
      "explanation": [
        "https://d2f8z173p7073l.cloudfront.net/1583302522685"
      ]
    },
    "question_3": {
      "question_number": 3,
      "correct_option": 2,
      "sds_id": "SDS0933",
      "subtopic": "Intro to Cell Cycle & Interphase",
      "image_filename": "question_3.png",
      "captured": true,
      "explanation": [
        "https://d2f8z173p7073l.cloudfront.net/1595677519300"
      ]
    },
    "question_4": {
      "question_number": 4,
      "correct_option": 1,
      "sds_id": "SDS0934",
      "subtopic": "Intro to Cell Cycle & Interphase",
      "image_filename": "question_4.png",
      "captured": true,
      "explanation": [
        "https://d2f8z173p7073l.cloudfront.net/1595677862238"
      ]
    },
    "question_5": {
      "question_number": 5,
      "correct_option": 3,
      "sds_id": "SDS0935",
      "subtopic": "Intro to Cell Cycle & Interphase",
      "image_filename": "question_5.png",
      "captured": true,
      "explanation": [
        "https://d2f8z173p7073l.cloudfront.net/1595678359906"
      ]
    },
    "question_6": {
      "question_number": 6,
      "correct_option": 4,
      "sds_id": "SDS0936",
      "subtopic": "Intro to Cell Cycle & Interphase",
      "image_filename": "question_6.png",
      "captured": true,
      "explanation": [
        "https://d2f8z173p7073l.cloudfront.net/1589871853908"
      ]
    },
    "question_7": {
      "question_number": 7,
      "correct_option": 4,
      "sds_id": "SDS0937",
      "subtopic": "Cell Division: Mitosis (Karyokinesis)",
      "image_filename": "question_7.png",
      "captured": true,
      "explanation": [
        "https://d2f8z173p7073l.cloudfront.net/1595678120214"
      ]
    },
    "question_8": {
      "question_number": 8,
      "correct_option": 2,
      "sds_id": "SDS0938",
      "subtopic": "Cell Division: Mitosis (Cytokinesis)",
      "image_filename": "question_8.png",
      "captured": true,
      "explanation": [
        "https://d2f8z173p7073l.cloudfront.net/1580413266280"
      ]
    },
    "question_9": {
      "question_number": 9,
      "correct_option": 3,
      "sds_id": "SDS0939",
      "subtopic": "Cell Cycle: Meiosis I",
      "image_filename": "question_9.png",
      "captured": true,
      "explanation": [
        "https://d2f8z173p7073l.cloudfront.net/1595678313899"
      ]
    },
    "question_10": {
      "question_number": 10,
      "correct_option": 4,
      "sds_id": "SDS093A",
      "subtopic": "Numericals based on cell division",
      "image_filename": "question_10.png",
      "captured": true,
      "explanation": [
        "https://d2f8z173p7073l.cloudfront.net/1580211228149"
      ]
    }
  }
}