{
  "chapter_no": 2,
  "chapter_name": "Biological Classification",
  "section_name": "Level 3",
  "total_questions": 30,
  "questions": {
    "question_1": {
      "question_number": 1,
      "correct_option": 4,
      "sds_id": "SDS03CC",
      "subtopic": "Different Classification Systems",
      "image_filename": "question_1.png",
      "captured": true,
      "explanation": [
        "https://d1iljb9ao69244.cloudfront.net/315178_1641399180084_2.ogg"
      ]
    },
    "question_2": {
      "question_number": 2,
      "correct_option": 3,
      "sds_id": "SDS03CD",
      "subtopic": "Different Classification Systems",
      "image_filename": "question_2.png",
      "captured": true,
      "explanation": [
        "https://d1iljb9ao69244.cloudfront.net/448118_1713510522526_2.ogg"
      ]
    },
    "question_3": {
      "question_number": 3,
      "correct_option": 1,
      "sds_id": "SDS03CE",
      "subtopic": "Kingdom Monera: Bacterial Classification",
      "image_filename": "question_3.png",
      "captured": true,
      "explanation": [
        "https://d2f8z173p7073l.cloudfront.net/1606729045681"
      ]
    },
    "question_4": {
      "question_number": 4,
      "correct_option": 2,
      "sds_id": "SDS03CF",
      "subtopic": "Kingdom Monera: Bacterial Classification",
      "image_filename": "question_4.png",
      "captured": true,
      "explanation": [
        "https://d1iljb9ao69244.cloudfront.net/question_explanations_349127_1667624164654.ogg"
      ]
    },
    "question_5": {
      "question_number": 5,
      "correct_option": 3,
      "sds_id": "SDS03D0",
      "subtopic": "Kingdom Monera: Bacterial Classification",
      "image_filename": "question_5.png",
      "captured": true,
      "explanation": [
        "https://d1iljb9ao69244.cloudfront.net/question_explanations_336894_1654145117773.ogg"
      ]
    },
    "question_6": {
      "question_number": 6,
      "correct_option": 4,
      "sds_id": "SDS03D1",
      "subtopic": "Kingdom Monera: Actinomycetes & Mycoplasma",
      "image_filename": "question_6.png",
      "captured": true,
      "explanation": [
        "https://d1iljb9ao69244.cloudfront.net/368609_1687232252057_7.ogg"
      ]
    },
    "question_7": {
      "question_number": 7,
      "correct_option": 3,
      "sds_id": "SDS03D2",
      "subtopic": "Kingdom Monera: Actinomycetes & Mycoplasma",
      "image_filename": "question_7.png",
      "captured": true,
      "explanation": [
        "https://d1iljb9ao69244.cloudfront.net/447670_1713343771226_2.ogg"
      ]
    },
    "question_8": {
      "question_number": 8,
      "correct_option": 1,
      "sds_id": "SDS03D3",
      "subtopic": "Kingdom Protista: Introduction",
      "image_filename": "question_8.png",
      "captured": true,
      "explanation": [
        "https://d1iljb9ao69244.cloudfront.net/446706_1713089232053_37.ogg"
      ]
    },
    "question_9": {
      "question_number": 9,
      "correct_option": 2,
      "sds_id": "SDS03D4",
      "subtopic": "Kingdom Protista: Chrysophytes",
      "image_filename": "question_9.png",
      "captured": true,
      "explanation": [
        "https://d1iljb9ao69244.cloudfront.net/452121_1714301227596_37.ogg"
      ]
    },
    "question_10": {
      "question_number": 10,
      "correct_option": 4,
      "sds_id": "SDS03D5",
      "subtopic": "Kingdom Protista: Chrysophytes",
      "image_filename": "question_10.png",
      "captured": true,
      "explanation": [
        "https://d1iljb9ao69244.cloudfront.net/question_explanations_337537_1655487309292.ogg"
      ]
    },
    "question_11": {
      "question_number": 11,
      "correct_option": 3,
      "sds_id": "SDS03D6",
      "subtopic": "Kingdom Protista: Euglenoids",
      "image_filename": "question_11.png",
      "captured": true,
      "explanation": [
        "https://d1iljb9ao69244.cloudfront.net/435963_1712124004294_3.ogg"
      ]
    },
    "question_12": {
      "question_number": 12,
      "correct_option": 2,
      "sds_id": "SDS03D7",
      "subtopic": "Kingdom Protista: Euglenoids",
      "image_filename": "question_12.png",
      "captured": true,
      "explanation": [
        "https://d1iljb9ao69244.cloudfront.net/367691_1685719918583_13.ogg"
      ]
    },
    "question_13": {
      "question_number": 13,
      "correct_option": 2,
      "sds_id": "SDS03D8",
      "subtopic": "Kingdom Fungi: Introduction",
      "image_filename": "question_13.png",
      "captured": true,
      "explanation": [
        "https://d1iljb9ao69244.cloudfront.net/question_explanations_335605_1652877116665.ogg"
      ]
    },
    "question_14": {
      "question_number": 14,
      "correct_option": 1,
      "sds_id": "SDS03D9",
      "subtopic": "Kingdom Fungi: Introduction",
      "image_filename": "question_14.png",
      "captured": true,
      "explanation": [
        "https://d1iljb9ao69244.cloudfront.net/200395_1606734461147_129.ogg"
      ]
    },
    "question_15": {
      "question_number": 15,
      "correct_option": 1,
      "sds_id": "SDS03DA",
      "subtopic": "Kingdom Fungi: Deuteromycetes",
      "image_filename": "question_15.png",
      "captured": true,
      "explanation": [
        "https://d1iljb9ao69244.cloudfront.net/420415_1708416412943_2.ogg"
      ]
    },
    "question_16": {
      "question_number": 16,
      "correct_option": 1,
      "sds_id": "SDS03DB",
      "subtopic": "Kingdom Fungi: Deuteromycetes",
      "image_filename": "question_16.png",
      "captured": true,
      "explanation": [
        "https://d1iljb9ao69244.cloudfront.net/429892_1710823318991_41.ogg"
      ]
    },
    "question_17": {
      "question_number": 17,
      "correct_option": 4,
      "sds_id": "SDS03DC",
      "subtopic": "Kingdom Fungi: Deuteromycetes",
      "image_filename": "question_17.png",
      "captured": true,
      "explanation": [
        "https://d1iljb9ao69244.cloudfront.net/442317_1712905951812_3.ogg"
      ]
    },
    "question_18": {
      "question_number": 18,
      "correct_option": 3,
      "sds_id": "SDS03DD",
      "subtopic": "Kingdom Fungi: Ascomycetes",
      "image_filename": "question_18.png",
      "captured": true,
      "explanation": [
        "https://d2f8z173p7073l.cloudfront.net/1580197156493"
      ]
    },
    "question_19": {
      "question_number": 19,
      "correct_option": 2,
      "sds_id": "SDS03DE",
      "subtopic": "Kingdom Fungi: Basidomycetes",
      "image_filename": "question_19.png",
      "captured": true,
      "explanation": [
        "https://d1iljb9ao69244.cloudfront.net/338207_1712039857832_3.ogg",
        "https://d1iljb9ao69244.cloudfront.net/338207_1656775920477_5.ogg"
      ]
    },
    "question_20": {
      "question_number": 20,
      "correct_option": 2,
      "sds_id": "SDS03DF",
      "subtopic": "Virus, Viroids & Prions",
      "image_filename": "question_20.png",
      "captured": true,
      "explanation": [
        "https://d2f8z173p7073l.cloudfront.net/1580197187402"
      ]
    },
    "question_21": {
      "question_number": 21,
      "correct_option": 2,
      "sds_id": "SDS03E0",
      "subtopic": "Virus, Viroids & Prions",
      "image_filename": "question_21.png",
      "captured": true,
      "explanation": [
        "https://d1iljb9ao69244.cloudfront.net/367703_1685720105200_25.ogg"
      ]
    },
    "question_22": {
      "question_number": 22,
      "correct_option": 2,
      "sds_id": "SDS03E1",
      "subtopic": "Virus, Viroids & Prions",
      "image_filename": "question_22.png",
      "captured": true,
      "explanation": [
        "https://d1iljb9ao69244.cloudfront.net/447136_1713251264584_3.ogg"
      ]
    },
    "question_23": {
      "question_number": 23,
      "correct_option": 3,
      "sds_id": "SDS03E2",
      "subtopic": "Virus, Viroids & Prions",
      "image_filename": "question_23.png",
      "captured": true,
      "explanation": [
        "https://d1iljb9ao69244.cloudfront.net/448122_1713510565936_4.ogg"
      ]
    },
    "question_24": {
      "question_number": 24,
      "correct_option": 2,
      "sds_id": "SDS03E3",
      "subtopic": "Virus, Viroids & Prions",
      "image_filename": "question_24.png",
      "captured": true,
      "explanation": [
        "https://d1iljb9ao69244.cloudfront.net/450672_1714034892109_3.ogg"
      ]
    },
    "question_25": {
      "question_number": 25,
      "correct_option": 2,
      "sds_id": "SDS03E4",
      "subtopic": "Virus, Viroids & Prions",
      "image_filename": "question_25.png",
      "captured": true,
      "explanation": [
        "https://d1iljb9ao69244.cloudfront.net/452051_1714294669770_3.ogg"
      ]
    },
    "question_26": {
      "question_number": 26,
      "correct_option": 1,
      "sds_id": "SDS03E5",
      "subtopic": "Virus, Viroids & Prions",
      "image_filename": "question_26.png",
      "captured": true,
      "explanation": [
        "https://d2f8z173p7073l.cloudfront.net/1606728853658"
      ]
    },
    "question_27": {
      "question_number": 27,
      "correct_option": 4,
      "sds_id": "SDS03E6",
      "subtopic": "Virus, Viroids & Prions",
      "image_filename": "question_27.png",
      "captured": true,
      "explanation": [
        "https://d1iljb9ao69244.cloudfront.net/200423_1606734501046_131.ogg"
      ]
    },
    "question_28": {
      "question_number": 28,
      "correct_option": 4,
      "sds_id": "SDS03E7",
      "subtopic": "Lichens",
      "image_filename": "question_28.png",
      "captured": true,
      "explanation": [
        "https://d1iljb9ao69244.cloudfront.net/question_explanations_334756_1651764743258.ogg"
      ]
    },
    "question_29": {
      "question_number": 29,
      "correct_option": 4,
      "sds_id": "SDS03E8",
      "subtopic": "Lichens",
      "image_filename": "question_29.png",
      "captured": true,
      "explanation": [
        "https://d2f8z173p7073l.cloudfront.net/1551581275131"
      ]
    },
    "question_30": {
      "question_number": 30,
      "correct_option": 3,
      "sds_id": "SDS03E9",
      "subtopic": "Lichens",
      "image_filename": "question_30.png",
      "captured": true,
      "explanation": [
        "https://d1iljb9ao69244.cloudfront.net/315184_1641399232143_8.ogg"
      ]
    }
  }
}