{
  "chapter_number": 12,
  "chapter_name": "Thermodynamics",
  "section_name": "HC Verma",
  "total_questions": 34,
  "questions": {
    "question_1": {
      "question_number": 1,
      "correct_option": 4,
      "sds_id": "SDS014A",
      "subtopic": "Direct Page Capture",
      "image_filename": "question_1.png",
      "captured": true,
      "explanation": [
        "https://www.youtube.com/watch?v=nHfEEvNep1k"
      ]
    },
    "question_2": {
      "question_number": 2,
      "correct_option": 2,
      "sds_id": "SDS014B",
      "subtopic": "Direct Page Capture",
      "image_filename": "question_2.png",
      "captured": true,
      "explanation": [
        "https://www.youtube.com/watch?v=LlFKu5oRcMc"
      ]
    },
    "question_3": {
      "question_number": 3,
      "correct_option": 1,
      "sds_id": "SDS014C",
      "subtopic": "Direct Page Capture",
      "image_filename": "question_3.png",
      "captured": true,
      "explanation": [
        "https://www.youtube.com/watch?v=2Zl3JFKvBGk"
      ]
    },
    "question_4": {
      "question_number": 4,
      "correct_option": 2,
      "sds_id": "SDS014D",
      "subtopic": "Direct Page Capture",
      "image_filename": "question_4.png",
      "captured": true,
      "explanation": [
        "https://www.youtube.com/watch?v=Ti50oFG5cQU"
      ]
    },
    "question_5": {
      "question_number": 5,
      "correct_option": 1,
      "sds_id": "SDS014E",
      "subtopic": "Direct Page Capture",
      "image_filename": "question_5.png",
      "captured": true,
      "explanation": [
        "https://www.youtube.com/watch?v=kW2_4xWaVSo"
      ]
    },
    "question_6": {
      "question_number": 6,
      "correct_option": 3,
      "sds_id": "SDS014F",
      "subtopic": "Direct Page Capture",
      "image_filename": "question_6.png",
      "captured": true,
      "explanation": [
        "https://www.youtube.com/watch?v=aV721BiEWeM"
      ]
    },
    "question_7": {
      "question_number": 7,
      "correct_option": 3,
      "sds_id": "SDS0150",
      "subtopic": "Direct Page Capture",
      "image_filename": "question_7.png",
      "captured": true,
      "explanation": [
        "https://www.youtube.com/watch?v=EXorPw1Fqt4"
      ]
    },
    "question_8": {
      "question_number": 8,
      "correct_option": 3,
      "sds_id": "SDS0151",
      "subtopic": "Direct Page Capture",
      "image_filename": "question_8.png",
      "captured": true,
      "explanation": [
        "https://www.youtube.com/watch?v=xRoahYm7mcU"
      ]
    },
    "question_9": {
      "question_number": 9,
      "correct_option": 2,
      "sds_id": "SDS0152",
      "subtopic": "Direct Page Capture",
      "image_filename": "question_9.png",
      "captured": true,
      "explanation": [
        "https://www.youtube.com/watch?v=XWrLwjyvSvQ"
      ]
    },
    "question_10": {
      "question_number": 10,
      "correct_option": 2,
      "sds_id": "SDS0153",
      "subtopic": "Direct Page Capture",
      "image_filename": "question_10.png",
      "captured": true,
      "explanation": [
        "https://www.youtube.com/watch?v=-JeSkNXKMaQ"
      ]
    },
    "question_11": {
      "question_number": 11,
      "correct_option": 1,
      "sds_id": "SDS0154",
      "subtopic": "Direct Page Capture",
      "image_filename": "question_11.png",
      "captured": true,
      "explanation": [
        "https://www.youtube.com/watch?v=u-9-zQF3gkg"
      ]
    },
    "question_12": {
      "question_number": 12,
      "correct_option": 3,
      "sds_id": "SDS0155",
      "subtopic": "Direct Page Capture",
      "image_filename": "question_12.png",
      "captured": true,
      "explanation": [
        "https://www.youtube.com/watch?v=ScVDINDNfis"
      ]
    },
    "question_13": {
      "question_number": 13,
      "correct_option": 4,
      "sds_id": "SDS0156",
      "subtopic": "Direct Page Capture",
      "image_filename": "question_13.png",
      "captured": true,
      "explanation": [
        "https://www.youtube.com/watch?v=BRMBFfAhGd4"
      ]
    },
    "question_14": {
      "question_number": 14,
      "correct_option": 4,
      "sds_id": "SDS0157",
      "subtopic": "Direct Page Capture",
      "image_filename": "question_14.png",
      "captured": true,
      "explanation": [
        "https://www.youtube.com/watch?v=HuD66CjcOG4"
      ]
    },
    "question_15": {
      "question_number": 15,
      "correct_option": 3,
      "sds_id": "SDS0158",
      "subtopic": "Direct Page Capture",
      "image_filename": "question_15.png",
      "captured": true,
      "explanation": [
        "https://www.youtube.com/watch?v=xRG1iVnPqiU"
      ]
    },
    "question_16": {
      "question_number": 16,
      "correct_option": 3,
      "sds_id": "SDS0159",
      "subtopic": "Direct Page Capture",
      "image_filename": "question_16.png",
      "captured": true,
      "explanation": [
        "https://www.youtube.com/watch?v=FK-_0zMqnpM"
      ]
    },
    "question_17": {
      "question_number": 17,
      "correct_option": 1,
      "sds_id": "SDS015A",
      "subtopic": "Direct Page Capture",
      "image_filename": "question_17.png",
      "captured": true,
      "explanation": [
        "https://www.youtube.com/watch?v=AvVZAsczTRo"
      ]
    },
    "question_18": {
      "question_number": 18,
      "correct_option": 3,
      "sds_id": "SDS015B",
      "subtopic": "Direct Page Capture",
      "image_filename": "question_18.png",
      "captured": true,
      "explanation": [
        "https://www.youtube.com/watch?v=qRi9YLtIlxg"
      ]
    },
    "question_19": {
      "question_number": 19,
      "correct_option": 2,
      "sds_id": "SDS015C",
      "subtopic": "Direct Page Capture",
      "image_filename": "question_19.png",
      "captured": true,
      "explanation": [
        "https://www.youtube.com/watch?v=3Ql0k5jWEFM"
      ]
    },
    "question_20": {
      "question_number": 20,
      "correct_option": 3,
      "sds_id": "SDS015D",
      "subtopic": "Direct Page Capture",
      "image_filename": "question_20.png",
      "captured": true,
      "explanation": [
        "https://www.youtube.com/watch?v=LhlH_ZTuAHw"
      ]
    },
    "question_21": {
      "question_number": 21,
      "correct_option": 4,
      "sds_id": "SDS015E",
      "subtopic": "Direct Page Capture",
      "image_filename": "question_21.png",
      "captured": true,
      "explanation": [
        "https://www.youtube.com/watch?v=OEI9lDqQmss"
      ]
    },
    "question_22": {
      "question_number": 22,
      "correct_option": 2,
      "sds_id": "SDS015F",
      "subtopic": "Direct Page Capture",
      "image_filename": "question_22.png",
      "captured": true,
      "explanation": [
        "https://www.youtube.com/watch?v=0koWPXNrA4Q"
      ]
    },
    "question_23": {
      "question_number": 23,
      "correct_option": 1,
      "sds_id": "SDS0160",
      "subtopic": "Direct Page Capture",
      "image_filename": "question_23.png",
      "captured": true,
      "explanation": [
        "https://www.youtube.com/watch?v=fPajz3HTpT0"
      ]
    },
    "question_24": {
      "question_number": 24,
      "correct_option": 3,
      "sds_id": "SDS0161",
      "subtopic": "Direct Page Capture",
      "image_filename": "question_24.png",
      "captured": true,
      "explanation": [
        "https://www.youtube.com/watch?v=JNuzlMu2_HQ"
      ]
    },
    "question_25": {
      "question_number": 25,
      "correct_option": 1,
      "sds_id": "SDS0162",
      "subtopic": "Direct Page Capture",
      "image_filename": "question_25.png",
      "captured": true,
      "explanation": [
        "https://www.youtube.com/watch?v=2VJ1rbxA-zw"
      ]
    },
    "question_26": {
      "question_number": 26,
      "correct_option": 3,
      "sds_id": "SDS0163",
      "subtopic": "Direct Page Capture",
      "image_filename": "question_26.png",
      "captured": true,
      "explanation": [
        "https://www.youtube.com/watch?v=3ap3IV6pSgw"
      ]
    },
    "question_27": {
      "question_number": 27,
      "correct_option": 4,
      "sds_id": "SDS0164",
      "subtopic": "Direct Page Capture",
      "image_filename": "question_27.png",
      "captured": true,
      "explanation": [
        "https://www.youtube.com/watch?v=WSnwyK9jzjM"
      ]
    },
    "question_28": {
      "question_number": 28,
      "correct_option": 3,
      "sds_id": "SDS0165",
      "subtopic": "Direct Page Capture",
      "image_filename": "question_28.png",
      "captured": true,
      "explanation": [
        "https://www.youtube.com/watch?v=1-fE0LcVTig"
      ]
    },
    "question_29": {
      "question_number": 29,
      "correct_option": 3,
      "sds_id": "SDS0166",
      "subtopic": "Direct Page Capture",
      "image_filename": "question_29.png",
      "captured": true,
      "explanation": [
        "https://www.youtube.com/watch?v=7Erp1H0c-yM"
      ]
    },
    "question_30": {
      "question_number": 30,
      "correct_option": 4,
      "sds_id": "SDS0167",
      "subtopic": "Direct Page Capture",
      "image_filename": "question_30.png",
      "captured": true,
      "explanation": [
        "https://www.youtube.com/watch?v=1LSxem7mogE"
      ]
    },
    "question_31": {
      "question_number": 31,
      "correct_option": 2,
      "sds_id": "SDS0168",
      "subtopic": "Direct Page Capture",
      "image_filename": "question_31.png",
      "captured": true,
      "explanation": [
        "https://www.youtube.com/watch?v=PSjtcSgkfaQ"
      ]
    },
    "question_32": {
      "question_number": 32,
      "correct_option": 3,
      "sds_id": "SDS0169",
      "subtopic": "Direct Page Capture",
      "image_filename": "question_32.png",
      "captured": true,
      "explanation": [
        "https://www.youtube.com/watch?v=E7BF3PAcZsU"
      ]
    },
    "question_33": {
      "question_number": 33,
      "correct_option": 1,
      "sds_id": "SDS016A",
      "subtopic": "Direct Page Capture",
      "image_filename": "question_33.png",
      "captured": true,
      "explanation": [
        "https://www.youtube.com/watch?v=0WZrXaOxCF4"
      ]
    },
    "question_34": {
      "question_number": 34,
      "correct_option": 1,
      "sds_id": "SDS016B",
      "subtopic": "Direct Page Capture",
      "image_filename": "question_34.png",
      "captured": true,
      "explanation": [
        "https://www.youtube.com/watch?v=x_ooAauL4-A"
      ]
    }
  }
}