{
  "chapter_no": 9,
  "chapter_name": "Biotechnology- Principles and Processes",
  "section_name": "Invictus- Biotechnology- Principles and Processes",
  "total_questions": 30,
  "questions": {
    "question_1": {
      "question_number": 1,
      "correct_option": 2,
      "sds_id": "SDS1663",
      "subtopic": "Process of Biotech",
      "image_filename": "question_1.png",
      "captured": true,
      "explanation": [
        "https://d1iljb9ao69244.cloudfront.net/question_explanations_349487_1668486034111.ogg"
      ]
    },
    "question_2": {
      "question_number": 2,
      "correct_option": 1,
      "sds_id": "SDS1664",
      "subtopic": "Process of Biotech",
      "image_filename": "question_2.png",
      "captured": true,
      "explanation": [
        "https://d2f8z173p7073l.cloudfront.net/1582631759384"
      ]
    },
    "question_3": {
      "question_number": 3,
      "correct_option": 3,
      "sds_id": "SDS1665",
      "subtopic": "Polymerase Chain Reaction: PCR",
      "image_filename": "question_3.png",
      "captured": true,
      "explanation": [
        "https://d2f8z173p7073l.cloudfront.net/1582632350497",
        "https://d2f8z173p7073l.cloudfront.net/1626762410069"
      ]
    },
    "question_4": {
      "question_number": 4,
      "correct_option": 1,
      "sds_id": "SDS1666",
      "subtopic": "Bioreactors/Downstream Processing",
      "image_filename": "question_4.png",
      "captured": true,
      "explanation": [
        "https://d1iljb9ao69244.cloudfront.net/89324_1711035986082_30.ogg",
        "https://d1iljb9ao69244.cloudfront.net/89324_1668849559068_89324.ogg"
      ]
    },
    "question_5": {
      "question_number": 5,
      "correct_option": 2,
      "sds_id": "SDS1667",
      "subtopic": "Restriction Enzymes - Main Enzymes",
      "image_filename": "question_5.png",
      "captured": true,
      "explanation": [
        "https://d2f8z173p7073l.cloudfront.net/1547009845170"
      ]
    },
    "question_6": {
      "question_number": 6,
      "correct_option": 3,
      "sds_id": "SDS1668",
      "subtopic": "Restriction Enzymes - Main Enzymes",
      "image_filename": "question_6.png",
      "captured": true,
      "explanation": [
        "https://d2f8z173p7073l.cloudfront.net/1576819323097"
      ]
    },
    "question_7": {
      "question_number": 7,
      "correct_option": 3,
      "sds_id": "SDS1669",
      "subtopic": "Restriction Enzymes - Main Enzymes",
      "image_filename": "question_7.png",
      "captured": true,
      "explanation": [
        "https://d1iljb9ao69244.cloudfront.net/200690_1606739558959_54.ogg",
        "https://www.youtube-nocookie.com/embed/zBoAwv1NnzE?rel=0",
        "https://www.youtube-nocookie.com/embed/EF44NGxMwqo?rel=0"
      ]
    },
    "question_8": {
      "question_number": 8,
      "correct_option": 4,
      "sds_id": "SDS166A",
      "subtopic": "Restriction Enzymes - Main Enzymes",
      "image_filename": "question_8.png",
      "captured": true,
      "explanation": [
        "https://d2f8z173p7073l.cloudfront.net/1591697005907"
      ]
    },
    "question_9": {
      "question_number": 9,
      "correct_option": 4,
      "sds_id": "SDS166B",
      "subtopic": "Restriction Enzymes - Main Enzymes",
      "image_filename": "question_9.png",
      "captured": true,
      "explanation": [
        "https://d2f8z173p7073l.cloudfront.net/1582612531557"
      ]
    },
    "question_10": {
      "question_number": 10,
      "correct_option": 4,
      "sds_id": "SDS166C",
      "subtopic": "Restriction Enzymes - Main Enzymes",
      "image_filename": "question_10.png",
      "captured": true,
      "explanation": [
        "https://d2f8z173p7073l.cloudfront.net/1582861398564"
      ]
    },
    "question_11": {
      "question_number": 11,
      "correct_option": 1,
      "sds_id": "SDS166D",
      "subtopic": "Restriction Enzymes - Main Enzymes",
      "image_filename": "question_11.png",
      "captured": true,
      "explanation": [
        "https://d2f8z173p7073l.cloudfront.net/1582632385734"
      ]
    },
    "question_12": {
      "question_number": 12,
      "correct_option": 4,
      "sds_id": "SDS166E",
      "subtopic": "Restriction Enzymes - Main Enzymes",
      "image_filename": "question_12.png",
      "captured": true,
      "explanation": [
        "https://d2f8z173p7073l.cloudfront.net/1582631678699"
      ]
    },
    "question_13": {
      "question_number": 13,
      "correct_option": 2,
      "sds_id": "SDS166F",
      "subtopic": "Restriction Enzymes - Main Enzymes",
      "image_filename": "question_13.png",
      "captured": true,
      "explanation": [
        "https://d2f8z173p7073l.cloudfront.net/1582861363072"
      ]
    },
    "question_14": {
      "question_number": 14,
      "correct_option": 2,
      "sds_id": "SDS1670",
      "subtopic": "Restriction Enzymes - Main Enzymes",
      "image_filename": "question_14.png",
      "captured": true,
      "explanation": [
        "https://d2f8z173p7073l.cloudfront.net/1582861148540"
      ]
    },
    "question_15": {
      "question_number": 15,
      "correct_option": 2,
      "sds_id": "SDS1671",
      "subtopic": "Restriction Enzymes - Main Enzymes",
      "image_filename": "question_15.png",
      "captured": true,
      "explanation": [
        "https://d2f8z173p7073l.cloudfront.net/1582861538771"
      ]
    },
    "question_16": {
      "question_number": 16,
      "correct_option": 4,
      "sds_id": "SDS1672",
      "subtopic": "Restriction Enzymes - Main Enzymes",
      "image_filename": "question_16.png",
      "captured": true,
      "explanation": [
        "https://d2f8z173p7073l.cloudfront.net/1582631608085",
        "https://d2f8z173p7073l.cloudfront.net/1622571790550",
        "https://www.youtube-nocookie.com/embed/1cEYyKKJrfY?rel=0",
        "https://www.youtube-nocookie.com/embed/_rek3Gzu_04?rel=0"
      ]
    },
    "question_17": {
      "question_number": 17,
      "correct_option": 2,
      "sds_id": "SDS1673",
      "subtopic": "Separation and Isolation of DNA fragments",
      "image_filename": "question_17.png",
      "captured": true,
      "explanation": [
        "https://d2f8z173p7073l.cloudfront.net/1582632471815"
      ]
    },
    "question_18": {
      "question_number": 18,
      "correct_option": 3,
      "sds_id": "SDS1674",
      "subtopic": "Separation and Isolation of DNA fragments",
      "image_filename": "question_18.png",
      "captured": true,
      "explanation": [
        "https://d1iljb9ao69244.cloudfront.net/89270_1668849605692_89270.ogg",
        "https://www.youtube-nocookie.com/embed/zeSh4a0SrIE?rel=0"
      ]
    },
    "question_19": {
      "question_number": 19,
      "correct_option": 3,
      "sds_id": "SDS1675",
      "subtopic": "Separation and Isolation of DNA fragments",
      "image_filename": "question_19.png",
      "captured": true,
      "explanation": [
        "https://d2f8z173p7073l.cloudfront.net/1582861225189"
      ]
    },
    "question_20": {
      "question_number": 20,
      "correct_option": 4,
      "sds_id": "SDS1676",
      "subtopic": "Separation and Isolation of DNA fragments",
      "image_filename": "question_20.png",
      "captured": true,
      "explanation": [
        "https://d2f8z173p7073l.cloudfront.net/1582631712984"
      ]
    },
    "question_21": {
      "question_number": 21,
      "correct_option": 1,
      "sds_id": "SDS1677",
      "subtopic": "Separation and Isolation of DNA fragments",
      "image_filename": "question_21.png",
      "captured": true,
      "explanation": [
        "https://d2f8z173p7073l.cloudfront.net/1582861728004",
        "https://www.youtube-nocookie.com/embed/Wq5dS-9K8GE?rel=0",
        "https://www.youtube-nocookie.com/embed/bwfVgc4MN_A?rel=0"
      ]
    },
    "question_22": {
      "question_number": 22,
      "correct_option": 4,
      "sds_id": "SDS1678",
      "subtopic": "Transforming Plant & Animal Cell",
      "image_filename": "question_22.png",
      "captured": true,
      "explanation": [
        "https://d2f8z173p7073l.cloudfront.net/1582631414798"
      ]
    },
    "question_23": {
      "question_number": 23,
      "correct_option": 2,
      "sds_id": "SDS1679",
      "subtopic": "Transforming Plant & Animal Cell",
      "image_filename": "question_23.png",
      "captured": true,
      "explanation": [
        "https://d2f8z173p7073l.cloudfront.net/1588067469013"
      ]
    },
    "question_24": {
      "question_number": 24,
      "correct_option": 1,
      "sds_id": "SDS167A",
      "subtopic": "Transforming Plant & Animal Cell",
      "image_filename": "question_24.png",
      "captured": true,
      "explanation": [
        "https://d2f8z173p7073l.cloudfront.net/1582861190607"
      ]
    },
    "question_25": {
      "question_number": 25,
      "correct_option": 3,
      "sds_id": "SDS167B",
      "subtopic": "Cloning Vector",
      "image_filename": "question_25.png",
      "captured": true,
      "explanation": [
        "https://d2f8z173p7073l.cloudfront.net/1582861504131"
      ]
    },
    "question_26": {
      "question_number": 26,
      "correct_option": 4,
      "sds_id": "SDS167C",
      "subtopic": "Cloning Vector",
      "image_filename": "question_26.png",
      "captured": true,
      "explanation": [
        "https://d2f8z173p7073l.cloudfront.net/1582861579268"
      ]
    },
    "question_27": {
      "question_number": 27,
      "correct_option": 1,
      "sds_id": "SDS167D",
      "subtopic": "Cloning Vector",
      "image_filename": "question_27.png",
      "captured": true,
      "explanation": [
        "https://d2f8z173p7073l.cloudfront.net/1582861330424"
      ]
    },
    "question_28": {
      "question_number": 28,
      "correct_option": 4,
      "sds_id": "SDS167E",
      "subtopic": "Selectable Markers",
      "image_filename": "question_28.png",
      "captured": true,
      "explanation": [
        "https://d1iljb9ao69244.cloudfront.net/question_explanations_250933_1630758152429.ogg",
        "https://www.youtube.com/embed/CpuYe5kMJC4?rel=0&amp;modestbranding=1&amp;loop=1&amp;playlist=CpuYe5kMJC4&amp;start=282&amp;end=1108",
        "https://www.youtube.com/embed/CpuYe5kMJC4?rel=0&modestbranding=1&loop=1&playlist=CpuYe5kMJC4&start=282&end=1108"
      ]
    },
    "question_29": {
      "question_number": 29,
      "correct_option": 3,
      "sds_id": "SDS167F",
      "subtopic": "Tools",
      "image_filename": "question_29.png",
      "captured": true,
      "explanation": [
        "https://d2f8z173p7073l.cloudfront.net/1582861468279"
      ]
    },
    "question_30": {
      "question_number": 30,
      "correct_option": 3,
      "sds_id": "SDS1680",
      "subtopic": "General Design of an rDNA experiment",
      "image_filename": "question_30.png",
      "captured": true,
      "explanation": [
        "https://d2f8z173p7073l.cloudfront.net/1582631531981"
      ]
    }
  }
}