{
  "chapter_name": "14 Breathing and Exchange of Gases",
  "sets": {
    "Level 1": {
      "name": "Level 1",
      "path": "Level 1/",
      "questions": {
        "question_1": {
          "question_number": 1,
          "correct_option": 1,
          "sds_id": "SDS0B00",
          "subtopic": "Respiratory System: Upper Respiratory Tract",
          "image_filename": "question_1.png",
          "captured": true,
          "explanation": [
            "https://d1iljb9ao69244.cloudfront.net/61499_1724408249903_59.ogg",
            "https://d2f8z173p7073l.cloudfront.net/1547895668494"
          ]
        },
        "question_2": {
          "question_number": 2,
          "correct_option": 1,
          "sds_id": "SDS0B01",
          "subtopic": "Respiratory System: Upper Respiratory Tract",
          "image_filename": "question_2.png",
          "captured": true,
          "explanation": [
            "https://d1iljb9ao69244.cloudfront.net/63125_1725013335018_131.ogg",
            "https://d2f8z173p7073l.cloudfront.net/1549019236875"
          ]
        },
        "question_3": {
          "question_number": 3,
          "correct_option": 2,
          "sds_id": "SDS0B02",
          "subtopic": "Respiratory System: Upper Respiratory Tract",
          "image_filename": "question_3.png",
          "captured": true,
          "explanation": [
            "https://d1iljb9ao69244.cloudfront.net/61498_1724408237796_58.ogg",
            "https://d2f8z173p7073l.cloudfront.net/1547895590359"
          ]
        },
        "question_4": {
          "question_number": 4,
          "correct_option": 2,
          "sds_id": "SDS0B03",
          "subtopic": "Respiratory System: Trachea & Basic Anatomy of Lung",
          "image_filename": "question_4.png",
          "captured": true,
          "explanation": [
            "https://d1iljb9ao69244.cloudfront.net/63124_1724929814526_130.ogg",
            "https://d2f8z173p7073l.cloudfront.net/1549019194137"
          ]
        },
        "question_5": {
          "question_number": 5,
          "correct_option": 3,
          "sds_id": "SDS0B04",
          "subtopic": "Respiratory System: Trachea & Basic Anatomy of Lung",
          "image_filename": "question_5.png",
          "captured": true,
          "explanation": [
            "https://d1iljb9ao69244.cloudfront.net/question_explanations_127277_1622538268588.ogg",
            "https://d2f8z173p7073l.cloudfront.net/1585059198438"
          ]
        },
        "question_6": {
          "question_number": 6,
          "correct_option": 3,
          "sds_id": "SDS0B05",
          "subtopic": "Respiratory System: Trachea & Basic Anatomy of Lung",
          "image_filename": "question_6.png",
          "captured": true,
          "explanation": [
            "https://d1iljb9ao69244.cloudfront.net/61482_1724407992279_54.ogg",
            "https://d2f8z173p7073l.cloudfront.net/1547894775975"
          ]
        },
        "question_7": {
          "question_number": 7,
          "correct_option": 1,
          "sds_id": "SDS0B06",
          "subtopic": "Respiratory System: Trachea & Basic Anatomy of Lung",
          "image_filename": "question_7.png",
          "captured": true,
          "explanation": [
            "https://d1iljb9ao69244.cloudfront.net/question_explanations_346296_1669208994651.ogg"
          ]
        },
        "question_8": {
          "question_number": 8,
          "correct_option": 3,
          "sds_id": "SDS0B07",
          "subtopic": "Respiratory System: Trachea & Basic Anatomy of Lung",
          "image_filename": "question_8.png",
          "captured": true,
          "explanation": [
            "https://d1iljb9ao69244.cloudfront.net/question_explanations_346295_1669299975973.ogg"
          ]
        },
        "question_9": {
          "question_number": 9,
          "correct_option": 3,
          "sds_id": "SDS0B08",
          "subtopic": "Respiratory System: Trachea & Basic Anatomy of Lung",
          "image_filename": "question_9.png",
          "captured": true,
          "explanation": [
            "https://d1iljb9ao69244.cloudfront.net/400006_1702456475682_61.ogg"
          ]
        },
        "question_10": {
          "question_number": 10,
          "correct_option": 2,
          "sds_id": "SDS0B09",
          "subtopic": "Respiratory System: Trachea & Basic Anatomy of Lung",
          "image_filename": "question_10.png",
          "captured": true,
          "explanation": [
            "https://d1iljb9ao69244.cloudfront.net/412966_1706507969266_57.ogg"
          ]
        },
        "question_11": {
          "question_number": 11,
          "correct_option": 4,
          "sds_id": "SDS0B0A",
          "subtopic": "Respiratory System: Trachea & Basic Anatomy of Lung",
          "image_filename": "question_11.png",
          "captured": true,
          "explanation": [
            "https://d1iljb9ao69244.cloudfront.net/127300_1632850438808_123.ogg",
            "https://d1iljb9ao69244.cloudfront.net/question_explanations_127300_1622622180319.ogg",
            "https://d2f8z173p7073l.cloudfront.net/1585060781474"
          ]
        },
        "question_12": {
          "question_number": 12,
          "correct_option": 2,
          "sds_id": "SDS0B0B",
          "subtopic": "Respiratory System: Trachea & Basic Anatomy of Lung",
          "image_filename": "question_12.png",
          "captured": true,
          "explanation": [
            "https://d1iljb9ao69244.cloudfront.net/61492_1724408203218_56.ogg",
            "https://d2f8z173p7073l.cloudfront.net/1547895304532"
          ]
        },
        "question_13": {
          "question_number": 13,
          "correct_option": 3,
          "sds_id": "SDS0B0C",
          "subtopic": "Respiratory System: Trachea & Basic Anatomy of Lung",
          "image_filename": "question_13.png",
          "captured": true,
          "explanation": [
            "https://d1iljb9ao69244.cloudfront.net/383465_1694191236754_2.ogg"
          ]
        },
        "question_14": {
          "question_number": 14,
          "correct_option": 4,
          "sds_id": "SDS0B0D",
          "subtopic": "Respiratory System: Trachea & Basic Anatomy of Lung",
          "image_filename": "question_14.png",
          "captured": true,
          "explanation": [
            "https://d1iljb9ao69244.cloudfront.net/400008_1702456490759_62.ogg"
          ]
        },
        "question_15": {
          "question_number": 15,
          "correct_option": 1,
          "sds_id": "SDS0B0E",
          "subtopic": "Respiratory System: Trachea & Basic Anatomy of Lung",
          "image_filename": "question_15.png",
          "captured": true,
          "explanation": [
            "https://d1iljb9ao69244.cloudfront.net/question_explanations_346297_1669210653003.ogg"
          ]
        },
        "question_16": {
          "question_number": 16,
          "correct_option": 2,
          "sds_id": "SDS0B0F",
          "subtopic": "Respiratory System: Trachea & Basic Anatomy of Lung",
          "image_filename": "question_16.png",
          "captured": true,
          "explanation": [
            "https://d1iljb9ao69244.cloudfront.net/447757_1713351308421_39.ogg"
          ]
        },
        "question_17": {
          "question_number": 17,
          "correct_option": 3,
          "sds_id": "SDS0B10",
          "subtopic": "Respiratory System: Pulmonary Ventilation",
          "image_filename": "question_17.png",
          "captured": true,
          "explanation": [
            "https://d1iljb9ao69244.cloudfront.net/63127_1725013355995_132.ogg",
            "https://d2f8z173p7073l.cloudfront.net/1549019347731"
          ]
        },
        "question_18": {
          "question_number": 18,
          "correct_option": 2,
          "sds_id": "SDS0B11",
          "subtopic": "Respiratory System: Pulmonary Ventilation",
          "image_filename": "question_18.png",
          "captured": true,
          "explanation": [
            "https://d1iljb9ao69244.cloudfront.net/127308_1632850329777_118.ogg",
            "https://d1iljb9ao69244.cloudfront.net/question_explanations_127308_1622623219715.ogg",
            "https://d2f8z173p7073l.cloudfront.net/1585060511354"
          ]
        },
        "question_19": {
          "question_number": 19,
          "correct_option": 1,
          "sds_id": "SDS0B12",
          "subtopic": "Respiratory System: Pulmonary Ventilation",
          "image_filename": "question_19.png",
          "captured": true,
          "explanation": [
            "https://d1iljb9ao69244.cloudfront.net/127310_1632850387521_120.ogg",
            "https://d2f8z173p7073l.cloudfront.net/1585060580135"
          ]
        },
        "question_20": {
          "question_number": 20,
          "correct_option": 2,
          "sds_id": "SDS0B13",
          "subtopic": "Respiratory System: Pulmonary Ventilation",
          "image_filename": "question_20.png",
          "captured": true,
          "explanation": [
            "https://d1iljb9ao69244.cloudfront.net/61495_1724408217237_57.ogg",
            "https://d2f8z173p7073l.cloudfront.net/1547895482392"
          ]
        },
        "question_21": {
          "question_number": 21,
          "correct_option": 3,
          "sds_id": "SDS0B14",
          "subtopic": "Respiratory System: Pulmonary Ventilation",
          "image_filename": "question_21.png",
          "captured": true,
          "explanation": [
            "https://d1iljb9ao69244.cloudfront.net/question_explanations_346299_1669300156035.ogg"
          ]
        },
        "question_22": {
          "question_number": 22,
          "correct_option": 1,
          "sds_id": "SDS0B15",
          "subtopic": "Respiratory System: Pulmonary Ventilation",
          "image_filename": "question_22.png",
          "captured": true,
          "explanation": [
            "https://d1iljb9ao69244.cloudfront.net/question_explanations_127281_1622538552178.ogg",
            "https://d2f8z173p7073l.cloudfront.net/1585059396894"
          ]
        },
        "question_23": {
          "question_number": 23,
          "correct_option": 3,
          "sds_id": "SDS0B16",
          "subtopic": "Respiratory System: Pulmonary Ventilation",
          "image_filename": "question_23.png",
          "captured": true,
          "explanation": [
            "https://d1iljb9ao69244.cloudfront.net/383473_1694191291692_6.ogg"
          ]
        },
        "question_24": {
          "question_number": 24,
          "correct_option": 3,
          "sds_id": "SDS0B17",
          "subtopic": "Respiratory System: Pulmonary Ventilation",
          "image_filename": "question_24.png",
          "captured": true,
          "explanation": [
            "https://d1iljb9ao69244.cloudfront.net/383475_1694191302394_7.ogg"
          ]
        },
        "question_25": {
          "question_number": 25,
          "correct_option": 4,
          "sds_id": "SDS0B18",
          "subtopic": "Respiratory System: Pulmonary Volumes & Capacities",
          "image_filename": "question_25.png",
          "captured": true,
          "explanation": [
            "https://d2f8z173p7073l.cloudfront.net/1547882492217",
            "https://d2f8z173p7073l.cloudfront.net/1632594974223"
          ]
        },
        "question_26": {
          "question_number": 26,
          "correct_option": 4,
          "sds_id": "SDS0B19",
          "subtopic": "Respiratory System: Pulmonary Volumes & Capacities",
          "image_filename": "question_26.png",
          "captured": true,
          "explanation": [
            "https://d1iljb9ao69244.cloudfront.net/question_explanations_127265_1622533923145.ogg",
            "https://d2f8z173p7073l.cloudfront.net/1585059365581"
          ]
        },
        "question_27": {
          "question_number": 27,
          "correct_option": 3,
          "sds_id": "SDS0B1A",
          "subtopic": "Respiratory System: Pulmonary Volumes & Capacities",
          "image_filename": "question_27.png",
          "captured": true,
          "explanation": [
            "https://d1iljb9ao69244.cloudfront.net/question_explanations_127273_1622536841310.ogg",
            "https://d2f8z173p7073l.cloudfront.net/1585059013656"
          ]
        },
        "question_28": {
          "question_number": 28,
          "correct_option": 2,
          "sds_id": "SDS0B1B",
          "subtopic": "Respiratory System: Pulmonary Volumes & Capacities",
          "image_filename": "question_28.png",
          "captured": true,
          "explanation": [
            "https://d1iljb9ao69244.cloudfront.net/127286_1632850138927_108.ogg",
            "https://d1iljb9ao69244.cloudfront.net/question_explanations_127286_1622542236429.ogg",
            "https://d2f8z173p7073l.cloudfront.net/1585059800586"
          ]
        },
        "question_29": {
          "question_number": 29,
          "correct_option": 3,
          "sds_id": "SDS0B1C",
          "subtopic": "Respiratory System: Pulmonary Volumes & Capacities",
          "image_filename": "question_29.png",
          "captured": true,
          "explanation": [
            "https://d1iljb9ao69244.cloudfront.net/127289_1632850024434_102.ogg",
            "https://d1iljb9ao69244.cloudfront.net/question_explanations_127289_1622621176802.ogg",
            "https://d2f8z173p7073l.cloudfront.net/1585059516442"
          ]
        },
        "question_30": {
          "question_number": 30,
          "correct_option": 4,
          "sds_id": "SDS0B1D",
          "subtopic": "Respiratory System: Pulmonary Volumes & Capacities",
          "image_filename": "question_30.png",
          "captured": true,
          "explanation": [
            "https://d2f8z173p7073l.cloudfront.net/1547890296167",
            "https://d2f8z173p7073l.cloudfront.net/1632595080640"
          ]
        },
        "question_31": {
          "question_number": 31,
          "correct_option": 4,
          "sds_id": "SDS0B1E",
          "subtopic": "Respiratory System: Pulmonary Volumes & Capacities",
          "image_filename": "question_31.png",
          "captured": true,
          "explanation": [
            "https://d1iljb9ao69244.cloudfront.net/400019_1702456565515_67.ogg"
          ]
        },
        "question_32": {
          "question_number": 32,
          "correct_option": 2,
          "sds_id": "SDS0B1F",
          "subtopic": "Respiratory System: Pulmonary Volumes & Capacities",
          "image_filename": "question_32.png",
          "captured": true,
          "explanation": [
            "https://d1iljb9ao69244.cloudfront.net/400004_1702456077639_59.ogg"
          ]
        },
        "question_33": {
          "question_number": 33,
          "correct_option": 3,
          "sds_id": "SDS0B20",
          "subtopic": "Respiratory System: Pulmonary Volumes & Capacities",
          "image_filename": "question_33.png",
          "captured": true,
          "explanation": [
            "https://d1iljb9ao69244.cloudfront.net/413003_1706511143829_87.ogg"
          ]
        },
        "question_34": {
          "question_number": 34,
          "correct_option": 2,
          "sds_id": "SDS0B21",
          "subtopic": "Respiratory System: Pulmonary Volumes & Capacities",
          "image_filename": "question_34.png",
          "captured": true,
          "explanation": [
            "https://d1iljb9ao69244.cloudfront.net/383479_1694191323067_9.ogg"
          ]
        },
        "question_35": {
          "question_number": 35,
          "correct_option": 4,
          "sds_id": "SDS0B22",
          "subtopic": "Respiratory System: Pulmonary Volumes & Capacities",
          "image_filename": "question_35.png",
          "captured": true,
          "explanation": [
            "https://d1iljb9ao69244.cloudfront.net/383480_1697799566510_5.ogg"
          ]
        },
        "question_36": {
          "question_number": 36,
          "correct_option": 2,
          "sds_id": "SDS0B23",
          "subtopic": "Respiratory System: Pulmonary Volumes & Capacities",
          "image_filename": "question_36.png",
          "captured": true,
          "explanation": [
            "https://d1iljb9ao69244.cloudfront.net/383478_1697799541480_4.ogg"
          ]
        },
        "question_37": {
          "question_number": 37,
          "correct_option": 2,
          "sds_id": "SDS0B24",
          "subtopic": "Respiratory System: Pulmonary Volumes & Capacities",
          "image_filename": "question_37.png",
          "captured": true,
          "explanation": [
            "https://d1iljb9ao69244.cloudfront.net/420563_1709200048837_62.ogg"
          ]
        },
        "question_38": {
          "question_number": 38,
          "correct_option": 1,
          "sds_id": "SDS0B25",
          "subtopic": "Respiratory System: Pulmonary Volumes & Capacities",
          "image_filename": "question_38.png",
          "captured": true,
          "explanation": [
            "https://d1iljb9ao69244.cloudfront.net/439297_1712657370090_46.ogg"
          ]
        },
        "question_39": {
          "question_number": 39,
          "correct_option": 2,
          "sds_id": "SDS0B26",
          "subtopic": "Respiratory System: Pulmonary Volumes & Capacities",
          "image_filename": "question_39.png",
          "captured": true,
          "explanation": [
            "https://d1iljb9ao69244.cloudfront.net/443050_1712901987372_12.ogg"
          ]
        },
        "question_40": {
          "question_number": 40,
          "correct_option": 3,
          "sds_id": "SDS0B27",
          "subtopic": "Respiratory System: Pulmonary Volumes & Capacities",
          "image_filename": "question_40.png",
          "captured": true,
          "explanation": [
            "https://d1iljb9ao69244.cloudfront.net/question_explanations_61456_1632753498931.ogg",
            "https://d2f8z173p7073l.cloudfront.net/1547892436522"
          ]
        },
        "question_41": {
          "question_number": 41,
          "correct_option": 2,
          "sds_id": "SDS0B28",
          "subtopic": "Respiratory System: Pulmonary Volumes & Capacities",
          "image_filename": "question_41.png",
          "captured": true,
          "explanation": [
            "https://d1iljb9ao69244.cloudfront.net/89477_1658633184194_4.ogg"
          ]
        },
        "question_42": {
          "question_number": 42,
          "correct_option": 3,
          "sds_id": "SDS0B29",
          "subtopic": "Respiratory System: Pulmonary Volumes & Capacities",
          "image_filename": "question_42.png",
          "captured": true,
          "explanation": [
            "https://d1iljb9ao69244.cloudfront.net/338218_1656776601011_2.ogg"
          ]
        },
        "question_43": {
          "question_number": 43,
          "correct_option": 3,
          "sds_id": "SDS0B2A",
          "subtopic": "Respiratory System: Exchange of Gases",
          "image_filename": "question_43.png",
          "captured": true,
          "explanation": [
            "https://d1iljb9ao69244.cloudfront.net/264437_1727422787957_789.ogg",
            "https://d1iljb9ao69244.cloudfront.net/264437_1658633251217_27.ogg",
            "https://d1iljb9ao69244.cloudfront.net/question_explanations_264437_1629355037437.ogg"
          ]
        },
        "question_44": {
          "question_number": 44,
          "correct_option": 3,
          "sds_id": "SDS0B2B",
          "subtopic": "Respiratory System: Exchange of Gases",
          "image_filename": "question_44.png",
          "captured": true,
          "explanation": [
            "https://d1iljb9ao69244.cloudfront.net/question_explanations_61458_1632753965981.ogg",
            "https://d2f8z173p7073l.cloudfront.net/1547892659605"
          ]
        },
        "question_45": {
          "question_number": 45,
          "correct_option": 4,
          "sds_id": "SDS0B2C",
          "subtopic": "Respiratory System: Exchange of Gases",
          "image_filename": "question_45.png",
          "captured": true,
          "explanation": [
            "https://d2f8z173p7073l.cloudfront.net/1547881760649",
            "https://d2f8z173p7073l.cloudfront.net/1632594613510"
          ]
        },
        "question_46": {
          "question_number": 46,
          "correct_option": 3,
          "sds_id": "SDS0B2D",
          "subtopic": "Respiratory System: Exchange of Gases",
          "image_filename": "question_46.png",
          "captured": true,
          "explanation": [
            "https://d2f8z173p7073l.cloudfront.net/1547895049357"
          ]
        },
        "question_47": {
          "question_number": 47,
          "correct_option": 3,
          "sds_id": "SDS0B2E",
          "subtopic": "Respiratory System: Exchange of Gases",
          "image_filename": "question_47.png",
          "captured": true,
          "explanation": [
            "https://d1iljb9ao69244.cloudfront.net/question_explanations_127282_1622539027332.ogg",
            "https://d2f8z173p7073l.cloudfront.net/1585059334266"
          ]
        },
        "question_48": {
          "question_number": 48,
          "correct_option": 3,
          "sds_id": "SDS0B2F",
          "subtopic": "Respiratory System: Exchange of Gases",
          "image_filename": "question_48.png",
          "captured": true,
          "explanation": [
            "https://d1iljb9ao69244.cloudfront.net/63129_1725013370082_133.ogg",
            "https://d2f8z173p7073l.cloudfront.net/1549019510831"
          ]
        },
        "question_49": {
          "question_number": 49,
          "correct_option": 4,
          "sds_id": "SDS0B30",
          "subtopic": "Respiratory System: Exchange of Gases",
          "image_filename": "question_49.png",
          "captured": true,
          "explanation": [
            "https://d1iljb9ao69244.cloudfront.net/127295_1632850099762_106.ogg",
            "https://d1iljb9ao69244.cloudfront.net/question_explanations_127295_1622621869528.ogg",
            "https://d2f8z173p7073l.cloudfront.net/1585059708570"
          ]
        },
        "question_50": {
          "question_number": 50,
          "correct_option": 3,
          "sds_id": "SDS0B31",
          "subtopic": "Respiratory System: Exchange of Gases",
          "image_filename": "question_50.png",
          "captured": true,
          "explanation": [
            "https://d1iljb9ao69244.cloudfront.net/400003_1702456062362_58.ogg"
          ]
        },
        "question_51": {
          "question_number": 51,
          "correct_option": 3,
          "sds_id": "SDS0B32",
          "subtopic": "Respiratory System: Exchange of Gases",
          "image_filename": "question_51.png",
          "captured": true,
          "explanation": [
            "https://d1iljb9ao69244.cloudfront.net/400017_1702456549014_66.ogg"
          ]
        },
        "question_52": {
          "question_number": 52,
          "correct_option": 1,
          "sds_id": "SDS0B33",
          "subtopic": "Respiratory System: Exchange of Gases",
          "image_filename": "question_52.png",
          "captured": true,
          "explanation": [
            "https://d1iljb9ao69244.cloudfront.net/412958_1706507897627_52.ogg"
          ]
        },
        "question_53": {
          "question_number": 53,
          "correct_option": 2,
          "sds_id": "SDS0B34",
          "subtopic": "Respiratory System: Exchange of Gases",
          "image_filename": "question_53.png",
          "captured": true,
          "explanation": [
            "https://d1iljb9ao69244.cloudfront.net/383483_1694191352824_11.ogg"
          ]
        },
        "question_54": {
          "question_number": 54,
          "correct_option": 1,
          "sds_id": "SDS0B35",
          "subtopic": "Respiratory System: Exchange of Gases",
          "image_filename": "question_54.png",
          "captured": true,
          "explanation": [
            "https://d1iljb9ao69244.cloudfront.net/420561_1709200033880_61.ogg"
          ]
        },
        "question_55": {
          "question_number": 55,
          "correct_option": 3,
          "sds_id": "SDS0B36",
          "subtopic": "Respiratory System: Exchange of Gases",
          "image_filename": "question_55.png",
          "captured": true,
          "explanation": [
            "https://d1iljb9ao69244.cloudfront.net/453588_1714477554627_14.ogg"
          ]
        },
        "question_56": {
          "question_number": 56,
          "correct_option": 3,
          "sds_id": "SDS0B37",
          "subtopic": "Respiratory System: Exchange of Gases",
          "image_filename": "question_56.png",
          "captured": true,
          "explanation": [
            "https://d1iljb9ao69244.cloudfront.net/61479_1724407980610_53.ogg",
            "https://d2f8z173p7073l.cloudfront.net/1547894681225"
          ]
        },
        "question_57": {
          "question_number": 57,
          "correct_option": 3,
          "sds_id": "SDS0B38",
          "subtopic": "Respiratory System: Exchange of Gases",
          "image_filename": "question_57.png",
          "captured": true,
          "explanation": [
            "https://d1iljb9ao69244.cloudfront.net/383485_1694191362202_12.ogg"
          ]
        },
        "question_58": {
          "question_number": 58,
          "correct_option": 3,
          "sds_id": "SDS0B39",
          "subtopic": "Respiratory System: Exchange of Gases",
          "image_filename": "question_58.png",
          "captured": true,
          "explanation": [
            "https://d1iljb9ao69244.cloudfront.net/400002_1702456047237_57.ogg"
          ]
        },
        "question_59": {
          "question_number": 59,
          "correct_option": 4,
          "sds_id": "SDS0B3A",
          "subtopic": "Respiratory System: Exchange of Gases",
          "image_filename": "question_59.png",
          "captured": true,
          "explanation": [
            "https://d1iljb9ao69244.cloudfront.net/448224_1713523911179_38.ogg"
          ]
        },
        "question_60": {
          "question_number": 60,
          "correct_option": 3,
          "sds_id": "SDS0B3B",
          "subtopic": "Respiratory System: Exchange of Gases",
          "image_filename": "question_60.png",
          "captured": true,
          "explanation": [
            "https://d1iljb9ao69244.cloudfront.net/question_explanations_335745_1653054179174.ogg"
          ]
        },
        "question_61": {
          "question_number": 61,
          "correct_option": 1,
          "sds_id": "SDS0B3C",
          "subtopic": "Respiratory System: Exchange of Gases",
          "image_filename": "question_61.png",
          "captured": true,
          "explanation": [
            "https://d1iljb9ao69244.cloudfront.net/447727_1713348358001_9.ogg"
          ]
        },
        "question_62": {
          "question_number": 62,
          "correct_option": 4,
          "sds_id": "SDS0B3D",
          "subtopic": "Respiratory System: Exchange of Gases",
          "image_filename": "question_62.png",
          "captured": true,
          "explanation": [
            "https://d1iljb9ao69244.cloudfront.net/391598_1697601653964_98.ogg"
          ]
        },
        "question_63": {
          "question_number": 63,
          "correct_option": 2,
          "sds_id": "SDS0B3E",
          "subtopic": "Respiratory System: Exchange of Gases",
          "image_filename": "question_63.png",
          "captured": true,
          "explanation": [
            "https://d1iljb9ao69244.cloudfront.net/400015_1702456535111_65.ogg"
          ]
        },
        "question_64": {
          "question_number": 64,
          "correct_option": 2,
          "sds_id": "SDS0B3F",
          "subtopic": "Respiratory System: Exchange of Gases",
          "image_filename": "question_64.png",
          "captured": true,
          "explanation": [
            "https://d1iljb9ao69244.cloudfront.net/412963_1706507941548_55.ogg"
          ]
        },
        "question_65": {
          "question_number": 65,
          "correct_option": 3,
          "sds_id": "SDS0B40",
          "subtopic": "Respiratory System: Regulation of Respiration",
          "image_filename": "question_65.png",
          "captured": true,
          "explanation": [
            "https://d2f8z173p7073l.cloudfront.net/1547881576979",
            "https://d2f8z173p7073l.cloudfront.net/1632594450468"
          ]
        },
        "question_66": {
          "question_number": 66,
          "correct_option": 1,
          "sds_id": "SDS0B41",
          "subtopic": "Respiratory System: Regulation of Respiration",
          "image_filename": "question_66.png",
          "captured": true,
          "explanation": [
            "https://d1iljb9ao69244.cloudfront.net/383501_1694191466279_20.ogg"
          ]
        },
        "question_67": {
          "question_number": 67,
          "correct_option": 1,
          "sds_id": "SDS0B42",
          "subtopic": "Respiratory System: Regulation of Respiration",
          "image_filename": "question_67.png",
          "captured": true,
          "explanation": [
            "https://d1iljb9ao69244.cloudfront.net/412962_1706507926007_54.ogg"
          ]
        },
        "question_68": {
          "question_number": 68,
          "correct_option": 3,
          "sds_id": "SDS0B43",
          "subtopic": "Respiratory System: Regulation of Respiration",
          "image_filename": "question_68.png",
          "captured": true,
          "explanation": [
            "https://d1iljb9ao69244.cloudfront.net/127292_1632850067526_104.ogg",
            "https://d1iljb9ao69244.cloudfront.net/question_explanations_127292_1622621391146.ogg",
            "https://d2f8z173p7073l.cloudfront.net/1585059642907"
          ]
        },
        "question_69": {
          "question_number": 69,
          "correct_option": 1,
          "sds_id": "SDS0B44",
          "subtopic": "Respiratory System: Regulation of Respiration",
          "image_filename": "question_69.png",
          "captured": true,
          "explanation": [
            "https://d1iljb9ao69244.cloudfront.net/63133_1725013398632_135.ogg",
            "https://d2f8z173p7073l.cloudfront.net/1549019703577"
          ]
        },
        "question_70": {
          "question_number": 70,
          "correct_option": 2,
          "sds_id": "SDS0B45",
          "subtopic": "Respiratory System: Regulation of Respiration",
          "image_filename": "question_70.png",
          "captured": true,
          "explanation": [
            "https://d1iljb9ao69244.cloudfront.net/399998_1702455987877_53.ogg"
          ]
        },
        "question_71": {
          "question_number": 71,
          "correct_option": 1,
          "sds_id": "SDS0B46",
          "subtopic": "Respiratory System: Regulation of Respiration",
          "image_filename": "question_71.png",
          "captured": true,
          "explanation": [
            "https://d1iljb9ao69244.cloudfront.net/452714_1714306354155_4.ogg"
          ]
        },
        "question_72": {
          "question_number": 72,
          "correct_option": 1,
          "sds_id": "SDS0B47",
          "subtopic": "Respiratory System: Regulation of Respiration",
          "image_filename": "question_72.png",
          "captured": true,
          "explanation": [
            "https://d2f8z173p7073l.cloudfront.net/1547881616654",
            "https://d2f8z173p7073l.cloudfront.net/1632594471627"
          ]
        },
        "question_73": {
          "question_number": 73,
          "correct_option": 3,
          "sds_id": "SDS0B48",
          "subtopic": "Respiratory System: Regulation of Respiration",
          "image_filename": "question_73.png",
          "captured": true,
          "explanation": [
            "https://d1iljb9ao69244.cloudfront.net/461323_1720236678089_9.ogg"
          ]
        },
        "question_74": {
          "question_number": 74,
          "correct_option": 2,
          "sds_id": "SDS0B49",
          "subtopic": "Respiratory Disorders: Part 1",
          "image_filename": "question_74.png",
          "captured": true,
          "explanation": [
            "https://d1iljb9ao69244.cloudfront.net/127257_1632850010550_101.ogg",
            "https://d1iljb9ao69244.cloudfront.net/question_explanations_127257_1622531660039.ogg",
            "https://d2f8z173p7073l.cloudfront.net/1585059431803"
          ]
        },
        "question_75": {
          "question_number": 75,
          "correct_option": 1,
          "sds_id": "SDS0B4A",
          "subtopic": "Respiratory Disorders: Part 1",
          "image_filename": "question_75.png",
          "captured": true,
          "explanation": [
            "https://d1iljb9ao69244.cloudfront.net/447239_1713289445029_41.ogg"
          ]
        },
        "question_76": {
          "question_number": 76,
          "correct_option": 1,
          "sds_id": "SDS0B4B",
          "subtopic": "Respiratory Disorders: Part 2",
          "image_filename": "question_76.png",
          "captured": true,
          "explanation": [
            "https://d2f8z173p7073l.cloudfront.net/1547826633629",
            "https://d2f8z173p7073l.cloudfront.net/1632594353178"
          ]
        },
        "question_77": {
          "question_number": 77,
          "correct_option": 4,
          "sds_id": "SDS0B4C",
          "subtopic": "Respiratory Disorders: Part 2",
          "image_filename": "question_77.png",
          "captured": true,
          "explanation": [
            "https://d1iljb9ao69244.cloudfront.net/399997_1702455972644_52.ogg"
          ]
        },
        "question_78": {
          "question_number": 78,
          "correct_option": 4,
          "sds_id": "SDS0B4D",
          "subtopic": "Respiratory Disorders: Part 2",
          "image_filename": "question_78.png",
          "captured": true,
          "explanation": [
            "https://d1iljb9ao69244.cloudfront.net/412959_1706507912865_53.ogg"
          ]
        },
        "question_79": {
          "question_number": 79,
          "correct_option": 2,
          "sds_id": "SDS0B4E",
          "subtopic": "Respiratory Disorders: Part 2",
          "image_filename": "question_79.png",
          "captured": true,
          "explanation": [
            "https://d1iljb9ao69244.cloudfront.net/383503_1694191494484_21.ogg"
          ]
        },
        "question_80": {
          "question_number": 80,
          "correct_option": 3,
          "sds_id": "SDS0B4F",
          "subtopic": "Respiratory Disorders: Part 2",
          "image_filename": "question_80.png",
          "captured": true,
          "explanation": [
            "https://d1iljb9ao69244.cloudfront.net/383505_1694191505134_22.ogg"
          ]
        },
        "question_81": {
          "question_number": 81,
          "correct_option": 1,
          "sds_id": "SDS0B50",
          "subtopic": "Respiratory System: Transport of Gases",
          "image_filename": "question_81.png",
          "captured": true,
          "explanation": [
            "https://d1iljb9ao69244.cloudfront.net/62070_1724851269238_88.ogg",
            "https://d2f8z173p7073l.cloudfront.net/1548038683075"
          ]
        },
        "question_82": {
          "question_number": 82,
          "correct_option": 2,
          "sds_id": "SDS0B51",
          "subtopic": "Respiratory System: Transport of Gases",
          "image_filename": "question_82.png",
          "captured": true,
          "explanation": [
            "https://d1iljb9ao69244.cloudfront.net/question_explanations_61444_1632750439406.ogg",
            "https://d1iljb9ao69244.cloudfront.net/question_explanations_61444_1632750308650.ogg",
            "https://d2f8z173p7073l.cloudfront.net/1547890570538"
          ]
        },
        "question_83": {
          "question_number": 83,
          "correct_option": 4,
          "sds_id": "SDS0B52",
          "subtopic": "Respiratory System: Transport of Gases",
          "image_filename": "question_83.png",
          "captured": true,
          "explanation": [
            "https://d1iljb9ao69244.cloudfront.net/question_explanations_127291_1622621245243.ogg",
            "https://d2f8z173p7073l.cloudfront.net/1585060400981"
          ]
        },
        "question_84": {
          "question_number": 84,
          "correct_option": 1,
          "sds_id": "SDS0B53",
          "subtopic": "Respiratory System: Transport of Gases",
          "image_filename": "question_84.png",
          "captured": true,
          "explanation": [
            "https://d1iljb9ao69244.cloudfront.net/383489_1694191384083_14.ogg"
          ]
        },
        "question_85": {
          "question_number": 85,
          "correct_option": 2,
          "sds_id": "SDS0B54",
          "subtopic": "Respiratory System: Transport of Gases",
          "image_filename": "question_85.png",
          "captured": true,
          "explanation": [
            "https://d1iljb9ao69244.cloudfront.net/63130_1725013382873_134.ogg",
            "https://d2f8z173p7073l.cloudfront.net/1549019588887"
          ]
        },
        "question_86": {
          "question_number": 86,
          "correct_option": 2,
          "sds_id": "SDS0B55",
          "subtopic": "Respiratory System: Transport of Gases",
          "image_filename": "question_86.png",
          "captured": true,
          "explanation": [
            "https://d1iljb9ao69244.cloudfront.net/383491_1694191405248_15.ogg"
          ]
        },
        "question_87": {
          "question_number": 87,
          "correct_option": 3,
          "sds_id": "SDS0B56",
          "subtopic": "Respiratory System: Transport of Gases",
          "image_filename": "question_87.png",
          "captured": true,
          "explanation": [
            "https://d1iljb9ao69244.cloudfront.net/420643_1709209918522_2.ogg"
          ]
        },
        "question_88": {
          "question_number": 88,
          "correct_option": 3,
          "sds_id": "SDS0B57",
          "subtopic": "Respiratory System: Transport of Gases",
          "image_filename": "question_88.png",
          "captured": true,
          "explanation": [
            "https://d1iljb9ao69244.cloudfront.net/question_explanations_127268_1622534383123.ogg",
            "https://d2f8z173p7073l.cloudfront.net/1585059306379"
          ]
        },
        "question_89": {
          "question_number": 89,
          "correct_option": 1,
          "sds_id": "SDS0B58",
          "subtopic": "Respiratory System: Transport of Gases",
          "image_filename": "question_89.png",
          "captured": true,
          "explanation": [
            "https://d1iljb9ao69244.cloudfront.net/450768_1714046401325_35.ogg"
          ]
        },
        "question_90": {
          "question_number": 90,
          "correct_option": 4,
          "sds_id": "SDS0B59",
          "subtopic": "Respiratory System: Transport of Gases",
          "image_filename": "question_90.png",
          "captured": true,
          "explanation": [
            "https://d1iljb9ao69244.cloudfront.net/question_explanations_127287_1622550244454.ogg",
            "https://d2f8z173p7073l.cloudfront.net/1585058744769"
          ]
        },
        "question_91": {
          "question_number": 91,
          "correct_option": 2,
          "sds_id": "SDS0B5A",
          "subtopic": "Respiratory System: Transport of Gases",
          "image_filename": "question_91.png",
          "captured": true,
          "explanation": [
            "https://d1iljb9ao69244.cloudfront.net/383499_1694191455398_19.ogg"
          ]
        },
        "question_92": {
          "question_number": 92,
          "correct_option": 1,
          "sds_id": "SDS0B5B",
          "subtopic": "Respiratory System: Transport of Gases",
          "image_filename": "question_92.png",
          "captured": true,
          "explanation": [
            "https://d1iljb9ao69244.cloudfront.net/383495_1694191429242_17.ogg"
          ]
        },
        "question_93": {
          "question_number": 93,
          "correct_option": 2,
          "sds_id": "SDS0B5C",
          "subtopic": "Respiratory System: Transport of Gases",
          "image_filename": "question_93.png",
          "captured": true,
          "explanation": [
            "https://d1iljb9ao69244.cloudfront.net/399999_1702456002899_54.ogg"
          ]
        },
        "question_94": {
          "question_number": 94,
          "correct_option": 1,
          "sds_id": "SDS0B5D",
          "subtopic": "Respiratory System: Transport of Gases",
          "image_filename": "question_94.png",
          "captured": true,
          "explanation": [
            "https://d1iljb9ao69244.cloudfront.net/412967_1706507982501_58.ogg"
          ]
        },
        "question_95": {
          "question_number": 95,
          "correct_option": 3,
          "sds_id": "SDS0B5E",
          "subtopic": "Respiratory System: Transport of Gases",
          "image_filename": "question_95.png",
          "captured": true,
          "explanation": [
            "https://d1iljb9ao69244.cloudfront.net/question_explanations_127270_1622536362732.ogg",
            "https://d2f8z173p7073l.cloudfront.net/1585058695334"
          ]
        },
        "question_96": {
          "question_number": 96,
          "correct_option": 2,
          "sds_id": "SDS0B5F",
          "subtopic": "Respiratory System: Transport of Gases",
          "image_filename": "question_96.png",
          "captured": true,
          "explanation": [
            "https://d1iljb9ao69244.cloudfront.net/383497_1694191442229_18.ogg"
          ]
        },
        "question_97": {
          "question_number": 97,
          "correct_option": 1,
          "sds_id": "SDS0B60",
          "subtopic": "Respiratory System: Transport of Gases",
          "image_filename": "question_97.png",
          "captured": true,
          "explanation": [
            "https://d1iljb9ao69244.cloudfront.net/question_explanations_127266_1622534005142.ogg",
            "https://d2f8z173p7073l.cloudfront.net/1585058591928"
          ]
        },
        "question_98": {
          "question_number": 98,
          "correct_option": 4,
          "sds_id": "SDS0B61",
          "subtopic": "Respiratory System: Transport of Gases",
          "image_filename": "question_98.png",
          "captured": true,
          "explanation": [
            "https://d1iljb9ao69244.cloudfront.net/383498_1721623870922_16.ogg"
          ]
        },
        "question_99": {
          "question_number": 99,
          "correct_option": 1,
          "sds_id": "SDS0B62",
          "subtopic": "Respiratory System: Transport of Gases",
          "image_filename": "question_99.png",
          "captured": true,
          "explanation": [
            "https://d1iljb9ao69244.cloudfront.net/438438_1712646781314_32.ogg"
          ]
        },
        "question_100": {
          "question_number": 100,
          "correct_option": 4,
          "sds_id": "SDS0B63",
          "subtopic": "Respiratory System: Transport of Gases",
          "image_filename": "question_100.png",
          "captured": true,
          "explanation": [
            "https://d1iljb9ao69244.cloudfront.net/383507_1694191518094_23.ogg"
          ]
        },
        "question_101": {
          "question_number": 101,
          "correct_option": 2,
          "sds_id": "SDS0B64",
          "subtopic": "Respiratory System: Transport of Gases",
          "image_filename": "question_101.png",
          "captured": true,
          "explanation": [
            "https://d1iljb9ao69244.cloudfront.net/383511_1694191544120_25.ogg"
          ]
        },
        "question_102": {
          "question_number": 102,
          "correct_option": 1,
          "sds_id": "SDS0B65",
          "subtopic": "Respiratory System: Transport of Gases",
          "image_filename": "question_102.png",
          "captured": true,
          "explanation": [
            "https://d1iljb9ao69244.cloudfront.net/383512_1711179246342_38.ogg"
          ]
        },
        "question_103": {
          "question_number": 103,
          "correct_option": 4,
          "sds_id": "SDS0B66",
          "subtopic": "Respiratory Organs",
          "image_filename": "question_103.png",
          "captured": true,
          "explanation": [
            "https://d1iljb9ao69244.cloudfront.net/436330_1712126076512_5.ogg"
          ]
        },
        "question_104": {
          "question_number": 104,
          "correct_option": 4,
          "sds_id": "SDS0B67",
          "subtopic": "Respiratory Organs",
          "image_filename": "question_104.png",
          "captured": true,
          "explanation": [
            "https://d1iljb9ao69244.cloudfront.net/400005_1702456092024_60.ogg"
          ]
        },
        "question_105": {
          "question_number": 105,
          "correct_option": 2,
          "sds_id": "SDS0B68",
          "subtopic": "Mechanism of Breathing",
          "image_filename": "question_105.png",
          "captured": true,
          "explanation": [
            "https://d1iljb9ao69244.cloudfront.net/383470_1711176005016_8.ogg"
          ]
        },
        "question_106": {
          "question_number": 106,
          "correct_option": 4,
          "sds_id": "SDS0B69",
          "subtopic": "Mechanism of Breathing",
          "image_filename": "question_106.png",
          "captured": true,
          "explanation": [
            "https://d1iljb9ao69244.cloudfront.net/383474_1710827636171_40.ogg"
          ]
        },
        "question_107": {
          "question_number": 107,
          "correct_option": 3,
          "sds_id": "SDS0B6A",
          "subtopic": "Mechanism of Breathing",
          "image_filename": "question_107.png",
          "captured": true,
          "explanation": [
            "https://d1iljb9ao69244.cloudfront.net/420565_1708423838024_63.ogg"
          ]
        },
        "question_108": {
          "question_number": 108,
          "correct_option": 4,
          "sds_id": "SDS0B6B",
          "subtopic": "Mechanism of Breathing",
          "image_filename": "question_108.png",
          "captured": true,
          "explanation": [
            "https://d1iljb9ao69244.cloudfront.net/453579_1714476244654_8.ogg"
          ]
        },
        "question_109": {
          "question_number": 109,
          "correct_option": 2,
          "sds_id": "SDS0B6C",
          "subtopic": "Mechanism of Breathing",
          "image_filename": "question_109.png",
          "captured": true,
          "explanation": [
            "https://d1iljb9ao69244.cloudfront.net/412957_1706507881821_51.ogg"
          ]
        },
        "question_110": {
          "question_number": 110,
          "correct_option": 2,
          "sds_id": "SDS0B6D",
          "subtopic": "Mechanism of Breathing",
          "image_filename": "question_110.png",
          "captured": true,
          "explanation": [
            "https://d1iljb9ao69244.cloudfront.net/420566_1709200062599_63.ogg"
          ]
        }
      }
    },
    "Level 2": {
      "name": "Level 2",
      "path": "Level 2/",
      "questions": {
        "question_1": {
          "question_number": 1,
          "correct_option": 4,
          "sds_id": "SDS0B8F",
          "subtopic": "Respiratory System: Upper Respiratory Tract",
          "image_filename": "question_1.png",
          "captured": true,
          "explanation": [
            "https://d2f8z173p7073l.cloudfront.net/1547893103375"
          ]
        },
        "question_2": {
          "question_number": 2,
          "correct_option": 4,
          "sds_id": "SDS0B90",
          "subtopic": "Respiratory System: Trachea & Basic Anatomy of Lung",
          "image_filename": "question_2.png",
          "captured": true,
          "explanation": [
            "https://d1iljb9ao69244.cloudfront.net/question_explanations_61450_1632751767428.ogg",
            "https://d1iljb9ao69244.cloudfront.net/question_explanations_61450_1632751682333.ogg",
            "https://d2f8z173p7073l.cloudfront.net/1547891327680"
          ]
        },
        "question_3": {
          "question_number": 3,
          "correct_option": 3,
          "sds_id": "SDS0B91",
          "subtopic": "Respiratory System: Trachea & Basic Anatomy of Lung",
          "image_filename": "question_3.png",
          "captured": true,
          "explanation": [
            "https://d2f8z173p7073l.cloudfront.net/1547826584345"
          ]
        },
        "question_4": {
          "question_number": 4,
          "correct_option": 1,
          "sds_id": "SDS0B92",
          "subtopic": "Respiratory System: Pulmonary Ventilation",
          "image_filename": "question_4.png",
          "captured": true,
          "explanation": [
            "https://d2f8z173p7073l.cloudfront.net/1547882197310",
            "https://d2f8z173p7073l.cloudfront.net/1632594828559"
          ]
        },
        "question_5": {
          "question_number": 5,
          "correct_option": 2,
          "sds_id": "SDS0B93",
          "subtopic": "Respiratory System: Pulmonary Ventilation",
          "image_filename": "question_5.png",
          "captured": true,
          "explanation": [
            "https://d1iljb9ao69244.cloudfront.net/question_explanations_127285_1622541961850.ogg",
            "https://d2f8z173p7073l.cloudfront.net/1585059234815"
          ]
        },
        "question_6": {
          "question_number": 6,
          "correct_option": 2,
          "sds_id": "SDS0B94",
          "subtopic": "Respiratory System: Pulmonary Ventilation",
          "image_filename": "question_6.png",
          "captured": true,
          "explanation": [
            "https://d2f8z173p7073l.cloudfront.net/1549016684285"
          ]
        },
        "question_7": {
          "question_number": 7,
          "correct_option": 3,
          "sds_id": "SDS0B95",
          "subtopic": "Respiratory System: Pulmonary Volumes & Capacities",
          "image_filename": "question_7.png",
          "captured": true,
          "explanation": [
            "https://d2f8z173p7073l.cloudfront.net/1549047428842",
            "https://d2f8z173p7073l.cloudfront.net/1663321438701"
          ]
        },
        "question_8": {
          "question_number": 8,
          "correct_option": 2,
          "sds_id": "SDS0B96",
          "subtopic": "Respiratory System: Pulmonary Volumes & Capacities",
          "image_filename": "question_8.png",
          "captured": true,
          "explanation": [
            "https://d2f8z173p7073l.cloudfront.net/1547829413344"
          ]
        },
        "question_9": {
          "question_number": 9,
          "correct_option": 3,
          "sds_id": "SDS0B97",
          "subtopic": "Respiratory System: Exchange of Gases",
          "image_filename": "question_9.png",
          "captured": true,
          "explanation": [
            "https://d1iljb9ao69244.cloudfront.net/question_explanations_61445_1632750916764.ogg",
            "https://d1iljb9ao69244.cloudfront.net/question_explanations_61445_1632750683023.ogg",
            "https://d2f8z173p7073l.cloudfront.net/1547890613623"
          ]
        },
        "question_10": {
          "question_number": 10,
          "correct_option": 2,
          "sds_id": "SDS0B98",
          "subtopic": "Respiratory System: Exchange of Gases",
          "image_filename": "question_10.png",
          "captured": true,
          "explanation": [
            "https://d2f8z173p7073l.cloudfront.net/1547892851476"
          ]
        },
        "question_11": {
          "question_number": 11,
          "correct_option": 4,
          "sds_id": "SDS0B99",
          "subtopic": "Respiratory System: Exchange of Gases",
          "image_filename": "question_11.png",
          "captured": true,
          "explanation": [
            "https://d2f8z173p7073l.cloudfront.net/1548038830173"
          ]
        },
        "question_12": {
          "question_number": 12,
          "correct_option": 2,
          "sds_id": "SDS0B9A",
          "subtopic": "Respiratory System: Exchange of Gases",
          "image_filename": "question_12.png",
          "captured": true,
          "explanation": [
            "https://d2f8z173p7073l.cloudfront.net/1549074793105"
          ]
        },
        "question_13": {
          "question_number": 13,
          "correct_option": 2,
          "sds_id": "SDS0B9B",
          "subtopic": "Respiratory System: Exchange of Gases",
          "image_filename": "question_13.png",
          "captured": true,
          "explanation": [
            "https://d2f8z173p7073l.cloudfront.net/1549017074101"
          ]
        },
        "question_14": {
          "question_number": 14,
          "correct_option": 1,
          "sds_id": "SDS0B9C",
          "subtopic": "Respiratory System: Regulation of Respiration",
          "image_filename": "question_14.png",
          "captured": true,
          "explanation": [
            "https://d2f8z173p7073l.cloudfront.net/1549017252544"
          ]
        },
        "question_15": {
          "question_number": 15,
          "correct_option": 4,
          "sds_id": "SDS0B9D",
          "subtopic": "Respiratory Disorders: Part 1",
          "image_filename": "question_15.png",
          "captured": true,
          "explanation": [
            "https://d2f8z173p7073l.cloudfront.net/1547895253327"
          ]
        },
        "question_16": {
          "question_number": 16,
          "correct_option": 4,
          "sds_id": "SDS0B9E",
          "subtopic": "Respiratory Disorders: Part 1",
          "image_filename": "question_16.png",
          "captured": true,
          "explanation": [
            "https://d1iljb9ao69244.cloudfront.net/127305_1632850220028_111.ogg",
            "https://d1iljb9ao69244.cloudfront.net/question_explanations_127305_1622622684289.ogg",
            "https://d2f8z173p7073l.cloudfront.net/1585060217658"
          ]
        },
        "question_17": {
          "question_number": 17,
          "correct_option": 4,
          "sds_id": "SDS0B9F",
          "subtopic": "Respiratory Disorders: Part 1",
          "image_filename": "question_17.png",
          "captured": true,
          "explanation": [
            "https://d2f8z173p7073l.cloudfront.net/1549019808959"
          ]
        },
        "question_18": {
          "question_number": 18,
          "correct_option": 4,
          "sds_id": "SDS0BA0",
          "subtopic": "Respiratory Disorders: Part 1",
          "image_filename": "question_18.png",
          "captured": true,
          "explanation": [
            "https://d2f8z173p7073l.cloudfront.net/1550411934722"
          ]
        },
        "question_19": {
          "question_number": 19,
          "correct_option": 2,
          "sds_id": "SDS0BA1",
          "subtopic": "Respiratory Disorders: Part 1",
          "image_filename": "question_19.png",
          "captured": true,
          "explanation": [
            "https://d2f8z173p7073l.cloudfront.net/1547882247428"
          ]
        },
        "question_20": {
          "question_number": 20,
          "correct_option": 1,
          "sds_id": "SDS0BA2",
          "subtopic": "Respiratory Disorders: Part 1",
          "image_filename": "question_20.png",
          "captured": true,
          "explanation": [
            "https://d2f8z173p7073l.cloudfront.net/1549016705691"
          ]
        },
        "question_21": {
          "question_number": 21,
          "correct_option": 3,
          "sds_id": "SDS0BA3",
          "subtopic": "Respiratory System: Transport of Gases",
          "image_filename": "question_21.png",
          "captured": true,
          "explanation": [
            "https://d1iljb9ao69244.cloudfront.net/127303_1632850395912_121.ogg",
            "https://d1iljb9ao69244.cloudfront.net/question_explanations_127303_1622622506805.ogg",
            "https://d2f8z173p7073l.cloudfront.net/1585060612070"
          ]
        },
        "question_22": {
          "question_number": 22,
          "correct_option": 4,
          "sds_id": "SDS0BA4",
          "subtopic": "Respiratory System: Transport of Gases",
          "image_filename": "question_22.png",
          "captured": true,
          "explanation": [
            "https://d2f8z173p7073l.cloudfront.net/1549017218043"
          ]
        },
        "question_23": {
          "question_number": 23,
          "correct_option": 3,
          "sds_id": "SDS0BA5",
          "subtopic": "Respiratory System: Transport of Gases",
          "image_filename": "question_23.png",
          "captured": true,
          "explanation": [
            "https://d1iljb9ao69244.cloudfront.net/127261_1632850468044_125.ogg",
            "https://d1iljb9ao69244.cloudfront.net/question_explanations_127261_1622532372981.ogg",
            "https://d2f8z173p7073l.cloudfront.net/1585060873064",
            "https://d2f8z173p7073l.cloudfront.net/1663325712157"
          ]
        },
        "question_24": {
          "question_number": 24,
          "correct_option": 1,
          "sds_id": "SDS0BA6",
          "subtopic": "Respiratory System: Transport of Gases",
          "image_filename": "question_24.png",
          "captured": true,
          "explanation": [
            "https://d2f8z173p7073l.cloudfront.net/1549016656341"
          ]
        }
      }
    },
    "Level 3": {
      "name": "Level 3",
      "path": "Level 3/",
      "questions": {
        "question_1": {
          "question_number": 1,
          "correct_option": 1,
          "sds_id": "SDS0B6E",
          "subtopic": "Respiratory System: Trachea & Basic Anatomy of Lung",
          "image_filename": "question_1.png",
          "captured": true,
          "explanation": [
            "https://d1iljb9ao69244.cloudfront.net/383469_1694191271514_4.ogg"
          ]
        },
        "question_2": {
          "question_number": 2,
          "correct_option": 3,
          "sds_id": "SDS0B6F",
          "subtopic": "Respiratory System: Trachea & Basic Anatomy of Lung",
          "image_filename": "question_2.png",
          "captured": true,
          "explanation": [
            "https://d1iljb9ao69244.cloudfront.net/383466_1697799453783_1.ogg"
          ]
        },
        "question_3": {
          "question_number": 3,
          "correct_option": 4,
          "sds_id": "SDS0B70",
          "subtopic": "Respiratory System: Trachea & Basic Anatomy of Lung",
          "image_filename": "question_3.png",
          "captured": true,
          "explanation": [
            "https://d1iljb9ao69244.cloudfront.net/392578_1697798048040_5.ogg"
          ]
        },
        "question_4": {
          "question_number": 4,
          "correct_option": 3,
          "sds_id": "SDS0B71",
          "subtopic": "Respiratory System: Trachea & Basic Anatomy of Lung",
          "image_filename": "question_4.png",
          "captured": true,
          "explanation": [
            "https://www.youtube-nocookie.com/embed/6DXmMjAyLtw?rel=0"
          ]
        },
        "question_5": {
          "question_number": 5,
          "correct_option": 2,
          "sds_id": "SDS0B72",
          "subtopic": "Respiratory System: Pulmonary Ventilation",
          "image_filename": "question_5.png",
          "captured": true,
          "explanation": [
            "https://d2f8z173p7073l.cloudfront.net/1586843682858"
          ]
        },
        "question_6": {
          "question_number": 6,
          "correct_option": 4,
          "sds_id": "SDS0B73",
          "subtopic": "Respiratory System: Pulmonary Volumes & Capacities",
          "image_filename": "question_6.png",
          "captured": true,
          "explanation": [
            "https://d1iljb9ao69244.cloudfront.net/412964_1706507954084_56.ogg"
          ]
        },
        "question_7": {
          "question_number": 7,
          "correct_option": 4,
          "sds_id": "SDS0B74",
          "subtopic": "Respiratory System: Pulmonary Volumes & Capacities",
          "image_filename": "question_7.png",
          "captured": true,
          "explanation": [
            "https://d1iljb9ao69244.cloudfront.net/420562_1708423823386_62.ogg"
          ]
        },
        "question_8": {
          "question_number": 8,
          "correct_option": 1,
          "sds_id": "SDS0B75",
          "subtopic": "Respiratory System: Pulmonary Volumes & Capacities",
          "image_filename": "question_8.png",
          "captured": true,
          "explanation": [
            "https://d2f8z173p7073l.cloudfront.net/1548038133491"
          ]
        },
        "question_9": {
          "question_number": 9,
          "correct_option": 2,
          "sds_id": "SDS0B76",
          "subtopic": "Respiratory System: Pulmonary Volumes & Capacities",
          "image_filename": "question_9.png",
          "captured": true,
          "explanation": [
            "https://www.youtube-nocookie.com/embed/3UfmsrB3ZZg?rel=0"
          ]
        },
        "question_10": {
          "question_number": 10,
          "correct_option": 3,
          "sds_id": "SDS0B77",
          "subtopic": "Respiratory System: Exchange of Gases",
          "image_filename": "question_10.png",
          "captured": true,
          "explanation": [
            "https://d1iljb9ao69244.cloudfront.net/383481_1694191333042_10.ogg"
          ]
        },
        "question_11": {
          "question_number": 11,
          "correct_option": 1,
          "sds_id": "SDS0B78",
          "subtopic": "Respiratory System: Exchange of Gases",
          "image_filename": "question_11.png",
          "captured": true,
          "explanation": [
            "https://d1iljb9ao69244.cloudfront.net/383472_1697799481303_2.ogg"
          ]
        },
        "question_12": {
          "question_number": 12,
          "correct_option": 2,
          "sds_id": "SDS0B79",
          "subtopic": "Respiratory System: Exchange of Gases",
          "image_filename": "question_12.png",
          "captured": true,
          "explanation": [
            "https://d1iljb9ao69244.cloudfront.net/447237_1713289140995_40.ogg"
          ]
        },
        "question_13": {
          "question_number": 13,
          "correct_option": 3,
          "sds_id": "SDS0B7A",
          "subtopic": "Respiratory System: Exchange of Gases",
          "image_filename": "question_13.png",
          "captured": true,
          "explanation": [
            "https://d1iljb9ao69244.cloudfront.net/333137_1650647345762_8.ogg"
          ]
        },
        "question_14": {
          "question_number": 14,
          "correct_option": 3,
          "sds_id": "SDS0B7B",
          "subtopic": "Respiratory System: Exchange of Gases",
          "image_filename": "question_14.png",
          "captured": true,
          "explanation": [
            "https://www.youtube-nocookie.com/embed/UhCSU7VLt-M?rel=0"
          ]
        },
        "question_15": {
          "question_number": 15,
          "correct_option": 4,
          "sds_id": "SDS0B7C",
          "subtopic": "Respiratory System: Regulation of Respiration",
          "image_filename": "question_15.png",
          "captured": true,
          "explanation": [
            "https://d1iljb9ao69244.cloudfront.net/383484_1697799602817_6.ogg"
          ]
        },
        "question_16": {
          "question_number": 16,
          "correct_option": 3,
          "sds_id": "SDS0B7D",
          "subtopic": "Respiratory System: Regulation of Respiration",
          "image_filename": "question_16.png",
          "captured": true,
          "explanation": [
            "https://d1iljb9ao69244.cloudfront.net/391603_1697601692646_100.ogg"
          ]
        },
        "question_17": {
          "question_number": 17,
          "correct_option": 2,
          "sds_id": "SDS0B7E",
          "subtopic": "Respiratory System: Regulation of Respiration",
          "image_filename": "question_17.png",
          "captured": true,
          "explanation": [
            "https://d1iljb9ao69244.cloudfront.net/420642_1709209904741_1.ogg"
          ]
        },
        "question_18": {
          "question_number": 18,
          "correct_option": 2,
          "sds_id": "SDS0B7F",
          "subtopic": "Respiratory System: Regulation of Respiration",
          "image_filename": "question_18.png",
          "captured": true,
          "explanation": [
            "https://d1iljb9ao69244.cloudfront.net/437239_1712310815744_14.ogg"
          ]
        },
        "question_19": {
          "question_number": 19,
          "correct_option": 2,
          "sds_id": "SDS0B80",
          "subtopic": "Respiratory System: Regulation of Respiration",
          "image_filename": "question_19.png",
          "captured": true,
          "explanation": [
            "https://d1iljb9ao69244.cloudfront.net/question_explanations_334904_1651845853531.ogg"
          ]
        },
        "question_20": {
          "question_number": 20,
          "correct_option": 2,
          "sds_id": "SDS0B81",
          "subtopic": "Respiratory System: Regulation of Respiration",
          "image_filename": "question_20.png",
          "captured": true,
          "explanation": [
            "https://www.youtube-nocookie.com/embed/tM7mv2UXe4M?rel=0"
          ]
        },
        "question_21": {
          "question_number": 21,
          "correct_option": 1,
          "sds_id": "SDS0B82",
          "subtopic": "Respiratory Disorders: Part 1",
          "image_filename": "question_21.png",
          "captured": true,
          "explanation": [
            "https://d1iljb9ao69244.cloudfront.net/90511_1658633200616_7.ogg"
          ]
        },
        "question_22": {
          "question_number": 22,
          "correct_option": 1,
          "sds_id": "SDS0B83",
          "subtopic": "Respiratory Disorders: Part 2",
          "image_filename": "question_22.png",
          "captured": true,
          "explanation": [
            "https://d1iljb9ao69244.cloudfront.net/323466_1644345332972_12.ogg"
          ]
        },
        "question_23": {
          "question_number": 23,
          "correct_option": 1,
          "sds_id": "SDS0B84",
          "subtopic": "Respiratory System: Transport of Gases",
          "image_filename": "question_23.png",
          "captured": true,
          "explanation": [
            "https://d1iljb9ao69244.cloudfront.net/400000_1702456017335_55.ogg"
          ]
        },
        "question_24": {
          "question_number": 24,
          "correct_option": 2,
          "sds_id": "SDS0B85",
          "subtopic": "Respiratory System: Transport of Gases",
          "image_filename": "question_24.png",
          "captured": true,
          "explanation": [
            "https://d1iljb9ao69244.cloudfront.net/413004_1706511159339_88.ogg"
          ]
        },
        "question_25": {
          "question_number": 25,
          "correct_option": 1,
          "sds_id": "SDS0B86",
          "subtopic": "Respiratory System: Transport of Gases",
          "image_filename": "question_25.png",
          "captured": true,
          "explanation": [
            "https://d1iljb9ao69244.cloudfront.net/question_explanations_57847_1585752458519.ogg",
            "https://d1iljb9ao69244.cloudfront.net/question_explanations_57847_1585752307727.ogg"
          ]
        },
        "question_26": {
          "question_number": 26,
          "correct_option": 3,
          "sds_id": "SDS0B87",
          "subtopic": "Respiratory System: Transport of Gases",
          "image_filename": "question_26.png",
          "captured": true,
          "explanation": [
            "https://d1iljb9ao69244.cloudfront.net/420611_1708424739049_90.ogg"
          ]
        },
        "question_27": {
          "question_number": 27,
          "correct_option": 3,
          "sds_id": "SDS0B88",
          "subtopic": "Respiratory System: Transport of Gases",
          "image_filename": "question_27.png",
          "captured": true,
          "explanation": [
            "https://www.youtube-nocookie.com/embed/OPFM4zdrVtY?rel=0"
          ]
        },
        "question_28": {
          "question_number": 28,
          "correct_option": 2,
          "sds_id": "SDS0B89",
          "subtopic": "Respiratory System: Transport of Gases",
          "image_filename": "question_28.png",
          "captured": true,
          "explanation": [
            "https://www.youtube-nocookie.com/embed/vUHJOgWih9k?rel=0"
          ]
        },
        "question_29": {
          "question_number": 29,
          "correct_option": 1,
          "sds_id": "SDS0B8A",
          "subtopic": "Respiratory Organs",
          "image_filename": "question_29.png",
          "captured": true,
          "explanation": [
            "https://www.youtube-nocookie.com/embed/bpD_GLy90e8?rel=0"
          ]
        },
        "question_30": {
          "question_number": 30,
          "correct_option": 4,
          "sds_id": "SDS0B8B",
          "subtopic": "Respiratory Organs",
          "image_filename": "question_30.png",
          "captured": true,
          "explanation": [
            "https://www.youtube-nocookie.com/embed/bvRo7NjBuuY?rel=0"
          ]
        },
        "question_31": {
          "question_number": 31,
          "correct_option": 1,
          "sds_id": "SDS0B8C",
          "subtopic": "Respiratory Organs",
          "image_filename": "question_31.png",
          "captured": true,
          "explanation": [
            "https://www.youtube-nocookie.com/embed/t4nbOjDjIT4?rel=0"
          ]
        },
        "question_32": {
          "question_number": 32,
          "correct_option": 1,
          "sds_id": "SDS0B8D",
          "subtopic": "Mechanism of Breathing",
          "image_filename": "question_32.png",
          "captured": true,
          "explanation": [
            "https://d1iljb9ao69244.cloudfront.net/437242_1712310227208_15.ogg"
          ]
        },
        "question_33": {
          "question_number": 33,
          "correct_option": 4,
          "sds_id": "SDS0B8E",
          "subtopic": "Mechanism of Breathing",
          "image_filename": "question_33.png",
          "captured": true,
          "explanation": [
            "https://d1iljb9ao69244.cloudfront.net/448145_1713519013395_7.ogg"
          ]
        }
      }
    }
  },
  "type": "multi_set"
}