{
  "chapter_number": 2,
  "chapter_name": "Vector",
  "section_name": "HC Verma",
  "total_questions": 10,
  "questions": {
    "question_1": {
      "question_number": 1,
      "correct_option": 4,
      "sds_id": "SDS000C",
      "subtopic": "Direct Page Capture",
      "image_filename": "question_1.png",
      "captured": true,
      "explanation": [
        "https://www.youtube.com/watch?v=0XkAao1_aDQ"
      ]
    },
    "question_2": {
      "question_number": 2,
      "correct_option": 3,
      "sds_id": "SDS000D",
      "subtopic": "Direct Page Capture",
      "image_filename": "question_2.png",
      "captured": true,
      "explanation": [
        "https://www.youtube.com/watch?v=IeRYdF8D32g"
      ]
    },
    "question_3": {
      "question_number": 3,
      "correct_option": 3,
      "sds_id": "SDS000E",
      "subtopic": "Direct Page Capture",
      "image_filename": "question_3.png",
      "captured": true,
      "explanation": [
        "https://www.youtube.com/watch?v=NHKIG90PHZA"
      ]
    },
    "question_4": {
      "question_number": 4,
      "correct_option": 4,
      "sds_id": "SDS000F",
      "subtopic": "Direct Page Capture",
      "image_filename": "question_4.png",
      "captured": true,
      "explanation": [
        "https://www.youtube.com/watch?v=pYNNMh2mCoU"
      ]
    },
    "question_5": {
      "question_number": 5,
      "correct_option": 1,
      "sds_id": "SDS0010",
      "subtopic": "Direct Page Capture",
      "image_filename": "question_5.png",
      "captured": true,
      "explanation": [
        "https://www.youtube.com/watch?v=JAwQ3Qse2Zw"
      ]
    },
    "question_6": {
      "question_number": 6,
      "correct_option": 2,
      "sds_id": "SDS0011",
      "subtopic": "Direct Page Capture",
      "image_filename": "question_6.png",
      "captured": true,
      "explanation": [
        "https://www.youtube.com/watch?v=BwKH3DrrAuA"
      ]
    },
    "question_7": {
      "question_number": 7,
      "correct_option": 2,
      "sds_id": "SDS0012",
      "subtopic": "Direct Page Capture",
      "image_filename": "question_7.png",
      "captured": true,
      "explanation": [
        "https://www.youtube.com/watch?v=d5NsiBS3z-I"
      ]
    },
    "question_8": {
      "question_number": 8,
      "correct_option": 2,
      "sds_id": "SDS0013",
      "subtopic": "Direct Page Capture",
      "image_filename": "question_8.png",
      "captured": true,
      "explanation": [
        "https://www.youtube.com/watch?v=g34PNJklVRc"
      ]
    },
    "question_9": {
      "question_number": 9,
      "correct_option": 3,
      "sds_id": "SDS0014",
      "subtopic": "Direct Page Capture",
      "image_filename": "question_9.png",
      "captured": true,
      "explanation": [
        "https://www.youtube.com/watch?v=y7EGU06iI3k"
      ]
    },
    "question_10": {
      "question_number": 10,
      "correct_option": 2,
      "sds_id": "SDS0015",
      "subtopic": "Direct Page Capture",
      "image_filename": "question_10.png",
      "captured": true,
      "explanation": [
        "https://www.youtube.com/watch?v=XzRdcWF6mVE"
      ]
    }
  }
}