{
  "chapter_no": 11,
  "chapter_name": "Photosynthesis in Higher Plants",
  "section_name": "Level 3",
  "total_questions": 29,
  "questions": {
    "question_1": {
      "question_number": 1,
      "correct_option": 1,
      "sds_id": "SDS09B6",
      "subtopic": "Introduction",
      "image_filename": "question_1.png",
      "captured": true,
      "explanation": [
        "https://d1iljb9ao69244.cloudfront.net/question_explanations_334723_1651762694288.ogg"
      ]
    },
    "question_2": {
      "question_number": 2,
      "correct_option": 1,
      "sds_id": "SDS09B7",
      "subtopic": "Historical View: Experiments",
      "image_filename": "question_2.png",
      "captured": true,
      "explanation": [
        "https://d2f8z173p7073l.cloudfront.net/1586843139292"
      ]
    },
    "question_3": {
      "question_number": 3,
      "correct_option": 3,
      "sds_id": "SDS09B8",
      "subtopic": "Historical View: Experiments",
      "image_filename": "question_3.png",
      "captured": true,
      "explanation": [
        "https://d1iljb9ao69244.cloudfront.net/452065_1714306009052_13a.ogg"
      ]
    },
    "question_4": {
      "question_number": 4,
      "correct_option": 3,
      "sds_id": "SDS09B9",
      "subtopic": "Photosynthetic Pigments",
      "image_filename": "question_4.png",
      "captured": true,
      "explanation": [
        "https://d1iljb9ao69244.cloudfront.net/336907_1654348931355_15.ogg"
      ]
    },
    "question_5": {
      "question_number": 5,
      "correct_option": 3,
      "sds_id": "SDS09BA",
      "subtopic": "Photosystems",
      "image_filename": "question_5.png",
      "captured": true,
      "explanation": [
        "https://d1iljb9ao69244.cloudfront.net/449487_1713791094118_40.ogg"
      ]
    },
    "question_6": {
      "question_number": 6,
      "correct_option": 1,
      "sds_id": "SDS09BB",
      "subtopic": "Photosystems",
      "image_filename": "question_6.png",
      "captured": true,
      "explanation": [
        "https://d1iljb9ao69244.cloudfront.net/338631_1657734969888_9.ogg"
      ]
    },
    "question_7": {
      "question_number": 7,
      "correct_option": 1,
      "sds_id": "SDS09BC",
      "subtopic": "Photosystems",
      "image_filename": "question_7.png",
      "captured": true,
      "explanation": [
        "https://d1iljb9ao69244.cloudfront.net/392538_1697796733018_1.ogg"
      ]
    },
    "question_8": {
      "question_number": 8,
      "correct_option": 1,
      "sds_id": "SDS09BD",
      "subtopic": "Light Reaction: Electron Transport",
      "image_filename": "question_8.png",
      "captured": true,
      "explanation": [
        "https://d1iljb9ao69244.cloudfront.net/442406_1712912180024_50.ogg"
      ]
    },
    "question_9": {
      "question_number": 9,
      "correct_option": 1,
      "sds_id": "SDS09BE",
      "subtopic": "Light Reaction: Electron Transport",
      "image_filename": "question_9.png",
      "captured": true,
      "explanation": [
        "https://d1iljb9ao69244.cloudfront.net/447198_1713268174651_42.ogg"
      ]
    },
    "question_10": {
      "question_number": 10,
      "correct_option": 3,
      "sds_id": "SDS09BF",
      "subtopic": "Dark Reaction: Biosynthetic Phase",
      "image_filename": "question_10.png",
      "captured": true,
      "explanation": [
        "https://d1iljb9ao69244.cloudfront.net/420526_1709198427737_37.ogg"
      ]
    },
    "question_11": {
      "question_number": 11,
      "correct_option": 2,
      "sds_id": "SDS09C0",
      "subtopic": "Dark Reaction: Biosynthetic Phase",
      "image_filename": "question_11.png",
      "captured": true,
      "explanation": [
        "https://d1iljb9ao69244.cloudfront.net/450692_1714038427014_18.ogg"
      ]
    },
    "question_12": {
      "question_number": 12,
      "correct_option": 2,
      "sds_id": "SDS09C1",
      "subtopic": "Dark Reaction : Calvin Cycle",
      "image_filename": "question_12.png",
      "captured": true,
      "explanation": [
        "https://d1iljb9ao69244.cloudfront.net/442358_1712906951172_13.ogg"
      ]
    },
    "question_13": {
      "question_number": 13,
      "correct_option": 2,
      "sds_id": "SDS09C2",
      "subtopic": "C4 Cycle (Hatch & Slack Pathway)",
      "image_filename": "question_13.png",
      "captured": true,
      "explanation": [
        "https://d1iljb9ao69244.cloudfront.net/200737_1606746337875_82.ogg"
      ]
    },
    "question_14": {
      "question_number": 14,
      "correct_option": 4,
      "sds_id": "SDS09C3",
      "subtopic": "C4 Cycle (Hatch & Slack Pathway)",
      "image_filename": "question_14.png",
      "captured": true,
      "explanation": [
        "https://d2f8z173p7073l.cloudfront.net/1586843238411"
      ]
    },
    "question_15": {
      "question_number": 15,
      "correct_option": 3,
      "sds_id": "SDS09C4",
      "subtopic": "C4 Cycle (Hatch & Slack Pathway)",
      "image_filename": "question_15.png",
      "captured": true,
      "explanation": [
        "https://d1iljb9ao69244.cloudfront.net/420451_1708416838090_20.ogg"
      ]
    },
    "question_16": {
      "question_number": 16,
      "correct_option": 1,
      "sds_id": "SDS09C5",
      "subtopic": "C4 Cycle (Hatch & Slack Pathway)",
      "image_filename": "question_16.png",
      "captured": true,
      "explanation": [
        "https://d1iljb9ao69244.cloudfront.net/438099_1712633424526_41.ogg"
      ]
    },
    "question_17": {
      "question_number": 17,
      "correct_option": 1,
      "sds_id": "SDS09C6",
      "subtopic": "C4 Cycle (Hatch & Slack Pathway)",
      "image_filename": "question_17.png",
      "captured": true,
      "explanation": [
        "https://d1iljb9ao69244.cloudfront.net/452128_1714302016336_41.ogg"
      ]
    },
    "question_18": {
      "question_number": 18,
      "correct_option": 4,
      "sds_id": "SDS09C7",
      "subtopic": "C4 Plants Examples",
      "image_filename": "question_18.png",
      "captured": true,
      "explanation": [
        "https://d1iljb9ao69244.cloudfront.net/402249_1703754534784_29.ogg"
      ]
    },
    "question_19": {
      "question_number": 19,
      "correct_option": 1,
      "sds_id": "SDS09C8",
      "subtopic": "C4 Plants Examples",
      "image_filename": "question_19.png",
      "captured": true,
      "explanation": [
        "https://d1iljb9ao69244.cloudfront.net/392568_1697797319385_22.ogg"
      ]
    },
    "question_20": {
      "question_number": 20,
      "correct_option": 4,
      "sds_id": "SDS09C9",
      "subtopic": "Photorespiration",
      "image_filename": "question_20.png",
      "captured": true,
      "explanation": [
        "https://d1iljb9ao69244.cloudfront.net/420452_1708690430299_20.ogg"
      ]
    },
    "question_21": {
      "question_number": 21,
      "correct_option": 1,
      "sds_id": "SDS09CA",
      "subtopic": "Photorespiration",
      "image_filename": "question_21.png",
      "captured": true,
      "explanation": [
        "https://d1iljb9ao69244.cloudfront.net/437209_1712306543778_2.ogg"
      ]
    },
    "question_22": {
      "question_number": 22,
      "correct_option": 2,
      "sds_id": "SDS09CB",
      "subtopic": "Factors Affecting Photosynthesis",
      "image_filename": "question_22.png",
      "captured": true,
      "explanation": [
        "https://d1iljb9ao69244.cloudfront.net/420527_1709198455367_38.ogg"
      ]
    },
    "question_23": {
      "question_number": 23,
      "correct_option": 1,
      "sds_id": "SDS09CC",
      "subtopic": "Factors Affecting Photosynthesis",
      "image_filename": "question_23.png",
      "captured": true,
      "explanation": [
        "https://d1iljb9ao69244.cloudfront.net/425182_1709537136692_48.ogg"
      ]
    },
    "question_24": {
      "question_number": 24,
      "correct_option": 2,
      "sds_id": "SDS09CD",
      "subtopic": "Factors Affecting Photosynthesis",
      "image_filename": "question_24.png",
      "captured": true,
      "explanation": [
        "https://d1iljb9ao69244.cloudfront.net/446709_1713089364045_40.ogg"
      ]
    },
    "question_25": {
      "question_number": 25,
      "correct_option": 2,
      "sds_id": "SDS09CE",
      "subtopic": "Factors Affecting Photosynthesis",
      "image_filename": "question_25.png",
      "captured": true,
      "explanation": [
        "https://d1iljb9ao69244.cloudfront.net/448198_1713518135637_49.ogg"
      ]
    },
    "question_26": {
      "question_number": 26,
      "correct_option": 2,
      "sds_id": "SDS09CF",
      "subtopic": "Factors Affecting Photosynthesis",
      "image_filename": "question_26.png",
      "captured": true,
      "explanation": [
        "https://d1iljb9ao69244.cloudfront.net/question_explanations_334717_1651740119968.ogg"
      ]
    },
    "question_27": {
      "question_number": 27,
      "correct_option": 3,
      "sds_id": "SDS09D0",
      "subtopic": "Chemiosmotic hypothesis",
      "image_filename": "question_27.png",
      "captured": true,
      "explanation": [
        "https://d1iljb9ao69244.cloudfront.net/382619_1693716088130_81.ogg"
      ]
    },
    "question_28": {
      "question_number": 28,
      "correct_option": 3,
      "sds_id": "SDS09D1",
      "subtopic": "Chemiosmotic hypothesis",
      "image_filename": "question_28.png",
      "captured": true,
      "explanation": [
        "https://d1iljb9ao69244.cloudfront.net/448188_1713518073189_45.ogg"
      ]
    },
    "question_29": {
      "question_number": 29,
      "correct_option": 2,
      "sds_id": "SDS09D2",
      "subtopic": "WHERE ARE THE ATP AND NADPH USED",
      "image_filename": "question_29.png",
      "captured": true,
      "explanation": [
        "https://d1iljb9ao69244.cloudfront.net/379458_1692248944420_15.ogg"
      ]
    }
  }
}