{
  "chapter_number": 3,
  "chapter_name": "Motion in A Straight Line",
  "section_name": "HC Verma",
  "total_questions": 14,
  "questions": {
    "question_1": {
      "question_number": 1,
      "correct_option": 4,
      "sds_id": "SDS0016",
      "subtopic": "Direct Page Capture",
      "image_filename": "question_1.png",
      "captured": true,
      "explanation": [
        "https://www.youtube.com/watch?v=jtAcIGNFahc"
      ]
    },
    "question_2": {
      "question_number": 2,
      "correct_option": 1,
      "sds_id": "SDS0017",
      "subtopic": "Direct Page Capture",
      "image_filename": "question_2.png",
      "captured": true,
      "explanation": [
        "https://www.youtube.com/watch?v=ig2eiz9JJIs"
      ]
    },
    "question_3": {
      "question_number": 3,
      "correct_option": 3,
      "sds_id": "SDS0018",
      "subtopic": "Direct Page Capture",
      "image_filename": "question_3.png",
      "captured": true,
      "explanation": [
        "https://www.youtube.com/watch?v=X1BAbAvw2ZA"
      ]
    },
    "question_4": {
      "question_number": 4,
      "correct_option": 4,
      "sds_id": "SDS0019",
      "subtopic": "Direct Page Capture",
      "image_filename": "question_4.png",
      "captured": true,
      "explanation": [
        "https://www.youtube.com/watch?v=ttTv_XYig4E"
      ]
    },
    "question_5": {
      "question_number": 5,
      "correct_option": 3,
      "sds_id": "SDS001A",
      "subtopic": "Direct Page Capture",
      "image_filename": "question_5.png",
      "captured": true,
      "explanation": [
        "https://www.youtube.com/watch?v=hfVOGUk02oc"
      ]
    },
    "question_6": {
      "question_number": 6,
      "correct_option": 3,
      "sds_id": "SDS001B",
      "subtopic": "Direct Page Capture",
      "image_filename": "question_6.png",
      "captured": true,
      "explanation": [
        "https://www.youtube.com/watch?v=N6XvJqOCN_o"
      ]
    },
    "question_7": {
      "question_number": 7,
      "correct_option": 1,
      "sds_id": "SDS001C",
      "subtopic": "Direct Page Capture",
      "image_filename": "question_7.png",
      "captured": true,
      "explanation": [
        "https://www.youtube.com/watch?v=WMA8nAFe4Vs"
      ]
    },
    "question_8": {
      "question_number": 8,
      "correct_option": 4,
      "sds_id": "SDS001D",
      "subtopic": "Direct Page Capture",
      "image_filename": "question_8.png",
      "captured": true,
      "explanation": [
        "https://www.youtube.com/watch?v=syottXegHQo"
      ]
    },
    "question_9": {
      "question_number": 9,
      "correct_option": 2,
      "sds_id": "SDS001E",
      "subtopic": "Direct Page Capture",
      "image_filename": "question_9.png",
      "captured": true,
      "explanation": [
        "https://www.youtube.com/watch?v=06i-gbYNbV8"
      ]
    },
    "question_10": {
      "question_number": 10,
      "correct_option": 2,
      "sds_id": "SDS001F",
      "subtopic": "Direct Page Capture",
      "image_filename": "question_10.png",
      "captured": true,
      "explanation": [
        "https://www.youtube.com/watch?v=1MbFVpRw7D0"
      ]
    },
    "question_11": {
      "question_number": 11,
      "correct_option": 1,
      "sds_id": "SDS0020",
      "subtopic": "Direct Page Capture",
      "image_filename": "question_11.png",
      "captured": true,
      "explanation": [
        "https://www.youtube.com/watch?v=Hzibc4r53JE"
      ]
    },
    "question_12": {
      "question_number": 12,
      "correct_option": 4,
      "sds_id": "SDS0021",
      "subtopic": "Direct Page Capture",
      "image_filename": "question_12.png",
      "captured": true,
      "explanation": [
        "https://www.youtube.com/watch?v=POwUHBQh7Ms"
      ]
    },
    "question_13": {
      "question_number": 13,
      "correct_option": 4,
      "sds_id": "SDS0022",
      "subtopic": "Direct Page Capture",
      "image_filename": "question_13.png",
      "captured": true,
      "explanation": [
        "https://www.youtube.com/watch?v=N78p1IEkgPw"
      ]
    },
    "question_14": {
      "question_number": 14,
      "correct_option": 4,
      "sds_id": "SDS0023",
      "subtopic": "Direct Page Capture",
      "image_filename": "question_14.png",
      "captured": true,
      "explanation": [
        "https://www.youtube.com/watch?v=Xp2EL05Iysg"
      ]
    }
  }
}