{
  "chapter_no": 9,
  "chapter_name": "Biomolecules",
  "section_name": "Biomolecules (120 MCQs)",
  "total_questions": 119,
  "questions": {
    "question_1": {
      "question_number": 1,
      "correct_option": 1,
      "sds_id": "SDS07F5",
      "subtopic": "Element Analysis",
      "image_filename": "question_1.png",
      "captured": true,
      "explanation": [
        "https://d1iljb9ao69244.cloudfront.net/118935_1726295802833_264.ogg",
        "https://d2f8z173p7073l.cloudfront.net/1579244090900"
      ]
    },
    "question_2": {
      "question_number": 2,
      "correct_option": 4,
      "sds_id": "SDS07F6",
      "subtopic": "Element Analysis",
      "image_filename": "question_2.png",
      "captured": true,
      "explanation": [
        "https://d1iljb9ao69244.cloudfront.net/377205_1691148130627_84.ogg",
        "https://d2f8z173p7073l.cloudfront.net/1691047511847"
      ]
    },
    "question_3": {
      "question_number": 3,
      "correct_option": 2,
      "sds_id": "SDS07F7",
      "subtopic": "Element Analysis",
      "image_filename": "question_3.png",
      "captured": true,
      "explanation": [
        "https://d1iljb9ao69244.cloudfront.net/375969_1740822152923_47.ogg",
        "https://d1iljb9ao69244.cloudfront.net/375969_1690348427139_8.ogg"
      ]
    },
    "question_4": {
      "question_number": 4,
      "correct_option": 2,
      "sds_id": "SDS07F8",
      "subtopic": "Element Analysis",
      "image_filename": "question_4.png",
      "captured": true,
      "explanation": [
        "https://d1iljb9ao69244.cloudfront.net/377177_1691147356460_56.ogg"
      ]
    },
    "question_5": {
      "question_number": 5,
      "correct_option": 2,
      "sds_id": "SDS07F9",
      "subtopic": "Element Analysis",
      "image_filename": "question_5.png",
      "captured": true,
      "explanation": [
        "https://d1iljb9ao69244.cloudfront.net/375976_1690348734996_15.ogg"
      ]
    },
    "question_6": {
      "question_number": 6,
      "correct_option": 3,
      "sds_id": "SDS07FA",
      "subtopic": "Element Analysis",
      "image_filename": "question_6.png",
      "captured": true,
      "explanation": [
        "https://d1iljb9ao69244.cloudfront.net/315518_1641493068655_96.ogg"
      ]
    },
    "question_7": {
      "question_number": 7,
      "correct_option": 1,
      "sds_id": "SDS07FB",
      "subtopic": "Nucleic Acid",
      "image_filename": "question_7.png",
      "captured": true,
      "explanation": [
        "https://d1iljb9ao69244.cloudfront.net/118906_1726227442132_256.ogg",
        "https://d2f8z173p7073l.cloudfront.net/1578907996666",
        "https://dsbihjlymzdyy.cloudfront.net/bio_images/all/Diagrams+in+Svg+form/118906.svg-cropped.svg"
      ]
    },
    "question_8": {
      "question_number": 8,
      "correct_option": 3,
      "sds_id": "SDS07FC",
      "subtopic": "Nucleic Acid",
      "image_filename": "question_8.png",
      "captured": true,
      "explanation": [
        "https://d1iljb9ao69244.cloudfront.net/408052_1705050260414_55.ogg"
      ]
    },
    "question_9": {
      "question_number": 9,
      "correct_option": 3,
      "sds_id": "SDS07FD",
      "subtopic": "Nucleic Acid",
      "image_filename": "question_9.png",
      "captured": true,
      "explanation": [
        "https://d1iljb9ao69244.cloudfront.net/439256_1712654097254_10.ogg"
      ]
    },
    "question_10": {
      "question_number": 10,
      "correct_option": 4,
      "sds_id": "SDS07FE",
      "subtopic": "Nucleic Acid",
      "image_filename": "question_10.png",
      "captured": true,
      "explanation": [
        "https://d1iljb9ao69244.cloudfront.net/410861_1705905335211_3.ogg"
      ]
    },
    "question_11": {
      "question_number": 11,
      "correct_option": 3,
      "sds_id": "SDS07FF",
      "subtopic": "Nucleic Acid: Nucleotides",
      "image_filename": "question_11.png",
      "captured": true,
      "explanation": [
        "https://d1iljb9ao69244.cloudfront.net/429653_1710825264283_5.ogg"
      ]
    },
    "question_12": {
      "question_number": 12,
      "correct_option": 4,
      "sds_id": "SDS0800",
      "subtopic": "Nucleic Acid: Nucleotides",
      "image_filename": "question_12.png",
      "captured": true,
      "explanation": [
        "https://d1iljb9ao69244.cloudfront.net/461322_1721288262316_11.ogg"
      ]
    },
    "question_13": {
      "question_number": 13,
      "correct_option": 3,
      "sds_id": "SDS0801",
      "subtopic": "The DNA",
      "image_filename": "question_13.png",
      "captured": true,
      "explanation": [
        "https://d1iljb9ao69244.cloudfront.net/342669_1661511830719_WhatsApp%20Ptt%202022-08-26%20at%204.06.23%20PM.ogg",
        "https://d1iljb9ao69244.cloudfront.net/342669_1661511830719_WhatsApp"
      ]
    },
    "question_14": {
      "question_number": 14,
      "correct_option": 1,
      "sds_id": "SDS0802",
      "subtopic": "Amino Acids",
      "image_filename": "question_14.png",
      "captured": true,
      "explanation": [
        "https://d1iljb9ao69244.cloudfront.net/338228_1656776722826_12.ogg"
      ]
    },
    "question_15": {
      "question_number": 15,
      "correct_option": 1,
      "sds_id": "SDS0803",
      "subtopic": "Amino Acids",
      "image_filename": "question_15.png",
      "captured": true,
      "explanation": [
        "https://d1iljb9ao69244.cloudfront.net/59834_1724328971993_5.ogg",
        "https://d2f8z173p7073l.cloudfront.net/1547886657827"
      ]
    },
    "question_16": {
      "question_number": 16,
      "correct_option": 1,
      "sds_id": "SDS0804",
      "subtopic": "Amino Acids",
      "image_filename": "question_16.png",
      "captured": true,
      "explanation": [
        "https://d1iljb9ao69244.cloudfront.net/question_explanations_342657_1668579916359.ogg"
      ]
    },
    "question_17": {
      "question_number": 17,
      "correct_option": 2,
      "sds_id": "SDS0805",
      "subtopic": "Amino Acids",
      "image_filename": "question_17.png",
      "captured": true,
      "explanation": [
        "https://d1iljb9ao69244.cloudfront.net/118936_1726295849320_265.ogg",
        "https://d2f8z173p7073l.cloudfront.net/1579244402459"
      ]
    },
    "question_18": {
      "question_number": 18,
      "correct_option": 4,
      "sds_id": "SDS0806",
      "subtopic": "Amino Acids",
      "image_filename": "question_18.png",
      "captured": true,
      "explanation": [
        "https://d1iljb9ao69244.cloudfront.net/342660_1661693975732_342660.ogg"
      ]
    },
    "question_19": {
      "question_number": 19,
      "correct_option": 3,
      "sds_id": "SDS0807",
      "subtopic": "Amino Acids",
      "image_filename": "question_19.png",
      "captured": true,
      "explanation": [
        "https://d1iljb9ao69244.cloudfront.net/342658_1740822120087_45.ogg",
        "https://d1iljb9ao69244.cloudfront.net/question_explanations_342658_1668579844319.ogg",
        "https://dsbihjlymzdyy.cloudfront.net/bio_images/all/Diagrams%20in%20Svg%20form%2FBiomolecules%2F342658.svg.svg"
      ]
    },
    "question_20": {
      "question_number": 20,
      "correct_option": 1,
      "sds_id": "SDS0808",
      "subtopic": "Amino Acids",
      "image_filename": "question_20.png",
      "captured": true,
      "explanation": [
        "https://d1iljb9ao69244.cloudfront.net/375967_1690348406769_6.ogg"
      ]
    },
    "question_21": {
      "question_number": 21,
      "correct_option": 3,
      "sds_id": "SDS0809",
      "subtopic": "Amino Acids",
      "image_filename": "question_21.png",
      "captured": true,
      "explanation": [
        "https://d1iljb9ao69244.cloudfront.net/342684_1660483589116_342684.ogg"
      ]
    },
    "question_22": {
      "question_number": 22,
      "correct_option": 3,
      "sds_id": "SDS080A",
      "subtopic": "Proteins",
      "image_filename": "question_22.png",
      "captured": true,
      "explanation": [
        "https://d1iljb9ao69244.cloudfront.net/342680_1661694210050_342680.ogg"
      ]
    },
    "question_23": {
      "question_number": 23,
      "correct_option": 4,
      "sds_id": "SDS080B",
      "subtopic": "Proteins",
      "image_filename": "question_23.png",
      "captured": true,
      "explanation": [
        "https://d1iljb9ao69244.cloudfront.net/342685_1662900315003_342685.ogg"
      ]
    },
    "question_24": {
      "question_number": 24,
      "correct_option": 3,
      "sds_id": "SDS080C",
      "subtopic": "Proteins",
      "image_filename": "question_24.png",
      "captured": true,
      "explanation": [
        "https://d1iljb9ao69244.cloudfront.net/408049_1705050197658_52.ogg"
      ]
    },
    "question_25": {
      "question_number": 25,
      "correct_option": 1,
      "sds_id": "SDS080D",
      "subtopic": "Proteins",
      "image_filename": "question_25.png",
      "captured": true,
      "explanation": [
        "https://d1iljb9ao69244.cloudfront.net/375970_1690348436485_9.ogg"
      ]
    },
    "question_26": {
      "question_number": 26,
      "correct_option": 1,
      "sds_id": "SDS080E",
      "subtopic": "Proteins",
      "image_filename": "question_26.png",
      "captured": true,
      "explanation": [
        "https://d1iljb9ao69244.cloudfront.net/375973_1740822165176_48.ogg",
        "https://d1iljb9ao69244.cloudfront.net/375973_1690348476887_12.ogg"
      ]
    },
    "question_27": {
      "question_number": 27,
      "correct_option": 3,
      "sds_id": "SDS080F",
      "subtopic": "Proteins",
      "image_filename": "question_27.png",
      "captured": true,
      "explanation": [
        "https://d1iljb9ao69244.cloudfront.net/333132_1650647306721_3.ogg"
      ]
    },
    "question_28": {
      "question_number": 28,
      "correct_option": 4,
      "sds_id": "SDS0810",
      "subtopic": "Proteins",
      "image_filename": "question_28.png",
      "captured": true,
      "explanation": [
        "https://d1iljb9ao69244.cloudfront.net/342698_1660483866941_342698.ogg"
      ]
    },
    "question_29": {
      "question_number": 29,
      "correct_option": 2,
      "sds_id": "SDS0811",
      "subtopic": "Proteins",
      "image_filename": "question_29.png",
      "captured": true,
      "explanation": [
        "https://d1iljb9ao69244.cloudfront.net/125481_1727096851485_560.ogg",
        "https://d2f8z173p7073l.cloudfront.net/1583295841914"
      ]
    },
    "question_30": {
      "question_number": 30,
      "correct_option": 2,
      "sds_id": "SDS0812",
      "subtopic": "Proteins",
      "image_filename": "question_30.png",
      "captured": true,
      "explanation": [
        "https://d1iljb9ao69244.cloudfront.net/338928_1657730830636_30.ogg"
      ]
    },
    "question_31": {
      "question_number": 31,
      "correct_option": 1,
      "sds_id": "SDS0813",
      "subtopic": "Proteins",
      "image_filename": "question_31.png",
      "captured": true,
      "explanation": [
        "https://d1iljb9ao69244.cloudfront.net/118976_1726295941208_267.ogg",
        "https://d2f8z173p7073l.cloudfront.net/1579244818404"
      ]
    },
    "question_32": {
      "question_number": 32,
      "correct_option": 2,
      "sds_id": "SDS0814",
      "subtopic": "Proteins",
      "image_filename": "question_32.png",
      "captured": true,
      "explanation": [
        "https://d1iljb9ao69244.cloudfront.net/121213_1726398072731_392.ogg",
        "https://d2f8z173p7073l.cloudfront.net/1580275929337"
      ]
    },
    "question_33": {
      "question_number": 33,
      "correct_option": 3,
      "sds_id": "SDS0815",
      "subtopic": "Carbohydrates",
      "image_filename": "question_33.png",
      "captured": true,
      "explanation": [
        "https://d1iljb9ao69244.cloudfront.net/449398_1713787009255_15.ogg"
      ]
    },
    "question_34": {
      "question_number": 34,
      "correct_option": 1,
      "sds_id": "SDS0816",
      "subtopic": "Carbohydrates",
      "image_filename": "question_34.png",
      "captured": true,
      "explanation": [
        "https://d1iljb9ao69244.cloudfront.net/408051_1705050245604_54.ogg"
      ]
    },
    "question_35": {
      "question_number": 35,
      "correct_option": 3,
      "sds_id": "SDS0817",
      "subtopic": "Lipids",
      "image_filename": "question_35.png",
      "captured": true,
      "explanation": [
        "https://d1iljb9ao69244.cloudfront.net/446682_1713084691797_13.ogg"
      ]
    },
    "question_36": {
      "question_number": 36,
      "correct_option": 3,
      "sds_id": "SDS0818",
      "subtopic": "Lipids",
      "image_filename": "question_36.png",
      "captured": true,
      "explanation": [
        "https://d1iljb9ao69244.cloudfront.net/375975_1740822135983_46.ogg",
        "https://d1iljb9ao69244.cloudfront.net/375975_1690348722292_14.ogg"
      ]
    },
    "question_37": {
      "question_number": 37,
      "correct_option": 2,
      "sds_id": "SDS0819",
      "subtopic": "Lipids",
      "image_filename": "question_37.png",
      "captured": true,
      "explanation": [
        "https://d1iljb9ao69244.cloudfront.net/199345_1727418836413_766.ogg",
        "https://d2f8z173p7073l.cloudfront.net/1606724986934"
      ]
    },
    "question_38": {
      "question_number": 38,
      "correct_option": 3,
      "sds_id": "SDS081A",
      "subtopic": "Lipids",
      "image_filename": "question_38.png",
      "captured": true,
      "explanation": [
        "https://d1iljb9ao69244.cloudfront.net/342664_1662900217443_342664.ogg"
      ]
    },
    "question_39": {
      "question_number": 39,
      "correct_option": 3,
      "sds_id": "SDS081B",
      "subtopic": "Lipids",
      "image_filename": "question_39.png",
      "captured": true,
      "explanation": [
        "https://d1iljb9ao69244.cloudfront.net/342667_1662900263626_342667.ogg",
        "https://dsbihjlymzdyy.cloudfront.net/bio_images/all/Diagrams%20in%20Svg%20form%2FBiomolecules%2F342667%20-1.svg.svg",
        "https://dsbihjlymzdyy.cloudfront.net/bio_images/all/Diagrams%20in%20Svg%20form%2FBiomolecules%2F342667%20-2.svg.svg",
        "https://dsbihjlymzdyy.cloudfront.net/bio_images/all/Diagrams%20in%20Svg%20form%2FBiomolecules%2F342667%20-3.svg.svg",
        "https://dsbihjlymzdyy.cloudfront.net/bio_images/all/Diagrams%20in%20Svg%20form%2FBiomolecules%2F342667%20-4.svg.svg"
      ]
    },
    "question_40": {
      "question_number": 40,
      "correct_option": 1,
      "sds_id": "SDS081C",
      "subtopic": "Lipids",
      "image_filename": "question_40.png",
      "captured": true,
      "explanation": [
        "https://d1iljb9ao69244.cloudfront.net/420474_1709198341463_31.ogg",
        "https://d2f8z173p7073l.cloudfront.net/1708295386213"
      ]
    },
    "question_41": {
      "question_number": 41,
      "correct_option": 2,
      "sds_id": "SDS081D",
      "subtopic": "Lipids",
      "image_filename": "question_41.png",
      "captured": true,
      "explanation": [
        "https://d1iljb9ao69244.cloudfront.net/425161_1709535693922_29.ogg",
        "https://d2f8z173p7073l.cloudfront.net/1709538147962"
      ]
    },
    "question_42": {
      "question_number": 42,
      "correct_option": 1,
      "sds_id": "SDS081E",
      "subtopic": "Lipids",
      "image_filename": "question_42.png",
      "captured": true,
      "explanation": [
        "https://d1iljb9ao69244.cloudfront.net/342661_1660483404126_342661.ogg",
        "https://dsbihjlymzdyy.cloudfront.net/bio_images/all/Diagrams%20in%20Svg%20form%2FBiomolecules%2F342661.svg.svg"
      ]
    },
    "question_43": {
      "question_number": 43,
      "correct_option": 2,
      "sds_id": "SDS081F",
      "subtopic": "Lipids",
      "image_filename": "question_43.png",
      "captured": true,
      "explanation": [
        "https://d1iljb9ao69244.cloudfront.net/448229_1713525461026_41.ogg"
      ]
    },
    "question_44": {
      "question_number": 44,
      "correct_option": 2,
      "sds_id": "SDS0820",
      "subtopic": "Enzymes",
      "image_filename": "question_44.png",
      "captured": true,
      "explanation": [
        "https://d1iljb9ao69244.cloudfront.net/118920_1726229065718_257.ogg",
        "https://d2f8z173p7073l.cloudfront.net/1578908768363"
      ]
    },
    "question_45": {
      "question_number": 45,
      "correct_option": 4,
      "sds_id": "SDS0821",
      "subtopic": "Enzymes",
      "image_filename": "question_45.png",
      "captured": true,
      "explanation": [
        "https://d1iljb9ao69244.cloudfront.net/436574_1712141231272_39.ogg"
      ]
    },
    "question_46": {
      "question_number": 46,
      "correct_option": 4,
      "sds_id": "SDS0822",
      "subtopic": "Enzymes",
      "image_filename": "question_46.png",
      "captured": true,
      "explanation": [
        "https://d1iljb9ao69244.cloudfront.net/437216_1712306683498_7.ogg"
      ]
    },
    "question_47": {
      "question_number": 47,
      "correct_option": 1,
      "sds_id": "SDS0823",
      "subtopic": "Enzymes Classification",
      "image_filename": "question_47.png",
      "captured": true,
      "explanation": [
        "https://d1iljb9ao69244.cloudfront.net/375978_1690348759878_17.ogg"
      ]
    },
    "question_48": {
      "question_number": 48,
      "correct_option": 4,
      "sds_id": "SDS0824",
      "subtopic": "Enzymes Classification",
      "image_filename": "question_48.png",
      "captured": true,
      "explanation": [
        "https://d1iljb9ao69244.cloudfront.net/420480_1709198386714_34.ogg"
      ]
    },
    "question_49": {
      "question_number": 49,
      "correct_option": 4,
      "sds_id": "SDS0825",
      "subtopic": "Enzymes Classification",
      "image_filename": "question_49.png",
      "captured": true,
      "explanation": [
        "https://d1iljb9ao69244.cloudfront.net/429655_1711175980720_6.ogg"
      ]
    },
    "question_50": {
      "question_number": 50,
      "correct_option": 2,
      "sds_id": "SDS0826",
      "subtopic": "Enzyme Catalysis",
      "image_filename": "question_50.png",
      "captured": true,
      "explanation": [
        "https://d1iljb9ao69244.cloudfront.net/118925_1726229109610_258.ogg",
        "https://d2f8z173p7073l.cloudfront.net/1578909043357"
      ]
    },
    "question_51": {
      "question_number": 51,
      "correct_option": 2,
      "sds_id": "SDS0827",
      "subtopic": "Enzyme Catalysis",
      "image_filename": "question_51.png",
      "captured": true,
      "explanation": [
        "https://d1iljb9ao69244.cloudfront.net/408062_1705050873987_63.ogg"
      ]
    },
    "question_52": {
      "question_number": 52,
      "correct_option": 1,
      "sds_id": "SDS0828",
      "subtopic": "Enzyme Catalysis",
      "image_filename": "question_52.png",
      "captured": true,
      "explanation": [
        "https://d1iljb9ao69244.cloudfront.net/408064_1705050888423_64.ogg"
      ]
    },
    "question_53": {
      "question_number": 53,
      "correct_option": 4,
      "sds_id": "SDS0829",
      "subtopic": "Enzyme Catalysis",
      "image_filename": "question_53.png",
      "captured": true,
      "explanation": [
        "https://d1iljb9ao69244.cloudfront.net/408065_1705050903327_65.ogg"
      ]
    },
    "question_54": {
      "question_number": 54,
      "correct_option": 1,
      "sds_id": "SDS082A",
      "subtopic": "Factors Affecting Enzyme Catalysis Reaction",
      "image_filename": "question_54.png",
      "captured": true,
      "explanation": [
        "https://d1iljb9ao69244.cloudfront.net/375974_1724829509345_89.ogg",
        "https://d1iljb9ao69244.cloudfront.net/375974_1690348667331_13.ogg"
      ]
    },
    "question_55": {
      "question_number": 55,
      "correct_option": 2,
      "sds_id": "SDS082B",
      "subtopic": "Factors Affecting Enzyme Catalysis Reaction",
      "image_filename": "question_55.png",
      "captured": true,
      "explanation": [
        "https://d1iljb9ao69244.cloudfront.net/377192_1691147674634_71.ogg"
      ]
    },
    "question_56": {
      "question_number": 56,
      "correct_option": 4,
      "sds_id": "SDS082C",
      "subtopic": "Factors Affecting Enzyme Catalysis Reaction",
      "image_filename": "question_56.png",
      "captured": true,
      "explanation": [
        "https://d1iljb9ao69244.cloudfront.net/121215_1726398145135_393.ogg",
        "https://d2f8z173p7073l.cloudfront.net/1580276062939",
        "https://dsbihjlymzdyy.cloudfront.net/bio_images/all/Diagrams%20in%20Svg%20form%2FBiomolecules%2F121215.svg.svg"
      ]
    },
    "question_57": {
      "question_number": 57,
      "correct_option": 2,
      "sds_id": "SDS082D",
      "subtopic": "Factors Affecting Enzyme Catalysis Reaction",
      "image_filename": "question_57.png",
      "captured": true,
      "explanation": [
        "https://d1iljb9ao69244.cloudfront.net/408066_1705050915916_66.ogg"
      ]
    },
    "question_58": {
      "question_number": 58,
      "correct_option": 2,
      "sds_id": "SDS082E",
      "subtopic": "Factors Affecting Enzyme Catalysis Reaction",
      "image_filename": "question_58.png",
      "captured": true,
      "explanation": [
        "https://d1iljb9ao69244.cloudfront.net/449517_1713777981744_20.ogg"
      ]
    },
    "question_59": {
      "question_number": 59,
      "correct_option": 1,
      "sds_id": "SDS082F",
      "subtopic": "Factors Affecting Enzyme Catalysis Reaction",
      "image_filename": "question_59.png",
      "captured": true,
      "explanation": [
        "https://d1iljb9ao69244.cloudfront.net/315513_1641493023431_91.ogg"
      ]
    },
    "question_60": {
      "question_number": 60,
      "correct_option": 1,
      "sds_id": "SDS0830",
      "subtopic": "Factors Affecting Enzyme Catalysis Reaction",
      "image_filename": "question_60.png",
      "captured": true,
      "explanation": [
        "https://d1iljb9ao69244.cloudfront.net/118926_1726229862759_259.ogg",
        "https://d2f8z173p7073l.cloudfront.net/1578909092108"
      ]
    },
    "question_61": {
      "question_number": 61,
      "correct_option": 1,
      "sds_id": "SDS0831",
      "subtopic": "Factors Affecting Enzyme Catalysis Reaction",
      "image_filename": "question_61.png",
      "captured": true,
      "explanation": [
        "https://d1iljb9ao69244.cloudfront.net/408067_1705050944693_67.ogg"
      ]
    },
    "question_62": {
      "question_number": 62,
      "correct_option": 1,
      "sds_id": "SDS0832",
      "subtopic": "Factors Affecting Enzyme Catalysis Reaction",
      "image_filename": "question_62.png",
      "captured": true,
      "explanation": [
        "https://d1iljb9ao69244.cloudfront.net/436333_1712126119175_8.ogg"
      ]
    },
    "question_63": {
      "question_number": 63,
      "correct_option": 2,
      "sds_id": "SDS0833",
      "subtopic": "Enzyme Cofactors",
      "image_filename": "question_63.png",
      "captured": true,
      "explanation": [
        "https://d1iljb9ao69244.cloudfront.net/118931_1726230315689_260.ogg",
        "https://d2f8z173p7073l.cloudfront.net/1579243973558"
      ]
    },
    "question_64": {
      "question_number": 64,
      "correct_option": 3,
      "sds_id": "SDS0834",
      "subtopic": "Enzyme Cofactors",
      "image_filename": "question_64.png",
      "captured": true,
      "explanation": [
        "https://d1iljb9ao69244.cloudfront.net/118932_1726231186933_261.ogg",
        "https://d2f8z173p7073l.cloudfront.net/1579244004645"
      ]
    },
    "question_65": {
      "question_number": 65,
      "correct_option": 3,
      "sds_id": "SDS0835",
      "subtopic": "Enzyme Cofactors",
      "image_filename": "question_65.png",
      "captured": true,
      "explanation": [
        "https://d1iljb9ao69244.cloudfront.net/118933_1726295634828_262.ogg",
        "https://d2f8z173p7073l.cloudfront.net/1579244048454"
      ]
    },
    "question_66": {
      "question_number": 66,
      "correct_option": 4,
      "sds_id": "SDS0836",
      "subtopic": "Enzyme Cofactors",
      "image_filename": "question_66.png",
      "captured": true,
      "explanation": [
        "https://d1iljb9ao69244.cloudfront.net/118934_1726295739452_263.ogg",
        "https://d2f8z173p7073l.cloudfront.net/1579244067495"
      ]
    },
    "question_67": {
      "question_number": 67,
      "correct_option": 3,
      "sds_id": "SDS0837",
      "subtopic": "Enzyme Cofactors",
      "image_filename": "question_67.png",
      "captured": true,
      "explanation": [
        "https://d1iljb9ao69244.cloudfront.net/125468_1727096740403_558.ogg",
        "https://d2f8z173p7073l.cloudfront.net/1583295129541"
      ]
    },
    "question_68": {
      "question_number": 68,
      "correct_option": 2,
      "sds_id": "SDS0838",
      "subtopic": "Enzyme Cofactors",
      "image_filename": "question_68.png",
      "captured": true,
      "explanation": [
        "https://d1iljb9ao69244.cloudfront.net/125497_1726996387488_562.ogg",
        "https://d2f8z173p7073l.cloudfront.net/1583300576913"
      ]
    },
    "question_69": {
      "question_number": 69,
      "correct_option": 3,
      "sds_id": "SDS0839",
      "subtopic": "Enzyme Cofactors",
      "image_filename": "question_69.png",
      "captured": true,
      "explanation": [
        "https://d1iljb9ao69244.cloudfront.net/408071_1705051304209_71.ogg"
      ]
    },
    "question_70": {
      "question_number": 70,
      "correct_option": 2,
      "sds_id": "SDS083A",
      "subtopic": "Enzyme Cofactors",
      "image_filename": "question_70.png",
      "captured": true,
      "explanation": [
        "https://d1iljb9ao69244.cloudfront.net/375971_1724826303303_41.ogg",
        "https://d1iljb9ao69244.cloudfront.net/375971_1690348448179_10.ogg"
      ]
    },
    "question_71": {
      "question_number": 71,
      "correct_option": 3,
      "sds_id": "SDS083B",
      "subtopic": "Enzyme Cofactors",
      "image_filename": "question_71.png",
      "captured": true,
      "explanation": [
        "https://d1iljb9ao69244.cloudfront.net/375979_1690348772225_18.ogg"
      ]
    },
    "question_72": {
      "question_number": 72,
      "correct_option": 4,
      "sds_id": "SDS083C",
      "subtopic": "Enzyme Cofactors",
      "image_filename": "question_72.png",
      "captured": true,
      "explanation": [
        "https://d1iljb9ao69244.cloudfront.net/377202_1691148007795_81.ogg"
      ]
    },
    "question_73": {
      "question_number": 73,
      "correct_option": 4,
      "sds_id": "SDS083D",
      "subtopic": "Enzyme Cofactors",
      "image_filename": "question_73.png",
      "captured": true,
      "explanation": [
        "https://d1iljb9ao69244.cloudfront.net/377203_1691148027061_82.ogg"
      ]
    },
    "question_74": {
      "question_number": 74,
      "correct_option": 2,
      "sds_id": "SDS083E",
      "subtopic": "Enzyme Cofactors",
      "image_filename": "question_74.png",
      "captured": true,
      "explanation": [
        "https://d1iljb9ao69244.cloudfront.net/question_explanations_334893_1651844882504.ogg"
      ]
    },
    "question_75": {
      "question_number": 75,
      "correct_option": 1,
      "sds_id": "SDS083F",
      "subtopic": "Enzyme Cofactors",
      "image_filename": "question_75.png",
      "captured": true,
      "explanation": [
        "https://d1iljb9ao69244.cloudfront.net/448234_1713525532315_44.ogg"
      ]
    },
    "question_76": {
      "question_number": 76,
      "correct_option": 3,
      "sds_id": "SDS0840",
      "subtopic": "Enzyme Inhibition: Introduction",
      "image_filename": "question_76.png",
      "captured": true,
      "explanation": [
        "https://d1iljb9ao69244.cloudfront.net/377199_1714216389544_7a.ogg",
        "https://d1iljb9ao69244.cloudfront.net/377199_1691147861189_78.ogg"
      ]
    },
    "question_77": {
      "question_number": 77,
      "correct_option": 2,
      "sds_id": "SDS0841",
      "subtopic": "Enzyme Inhibition: Introduction",
      "image_filename": "question_77.png",
      "captured": true,
      "explanation": [
        "https://d1iljb9ao69244.cloudfront.net/433510_1711527517652_42.ogg"
      ]
    },
    "question_78": {
      "question_number": 78,
      "correct_option": 3,
      "sds_id": "SDS0842",
      "subtopic": "Enzyme Inhibition",
      "image_filename": "question_78.png",
      "captured": true,
      "explanation": [
        "https://d1iljb9ao69244.cloudfront.net/125495_1726996347472_561.ogg",
        "https://d2f8z173p7073l.cloudfront.net/1583297920873",
        "https://www.youtube-nocookie.com/embed/491g1XnSe7g?rel=0",
        "https://www.youtube-nocookie.com/embed/ORvWPCc9AwE?rel=0"
      ]
    },
    "question_79": {
      "question_number": 79,
      "correct_option": 2,
      "sds_id": "SDS0843",
      "subtopic": "Enzyme Inhibition",
      "image_filename": "question_79.png",
      "captured": true,
      "explanation": [
        "https://d1iljb9ao69244.cloudfront.net/375964_1690348372467_3.ogg"
      ]
    },
    "question_80": {
      "question_number": 80,
      "correct_option": 1,
      "sds_id": "SDS0844",
      "subtopic": "Enzyme Inhibition",
      "image_filename": "question_80.png",
      "captured": true,
      "explanation": [
        "https://d1iljb9ao69244.cloudfront.net/439287_1712655932981_39.ogg"
      ]
    },
    "question_81": {
      "question_number": 81,
      "correct_option": 3,
      "sds_id": "SDS0845",
      "subtopic": "Enzyme Inhibition",
      "image_filename": "question_81.png",
      "captured": true,
      "explanation": [
        "https://d1iljb9ao69244.cloudfront.net/315511_1641492991393_89.ogg"
      ]
    },
    "question_82": {
      "question_number": 82,
      "correct_option": 3,
      "sds_id": "SDS0846",
      "subtopic": "Properties of Enzymes",
      "image_filename": "question_82.png",
      "captured": true,
      "explanation": [
        "https://d1iljb9ao69244.cloudfront.net/377190_1691147607780_69.ogg"
      ]
    },
    "question_83": {
      "question_number": 83,
      "correct_option": 2,
      "sds_id": "SDS0847",
      "subtopic": "Properties of Enzymes",
      "image_filename": "question_83.png",
      "captured": true,
      "explanation": [
        "https://d1iljb9ao69244.cloudfront.net/377195_1691147743578_74.ogg"
      ]
    },
    "question_84": {
      "question_number": 84,
      "correct_option": 4,
      "sds_id": "SDS0848",
      "subtopic": "Properties of Enzymes",
      "image_filename": "question_84.png",
      "captured": true,
      "explanation": [
        "https://d1iljb9ao69244.cloudfront.net/377197_1691147794076_76.ogg"
      ]
    },
    "question_85": {
      "question_number": 85,
      "correct_option": 2,
      "sds_id": "SDS0849",
      "subtopic": "Mechanism of Enzymes",
      "image_filename": "question_85.png",
      "captured": true,
      "explanation": [
        "https://d1iljb9ao69244.cloudfront.net/377189_1691147579948_68.ogg"
      ]
    },
    "question_86": {
      "question_number": 86,
      "correct_option": 1,
      "sds_id": "SDS084A",
      "subtopic": "Mechanism of Enzymes",
      "image_filename": "question_86.png",
      "captured": true,
      "explanation": [
        "https://d1iljb9ao69244.cloudfront.net/377191_1691147644491_70.ogg"
      ]
    },
    "question_87": {
      "question_number": 87,
      "correct_option": 2,
      "sds_id": "SDS084B",
      "subtopic": "Mechanism of Enzymes",
      "image_filename": "question_87.png",
      "captured": true,
      "explanation": [
        "https://d1iljb9ao69244.cloudfront.net/446635_1713094085469_28.ogg"
      ]
    },
    "question_88": {
      "question_number": 88,
      "correct_option": 3,
      "sds_id": "SDS084C",
      "subtopic": "Mechanism of Enzymes",
      "image_filename": "question_88.png",
      "captured": true,
      "explanation": [
        "https://d1iljb9ao69244.cloudfront.net/250049_1727421152857_783.ogg",
        "https://d2f8z173p7073l.cloudfront.net/1623657645523"
      ]
    },
    "question_89": {
      "question_number": 89,
      "correct_option": 1,
      "sds_id": "SDS084D",
      "subtopic": "Introduction",
      "image_filename": "question_89.png",
      "captured": true,
      "explanation": [
        "https://d1iljb9ao69244.cloudfront.net/118970_1726295897040_266.ogg",
        "https://d2f8z173p7073l.cloudfront.net/1578919925456"
      ]
    },
    "question_90": {
      "question_number": 90,
      "correct_option": 4,
      "sds_id": "SDS084E",
      "subtopic": "Introduction",
      "image_filename": "question_90.png",
      "captured": true,
      "explanation": [
        "https://d1iljb9ao69244.cloudfront.net/375962_1690348349615_1.ogg"
      ]
    },
    "question_91": {
      "question_number": 91,
      "correct_option": 3,
      "sds_id": "SDS084F",
      "subtopic": "Introduction",
      "image_filename": "question_91.png",
      "captured": true,
      "explanation": [
        "https://d1iljb9ao69244.cloudfront.net/342675_1660483524497_342675.ogg"
      ]
    },
    "question_92": {
      "question_number": 92,
      "correct_option": 1,
      "sds_id": "SDS0850",
      "subtopic": "Introduction",
      "image_filename": "question_92.png",
      "captured": true,
      "explanation": [
        "https://d1iljb9ao69244.cloudfront.net/342677_1661694089896_342677.ogg"
      ]
    },
    "question_93": {
      "question_number": 93,
      "correct_option": 4,
      "sds_id": "SDS0851",
      "subtopic": "Lipids: Fatty Acids",
      "image_filename": "question_93.png",
      "captured": true,
      "explanation": [
        "https://d1iljb9ao69244.cloudfront.net/377174_1691147291407_53.ogg"
      ]
    },
    "question_94": {
      "question_number": 94,
      "correct_option": 2,
      "sds_id": "SDS0852",
      "subtopic": "Different Amino Acids",
      "image_filename": "question_94.png",
      "captured": true,
      "explanation": [
        "https://d1iljb9ao69244.cloudfront.net/377173_1691147273458_52.ogg"
      ]
    },
    "question_95": {
      "question_number": 95,
      "correct_option": 1,
      "sds_id": "SDS0853",
      "subtopic": "Primary & Secondary Metabolites",
      "image_filename": "question_95.png",
      "captured": true,
      "explanation": [
        "https://d1iljb9ao69244.cloudfront.net/250077_1727421391686_787.ogg",
        "https://d2f8z173p7073l.cloudfront.net/1623674944626"
      ]
    },
    "question_96": {
      "question_number": 96,
      "correct_option": 2,
      "sds_id": "SDS0854",
      "subtopic": "Primary & Secondary Metabolites",
      "image_filename": "question_96.png",
      "captured": true,
      "explanation": [
        "https://d1iljb9ao69244.cloudfront.net/31885_1724328926649_2.ogg",
        "https://d1iljb9ao69244.cloudfront.net/question_explanations_31885_1669123210426.ogg"
      ]
    },
    "question_97": {
      "question_number": 97,
      "correct_option": 4,
      "sds_id": "SDS0855",
      "subtopic": "Primary & Secondary Metabolites",
      "image_filename": "question_97.png",
      "captured": true,
      "explanation": [
        "https://d1iljb9ao69244.cloudfront.net/342672_1662900285341_342672.ogg"
      ]
    },
    "question_98": {
      "question_number": 98,
      "correct_option": 3,
      "sds_id": "SDS0856",
      "subtopic": "Primary & Secondary Metabolites",
      "image_filename": "question_98.png",
      "captured": true,
      "explanation": [
        "https://d1iljb9ao69244.cloudfront.net/408041_1705049091814_45.ogg"
      ]
    },
    "question_99": {
      "question_number": 99,
      "correct_option": 2,
      "sds_id": "SDS0857",
      "subtopic": "Primary & Secondary Metabolites",
      "image_filename": "question_99.png",
      "captured": true,
      "explanation": [
        "https://d1iljb9ao69244.cloudfront.net/375966_1690348394801_5.ogg"
      ]
    },
    "question_100": {
      "question_number": 100,
      "correct_option": 3,
      "sds_id": "SDS0858",
      "subtopic": "Primary & Secondary Metabolites",
      "image_filename": "question_100.png",
      "captured": true,
      "explanation": [
        "https://d1iljb9ao69244.cloudfront.net/377176_1691147321138_55.ogg"
      ]
    },
    "question_101": {
      "question_number": 101,
      "correct_option": 4,
      "sds_id": "SDS0859",
      "subtopic": "Primary & Secondary Metabolites",
      "image_filename": "question_101.png",
      "captured": true,
      "explanation": [
        "https://d1iljb9ao69244.cloudfront.net/420538_1709198968971_49.ogg"
      ]
    },
    "question_102": {
      "question_number": 102,
      "correct_option": 4,
      "sds_id": "SDS085A",
      "subtopic": "Primary & Secondary Metabolites",
      "image_filename": "question_102.png",
      "captured": true,
      "explanation": [
        "https://d1iljb9ao69244.cloudfront.net/447715_1713346783245_47.ogg"
      ]
    },
    "question_103": {
      "question_number": 103,
      "correct_option": 3,
      "sds_id": "SDS085B",
      "subtopic": "Primary & Secondary Metabolites",
      "image_filename": "question_103.png",
      "captured": true,
      "explanation": [
        "https://d1iljb9ao69244.cloudfront.net/439157_1712664722032_11.ogg"
      ]
    },
    "question_104": {
      "question_number": 104,
      "correct_option": 4,
      "sds_id": "SDS085C",
      "subtopic": "Primary & Secondary Metabolites",
      "image_filename": "question_104.png",
      "captured": true,
      "explanation": [
        "https://d1iljb9ao69244.cloudfront.net/250016_1727420862153_778.ogg",
        "https://d2f8z173p7073l.cloudfront.net/1623655292232"
      ]
    },
    "question_105": {
      "question_number": 105,
      "correct_option": 2,
      "sds_id": "SDS085D",
      "subtopic": "Introduction to Proteins",
      "image_filename": "question_105.png",
      "captured": true,
      "explanation": [
        "https://d1iljb9ao69244.cloudfront.net/375965_1690348383055_4.ogg"
      ]
    },
    "question_106": {
      "question_number": 106,
      "correct_option": 2,
      "sds_id": "SDS085E",
      "subtopic": "Zwitter ion & Peptide Bond",
      "image_filename": "question_106.png",
      "captured": true,
      "explanation": [
        "https://d1iljb9ao69244.cloudfront.net/442387_1712911366897_34.ogg"
      ]
    },
    "question_107": {
      "question_number": 107,
      "correct_option": 4,
      "sds_id": "SDS085F",
      "subtopic": "Zwitter ion & Peptide Bond",
      "image_filename": "question_107.png",
      "captured": true,
      "explanation": [
        "https://d1iljb9ao69244.cloudfront.net/408044_1705049137813_48.ogg",
        "https://d2f8z173p7073l.cloudfront.net/1705053120415",
        "https://d2f8z173p7073l.cloudfront.net/1705053107073",
        "https://d2f8z173p7073l.cloudfront.net/1705053033759",
        "https://d2f8z173p7073l.cloudfront.net/1705055160004"
      ]
    },
    "question_108": {
      "question_number": 108,
      "correct_option": 3,
      "sds_id": "SDS0860",
      "subtopic": "Zwitter ion & Peptide Bond",
      "image_filename": "question_108.png",
      "captured": true,
      "explanation": [
        "https://d1iljb9ao69244.cloudfront.net/377182_1691147439666_61.ogg"
      ]
    },
    "question_109": {
      "question_number": 109,
      "correct_option": 2,
      "sds_id": "SDS0861",
      "subtopic": "Zwitter ion & Peptide Bond",
      "image_filename": "question_109.png",
      "captured": true,
      "explanation": [
        "https://d1iljb9ao69244.cloudfront.net/377179_1691147383066_58.ogg"
      ]
    },
    "question_110": {
      "question_number": 110,
      "correct_option": 1,
      "sds_id": "SDS0862",
      "subtopic": "Structural Organisation of Proteins",
      "image_filename": "question_110.png",
      "captured": true,
      "explanation": [
        "https://d1iljb9ao69244.cloudfront.net/408054_1705050275243_56.ogg"
      ]
    },
    "question_111": {
      "question_number": 111,
      "correct_option": 1,
      "sds_id": "SDS0863",
      "subtopic": "Structural Organisation of Proteins",
      "image_filename": "question_111.png",
      "captured": true,
      "explanation": [
        "https://d1iljb9ao69244.cloudfront.net/408055_1705050289124_57.ogg"
      ]
    },
    "question_112": {
      "question_number": 112,
      "correct_option": 3,
      "sds_id": "SDS0864",
      "subtopic": "Structural Organisation of Proteins",
      "image_filename": "question_112.png",
      "captured": true,
      "explanation": [
        "https://d1iljb9ao69244.cloudfront.net/377188_1691147559956_67.ogg"
      ]
    },
    "question_113": {
      "question_number": 113,
      "correct_option": 4,
      "sds_id": "SDS0865",
      "subtopic": "Carbohydrates: Starch & Glycogen",
      "image_filename": "question_113.png",
      "captured": true,
      "explanation": [
        "https://d1iljb9ao69244.cloudfront.net/375985_1690349003212_24.ogg"
      ]
    },
    "question_114": {
      "question_number": 114,
      "correct_option": 4,
      "sds_id": "SDS0866",
      "subtopic": "Carbohydrates: Starch & Glycogen",
      "image_filename": "question_114.png",
      "captured": true,
      "explanation": [
        "https://d1iljb9ao69244.cloudfront.net/377180_1691147394147_59.ogg"
      ]
    },
    "question_115": {
      "question_number": 115,
      "correct_option": 4,
      "sds_id": "SDS0867",
      "subtopic": "Carbohydrates: Starch & Glycogen",
      "image_filename": "question_115.png",
      "captured": true,
      "explanation": [
        "https://d1iljb9ao69244.cloudfront.net/442356_1712906921349_11.ogg"
      ]
    },
    "question_116": {
      "question_number": 116,
      "correct_option": 3,
      "sds_id": "SDS0868",
      "subtopic": "Carbohydrates: Starch & Glycogen",
      "image_filename": "question_116.png",
      "captured": true,
      "explanation": [
        "https://d1iljb9ao69244.cloudfront.net/443106_1712904438117_48.ogg"
      ]
    },
    "question_117": {
      "question_number": 117,
      "correct_option": 1,
      "sds_id": "SDS0869",
      "subtopic": "Carbohydrates: Starch & Glycogen",
      "image_filename": "question_117.png",
      "captured": true,
      "explanation": [
        "https://d1iljb9ao69244.cloudfront.net/question_explanations_334891_1651844706679.ogg"
      ]
    },
    "question_118": {
      "question_number": 118,
      "correct_option": 2,
      "sds_id": "SDS086A",
      "subtopic": "Carbohydrates: Cellulose, Chitin, Inulin & Agar",
      "image_filename": "question_118.png",
      "captured": true,
      "explanation": [
        "https://d1iljb9ao69244.cloudfront.net/125499_1726996435924_563.ogg",
        "https://d2f8z173p7073l.cloudfront.net/1583300665853"
      ]
    },
    "question_119": {
      "question_number": 119,
      "correct_option": 3,
      "sds_id": "SDS086B",
      "subtopic": "Carbohydrates: Cellulose, Chitin, Inulin & Agar",
      "image_filename": "question_119.png",
      "captured": true,
      "explanation": [
        "https://d1iljb9ao69244.cloudfront.net/437207_1712302219087_40.ogg"
      ]
    }
  }
}