{
  "chapter_no": 3,
  "chapter_name": "Plant Kingdom",
  "section_name": "Invictus- Plant Kingdom",
  "total_questions": 12,
  "questions": {
    "question_1": {
      "question_number": 1,
      "correct_option": 4,
      "sds_id": "SDS047E",
      "subtopic": "Algae",
      "image_filename": "question_1.png",
      "captured": true,
      "explanation": [
        "https://d2f8z173p7073l.cloudfront.net/1580200387426",
        "https://www.youtube.com/embed/I6U9qqqXtSc?rel=0&amp;modestbranding=1&amp;loop=1&amp;playlist=I6U9qqqXtSc&amp;start=191&amp;end=236",
        "https://www.youtube.com/embed/I6U9qqqXtSc?rel=0&modestbranding=1&loop=1&playlist=I6U9qqqXtSc&start=191&end=236"
      ]
    },
    "question_2": {
      "question_number": 2,
      "correct_option": 4,
      "sds_id": "SDS047F",
      "subtopic": "Pheophyceae: Brown Algae",
      "image_filename": "question_2.png",
      "captured": true,
      "explanation": [
        "https://d2f8z173p7073l.cloudfront.net/1580919652409"
      ]
    },
    "question_3": {
      "question_number": 3,
      "correct_option": 1,
      "sds_id": "SDS0480",
      "subtopic": "Bryophytes",
      "image_filename": "question_3.png",
      "captured": true,
      "explanation": [
        "https://d2f8z173p7073l.cloudfront.net/1580919602025"
      ]
    },
    "question_4": {
      "question_number": 4,
      "correct_option": 3,
      "sds_id": "SDS0481",
      "subtopic": "Bryophytes",
      "image_filename": "question_4.png",
      "captured": true,
      "explanation": [
        "https://d2f8z173p7073l.cloudfront.net/1580919716066",
        "https://d2f8z173p7073l.cloudfront.net/1663758584029"
      ]
    },
    "question_5": {
      "question_number": 5,
      "correct_option": 4,
      "sds_id": "SDS0482",
      "subtopic": "Bryophytes",
      "image_filename": "question_5.png",
      "captured": true,
      "explanation": [
        "https://d2f8z173p7073l.cloudfront.net/1580919830598",
        "https://d2f8z173p7073l.cloudfront.net/1663758822359"
      ]
    },
    "question_6": {
      "question_number": 6,
      "correct_option": 4,
      "sds_id": "SDS0483",
      "subtopic": "Bryophytes",
      "image_filename": "question_6.png",
      "captured": true,
      "explanation": [
        "https://d2f8z173p7073l.cloudfront.net/1580920289690"
      ]
    },
    "question_7": {
      "question_number": 7,
      "correct_option": 3,
      "sds_id": "SDS0484",
      "subtopic": "Bryophytes (Liverworts)",
      "image_filename": "question_7.png",
      "captured": true,
      "explanation": [
        "https://d2f8z173p7073l.cloudfront.net/1580568410358"
      ]
    },
    "question_8": {
      "question_number": 8,
      "correct_option": 2,
      "sds_id": "SDS0485",
      "subtopic": "Pteridophytes: Heterospory",
      "image_filename": "question_8.png",
      "captured": true,
      "explanation": [
        "https://d2f8z173p7073l.cloudfront.net/1586837969618"
      ]
    },
    "question_9": {
      "question_number": 9,
      "correct_option": 4,
      "sds_id": "SDS0486",
      "subtopic": "Examples of Gymnosperms",
      "image_filename": "question_9.png",
      "captured": true,
      "explanation": [
        "https://d2f8z173p7073l.cloudfront.net/1580920343415"
      ]
    },
    "question_10": {
      "question_number": 10,
      "correct_option": 1,
      "sds_id": "SDS0487",
      "subtopic": "Examples of Gymnosperms",
      "image_filename": "question_10.png",
      "captured": true,
      "explanation": [
        "https://d2f8z173p7073l.cloudfront.net/1580920407544"
      ]
    },
    "question_11": {
      "question_number": 11,
      "correct_option": 1,
      "sds_id": "SDS0488",
      "subtopic": "Pteridophytes",
      "image_filename": "question_11.png",
      "captured": true,
      "explanation": [
        "https://d2f8z173p7073l.cloudfront.net/1580920323301"
      ]
    },
    "question_12": {
      "question_number": 12,
      "correct_option": 2,
      "sds_id": "SDS0489",
      "subtopic": "Chlorophyceae: Green Algae",
      "image_filename": "question_12.png",
      "captured": true,
      "explanation": [
        "https://d2f8z173p7073l.cloudfront.net/1580919694143",
        "https://d2f8z173p7073l.cloudfront.net/1663759972642"
      ]
    }
  }
}