{
  "chapter_no": 9,
  "chapter_name": "Biotechnology- Principles and Processes",
  "section_name": "Biotechnology- Principles and Processes (95 MCQs)",
  "total_questions": 85,
  "questions": {
    "question_1": {
      "question_number": 1,
      "correct_option": 4,
      "sds_id": "SDS15F5",
      "subtopic": "Process of Biotech",
      "image_filename": "question_1.png",
      "captured": true,
      "explanation": [
        "https://d1iljb9ao69244.cloudfront.net/400730_1703001219285_15.ogg"
      ]
    },
    "question_2": {
      "question_number": 2,
      "correct_option": 4,
      "sds_id": "SDS15F6",
      "subtopic": "Process of Biotech",
      "image_filename": "question_2.png",
      "captured": true,
      "explanation": [
        "https://d1iljb9ao69244.cloudfront.net/62348_1712042752850_49.ogg",
        "https://d2f8z173p7073l.cloudfront.net/1549001465572",
        "https://www.youtube-nocookie.com/embed/mMeDV-TV5ic?rel=0"
      ]
    },
    "question_3": {
      "question_number": 3,
      "correct_option": 1,
      "sds_id": "SDS15F7",
      "subtopic": "Process of Biotech",
      "image_filename": "question_3.png",
      "captured": true,
      "explanation": [
        "https://d2f8z173p7073l.cloudfront.net/1582989683747"
      ]
    },
    "question_4": {
      "question_number": 4,
      "correct_option": 4,
      "sds_id": "SDS15F8",
      "subtopic": "Polymerase Chain Reaction: PCR",
      "image_filename": "question_4.png",
      "captured": true,
      "explanation": [
        "https://d1iljb9ao69244.cloudfront.net/243318_1621685367591_10.ogg"
      ]
    },
    "question_5": {
      "question_number": 5,
      "correct_option": 3,
      "sds_id": "SDS15F9",
      "subtopic": "Polymerase Chain Reaction: PCR",
      "image_filename": "question_5.png",
      "captured": true,
      "explanation": [
        "https://d2f8z173p7073l.cloudfront.net/1589874868956"
      ]
    },
    "question_6": {
      "question_number": 6,
      "correct_option": 3,
      "sds_id": "SDS15FA",
      "subtopic": "Polymerase Chain Reaction: PCR",
      "image_filename": "question_6.png",
      "captured": true,
      "explanation": [
        "https://d2f8z173p7073l.cloudfront.net/1576818615633",
        "https://www.youtube.com/embed/j0SjeEz-XKo?rel=0&amp;modestbranding=1&amp;loop=1&amp;playlist=j0SjeEz-XKo&amp;start=300&amp;end=398",
        "https://www.youtube.com/embed/j0SjeEz-XKo?rel=0&modestbranding=1&loop=1&playlist=j0SjeEz-XKo&start=300&end=398"
      ]
    },
    "question_7": {
      "question_number": 7,
      "correct_option": 4,
      "sds_id": "SDS15FB",
      "subtopic": "Polymerase Chain Reaction: PCR",
      "image_filename": "question_7.png",
      "captured": true,
      "explanation": [
        "https://d2f8z173p7073l.cloudfront.net/1582299181496"
      ]
    },
    "question_8": {
      "question_number": 8,
      "correct_option": 4,
      "sds_id": "SDS15FC",
      "subtopic": "Polymerase Chain Reaction: PCR",
      "image_filename": "question_8.png",
      "captured": true,
      "explanation": [
        "https://d1iljb9ao69244.cloudfront.net/117789_1712041284361_28.ogg",
        "https://d2f8z173p7073l.cloudfront.net/1576819464810"
      ]
    },
    "question_9": {
      "question_number": 9,
      "correct_option": 3,
      "sds_id": "SDS15FD",
      "subtopic": "Polymerase Chain Reaction: PCR",
      "image_filename": "question_9.png",
      "captured": true,
      "explanation": [
        "https://d1iljb9ao69244.cloudfront.net/331876_1649523396835_36.ogg"
      ]
    },
    "question_10": {
      "question_number": 10,
      "correct_option": 2,
      "sds_id": "SDS15FE",
      "subtopic": "Polymerase Chain Reaction: PCR",
      "image_filename": "question_10.png",
      "captured": true,
      "explanation": [
        "https://d1iljb9ao69244.cloudfront.net/446699_1713085428957_30.ogg"
      ]
    },
    "question_11": {
      "question_number": 11,
      "correct_option": 4,
      "sds_id": "SDS15FF",
      "subtopic": "Polymerase Chain Reaction: PCR",
      "image_filename": "question_11.png",
      "captured": true,
      "explanation": [
        "https://d1iljb9ao69244.cloudfront.net/438432_1712642773412_6.ogg"
      ]
    },
    "question_12": {
      "question_number": 12,
      "correct_option": 1,
      "sds_id": "SDS1600",
      "subtopic": "Polymerase Chain Reaction: PCR",
      "image_filename": "question_12.png",
      "captured": true,
      "explanation": [
        "https://d1iljb9ao69244.cloudfront.net/447174_1713265317262_30.ogg"
      ]
    },
    "question_13": {
      "question_number": 13,
      "correct_option": 1,
      "sds_id": "SDS1601",
      "subtopic": "Polymerase Chain Reaction: PCR",
      "image_filename": "question_13.png",
      "captured": true,
      "explanation": [
        "https://d1iljb9ao69244.cloudfront.net/452141_1714303187199_48.ogg"
      ]
    },
    "question_14": {
      "question_number": 14,
      "correct_option": 3,
      "sds_id": "SDS1602",
      "subtopic": "Polymerase Chain Reaction: PCR",
      "image_filename": "question_14.png",
      "captured": true,
      "explanation": [
        "https://d1iljb9ao69244.cloudfront.net/417438_1707537720148_33.ogg"
      ]
    },
    "question_15": {
      "question_number": 15,
      "correct_option": 1,
      "sds_id": "SDS1603",
      "subtopic": "Polymerase Chain Reaction: PCR",
      "image_filename": "question_15.png",
      "captured": true,
      "explanation": [
        "https://d1iljb9ao69244.cloudfront.net/426531_1709891612923_31.ogg"
      ]
    },
    "question_16": {
      "question_number": 16,
      "correct_option": 3,
      "sds_id": "SDS1604",
      "subtopic": "Polymerase Chain Reaction: PCR",
      "image_filename": "question_16.png",
      "captured": true,
      "explanation": [
        "https://d1iljb9ao69244.cloudfront.net/434361_1711524186184_50.ogg"
      ]
    },
    "question_17": {
      "question_number": 17,
      "correct_option": 1,
      "sds_id": "SDS1605",
      "subtopic": "Bioreactors/Downstream Processing",
      "image_filename": "question_17.png",
      "captured": true,
      "explanation": [
        "https://d1iljb9ao69244.cloudfront.net/437277_1712312738230_45.ogg"
      ]
    },
    "question_18": {
      "question_number": 18,
      "correct_option": 3,
      "sds_id": "SDS1606",
      "subtopic": "Bioreactors/Downstream Processing",
      "image_filename": "question_18.png",
      "captured": true,
      "explanation": [
        "https://d2f8z173p7073l.cloudfront.net/1549282322087",
        "https://dsbihjlymzdyy.cloudfront.net/bio_images/all/Diagrams%20in%20Svg%20form%2FSVG%20Diagrams%20of%20class%2012th%2FMixed%20SVG%20Diagrams%2F62850.SVG.svg",
        "https://www.youtube-nocookie.com/embed/AGfLh_FdR8o?rel=0"
      ]
    },
    "question_19": {
      "question_number": 19,
      "correct_option": 4,
      "sds_id": "SDS1607",
      "subtopic": "Bioreactors/Downstream Processing",
      "image_filename": "question_19.png",
      "captured": true,
      "explanation": [
        "https://d1iljb9ao69244.cloudfront.net/404670_1704278496427_4.ogg"
      ]
    },
    "question_20": {
      "question_number": 20,
      "correct_option": 4,
      "sds_id": "SDS1608",
      "subtopic": "Bioreactors/Downstream Processing",
      "image_filename": "question_20.png",
      "captured": true,
      "explanation": [
        "https://d1iljb9ao69244.cloudfront.net/400759_1703002537113_41.ogg"
      ]
    },
    "question_21": {
      "question_number": 21,
      "correct_option": 3,
      "sds_id": "SDS1609",
      "subtopic": "Bioreactors/Downstream Processing",
      "image_filename": "question_21.png",
      "captured": true,
      "explanation": [
        "https://d1iljb9ao69244.cloudfront.net/400760_1703002552581_42.ogg"
      ]
    },
    "question_22": {
      "question_number": 22,
      "correct_option": 1,
      "sds_id": "SDS160A",
      "subtopic": "Bioreactors/Downstream Processing",
      "image_filename": "question_22.png",
      "captured": true,
      "explanation": [
        "https://d1iljb9ao69244.cloudfront.net/question_explanations_182567_1672141403094.ogg"
      ]
    },
    "question_23": {
      "question_number": 23,
      "correct_option": 3,
      "sds_id": "SDS160B",
      "subtopic": "Bioreactors/Downstream Processing",
      "image_filename": "question_23.png",
      "captured": true,
      "explanation": [
        "https://d1iljb9ao69244.cloudfront.net/404664_1704278437766_1.ogg"
      ]
    },
    "question_24": {
      "question_number": 24,
      "correct_option": 1,
      "sds_id": "SDS160C",
      "subtopic": "Bioreactors/Downstream Processing",
      "image_filename": "question_24.png",
      "captured": true,
      "explanation": [
        "https://d1iljb9ao69244.cloudfront.net/448179_1713517038398_39.ogg"
      ]
    },
    "question_25": {
      "question_number": 25,
      "correct_option": 4,
      "sds_id": "SDS160D",
      "subtopic": "Restriction Enzymes - Main Enzymes",
      "image_filename": "question_25.png",
      "captured": true,
      "explanation": [
        "https://d2f8z173p7073l.cloudfront.net/1582989191291"
      ]
    },
    "question_26": {
      "question_number": 26,
      "correct_option": 1,
      "sds_id": "SDS160E",
      "subtopic": "Restriction Enzymes - Main Enzymes",
      "image_filename": "question_26.png",
      "captured": true,
      "explanation": [
        "https://d2f8z173p7073l.cloudfront.net/1582989246771"
      ]
    },
    "question_27": {
      "question_number": 27,
      "correct_option": 1,
      "sds_id": "SDS160F",
      "subtopic": "Restriction Enzymes - Main Enzymes",
      "image_filename": "question_27.png",
      "captured": true,
      "explanation": [
        "https://d1iljb9ao69244.cloudfront.net/question_explanations_358767_1671976218864.ogg"
      ]
    },
    "question_28": {
      "question_number": 28,
      "correct_option": 3,
      "sds_id": "SDS1610",
      "subtopic": "Restriction Enzymes - Main Enzymes",
      "image_filename": "question_28.png",
      "captured": true,
      "explanation": [
        "https://d1iljb9ao69244.cloudfront.net/question_explanations_182554_1672049249988.ogg"
      ]
    },
    "question_29": {
      "question_number": 29,
      "correct_option": 3,
      "sds_id": "SDS1611",
      "subtopic": "Restriction Enzymes - Main Enzymes",
      "image_filename": "question_29.png",
      "captured": true,
      "explanation": [
        "https://d1iljb9ao69244.cloudfront.net/358766_1730536424567_19.ogg",
        "https://d1iljb9ao69244.cloudfront.net/question_explanations_358766_1672388485080.ogg"
      ]
    },
    "question_30": {
      "question_number": 30,
      "correct_option": 3,
      "sds_id": "SDS1612",
      "subtopic": "Restriction Enzymes - Main Enzymes",
      "image_filename": "question_30.png",
      "captured": true,
      "explanation": [
        "https://d2f8z173p7073l.cloudfront.net/1582298992291"
      ]
    },
    "question_31": {
      "question_number": 31,
      "correct_option": 2,
      "sds_id": "SDS1613",
      "subtopic": "Restriction Enzymes - Main Enzymes",
      "image_filename": "question_31.png",
      "captured": true,
      "explanation": [
        "https://d2f8z173p7073l.cloudfront.net/1582807354003"
      ]
    },
    "question_32": {
      "question_number": 32,
      "correct_option": 1,
      "sds_id": "SDS1614",
      "subtopic": "Restriction Enzymes - Main Enzymes",
      "image_filename": "question_32.png",
      "captured": true,
      "explanation": [
        "https://d2f8z173p7073l.cloudfront.net/1589874831223"
      ]
    },
    "question_33": {
      "question_number": 33,
      "correct_option": 1,
      "sds_id": "SDS1615",
      "subtopic": "Restriction Enzymes - Main Enzymes",
      "image_filename": "question_33.png",
      "captured": true,
      "explanation": [
        "https://d1iljb9ao69244.cloudfront.net/450707_1714039616786_31.ogg"
      ]
    },
    "question_34": {
      "question_number": 34,
      "correct_option": 2,
      "sds_id": "SDS1616",
      "subtopic": "Separation and Isolation of DNA fragments",
      "image_filename": "question_34.png",
      "captured": true,
      "explanation": [
        "https://d1iljb9ao69244.cloudfront.net/243326_1621685507318_18.ogg"
      ]
    },
    "question_35": {
      "question_number": 35,
      "correct_option": 3,
      "sds_id": "SDS1617",
      "subtopic": "Separation and Isolation of DNA fragments",
      "image_filename": "question_35.png",
      "captured": true,
      "explanation": [
        "https://d1iljb9ao69244.cloudfront.net/417416_1707650240756_95.ogg"
      ]
    },
    "question_36": {
      "question_number": 36,
      "correct_option": 1,
      "sds_id": "SDS1618",
      "subtopic": "Separation and Isolation of DNA fragments",
      "image_filename": "question_36.png",
      "captured": true,
      "explanation": [
        "https://d1iljb9ao69244.cloudfront.net/447222_1713289011770_31.ogg"
      ]
    },
    "question_37": {
      "question_number": 37,
      "correct_option": 3,
      "sds_id": "SDS1619",
      "subtopic": "Separation and Isolation of DNA fragments",
      "image_filename": "question_37.png",
      "captured": true,
      "explanation": [
        "https://d1iljb9ao69244.cloudfront.net/417437_1707537705071_32.ogg"
      ]
    },
    "question_38": {
      "question_number": 38,
      "correct_option": 3,
      "sds_id": "SDS161A",
      "subtopic": "Separation and Isolation of DNA fragments",
      "image_filename": "question_38.png",
      "captured": true,
      "explanation": [
        "https://d1iljb9ao69244.cloudfront.net/426520_1709888099908_21.ogg"
      ]
    },
    "question_39": {
      "question_number": 39,
      "correct_option": 1,
      "sds_id": "SDS161B",
      "subtopic": "Separation and Isolation of DNA fragments",
      "image_filename": "question_39.png",
      "captured": true,
      "explanation": [
        "https://d1iljb9ao69244.cloudfront.net/417402_1707649764650_81.ogg"
      ]
    },
    "question_40": {
      "question_number": 40,
      "correct_option": 3,
      "sds_id": "SDS161C",
      "subtopic": "Separation and Isolation of DNA fragments",
      "image_filename": "question_40.png",
      "captured": true,
      "explanation": [
        "https://d1iljb9ao69244.cloudfront.net/329706_1648309814794_3.ogg"
      ]
    },
    "question_41": {
      "question_number": 41,
      "correct_option": 1,
      "sds_id": "SDS161D",
      "subtopic": "Separation and Isolation of DNA fragments",
      "image_filename": "question_41.png",
      "captured": true,
      "explanation": [
        "https://d1iljb9ao69244.cloudfront.net/404702_1704278348672_23.ogg"
      ]
    },
    "question_42": {
      "question_number": 42,
      "correct_option": 1,
      "sds_id": "SDS161E",
      "subtopic": "Separation and Isolation of DNA fragments",
      "image_filename": "question_42.png",
      "captured": true,
      "explanation": [
        "https://d1iljb9ao69244.cloudfront.net/400742_1703001673191_24.ogg"
      ]
    },
    "question_43": {
      "question_number": 43,
      "correct_option": 3,
      "sds_id": "SDS161F",
      "subtopic": "Separation and Isolation of DNA fragments",
      "image_filename": "question_43.png",
      "captured": true,
      "explanation": [
        "https://d1iljb9ao69244.cloudfront.net/439281_1712655862110_34%20(2).ogg",
        "https://d1iljb9ao69244.cloudfront.net/439281_1712655862110_34"
      ]
    },
    "question_44": {
      "question_number": 44,
      "correct_option": 3,
      "sds_id": "SDS1620",
      "subtopic": "Transforming Plant & Animal Cell",
      "image_filename": "question_44.png",
      "captured": true,
      "explanation": [
        "https://d1iljb9ao69244.cloudfront.net/question_explanations_360816_1672122434583.ogg"
      ]
    },
    "question_45": {
      "question_number": 45,
      "correct_option": 2,
      "sds_id": "SDS1621",
      "subtopic": "Transforming Plant & Animal Cell",
      "image_filename": "question_45.png",
      "captured": true,
      "explanation": [
        "https://d2f8z173p7073l.cloudfront.net/1591697075162"
      ]
    },
    "question_46": {
      "question_number": 46,
      "correct_option": 1,
      "sds_id": "SDS1622",
      "subtopic": "Transforming Plant & Animal Cell",
      "image_filename": "question_46.png",
      "captured": true,
      "explanation": [
        "https://d1iljb9ao69244.cloudfront.net/427502_1710126213928_48.ogg"
      ]
    },
    "question_47": {
      "question_number": 47,
      "correct_option": 4,
      "sds_id": "SDS1623",
      "subtopic": "Transforming Plant & Animal Cell",
      "image_filename": "question_47.png",
      "captured": true,
      "explanation": [
        "https://d1iljb9ao69244.cloudfront.net/453723_1714485028504_43.ogg"
      ]
    },
    "question_48": {
      "question_number": 48,
      "correct_option": 2,
      "sds_id": "SDS1624",
      "subtopic": "Transforming Plant & Animal Cell",
      "image_filename": "question_48.png",
      "captured": true,
      "explanation": [
        "https://d1iljb9ao69244.cloudfront.net/question_explanations_358771_1670765258617.ogg"
      ]
    },
    "question_49": {
      "question_number": 49,
      "correct_option": 4,
      "sds_id": "SDS1625",
      "subtopic": "Transforming Plant & Animal Cell",
      "image_filename": "question_49.png",
      "captured": true,
      "explanation": [
        "https://d1iljb9ao69244.cloudfront.net/417400_1707649451392_79.ogg"
      ]
    },
    "question_50": {
      "question_number": 50,
      "correct_option": 4,
      "sds_id": "SDS1626",
      "subtopic": "Transforming Plant & Animal Cell",
      "image_filename": "question_50.png",
      "captured": true,
      "explanation": [
        "https://d1iljb9ao69244.cloudfront.net/182564_1668849850369_182564.ogg"
      ]
    },
    "question_51": {
      "question_number": 51,
      "correct_option": 1,
      "sds_id": "SDS1627",
      "subtopic": "Transforming Plant & Animal Cell",
      "image_filename": "question_51.png",
      "captured": true,
      "explanation": [
        "https://d1iljb9ao69244.cloudfront.net/417440_1707537744698_35.ogg"
      ]
    },
    "question_52": {
      "question_number": 52,
      "correct_option": 4,
      "sds_id": "SDS1628",
      "subtopic": "Transforming Plant & Animal Cell",
      "image_filename": "question_52.png",
      "captured": true,
      "explanation": [
        "https://d2f8z173p7073l.cloudfront.net/1582989769955"
      ]
    },
    "question_53": {
      "question_number": 53,
      "correct_option": 2,
      "sds_id": "SDS1629",
      "subtopic": "Cloning Vector",
      "image_filename": "question_53.png",
      "captured": true,
      "explanation": [
        "https://d2f8z173p7073l.cloudfront.net/1582989140097"
      ]
    },
    "question_54": {
      "question_number": 54,
      "correct_option": 3,
      "sds_id": "SDS162A",
      "subtopic": "Cloning Vector",
      "image_filename": "question_54.png",
      "captured": true,
      "explanation": [
        "https://d2f8z173p7073l.cloudfront.net/1582808753635"
      ]
    },
    "question_55": {
      "question_number": 55,
      "correct_option": 1,
      "sds_id": "SDS162B",
      "subtopic": "Cloning Vector",
      "image_filename": "question_55.png",
      "captured": true,
      "explanation": [
        "https://d2f8z173p7073l.cloudfront.net/1582809117158"
      ]
    },
    "question_56": {
      "question_number": 56,
      "correct_option": 1,
      "sds_id": "SDS162C",
      "subtopic": "Cloning Vector",
      "image_filename": "question_56.png",
      "captured": true,
      "explanation": [
        "https://d2f8z173p7073l.cloudfront.net/1582299102697"
      ]
    },
    "question_57": {
      "question_number": 57,
      "correct_option": 2,
      "sds_id": "SDS162D",
      "subtopic": "Cloning Vector",
      "image_filename": "question_57.png",
      "captured": true,
      "explanation": [
        "https://d1iljb9ao69244.cloudfront.net/question_explanations_182559_1672289132418.ogg"
      ]
    },
    "question_58": {
      "question_number": 58,
      "correct_option": 1,
      "sds_id": "SDS162E",
      "subtopic": "Cloning Vector",
      "image_filename": "question_58.png",
      "captured": true,
      "explanation": [
        "https://d1iljb9ao69244.cloudfront.net/question_explanations_65670_1672043275182.ogg"
      ]
    },
    "question_59": {
      "question_number": 59,
      "correct_option": 3,
      "sds_id": "SDS162F",
      "subtopic": "Cloning Vector",
      "image_filename": "question_59.png",
      "captured": true,
      "explanation": [
        "https://d2f8z173p7073l.cloudfront.net/1582988649143"
      ]
    },
    "question_60": {
      "question_number": 60,
      "correct_option": 4,
      "sds_id": "SDS1630",
      "subtopic": "Cloning Vector",
      "image_filename": "question_60.png",
      "captured": true,
      "explanation": [
        "https://d1iljb9ao69244.cloudfront.net/243301_1621684355570_2.ogg"
      ]
    },
    "question_61": {
      "question_number": 61,
      "correct_option": 4,
      "sds_id": "SDS1631",
      "subtopic": "Cloning Vector",
      "image_filename": "question_61.png",
      "captured": true,
      "explanation": [
        "https://d2f8z173p7073l.cloudfront.net/1582989290814"
      ]
    },
    "question_62": {
      "question_number": 62,
      "correct_option": 3,
      "sds_id": "SDS1632",
      "subtopic": "Cloning Vector",
      "image_filename": "question_62.png",
      "captured": true,
      "explanation": [
        "https://d1iljb9ao69244.cloudfront.net/question_explanations_184366_1672042805441.ogg"
      ]
    },
    "question_63": {
      "question_number": 63,
      "correct_option": 3,
      "sds_id": "SDS1633",
      "subtopic": "Cloning Vector",
      "image_filename": "question_63.png",
      "captured": true,
      "explanation": [
        "https://d2f8z173p7073l.cloudfront.net/1582809006170"
      ]
    },
    "question_64": {
      "question_number": 64,
      "correct_option": 3,
      "sds_id": "SDS1634",
      "subtopic": "Cloning Vector",
      "image_filename": "question_64.png",
      "captured": true,
      "explanation": [
        "https://d1iljb9ao69244.cloudfront.net/question_explanations_360817_1672068066204.ogg"
      ]
    },
    "question_65": {
      "question_number": 65,
      "correct_option": 1,
      "sds_id": "SDS1635",
      "subtopic": "Cloning Vector",
      "image_filename": "question_65.png",
      "captured": true,
      "explanation": [
        "https://d1iljb9ao69244.cloudfront.net/182562_1668849888904_182562.ogg"
      ]
    },
    "question_66": {
      "question_number": 66,
      "correct_option": 3,
      "sds_id": "SDS1636",
      "subtopic": "Cloning Vector",
      "image_filename": "question_66.png",
      "captured": true,
      "explanation": [
        "https://d1iljb9ao69244.cloudfront.net/question_explanations_358768_1672455285327.ogg"
      ]
    },
    "question_67": {
      "question_number": 67,
      "correct_option": 2,
      "sds_id": "SDS1637",
      "subtopic": "Cloning Vector",
      "image_filename": "question_67.png",
      "captured": true,
      "explanation": [
        "https://d1iljb9ao69244.cloudfront.net/400749_1703001987349_31.ogg"
      ]
    },
    "question_68": {
      "question_number": 68,
      "correct_option": 4,
      "sds_id": "SDS1638",
      "subtopic": "Cloning Vector",
      "image_filename": "question_68.png",
      "captured": true,
      "explanation": [
        "https://d1iljb9ao69244.cloudfront.net/400751_1703002019006_33.ogg"
      ]
    },
    "question_69": {
      "question_number": 69,
      "correct_option": 2,
      "sds_id": "SDS1639",
      "subtopic": "Selection of Recombinant Transformants",
      "image_filename": "question_69.png",
      "captured": true,
      "explanation": [
        "https://d2f8z173p7073l.cloudfront.net/1621685189106"
      ]
    },
    "question_70": {
      "question_number": 70,
      "correct_option": 3,
      "sds_id": "SDS163A",
      "subtopic": "Selection of Recombinant Transformants",
      "image_filename": "question_70.png",
      "captured": true,
      "explanation": [
        "https://d1iljb9ao69244.cloudfront.net/334617_1651548226814_3.ogg",
        "https://www.youtube-nocookie.com/embed/Uw5oOqbBuH0?rel=0",
        "https://www.youtube-nocookie.com/embed/hBR0XVd-TgE?rel=0"
      ]
    },
    "question_71": {
      "question_number": 71,
      "correct_option": 1,
      "sds_id": "SDS163B",
      "subtopic": "Obtaining Copy of Gene from Donor DNA",
      "image_filename": "question_71.png",
      "captured": true,
      "explanation": [
        "https://d2f8z173p7073l.cloudfront.net/1582989398530"
      ]
    },
    "question_72": {
      "question_number": 72,
      "correct_option": 1,
      "sds_id": "SDS163C",
      "subtopic": "Obtaining Copy of Gene from Donor DNA",
      "image_filename": "question_72.png",
      "captured": true,
      "explanation": [
        "https://d1iljb9ao69244.cloudfront.net/404668_1704278477651_3.ogg"
      ]
    },
    "question_73": {
      "question_number": 73,
      "correct_option": 3,
      "sds_id": "SDS163D",
      "subtopic": "Restriction Enzymes: Historical Background",
      "image_filename": "question_73.png",
      "captured": true,
      "explanation": [
        "https://d2f8z173p7073l.cloudfront.net/1582299583840",
        "https://www.youtube-nocookie.com/embed/YojnJF5JNfI?rel=0",
        "https://www.youtube-nocookie.com/embed/Lqh6jpzgWdA?rel=0"
      ]
    },
    "question_74": {
      "question_number": 74,
      "correct_option": 2,
      "sds_id": "SDS163E",
      "subtopic": "Host & Desired DNA",
      "image_filename": "question_74.png",
      "captured": true,
      "explanation": [
        "https://d2f8z173p7073l.cloudfront.net/1582809048807"
      ]
    },
    "question_75": {
      "question_number": 75,
      "correct_option": 3,
      "sds_id": "SDS163F",
      "subtopic": "Introduction & History",
      "image_filename": "question_75.png",
      "captured": true,
      "explanation": [
        "https://d1iljb9ao69244.cloudfront.net/question_explanations_358762_1672461658671.ogg"
      ]
    },
    "question_76": {
      "question_number": 76,
      "correct_option": 1,
      "sds_id": "SDS1640",
      "subtopic": "Introduction & History",
      "image_filename": "question_76.png",
      "captured": true,
      "explanation": [
        "https://d1iljb9ao69244.cloudfront.net/question_explanations_358763_1670765197138.ogg"
      ]
    },
    "question_77": {
      "question_number": 77,
      "correct_option": 2,
      "sds_id": "SDS1641",
      "subtopic": "Introduction & History",
      "image_filename": "question_77.png",
      "captured": true,
      "explanation": [
        "https://d1iljb9ao69244.cloudfront.net/400782_1703135143709_25.ogg"
      ]
    },
    "question_78": {
      "question_number": 78,
      "correct_option": 3,
      "sds_id": "SDS1642",
      "subtopic": "Large Scale Production",
      "image_filename": "question_78.png",
      "captured": true,
      "explanation": [
        "https://d2f8z173p7073l.cloudfront.net/1582299490480"
      ]
    },
    "question_79": {
      "question_number": 79,
      "correct_option": 3,
      "sds_id": "SDS1643",
      "subtopic": "Large Scale Production",
      "image_filename": "question_79.png",
      "captured": true,
      "explanation": [
        "https://d1iljb9ao69244.cloudfront.net/334590_1651547772486_11.ogg"
      ]
    },
    "question_80": {
      "question_number": 80,
      "correct_option": 3,
      "sds_id": "SDS1644",
      "subtopic": "Tools",
      "image_filename": "question_80.png",
      "captured": true,
      "explanation": [
        "https://d2f8z173p7073l.cloudfront.net/1582989087956"
      ]
    },
    "question_81": {
      "question_number": 81,
      "correct_option": 4,
      "sds_id": "SDS1645",
      "subtopic": "Tools",
      "image_filename": "question_81.png",
      "captured": true,
      "explanation": [
        "https://d2f8z173p7073l.cloudfront.net/1582298956355"
      ]
    },
    "question_82": {
      "question_number": 82,
      "correct_option": 4,
      "sds_id": "SDS1646",
      "subtopic": "Tools",
      "image_filename": "question_82.png",
      "captured": true,
      "explanation": [
        "https://d1iljb9ao69244.cloudfront.net/question_explanations_182556_1672371720980.ogg"
      ]
    },
    "question_83": {
      "question_number": 83,
      "correct_option": 1,
      "sds_id": "SDS1647",
      "subtopic": "Tools",
      "image_filename": "question_83.png",
      "captured": true,
      "explanation": [
        "https://d2f8z173p7073l.cloudfront.net/1582988760952"
      ]
    },
    "question_84": {
      "question_number": 84,
      "correct_option": 1,
      "sds_id": "SDS1648",
      "subtopic": "Tools",
      "image_filename": "question_84.png",
      "captured": true,
      "explanation": [
        "https://d1iljb9ao69244.cloudfront.net/question_explanations_182563_1672144717331.ogg"
      ]
    },
    "question_85": {
      "question_number": 85,
      "correct_option": 1,
      "sds_id": "SDS1649",
      "subtopic": "Tools",
      "image_filename": "question_85.png",
      "captured": true,
      "explanation": [
        "https://d2f8z173p7073l.cloudfront.net/1582988321753"
      ]
    }
  }
}