{
  "chapter_no": 7,
  "chapter_name": "Structural Organisation in Animals",
  "section_name": "Level 2",
  "total_questions": 13,
  "questions": {
    "question_1": {
      "question_number": 1,
      "correct_option": 1,
      "sds_id": "SDS073D",
      "subtopic": "Simple Epithelium",
      "image_filename": "question_1.png",
      "captured": true,
      "explanation": [
        "https://d2f8z173p7073l.cloudfront.net/1580920844099"
      ]
    },
    "question_2": {
      "question_number": 2,
      "correct_option": 3,
      "sds_id": "SDS073E",
      "subtopic": "Glandular Epithelium & Cell Junction",
      "image_filename": "question_2.png",
      "captured": true,
      "explanation": [
        "https://d2f8z173p7073l.cloudfront.net/1580920864517"
      ]
    },
    "question_3": {
      "question_number": 3,
      "correct_option": 1,
      "sds_id": "SDS073F",
      "subtopic": "Glandular Epithelium & Cell Junction",
      "image_filename": "question_3.png",
      "captured": true,
      "explanation": [
        "https://d2f8z173p7073l.cloudfront.net/1580921409857",
        "https://d2f8z173p7073l.cloudfront.net/1663916659017"
      ]
    },
    "question_4": {
      "question_number": 4,
      "correct_option": 2,
      "sds_id": "SDS0740",
      "subtopic": "Glandular Epithelium & Cell Junction",
      "image_filename": "question_4.png",
      "captured": true,
      "explanation": [
        "https://d2f8z173p7073l.cloudfront.net/1580921434010"
      ]
    },
    "question_5": {
      "question_number": 5,
      "correct_option": 1,
      "sds_id": "SDS0741",
      "subtopic": "Connective Tissue",
      "image_filename": "question_5.png",
      "captured": true,
      "explanation": [
        "https://d2f8z173p7073l.cloudfront.net/1580038625311"
      ]
    },
    "question_6": {
      "question_number": 6,
      "correct_option": 1,
      "sds_id": "SDS0742",
      "subtopic": "Connective Tissue",
      "image_filename": "question_6.png",
      "captured": true,
      "explanation": [
        "https://d2f8z173p7073l.cloudfront.net/1580920888423"
      ]
    },
    "question_7": {
      "question_number": 7,
      "correct_option": 3,
      "sds_id": "SDS0743",
      "subtopic": "Connective Tissue",
      "image_filename": "question_7.png",
      "captured": true,
      "explanation": [
        "https://d2f8z173p7073l.cloudfront.net/1580921464622"
      ]
    },
    "question_8": {
      "question_number": 8,
      "correct_option": 4,
      "sds_id": "SDS0744",
      "subtopic": "Connective Tissue",
      "image_filename": "question_8.png",
      "captured": true,
      "explanation": [
        "https://d2f8z173p7073l.cloudfront.net/1623657057076",
        "https://d2f8z173p7073l.cloudfront.net/1663916938226"
      ]
    },
    "question_9": {
      "question_number": 9,
      "correct_option": 4,
      "sds_id": "SDS0745",
      "subtopic": "Animal Tissue: Muscle Types & Skeletal Muscles",
      "image_filename": "question_9.png",
      "captured": true,
      "explanation": [
        "https://d2f8z173p7073l.cloudfront.net/1580921103608",
        "https://d2f8z173p7073l.cloudfront.net/1663913229733"
      ]
    },
    "question_10": {
      "question_number": 10,
      "correct_option": 4,
      "sds_id": "SDS0746",
      "subtopic": "Animal Tissue: Muscle Types & Skeletal Muscles",
      "image_filename": "question_10.png",
      "captured": true,
      "explanation": [
        "https://d1iljb9ao69244.cloudfront.net/question_explanations_146094_1664719535898.ogg"
      ]
    },
    "question_11": {
      "question_number": 11,
      "correct_option": 3,
      "sds_id": "SDS0747",
      "subtopic": "Cardiac Muscle & Smooth Muscle",
      "image_filename": "question_11.png",
      "captured": true,
      "explanation": [
        "https://d2f8z173p7073l.cloudfront.net/1580920720393"
      ]
    },
    "question_12": {
      "question_number": 12,
      "correct_option": 3,
      "sds_id": "SDS0748",
      "subtopic": "Cockroach: Structure of Thorax",
      "image_filename": "question_12.png",
      "captured": true,
      "explanation": [
        "https://d2f8z173p7073l.cloudfront.net/1542131279886"
      ]
    },
    "question_13": {
      "question_number": 13,
      "correct_option": 3,
      "sds_id": "SDS0749",
      "subtopic": "Cockroach: Female Reproductive System",
      "image_filename": "question_13.png",
      "captured": true,
      "explanation": [
        "https://d2f8z173p7073l.cloudfront.net/1580039569879",
        "https://www.youtube.com/embed/DnjXeDR97yg?rel=0&amp;modestbranding=1&amp;loop=1&amp;playlist=DnjXeDR97yg&amp;start=1707&amp;end=1988",
        "https://www.youtube.com/embed/DnjXeDR97yg?rel=0&modestbranding=1&loop=1&playlist=DnjXeDR97yg&start=1707&end=1988"
      ]
    }
  }
}