{
  "chapter_name": "7 Structural Organisation in Animals",
  "sets": {
    "Invictus": {
      "name": "Invictus",
      "path": "Invictus/",
      "questions": {
        "question_1": {
          "question_number": 1,
          "correct_option": 1,
          "sds_id": "SDS073D",
          "subtopic": "Simple Epithelium",
          "image_filename": "question_1.png",
          "captured": true,
          "explanation": [
            "https://d2f8z173p7073l.cloudfront.net/1580920844099"
          ]
        },
        "question_2": {
          "question_number": 2,
          "correct_option": 3,
          "sds_id": "SDS073E",
          "subtopic": "Glandular Epithelium & Cell Junction",
          "image_filename": "question_2.png",
          "captured": true,
          "explanation": [
            "https://d2f8z173p7073l.cloudfront.net/1580920864517"
          ]
        },
        "question_3": {
          "question_number": 3,
          "correct_option": 1,
          "sds_id": "SDS073F",
          "subtopic": "Glandular Epithelium & Cell Junction",
          "image_filename": "question_3.png",
          "captured": true,
          "explanation": [
            "https://d2f8z173p7073l.cloudfront.net/1580921409857",
            "https://d2f8z173p7073l.cloudfront.net/1663916659017"
          ]
        },
        "question_4": {
          "question_number": 4,
          "correct_option": 2,
          "sds_id": "SDS0740",
          "subtopic": "Glandular Epithelium & Cell Junction",
          "image_filename": "question_4.png",
          "captured": true,
          "explanation": [
            "https://d2f8z173p7073l.cloudfront.net/1580921434010"
          ]
        },
        "question_5": {
          "question_number": 5,
          "correct_option": 1,
          "sds_id": "SDS0741",
          "subtopic": "Connective Tissue",
          "image_filename": "question_5.png",
          "captured": true,
          "explanation": [
            "https://d2f8z173p7073l.cloudfront.net/1580038625311"
          ]
        },
        "question_6": {
          "question_number": 6,
          "correct_option": 1,
          "sds_id": "SDS0742",
          "subtopic": "Connective Tissue",
          "image_filename": "question_6.png",
          "captured": true,
          "explanation": [
            "https://d2f8z173p7073l.cloudfront.net/1580920888423"
          ]
        },
        "question_7": {
          "question_number": 7,
          "correct_option": 3,
          "sds_id": "SDS0743",
          "subtopic": "Connective Tissue",
          "image_filename": "question_7.png",
          "captured": true,
          "explanation": [
            "https://d2f8z173p7073l.cloudfront.net/1580921464622"
          ]
        },
        "question_8": {
          "question_number": 8,
          "correct_option": 4,
          "sds_id": "SDS0744",
          "subtopic": "Connective Tissue",
          "image_filename": "question_8.png",
          "captured": true,
          "explanation": [
            "https://d2f8z173p7073l.cloudfront.net/1623657057076",
            "https://d2f8z173p7073l.cloudfront.net/1663916938226"
          ]
        },
        "question_9": {
          "question_number": 9,
          "correct_option": 4,
          "sds_id": "SDS0745",
          "subtopic": "Animal Tissue: Muscle Types & Skeletal Muscles",
          "image_filename": "question_9.png",
          "captured": true,
          "explanation": [
            "https://d2f8z173p7073l.cloudfront.net/1580921103608",
            "https://d2f8z173p7073l.cloudfront.net/1663913229733"
          ]
        },
        "question_10": {
          "question_number": 10,
          "correct_option": 4,
          "sds_id": "SDS0746",
          "subtopic": "Animal Tissue: Muscle Types & Skeletal Muscles",
          "image_filename": "question_10.png",
          "captured": true,
          "explanation": [
            "https://d1iljb9ao69244.cloudfront.net/question_explanations_146094_1664719535898.ogg"
          ]
        },
        "question_11": {
          "question_number": 11,
          "correct_option": 3,
          "sds_id": "SDS0747",
          "subtopic": "Cardiac Muscle & Smooth Muscle",
          "image_filename": "question_11.png",
          "captured": true,
          "explanation": [
            "https://d2f8z173p7073l.cloudfront.net/1580920720393"
          ]
        },
        "question_12": {
          "question_number": 12,
          "correct_option": 3,
          "sds_id": "SDS0748",
          "subtopic": "Cockroach: Structure of Thorax",
          "image_filename": "question_12.png",
          "captured": true,
          "explanation": [
            "https://d2f8z173p7073l.cloudfront.net/1542131279886"
          ]
        },
        "question_13": {
          "question_number": 13,
          "correct_option": 3,
          "sds_id": "SDS0749",
          "subtopic": "Cockroach: Female Reproductive System",
          "image_filename": "question_13.png",
          "captured": true,
          "explanation": [
            "https://d2f8z173p7073l.cloudfront.net/1580039569879",
            "https://www.youtube.com/embed/DnjXeDR97yg?rel=0&amp;modestbranding=1&amp;loop=1&amp;playlist=DnjXeDR97yg&amp;start=1707&amp;end=1988",
            "https://www.youtube.com/embed/DnjXeDR97yg?rel=0&modestbranding=1&loop=1&playlist=DnjXeDR97yg&start=1707&end=1988"
          ]
        }
      }
    },
    "Structural Organisation in Animals (LEVEL 3 MCQs)": {
      "name": "Structural Organisation in Animals (LEVEL 3 MCQs)",
      "path": "Structural Organisation in Animals (LEVEL 3 MCQs)/",
      "questions": {
        "question_1": {
          "question_number": 1,
          "correct_option": 2,
          "sds_id": "SDS0729",
          "subtopic": "Frogs",
          "image_filename": "question_1.png",
          "captured": true,
          "explanation": "none"
        },
        "question_2": {
          "question_number": 2,
          "correct_option": 2,
          "sds_id": "SDS072A",
          "subtopic": "Frogs",
          "image_filename": "question_2.png",
          "captured": true,
          "explanation": "none"
        },
        "question_3": {
          "question_number": 3,
          "correct_option": 3,
          "sds_id": "SDS072B",
          "subtopic": "Frogs",
          "image_filename": "question_3.png",
          "captured": true,
          "explanation": "none"
        },
        "question_4": {
          "question_number": 4,
          "correct_option": 3,
          "sds_id": "SDS072C",
          "subtopic": "Frogs",
          "image_filename": "question_4.png",
          "captured": true,
          "explanation": "none"
        },
        "question_5": {
          "question_number": 5,
          "correct_option": 3,
          "sds_id": "SDS072D",
          "subtopic": "Frogs: Morphology",
          "image_filename": "question_5.png",
          "captured": true,
          "explanation": "none"
        },
        "question_6": {
          "question_number": 6,
          "correct_option": 3,
          "sds_id": "SDS072E",
          "subtopic": "Frogs: Anatomy (Respiratory System)",
          "image_filename": "question_6.png",
          "captured": true,
          "explanation": [
            "https://d1iljb9ao69244.cloudfront.net/375900_1712043704203_4.ogg"
          ]
        },
        "question_7": {
          "question_number": 7,
          "correct_option": 1,
          "sds_id": "SDS072F",
          "subtopic": "Frogs: Anatomy (Respiratory System)",
          "image_filename": "question_7.png",
          "captured": true,
          "explanation": "none"
        },
        "question_8": {
          "question_number": 8,
          "correct_option": 3,
          "sds_id": "SDS0730",
          "subtopic": "Frogs: Anatomy (Nervous System)",
          "image_filename": "question_8.png",
          "captured": true,
          "explanation": "none"
        },
        "question_9": {
          "question_number": 9,
          "correct_option": 1,
          "sds_id": "SDS0731",
          "subtopic": "Frogs: Anatomy (Female Reproductive System)",
          "image_filename": "question_9.png",
          "captured": true,
          "explanation": "none"
        },
        "question_10": {
          "question_number": 10,
          "correct_option": 1,
          "sds_id": "SDS0732",
          "subtopic": "Simple Epithelium",
          "image_filename": "question_10.png",
          "captured": true,
          "explanation": [
            "https://d1iljb9ao69244.cloudfront.net/429642_1710825239137_3.ogg"
          ]
        },
        "question_11": {
          "question_number": 11,
          "correct_option": 3,
          "sds_id": "SDS0733",
          "subtopic": "Simple Epithelium",
          "image_filename": "question_11.png",
          "captured": true,
          "explanation": [
            "https://d1iljb9ao69244.cloudfront.net/452712_1714306328715_2.ogg"
          ]
        },
        "question_12": {
          "question_number": 12,
          "correct_option": 1,
          "sds_id": "SDS0734",
          "subtopic": "Simple Epithelium",
          "image_filename": "question_12.png",
          "captured": true,
          "explanation": [
            "https://d2f8z173p7073l.cloudfront.net/1580921564245"
          ]
        },
        "question_13": {
          "question_number": 13,
          "correct_option": 3,
          "sds_id": "SDS0735",
          "subtopic": "Glandular Epithelium & Cell Junction",
          "image_filename": "question_13.png",
          "captured": true,
          "explanation": [
            "https://d2f8z173p7073l.cloudfront.net/1580527316167"
          ]
        },
        "question_14": {
          "question_number": 14,
          "correct_option": 3,
          "sds_id": "SDS0736",
          "subtopic": "Connective Tissue",
          "image_filename": "question_14.png",
          "captured": true,
          "explanation": [
            "https://d2f8z173p7073l.cloudfront.net/1580921488330"
          ]
        },
        "question_15": {
          "question_number": 15,
          "correct_option": 3,
          "sds_id": "SDS0737",
          "subtopic": "Connective Tissue",
          "image_filename": "question_15.png",
          "captured": true,
          "explanation": [
            "https://d1iljb9ao69244.cloudfront.net/410995_1705904886432_91.ogg",
            "https://d2f8z173p7073l.cloudfront.net/1705914735233"
          ]
        },
        "question_16": {
          "question_number": 16,
          "correct_option": 1,
          "sds_id": "SDS0738",
          "subtopic": "Connective Tissue",
          "image_filename": "question_16.png",
          "captured": true,
          "explanation": [
            "https://d1iljb9ao69244.cloudfront.net/448223_1713523896067_37.ogg"
          ]
        },
        "question_17": {
          "question_number": 17,
          "correct_option": 2,
          "sds_id": "SDS0739",
          "subtopic": "Cardiac Muscle & Smooth Muscle",
          "image_filename": "question_17.png",
          "captured": true,
          "explanation": [
            "https://d2f8z173p7073l.cloudfront.net/1580921011795",
            "https://dsbihjlymzdyy.cloudfront.net/bio_images/all/Diagrams%20in%20Svg%20form%2FStructural%20Organisation%20in%20Animals%2F122242.svg.svg"
          ]
        },
        "question_18": {
          "question_number": 18,
          "correct_option": 3,
          "sds_id": "SDS073A",
          "subtopic": "Cardiac Muscle & Smooth Muscle",
          "image_filename": "question_18.png",
          "captured": true,
          "explanation": [
            "https://d1iljb9ao69244.cloudfront.net/437228_1712309031147_5.ogg"
          ]
        },
        "question_19": {
          "question_number": 19,
          "correct_option": 2,
          "sds_id": "SDS073B",
          "subtopic": "Nervous Tissue",
          "image_filename": "question_19.png",
          "captured": true,
          "explanation": [
            "https://d1iljb9ao69244.cloudfront.net/410961_1705922694685_71.ogg"
          ]
        },
        "question_20": {
          "question_number": 20,
          "correct_option": 1,
          "sds_id": "SDS073C",
          "subtopic": "Cockroach: Digestive System",
          "image_filename": "question_20.png",
          "captured": true,
          "explanation": [
            "https://d1iljb9ao69244.cloudfront.net/200904_1606802779066_113.ogg"
          ]
        }
      }
    },
    "Structural Organization in Animals (192 MCQs)": {
      "name": "Structural Organization in Animals (192 MCQs)",
      "path": "Structural Organization in Animals (192 MCQs)/",
      "questions": {
        "question_1": {
          "question_number": 1,
          "correct_option": 1,
          "sds_id": "SDS066E",
          "subtopic": "Frogs",
          "image_filename": "question_1.png",
          "captured": true,
          "explanation": [
            "https://d1iljb9ao69244.cloudfront.net/374799_1727940070990_73.ogg",
            "https://d1iljb9ao69244.cloudfront.net/374799_1688925324564_3.ogg"
          ]
        },
        "question_2": {
          "question_number": 2,
          "correct_option": 1,
          "sds_id": "SDS066F",
          "subtopic": "Frogs",
          "image_filename": "question_2.png",
          "captured": true,
          "explanation": [
            "https://d1iljb9ao69244.cloudfront.net/374797_1740822099432_43.ogg",
            "https://d1iljb9ao69244.cloudfront.net/374797_1688925283459_1.ogg"
          ]
        },
        "question_3": {
          "question_number": 3,
          "correct_option": 2,
          "sds_id": "SDS0670",
          "subtopic": "Frogs",
          "image_filename": "question_3.png",
          "captured": true,
          "explanation": [
            "https://d1iljb9ao69244.cloudfront.net/374802_1688956114534_6.ogg"
          ]
        },
        "question_4": {
          "question_number": 4,
          "correct_option": 3,
          "sds_id": "SDS0671",
          "subtopic": "Frogs",
          "image_filename": "question_4.png",
          "captured": true,
          "explanation": [
            "https://d1iljb9ao69244.cloudfront.net/396681_1700889612144_92.ogg"
          ]
        },
        "question_5": {
          "question_number": 5,
          "correct_option": 1,
          "sds_id": "SDS0672",
          "subtopic": "Frogs",
          "image_filename": "question_5.png",
          "captured": true,
          "explanation": [
            "https://d1iljb9ao69244.cloudfront.net/411005_1705904916720_93.ogg"
          ]
        },
        "question_6": {
          "question_number": 6,
          "correct_option": 4,
          "sds_id": "SDS0673",
          "subtopic": "Frogs",
          "image_filename": "question_6.png",
          "captured": true,
          "explanation": [
            "https://d1iljb9ao69244.cloudfront.net/420557_1709199762121_59.ogg"
          ]
        },
        "question_7": {
          "question_number": 7,
          "correct_option": 2,
          "sds_id": "SDS0674",
          "subtopic": "Frogs",
          "image_filename": "question_7.png",
          "captured": true,
          "explanation": [
            "https://d1iljb9ao69244.cloudfront.net/447724_1713348315331_6.ogg"
          ]
        },
        "question_8": {
          "question_number": 8,
          "correct_option": 3,
          "sds_id": "SDS0675",
          "subtopic": "Frogs",
          "image_filename": "question_8.png",
          "captured": true,
          "explanation": [
            "https://d1iljb9ao69244.cloudfront.net/447754_1713351264437_36.ogg"
          ]
        },
        "question_9": {
          "question_number": 9,
          "correct_option": 2,
          "sds_id": "SDS0676",
          "subtopic": "Frogs",
          "image_filename": "question_9.png",
          "captured": true,
          "explanation": [
            "https://d1iljb9ao69244.cloudfront.net/449502_1713776457116_5.ogg"
          ]
        },
        "question_10": {
          "question_number": 10,
          "correct_option": 2,
          "sds_id": "SDS0677",
          "subtopic": "Frogs",
          "image_filename": "question_10.png",
          "captured": true,
          "explanation": [
            "https://d1iljb9ao69244.cloudfront.net/449540_1713782951822_43.ogg"
          ]
        },
        "question_11": {
          "question_number": 11,
          "correct_option": 2,
          "sds_id": "SDS0678",
          "subtopic": "Frogs: Morphology",
          "image_filename": "question_11.png",
          "captured": true,
          "explanation": [
            "https://d1iljb9ao69244.cloudfront.net/374798_1718532082881_184.ogg",
            "https://d1iljb9ao69244.cloudfront.net/374798_1688925302658_2.ogg"
          ]
        },
        "question_12": {
          "question_number": 12,
          "correct_option": 1,
          "sds_id": "SDS0679",
          "subtopic": "Frogs: Morphology",
          "image_filename": "question_12.png",
          "captured": true,
          "explanation": [
            "https://d1iljb9ao69244.cloudfront.net/374803_1688956132271_7.ogg"
          ]
        },
        "question_13": {
          "question_number": 13,
          "correct_option": 1,
          "sds_id": "SDS067A",
          "subtopic": "Frogs: Morphology",
          "image_filename": "question_13.png",
          "captured": true,
          "explanation": [
            "https://d1iljb9ao69244.cloudfront.net/374804_1688956153690_8.ogg"
          ]
        },
        "question_14": {
          "question_number": 14,
          "correct_option": 4,
          "sds_id": "SDS067B",
          "subtopic": "Frogs: Morphology",
          "image_filename": "question_14.png",
          "captured": true,
          "explanation": [
            "https://d1iljb9ao69244.cloudfront.net/374805_1688956176338_9.ogg"
          ]
        },
        "question_15": {
          "question_number": 15,
          "correct_option": 3,
          "sds_id": "SDS067C",
          "subtopic": "Frogs: Morphology",
          "image_filename": "question_15.png",
          "captured": true,
          "explanation": [
            "https://d1iljb9ao69244.cloudfront.net/374806_1688956192297_10.ogg"
          ]
        },
        "question_16": {
          "question_number": 16,
          "correct_option": 1,
          "sds_id": "SDS067D",
          "subtopic": "Frogs: Morphology",
          "image_filename": "question_16.png",
          "captured": true,
          "explanation": [
            "https://d1iljb9ao69244.cloudfront.net/374807_1688956228711_11.ogg"
          ]
        },
        "question_17": {
          "question_number": 17,
          "correct_option": 4,
          "sds_id": "SDS067E",
          "subtopic": "Frogs: Morphology",
          "image_filename": "question_17.png",
          "captured": true,
          "explanation": [
            "https://d1iljb9ao69244.cloudfront.net/374808_1688956247911_12.ogg"
          ]
        },
        "question_18": {
          "question_number": 18,
          "correct_option": 2,
          "sds_id": "SDS067F",
          "subtopic": "Frogs: Morphology",
          "image_filename": "question_18.png",
          "captured": true,
          "explanation": [
            "https://d1iljb9ao69244.cloudfront.net/374813_1688956375467_17-1.ogg",
            "https://d1iljb9ao69244.cloudfront.net/374813_1688956361195_17.ogg"
          ]
        },
        "question_19": {
          "question_number": 19,
          "correct_option": 4,
          "sds_id": "SDS0680",
          "subtopic": "Frogs: Morphology",
          "image_filename": "question_19.png",
          "captured": true,
          "explanation": [
            "https://d1iljb9ao69244.cloudfront.net/396688_1700889728257_99.ogg"
          ]
        },
        "question_20": {
          "question_number": 20,
          "correct_option": 1,
          "sds_id": "SDS0681",
          "subtopic": "Frogs: Morphology",
          "image_filename": "question_20.png",
          "captured": true,
          "explanation": [
            "https://d1iljb9ao69244.cloudfront.net/396680_1700889596958_91.ogg"
          ]
        },
        "question_21": {
          "question_number": 21,
          "correct_option": 3,
          "sds_id": "SDS0682",
          "subtopic": "Frogs: Morphology",
          "image_filename": "question_21.png",
          "captured": true,
          "explanation": [
            "https://d1iljb9ao69244.cloudfront.net/396682_1700889626823_93.ogg"
          ]
        },
        "question_22": {
          "question_number": 22,
          "correct_option": 1,
          "sds_id": "SDS0683",
          "subtopic": "Frogs: Morphology",
          "image_filename": "question_22.png",
          "captured": true,
          "explanation": [
            "https://d1iljb9ao69244.cloudfront.net/375752_1689312937145_19.ogg"
          ]
        },
        "question_23": {
          "question_number": 23,
          "correct_option": 2,
          "sds_id": "SDS0684",
          "subtopic": "Frogs: Morphology",
          "image_filename": "question_23.png",
          "captured": true,
          "explanation": [
            "https://d1iljb9ao69244.cloudfront.net/375746_1689312858240_13.ogg"
          ]
        },
        "question_24": {
          "question_number": 24,
          "correct_option": 1,
          "sds_id": "SDS0685",
          "subtopic": "Frogs: Morphology",
          "image_filename": "question_24.png",
          "captured": true,
          "explanation": [
            "https://d1iljb9ao69244.cloudfront.net/374800_1691675011601_374800.ogg",
            "https://d1iljb9ao69244.cloudfront.net/374800_1688925385943_4.ogg"
          ]
        },
        "question_25": {
          "question_number": 25,
          "correct_option": 4,
          "sds_id": "SDS0686",
          "subtopic": "Frogs: Morphology",
          "image_filename": "question_25.png",
          "captured": true,
          "explanation": [
            "https://d1iljb9ao69244.cloudfront.net/375745_1689312844723_12.ogg"
          ]
        },
        "question_26": {
          "question_number": 26,
          "correct_option": 3,
          "sds_id": "SDS0687",
          "subtopic": "Frogs: Morphology",
          "image_filename": "question_26.png",
          "captured": true,
          "explanation": [
            "https://d1iljb9ao69244.cloudfront.net/375753_1689312985448_50.ogg"
          ]
        },
        "question_27": {
          "question_number": 27,
          "correct_option": 1,
          "sds_id": "SDS0688",
          "subtopic": "Frogs: Morphology",
          "image_filename": "question_27.png",
          "captured": true,
          "explanation": [
            "https://d1iljb9ao69244.cloudfront.net/375907_1691676290957_375907.ogg"
          ]
        },
        "question_28": {
          "question_number": 28,
          "correct_option": 4,
          "sds_id": "SDS0689",
          "subtopic": "Frogs: Morphology",
          "image_filename": "question_28.png",
          "captured": true,
          "explanation": [
            "https://d1iljb9ao69244.cloudfront.net/375902_1691676656760_375902.ogg"
          ]
        },
        "question_29": {
          "question_number": 29,
          "correct_option": 1,
          "sds_id": "SDS068A",
          "subtopic": "Frogs: Morphology",
          "image_filename": "question_29.png",
          "captured": true,
          "explanation": [
            "https://d1iljb9ao69244.cloudfront.net/420556_1708423510163_59.ogg"
          ]
        },
        "question_30": {
          "question_number": 30,
          "correct_option": 4,
          "sds_id": "SDS068B",
          "subtopic": "Frogs: Morphology",
          "image_filename": "question_30.png",
          "captured": true,
          "explanation": [
            "https://d1iljb9ao69244.cloudfront.net/438472_1712647295879_49.ogg"
          ]
        },
        "question_31": {
          "question_number": 31,
          "correct_option": 1,
          "sds_id": "SDS068C",
          "subtopic": "Frogs: Anatomy (Digestive System)",
          "image_filename": "question_31.png",
          "captured": true,
          "explanation": [
            "https://d1iljb9ao69244.cloudfront.net/374811_1688956324166_15.ogg"
          ]
        },
        "question_32": {
          "question_number": 32,
          "correct_option": 3,
          "sds_id": "SDS068D",
          "subtopic": "Frogs: Anatomy (Digestive System)",
          "image_filename": "question_32.png",
          "captured": true,
          "explanation": [
            "https://d1iljb9ao69244.cloudfront.net/374812_1688956331974_16.ogg"
          ]
        },
        "question_33": {
          "question_number": 33,
          "correct_option": 1,
          "sds_id": "SDS068E",
          "subtopic": "Frogs: Anatomy (Digestive System)",
          "image_filename": "question_33.png",
          "captured": true,
          "explanation": [
            "https://d1iljb9ao69244.cloudfront.net/374814_1688956395859_18.ogg"
          ]
        },
        "question_34": {
          "question_number": 34,
          "correct_option": 2,
          "sds_id": "SDS068F",
          "subtopic": "Frogs: Anatomy (Digestive System)",
          "image_filename": "question_34.png",
          "captured": true,
          "explanation": [
            "https://d1iljb9ao69244.cloudfront.net/374815_1688956413679_19.ogg"
          ]
        },
        "question_35": {
          "question_number": 35,
          "correct_option": 1,
          "sds_id": "SDS0690",
          "subtopic": "Frogs: Anatomy (Digestive System)",
          "image_filename": "question_35.png",
          "captured": true,
          "explanation": [
            "https://d1iljb9ao69244.cloudfront.net/374848_1689149061486_52.ogg",
            "https://dsbihjlymzdyy.cloudfront.net/bio_images/svg%20images%20test%20id%20-%202676433/svg.%20374848.svg"
          ]
        },
        "question_36": {
          "question_number": 36,
          "correct_option": 3,
          "sds_id": "SDS0691",
          "subtopic": "Frogs: Anatomy (Digestive System)",
          "image_filename": "question_36.png",
          "captured": true,
          "explanation": [
            "https://d1iljb9ao69244.cloudfront.net/374849_1689149071854_53.ogg",
            "https://dsbihjlymzdyy.cloudfront.net/bio_images/svg%20images%20test%20id%20-%202676433/svg.%20374849.svg"
          ]
        },
        "question_37": {
          "question_number": 37,
          "correct_option": 3,
          "sds_id": "SDS0692",
          "subtopic": "Frogs: Anatomy (Digestive System)",
          "image_filename": "question_37.png",
          "captured": true,
          "explanation": [
            "https://d1iljb9ao69244.cloudfront.net/396683_1700889640609_94.ogg"
          ]
        },
        "question_38": {
          "question_number": 38,
          "correct_option": 3,
          "sds_id": "SDS0693",
          "subtopic": "Frogs: Anatomy (Digestive System)",
          "image_filename": "question_38.png",
          "captured": true,
          "explanation": [
            "https://d1iljb9ao69244.cloudfront.net/375740_1689312770224_7.ogg"
          ]
        },
        "question_39": {
          "question_number": 39,
          "correct_option": 3,
          "sds_id": "SDS0694",
          "subtopic": "Frogs: Anatomy (Digestive System)",
          "image_filename": "question_39.png",
          "captured": true,
          "explanation": [
            "https://d1iljb9ao69244.cloudfront.net/374816_1688956431547_20.ogg"
          ]
        },
        "question_40": {
          "question_number": 40,
          "correct_option": 1,
          "sds_id": "SDS0695",
          "subtopic": "Frogs: Anatomy (Digestive System)",
          "image_filename": "question_40.png",
          "captured": true,
          "explanation": [
            "https://d1iljb9ao69244.cloudfront.net/374810_1688956286949_14.ogg"
          ]
        },
        "question_41": {
          "question_number": 41,
          "correct_option": 4,
          "sds_id": "SDS0696",
          "subtopic": "Frogs: Anatomy (Digestive System)",
          "image_filename": "question_41.png",
          "captured": true,
          "explanation": [
            "https://d1iljb9ao69244.cloudfront.net/425229_1709539645881_90.ogg"
          ]
        },
        "question_42": {
          "question_number": 42,
          "correct_option": 4,
          "sds_id": "SDS0697",
          "subtopic": "Frogs: Anatomy (Digestive System)",
          "image_filename": "question_42.png",
          "captured": true,
          "explanation": [
            "https://d1iljb9ao69244.cloudfront.net/436572_1712141217304_38.ogg"
          ]
        },
        "question_43": {
          "question_number": 43,
          "correct_option": 3,
          "sds_id": "SDS0698",
          "subtopic": "Frogs: Anatomy (Digestive System)",
          "image_filename": "question_43.png",
          "captured": true,
          "explanation": [
            "https://d1iljb9ao69244.cloudfront.net/448141_1713518965684_4.ogg"
          ]
        },
        "question_44": {
          "question_number": 44,
          "correct_option": 2,
          "sds_id": "SDS0699",
          "subtopic": "Frogs: Anatomy (Circulatory System)",
          "image_filename": "question_44.png",
          "captured": true,
          "explanation": [
            "https://d1iljb9ao69244.cloudfront.net/374819_1688956558918_23.ogg"
          ]
        },
        "question_45": {
          "question_number": 45,
          "correct_option": 4,
          "sds_id": "SDS069A",
          "subtopic": "Frogs: Anatomy (Circulatory System)",
          "image_filename": "question_45.png",
          "captured": true,
          "explanation": [
            "https://d1iljb9ao69244.cloudfront.net/374821_1688956601391_25.ogg"
          ]
        },
        "question_46": {
          "question_number": 46,
          "correct_option": 3,
          "sds_id": "SDS069B",
          "subtopic": "Frogs: Anatomy (Circulatory System)",
          "image_filename": "question_46.png",
          "captured": true,
          "explanation": [
            "https://d1iljb9ao69244.cloudfront.net/374822_1688956619685_26.ogg"
          ]
        },
        "question_47": {
          "question_number": 47,
          "correct_option": 4,
          "sds_id": "SDS069C",
          "subtopic": "Frogs: Anatomy (Circulatory System)",
          "image_filename": "question_47.png",
          "captured": true,
          "explanation": [
            "https://d1iljb9ao69244.cloudfront.net/374823_1688956638322_27.ogg"
          ]
        },
        "question_48": {
          "question_number": 48,
          "correct_option": 1,
          "sds_id": "SDS069D",
          "subtopic": "Frogs: Anatomy (Circulatory System)",
          "image_filename": "question_48.png",
          "captured": true,
          "explanation": [
            "https://d1iljb9ao69244.cloudfront.net/374824_1688956659295_28.ogg"
          ]
        },
        "question_49": {
          "question_number": 49,
          "correct_option": 3,
          "sds_id": "SDS069E",
          "subtopic": "Frogs: Anatomy (Circulatory System)",
          "image_filename": "question_49.png",
          "captured": true,
          "explanation": [
            "https://d1iljb9ao69244.cloudfront.net/396685_1700889668456_96.ogg"
          ]
        },
        "question_50": {
          "question_number": 50,
          "correct_option": 3,
          "sds_id": "SDS069F",
          "subtopic": "Frogs: Anatomy (Circulatory System)",
          "image_filename": "question_50.png",
          "captured": true,
          "explanation": [
            "https://d1iljb9ao69244.cloudfront.net/410967_1705922756838_75.ogg"
          ]
        },
        "question_51": {
          "question_number": 51,
          "correct_option": 3,
          "sds_id": "SDS06A0",
          "subtopic": "Frogs: Anatomy (Circulatory System)",
          "image_filename": "question_51.png",
          "captured": true,
          "explanation": [
            "https://d1iljb9ao69244.cloudfront.net/375898_1691676273692_375898.ogg"
          ]
        },
        "question_52": {
          "question_number": 52,
          "correct_option": 3,
          "sds_id": "SDS06A1",
          "subtopic": "Frogs: Anatomy (Circulatory System)",
          "image_filename": "question_52.png",
          "captured": true,
          "explanation": [
            "https://d1iljb9ao69244.cloudfront.net/420641_1709209526629_90.ogg"
          ]
        },
        "question_53": {
          "question_number": 53,
          "correct_option": 2,
          "sds_id": "SDS06A2",
          "subtopic": "Frogs: Anatomy (Circulatory System)",
          "image_filename": "question_53.png",
          "captured": true,
          "explanation": [
            "https://d1iljb9ao69244.cloudfront.net/437229_1712309057210_6.ogg"
          ]
        },
        "question_54": {
          "question_number": 54,
          "correct_option": 1,
          "sds_id": "SDS06A3",
          "subtopic": "Frogs: Anatomy (Respiratory System)",
          "image_filename": "question_54.png",
          "captured": true,
          "explanation": [
            "https://d1iljb9ao69244.cloudfront.net/374817_1688956517684_21.ogg"
          ]
        },
        "question_55": {
          "question_number": 55,
          "correct_option": 4,
          "sds_id": "SDS06A4",
          "subtopic": "Frogs: Anatomy (Respiratory System)",
          "image_filename": "question_55.png",
          "captured": true,
          "explanation": [
            "https://d1iljb9ao69244.cloudfront.net/374818_1688956539006_22.ogg"
          ]
        },
        "question_56": {
          "question_number": 56,
          "correct_option": 1,
          "sds_id": "SDS06A5",
          "subtopic": "Frogs: Anatomy (Respiratory System)",
          "image_filename": "question_56.png",
          "captured": true,
          "explanation": [
            "https://d1iljb9ao69244.cloudfront.net/396684_1700889653935_95.ogg"
          ]
        },
        "question_57": {
          "question_number": 57,
          "correct_option": 3,
          "sds_id": "SDS06A6",
          "subtopic": "Frogs: Anatomy (Respiratory System)",
          "image_filename": "question_57.png",
          "captured": true,
          "explanation": [
            "https://d1iljb9ao69244.cloudfront.net/425228_1709539633601_89.ogg"
          ]
        },
        "question_58": {
          "question_number": 58,
          "correct_option": 2,
          "sds_id": "SDS06A7",
          "subtopic": "Frogs: Anatomy (Respiratory System)",
          "image_filename": "question_58.png",
          "captured": true,
          "explanation": [
            "https://d1iljb9ao69244.cloudfront.net/443043_1712900882532_5.ogg"
          ]
        },
        "question_59": {
          "question_number": 59,
          "correct_option": 2,
          "sds_id": "SDS06A8",
          "subtopic": "Frogs: Anatomy (Nervous System)",
          "image_filename": "question_59.png",
          "captured": true,
          "explanation": [
            "https://d1iljb9ao69244.cloudfront.net/374829_1688956818433_33.ogg"
          ]
        },
        "question_60": {
          "question_number": 60,
          "correct_option": 4,
          "sds_id": "SDS06A9",
          "subtopic": "Frogs: Anatomy (Nervous System)",
          "image_filename": "question_60.png",
          "captured": true,
          "explanation": [
            "https://d1iljb9ao69244.cloudfront.net/374830_1688956860574_34.ogg"
          ]
        },
        "question_61": {
          "question_number": 61,
          "correct_option": 2,
          "sds_id": "SDS06AA",
          "subtopic": "Frogs: Anatomy (Nervous System)",
          "image_filename": "question_61.png",
          "captured": true,
          "explanation": [
            "https://d1iljb9ao69244.cloudfront.net/374831_1688956881033_35.ogg"
          ]
        },
        "question_62": {
          "question_number": 62,
          "correct_option": 4,
          "sds_id": "SDS06AB",
          "subtopic": "Frogs: Anatomy (Nervous System)",
          "image_filename": "question_62.png",
          "captured": true,
          "explanation": [
            "https://d1iljb9ao69244.cloudfront.net/374833_1688956928393_37.ogg"
          ]
        },
        "question_63": {
          "question_number": 63,
          "correct_option": 4,
          "sds_id": "SDS06AC",
          "subtopic": "Frogs: Anatomy (Nervous System)",
          "image_filename": "question_63.png",
          "captured": true,
          "explanation": [
            "https://d1iljb9ao69244.cloudfront.net/374832_1688956906063_36.ogg"
          ]
        },
        "question_64": {
          "question_number": 64,
          "correct_option": 3,
          "sds_id": "SDS06AD",
          "subtopic": "Frogs: Anatomy (Nervous System)",
          "image_filename": "question_64.png",
          "captured": true,
          "explanation": [
            "https://d1iljb9ao69244.cloudfront.net/374834_1688956964557_38.ogg"
          ]
        },
        "question_65": {
          "question_number": 65,
          "correct_option": 2,
          "sds_id": "SDS06AE",
          "subtopic": "Frogs: Anatomy (Nervous System)",
          "image_filename": "question_65.png",
          "captured": true,
          "explanation": [
            "https://d1iljb9ao69244.cloudfront.net/374835_1688956988320_39.ogg"
          ]
        },
        "question_66": {
          "question_number": 66,
          "correct_option": 1,
          "sds_id": "SDS06AF",
          "subtopic": "Frogs: Anatomy (Nervous System)",
          "image_filename": "question_66.png",
          "captured": true,
          "explanation": [
            "https://d1iljb9ao69244.cloudfront.net/374836_1688957012843_40.ogg"
          ]
        },
        "question_67": {
          "question_number": 67,
          "correct_option": 1,
          "sds_id": "SDS06B0",
          "subtopic": "Frogs: Anatomy (Nervous System)",
          "image_filename": "question_67.png",
          "captured": true,
          "explanation": [
            "https://d1iljb9ao69244.cloudfront.net/374837_1688957068937_41.ogg"
          ]
        },
        "question_68": {
          "question_number": 68,
          "correct_option": 2,
          "sds_id": "SDS06B1",
          "subtopic": "Frogs: Anatomy (Nervous System)",
          "image_filename": "question_68.png",
          "captured": true,
          "explanation": [
            "https://d1iljb9ao69244.cloudfront.net/396686_1700889688574_97.ogg"
          ]
        },
        "question_69": {
          "question_number": 69,
          "correct_option": 4,
          "sds_id": "SDS06B2",
          "subtopic": "Frogs: Anatomy (Nervous System)",
          "image_filename": "question_69.png",
          "captured": true,
          "explanation": [
            "https://d1iljb9ao69244.cloudfront.net/396687_1700889702519_98.ogg"
          ]
        },
        "question_70": {
          "question_number": 70,
          "correct_option": 3,
          "sds_id": "SDS06B3",
          "subtopic": "Frogs: Anatomy (Nervous System)",
          "image_filename": "question_70.png",
          "captured": true,
          "explanation": [
            "https://d1iljb9ao69244.cloudfront.net/410971_1705922846432_77.ogg"
          ]
        },
        "question_71": {
          "question_number": 71,
          "correct_option": 2,
          "sds_id": "SDS06B4",
          "subtopic": "Frogs: Anatomy (Nervous System)",
          "image_filename": "question_71.png",
          "captured": true,
          "explanation": [
            "https://d1iljb9ao69244.cloudfront.net/410968_1705922832962_76.ogg"
          ]
        },
        "question_72": {
          "question_number": 72,
          "correct_option": 3,
          "sds_id": "SDS06B5",
          "subtopic": "Frogs: Anatomy (Nervous System)",
          "image_filename": "question_72.png",
          "captured": true,
          "explanation": [
            "https://d1iljb9ao69244.cloudfront.net/375751_1689312923667_18.ogg"
          ]
        },
        "question_73": {
          "question_number": 73,
          "correct_option": 4,
          "sds_id": "SDS06B6",
          "subtopic": "Frogs: Anatomy (Nervous System)",
          "image_filename": "question_73.png",
          "captured": true,
          "explanation": [
            "https://d1iljb9ao69244.cloudfront.net/375737_1712043753764_5.ogg",
            "https://d1iljb9ao69244.cloudfront.net/375737_1689312710660_4.ogg"
          ]
        },
        "question_74": {
          "question_number": 74,
          "correct_option": 4,
          "sds_id": "SDS06B7",
          "subtopic": "Frogs: Anatomy (Nervous System)",
          "image_filename": "question_74.png",
          "captured": true,
          "explanation": [
            "https://d1iljb9ao69244.cloudfront.net/425195_1709538011331_59.ogg"
          ]
        },
        "question_75": {
          "question_number": 75,
          "correct_option": 3,
          "sds_id": "SDS06B8",
          "subtopic": "Frogs: Anatomy (Nervous System)",
          "image_filename": "question_75.png",
          "captured": true,
          "explanation": [
            "https://d1iljb9ao69244.cloudfront.net/446614_1713091387525_7.ogg"
          ]
        },
        "question_76": {
          "question_number": 76,
          "correct_option": 2,
          "sds_id": "SDS06B9",
          "subtopic": "Frogs: Anatomy (Nervous System)",
          "image_filename": "question_76.png",
          "captured": true,
          "explanation": [
            "https://d1iljb9ao69244.cloudfront.net/439250_1712654033429_5.ogg"
          ]
        },
        "question_77": {
          "question_number": 77,
          "correct_option": 2,
          "sds_id": "SDS06BA",
          "subtopic": "Frogs: Anatomy (Nervous System)",
          "image_filename": "question_77.png",
          "captured": true,
          "explanation": [
            "https://d1iljb9ao69244.cloudfront.net/433504_1711526345182_37%20(2).ogg",
            "https://d1iljb9ao69244.cloudfront.net/433504_1711526345182_37"
          ]
        },
        "question_78": {
          "question_number": 78,
          "correct_option": 3,
          "sds_id": "SDS06BB",
          "subtopic": "Frogs: Anatomy (Nervous System)",
          "image_filename": "question_78.png",
          "captured": true,
          "explanation": [
            "https://d1iljb9ao69244.cloudfront.net/453576_1714476180951_5.ogg"
          ]
        },
        "question_79": {
          "question_number": 79,
          "correct_option": 2,
          "sds_id": "SDS06BC",
          "subtopic": "Frogs: Anatomy (Excretory System)",
          "image_filename": "question_79.png",
          "captured": true,
          "explanation": [
            "https://d1iljb9ao69244.cloudfront.net/374820_1688956581500_24.ogg"
          ]
        },
        "question_80": {
          "question_number": 80,
          "correct_option": 2,
          "sds_id": "SDS06BD",
          "subtopic": "Frogs: Anatomy (Excretory System)",
          "image_filename": "question_80.png",
          "captured": true,
          "explanation": [
            "https://d1iljb9ao69244.cloudfront.net/374825_1688956682159_29.ogg"
          ]
        },
        "question_81": {
          "question_number": 81,
          "correct_option": 2,
          "sds_id": "SDS06BE",
          "subtopic": "Frogs: Anatomy (Excretory System)",
          "image_filename": "question_81.png",
          "captured": true,
          "explanation": [
            "https://d1iljb9ao69244.cloudfront.net/374826_1688956706772_30.ogg"
          ]
        },
        "question_82": {
          "question_number": 82,
          "correct_option": 2,
          "sds_id": "SDS06BF",
          "subtopic": "Frogs: Anatomy (Excretory System)",
          "image_filename": "question_82.png",
          "captured": true,
          "explanation": [
            "https://d1iljb9ao69244.cloudfront.net/374828_1688956790697_32.ogg"
          ]
        },
        "question_83": {
          "question_number": 83,
          "correct_option": 3,
          "sds_id": "SDS06C0",
          "subtopic": "Frogs: Anatomy (Excretory System)",
          "image_filename": "question_83.png",
          "captured": true,
          "explanation": [
            "https://d1iljb9ao69244.cloudfront.net/374840_1688957133927_44.ogg"
          ]
        },
        "question_84": {
          "question_number": 84,
          "correct_option": 4,
          "sds_id": "SDS06C1",
          "subtopic": "Frogs: Anatomy (Excretory System)",
          "image_filename": "question_84.png",
          "captured": true,
          "explanation": [
            "https://d1iljb9ao69244.cloudfront.net/374827_1688956753635_31.ogg"
          ]
        },
        "question_85": {
          "question_number": 85,
          "correct_option": 2,
          "sds_id": "SDS06C2",
          "subtopic": "Frogs: Anatomy (Excretory System)",
          "image_filename": "question_85.png",
          "captured": true,
          "explanation": [
            "https://d1iljb9ao69244.cloudfront.net/450711_1714041851478_5.ogg"
          ]
        },
        "question_86": {
          "question_number": 86,
          "correct_option": 3,
          "sds_id": "SDS06C3",
          "subtopic": "Frogs: Anatomy (Excretory System)",
          "image_filename": "question_86.png",
          "captured": true,
          "explanation": [
            "https://d1iljb9ao69244.cloudfront.net/452723_1714306402010_8.ogg"
          ]
        },
        "question_87": {
          "question_number": 87,
          "correct_option": 1,
          "sds_id": "SDS06C4",
          "subtopic": "Frogs: Anatomy (Male Reproductive System)",
          "image_filename": "question_87.png",
          "captured": true,
          "explanation": [
            "https://d1iljb9ao69244.cloudfront.net/374809_1688956266973_13.ogg"
          ]
        },
        "question_88": {
          "question_number": 88,
          "correct_option": 2,
          "sds_id": "SDS06C5",
          "subtopic": "Frogs: Anatomy (Male Reproductive System)",
          "image_filename": "question_88.png",
          "captured": true,
          "explanation": [
            "https://d1iljb9ao69244.cloudfront.net/374838_1688957091662_42.ogg"
          ]
        },
        "question_89": {
          "question_number": 89,
          "correct_option": 1,
          "sds_id": "SDS06C6",
          "subtopic": "Frogs: Anatomy (Male Reproductive System)",
          "image_filename": "question_89.png",
          "captured": true,
          "explanation": [
            "https://d1iljb9ao69244.cloudfront.net/374841_1688957155094_45.ogg"
          ]
        },
        "question_90": {
          "question_number": 90,
          "correct_option": 1,
          "sds_id": "SDS06C7",
          "subtopic": "Frogs: Anatomy (Male Reproductive System)",
          "image_filename": "question_90.png",
          "captured": true,
          "explanation": [
            "https://d1iljb9ao69244.cloudfront.net/374842_1688957173676_46.ogg"
          ]
        },
        "question_91": {
          "question_number": 91,
          "correct_option": 4,
          "sds_id": "SDS06C8",
          "subtopic": "Frogs: Anatomy (Male Reproductive System)",
          "image_filename": "question_91.png",
          "captured": true,
          "explanation": [
            "https://d1iljb9ao69244.cloudfront.net/374851_1689149099134_55.ogg",
            "https://dsbihjlymzdyy.cloudfront.net/bio_images/svg%20images%20test%20id%20-%202676433/svg.%20374851.svg"
          ]
        },
        "question_92": {
          "question_number": 92,
          "correct_option": 3,
          "sds_id": "SDS06C9",
          "subtopic": "Frogs: Anatomy (Male Reproductive System)",
          "image_filename": "question_92.png",
          "captured": true,
          "explanation": [
            "https://d1iljb9ao69244.cloudfront.net/374839_1688957113752_43.ogg"
          ]
        },
        "question_93": {
          "question_number": 93,
          "correct_option": 2,
          "sds_id": "SDS06CA",
          "subtopic": "Frogs: Anatomy (Male Reproductive System)",
          "image_filename": "question_93.png",
          "captured": true,
          "explanation": [
            "https://d1iljb9ao69244.cloudfront.net/439248_1712654021757_4.ogg"
          ]
        },
        "question_94": {
          "question_number": 94,
          "correct_option": 3,
          "sds_id": "SDS06CB",
          "subtopic": "Frogs: Anatomy (Male Reproductive System)",
          "image_filename": "question_94.png",
          "captured": true,
          "explanation": [
            "https://d1iljb9ao69244.cloudfront.net/437231_1712309077234_7.ogg"
          ]
        },
        "question_95": {
          "question_number": 95,
          "correct_option": 2,
          "sds_id": "SDS06CC",
          "subtopic": "Frogs: Anatomy (Female Reproductive System)",
          "image_filename": "question_95.png",
          "captured": true,
          "explanation": [
            "https://d1iljb9ao69244.cloudfront.net/374843_1688957191873_47.ogg"
          ]
        },
        "question_96": {
          "question_number": 96,
          "correct_option": 3,
          "sds_id": "SDS06CD",
          "subtopic": "Frogs: Anatomy (Female Reproductive System)",
          "image_filename": "question_96.png",
          "captured": true,
          "explanation": [
            "https://d1iljb9ao69244.cloudfront.net/374845_1688957228043_49.ogg"
          ]
        },
        "question_97": {
          "question_number": 97,
          "correct_option": 2,
          "sds_id": "SDS06CE",
          "subtopic": "Frogs: Anatomy (Female Reproductive System)",
          "image_filename": "question_97.png",
          "captured": true,
          "explanation": [
            "https://d1iljb9ao69244.cloudfront.net/374850_1689149086573_54.ogg",
            "https://dsbihjlymzdyy.cloudfront.net/bio_images/svg%20images%20test%20id%20-%202676433/svg.%20374850.svg"
          ]
        },
        "question_98": {
          "question_number": 98,
          "correct_option": 1,
          "sds_id": "SDS06CF",
          "subtopic": "Frogs: Anatomy (Female Reproductive System)",
          "image_filename": "question_98.png",
          "captured": true,
          "explanation": [
            "https://d1iljb9ao69244.cloudfront.net/374844_1688957212908_48.ogg"
          ]
        },
        "question_99": {
          "question_number": 99,
          "correct_option": 4,
          "sds_id": "SDS06D0",
          "subtopic": "Frogs: Anatomy (Female Reproductive System)",
          "image_filename": "question_99.png",
          "captured": true,
          "explanation": [
            "https://d1iljb9ao69244.cloudfront.net/375905_1691676155321_375905.ogg"
          ]
        },
        "question_100": {
          "question_number": 100,
          "correct_option": 1,
          "sds_id": "SDS06D1",
          "subtopic": "Frogs: Anatomy (Female Reproductive System)",
          "image_filename": "question_100.png",
          "captured": true,
          "explanation": [
            "https://d1iljb9ao69244.cloudfront.net/436602_1712141392249_48.ogg"
          ]
        },
        "question_101": {
          "question_number": 101,
          "correct_option": 4,
          "sds_id": "SDS06D2",
          "subtopic": "Frogs: Anatomy (Female Reproductive System)",
          "image_filename": "question_101.png",
          "captured": true,
          "explanation": [
            "https://d1iljb9ao69244.cloudfront.net/429648_1711175955760_4.ogg"
          ]
        },
        "question_102": {
          "question_number": 102,
          "correct_option": 4,
          "sds_id": "SDS06D3",
          "subtopic": "Frogs: Anatomy (Female Reproductive System)",
          "image_filename": "question_102.png",
          "captured": true,
          "explanation": [
            "https://d1iljb9ao69244.cloudfront.net/447172_1713268841183_5.ogg"
          ]
        },
        "question_103": {
          "question_number": 103,
          "correct_option": 3,
          "sds_id": "SDS06D4",
          "subtopic": "Introduction to Animal & Epithelium Tissue",
          "image_filename": "question_103.png",
          "captured": true,
          "explanation": [
            "https://d1iljb9ao69244.cloudfront.net/375865_1691674983204_375865.ogg"
          ]
        },
        "question_104": {
          "question_number": 104,
          "correct_option": 1,
          "sds_id": "SDS06D5",
          "subtopic": "Introduction to Animal & Epithelium Tissue",
          "image_filename": "question_104.png",
          "captured": true,
          "explanation": [
            "https://d1iljb9ao69244.cloudfront.net/question_explanations_341306_1668575358424.ogg"
          ]
        },
        "question_105": {
          "question_number": 105,
          "correct_option": 3,
          "sds_id": "SDS06D6",
          "subtopic": "Introduction to Animal & Epithelium Tissue",
          "image_filename": "question_105.png",
          "captured": true,
          "explanation": [
            "https://d1iljb9ao69244.cloudfront.net/120657_1726383758781_313.ogg",
            "https://d2f8z173p7073l.cloudfront.net/1580099275864"
          ]
        },
        "question_106": {
          "question_number": 106,
          "correct_option": 1,
          "sds_id": "SDS06D7",
          "subtopic": "Simple Epithelium",
          "image_filename": "question_106.png",
          "captured": true,
          "explanation": [
            "https://d1iljb9ao69244.cloudfront.net/question_explanations_341307_1668575426753.ogg"
          ]
        },
        "question_107": {
          "question_number": 107,
          "correct_option": 3,
          "sds_id": "SDS06D8",
          "subtopic": "Simple Epithelium",
          "image_filename": "question_107.png",
          "captured": true,
          "explanation": [
            "https://d1iljb9ao69244.cloudfront.net/120683_1726390748344_330.ogg",
            "https://d2f8z173p7073l.cloudfront.net/1580101195457"
          ]
        },
        "question_108": {
          "question_number": 108,
          "correct_option": 2,
          "sds_id": "SDS06D9",
          "subtopic": "Simple Epithelium",
          "image_filename": "question_108.png",
          "captured": true,
          "explanation": [
            "https://d1iljb9ao69244.cloudfront.net/120653_1726383439261_309.ogg",
            "https://d2f8z173p7073l.cloudfront.net/1580099095077"
          ]
        },
        "question_109": {
          "question_number": 109,
          "correct_option": 3,
          "sds_id": "SDS06DA",
          "subtopic": "Simple Epithelium",
          "image_filename": "question_109.png",
          "captured": true,
          "explanation": [
            "https://d1iljb9ao69244.cloudfront.net/410957_1705922400036_68.ogg"
          ]
        },
        "question_110": {
          "question_number": 110,
          "correct_option": 3,
          "sds_id": "SDS06DB",
          "subtopic": "Simple Epithelium",
          "image_filename": "question_110.png",
          "captured": true,
          "explanation": [
            "https://d1iljb9ao69244.cloudfront.net/443042_1712900869301_4.ogg"
          ]
        },
        "question_111": {
          "question_number": 111,
          "correct_option": 3,
          "sds_id": "SDS06DC",
          "subtopic": "Simple Epithelium",
          "image_filename": "question_111.png",
          "captured": true,
          "explanation": [
            "https://d1iljb9ao69244.cloudfront.net/420555_1709199749750_58.ogg"
          ]
        },
        "question_112": {
          "question_number": 112,
          "correct_option": 3,
          "sds_id": "SDS06DD",
          "subtopic": "Simple Epithelium",
          "image_filename": "question_112.png",
          "captured": true,
          "explanation": [
            "https://d1iljb9ao69244.cloudfront.net/420554_1708423496485_58.ogg"
          ]
        },
        "question_113": {
          "question_number": 113,
          "correct_option": 3,
          "sds_id": "SDS06DE",
          "subtopic": "Simple Epithelium",
          "image_filename": "question_113.png",
          "captured": true,
          "explanation": [
            "https://d1iljb9ao69244.cloudfront.net/453570_1714476009189_2.ogg"
          ]
        },
        "question_114": {
          "question_number": 114,
          "correct_option": 1,
          "sds_id": "SDS06DF",
          "subtopic": "Simple Epithelium",
          "image_filename": "question_114.png",
          "captured": true,
          "explanation": [
            "https://d1iljb9ao69244.cloudfront.net/420609_1708424700177_88.ogg"
          ]
        },
        "question_115": {
          "question_number": 115,
          "correct_option": 1,
          "sds_id": "SDS06E0",
          "subtopic": "Compound & Specialised Epithelium",
          "image_filename": "question_115.png",
          "captured": true,
          "explanation": [
            "https://d1iljb9ao69244.cloudfront.net/411001_1705904900744_92.ogg"
          ]
        },
        "question_116": {
          "question_number": 116,
          "correct_option": 4,
          "sds_id": "SDS06E1",
          "subtopic": "Compound & Specialised Epithelium",
          "image_filename": "question_116.png",
          "captured": true,
          "explanation": [
            "https://d1iljb9ao69244.cloudfront.net/question_explanations_341308_1668576149127.ogg"
          ]
        },
        "question_117": {
          "question_number": 117,
          "correct_option": 3,
          "sds_id": "SDS06E2",
          "subtopic": "Glandular Epithelium & Cell Junction",
          "image_filename": "question_117.png",
          "captured": true,
          "explanation": [
            "https://d1iljb9ao69244.cloudfront.net/120654_1726383509761_310.ogg",
            "https://d2f8z173p7073l.cloudfront.net/1580099149000"
          ]
        },
        "question_118": {
          "question_number": 118,
          "correct_option": 1,
          "sds_id": "SDS06E3",
          "subtopic": "Glandular Epithelium & Cell Junction",
          "image_filename": "question_118.png",
          "captured": true,
          "explanation": [
            "https://d1iljb9ao69244.cloudfront.net/120656_1726383707408_312.ogg",
            "https://d2f8z173p7073l.cloudfront.net/1580099235205"
          ]
        },
        "question_119": {
          "question_number": 119,
          "correct_option": 2,
          "sds_id": "SDS06E4",
          "subtopic": "Glandular Epithelium & Cell Junction",
          "image_filename": "question_119.png",
          "captured": true,
          "explanation": [
            "https://d1iljb9ao69244.cloudfront.net/121681_1726830350894_444.ogg",
            "https://d2f8z173p7073l.cloudfront.net/1580527082944"
          ]
        },
        "question_120": {
          "question_number": 120,
          "correct_option": 1,
          "sds_id": "SDS06E5",
          "subtopic": "Glandular Epithelium & Cell Junction",
          "image_filename": "question_120.png",
          "captured": true,
          "explanation": [
            "https://d1iljb9ao69244.cloudfront.net/447233_1713289116930_38.ogg"
          ]
        },
        "question_121": {
          "question_number": 121,
          "correct_option": 2,
          "sds_id": "SDS06E6",
          "subtopic": "Glandular Epithelium & Cell Junction",
          "image_filename": "question_121.png",
          "captured": true,
          "explanation": [
            "https://d1iljb9ao69244.cloudfront.net/122236_1726990857554_536.ogg",
            "https://d2f8z173p7073l.cloudfront.net/1580920821524"
          ]
        },
        "question_122": {
          "question_number": 122,
          "correct_option": 3,
          "sds_id": "SDS06E7",
          "subtopic": "Connective Tissue",
          "image_filename": "question_122.png",
          "captured": true,
          "explanation": [
            "https://d1iljb9ao69244.cloudfront.net/461321_1718531297669_169.ogg"
          ]
        },
        "question_123": {
          "question_number": 123,
          "correct_option": 4,
          "sds_id": "SDS06E8",
          "subtopic": "Connective Tissue",
          "image_filename": "question_123.png",
          "captured": true,
          "explanation": [
            "https://d1iljb9ao69244.cloudfront.net/121686_1726830448177_446.ogg",
            "https://d2f8z173p7073l.cloudfront.net/1580527373125",
            "https://dsbihjlymzdyy.cloudfront.net/bio_images/all/Diagrams%20in%20Svg%20form%2FStructural%20Organisation%20in%20Animals%2F_121686.svg%20.svg"
          ]
        },
        "question_124": {
          "question_number": 124,
          "correct_option": 1,
          "sds_id": "SDS06E9",
          "subtopic": "Connective Tissue",
          "image_filename": "question_124.png",
          "captured": true,
          "explanation": [
            "https://d1iljb9ao69244.cloudfront.net/410959_1705922417933_69.ogg"
          ]
        },
        "question_125": {
          "question_number": 125,
          "correct_option": 4,
          "sds_id": "SDS06EA",
          "subtopic": "Connective Tissue",
          "image_filename": "question_125.png",
          "captured": true,
          "explanation": [
            "https://d1iljb9ao69244.cloudfront.net/429643_1711175942942_3.ogg"
          ]
        },
        "question_126": {
          "question_number": 126,
          "correct_option": 2,
          "sds_id": "SDS06EB",
          "subtopic": "Connective Tissue",
          "image_filename": "question_126.png",
          "captured": true,
          "explanation": [
            "https://d1iljb9ao69244.cloudfront.net/120684_1726390832471_331.ogg",
            "https://d2f8z173p7073l.cloudfront.net/1580101242961"
          ]
        },
        "question_127": {
          "question_number": 127,
          "correct_option": 3,
          "sds_id": "SDS06EC",
          "subtopic": "Connective Tissue",
          "image_filename": "question_127.png",
          "captured": true,
          "explanation": [
            "https://d1iljb9ao69244.cloudfront.net/122259_1726990923948_537.ogg",
            "https://d2f8z173p7073l.cloudfront.net/1580921612174"
          ]
        },
        "question_128": {
          "question_number": 128,
          "correct_option": 3,
          "sds_id": "SDS06ED",
          "subtopic": "Connective Tissue",
          "image_filename": "question_128.png",
          "captured": true,
          "explanation": [
            "https://d1iljb9ao69244.cloudfront.net/121683_1726830406306_445.ogg",
            "https://d2f8z173p7073l.cloudfront.net/1580527206499"
          ]
        },
        "question_129": {
          "question_number": 129,
          "correct_option": 2,
          "sds_id": "SDS06EE",
          "subtopic": "Connective Tissue",
          "image_filename": "question_129.png",
          "captured": true,
          "explanation": [
            "https://d1iljb9ao69244.cloudfront.net/120659_1726384067061_314.ogg",
            "https://d2f8z173p7073l.cloudfront.net/1580099376222"
          ]
        },
        "question_130": {
          "question_number": 130,
          "correct_option": 2,
          "sds_id": "SDS06EF",
          "subtopic": "Connective Tissue",
          "image_filename": "question_130.png",
          "captured": true,
          "explanation": [
            "https://d1iljb9ao69244.cloudfront.net/420559_1709199775778_60.ogg",
            "https://d2f8z173p7073l.cloudfront.net/1708321470211"
          ]
        },
        "question_131": {
          "question_number": 131,
          "correct_option": 1,
          "sds_id": "SDS06F0",
          "subtopic": "Connective Tissue",
          "image_filename": "question_131.png",
          "captured": true,
          "explanation": [
            "https://d1iljb9ao69244.cloudfront.net/420558_1708423523673_60.ogg",
            "https://d2f8z173p7073l.cloudfront.net/1708321399287"
          ]
        },
        "question_132": {
          "question_number": 132,
          "correct_option": 3,
          "sds_id": "SDS06F1",
          "subtopic": "Connective Tissue",
          "image_filename": "question_132.png",
          "captured": true,
          "explanation": [
            "https://d1iljb9ao69244.cloudfront.net/120661_1726386919725_315.ogg",
            "https://d2f8z173p7073l.cloudfront.net/1580099471597"
          ]
        },
        "question_133": {
          "question_number": 133,
          "correct_option": 4,
          "sds_id": "SDS06F2",
          "subtopic": "Connective Tissue",
          "image_filename": "question_133.png",
          "captured": true,
          "explanation": [
            "https://d1iljb9ao69244.cloudfront.net/386264_1695971160649_29.ogg"
          ]
        },
        "question_134": {
          "question_number": 134,
          "correct_option": 4,
          "sds_id": "SDS06F3",
          "subtopic": "Connective Tissue",
          "image_filename": "question_134.png",
          "captured": true,
          "explanation": [
            "https://d1iljb9ao69244.cloudfront.net/120662_1726387038820_316.ogg",
            "https://d2f8z173p7073l.cloudfront.net/1580099509889"
          ]
        },
        "question_135": {
          "question_number": 135,
          "correct_option": 1,
          "sds_id": "SDS06F4",
          "subtopic": "Connective Tissue",
          "image_filename": "question_135.png",
          "captured": true,
          "explanation": [
            "https://d1iljb9ao69244.cloudfront.net/396678_1700889568389_89.ogg",
            "https://d2f8z173p7073l.cloudfront.net/1700631677507"
          ]
        },
        "question_136": {
          "question_number": 136,
          "correct_option": 3,
          "sds_id": "SDS06F5",
          "subtopic": "Connective Tissue",
          "image_filename": "question_136.png",
          "captured": true,
          "explanation": [
            "https://d1iljb9ao69244.cloudfront.net/453584_1714477449386_11.ogg"
          ]
        },
        "question_137": {
          "question_number": 137,
          "correct_option": 3,
          "sds_id": "SDS06F6",
          "subtopic": "Connective Tissue",
          "image_filename": "question_137.png",
          "captured": true,
          "explanation": [
            "https://d1iljb9ao69244.cloudfront.net/450703_1714041531119_3.ogg"
          ]
        },
        "question_138": {
          "question_number": 138,
          "correct_option": 1,
          "sds_id": "SDS06F7",
          "subtopic": "Connective Tissue",
          "image_filename": "question_138.png",
          "captured": true,
          "explanation": [
            "https://d1iljb9ao69244.cloudfront.net/449539_1713782936991_42.ogg"
          ]
        },
        "question_139": {
          "question_number": 139,
          "correct_option": 2,
          "sds_id": "SDS06F8",
          "subtopic": "Animal Tissue: Muscle Types & Skeletal Muscles",
          "image_filename": "question_139.png",
          "captured": true,
          "explanation": [
            "https://d1iljb9ao69244.cloudfront.net/420553_1709199737119_57.ogg"
          ]
        },
        "question_140": {
          "question_number": 140,
          "correct_option": 3,
          "sds_id": "SDS06F9",
          "subtopic": "Cardiac Muscle & Smooth Muscle",
          "image_filename": "question_140.png",
          "captured": true,
          "explanation": [
            "https://d1iljb9ao69244.cloudfront.net/120663_1726387102805_317.ogg",
            "https://d2f8z173p7073l.cloudfront.net/1580099579249"
          ]
        },
        "question_141": {
          "question_number": 141,
          "correct_option": 4,
          "sds_id": "SDS06FA",
          "subtopic": "Cardiac Muscle & Smooth Muscle",
          "image_filename": "question_141.png",
          "captured": true,
          "explanation": [
            "https://d1iljb9ao69244.cloudfront.net/120664_1726387147307_318.ogg",
            "https://d2f8z173p7073l.cloudfront.net/1580099619579"
          ]
        },
        "question_142": {
          "question_number": 142,
          "correct_option": 1,
          "sds_id": "SDS06FB",
          "subtopic": "Cardiac Muscle & Smooth Muscle",
          "image_filename": "question_142.png",
          "captured": true,
          "explanation": [
            "https://d1iljb9ao69244.cloudfront.net/396690_1700889743153_100.ogg",
            "https://d2f8z173p7073l.cloudfront.net/1700632397949"
          ]
        },
        "question_143": {
          "question_number": 143,
          "correct_option": 2,
          "sds_id": "SDS06FC",
          "subtopic": "Cardiac Muscle & Smooth Muscle",
          "image_filename": "question_143.png",
          "captured": true,
          "explanation": [
            "https://d1iljb9ao69244.cloudfront.net/410994_1705904870783_90.ogg"
          ]
        },
        "question_144": {
          "question_number": 144,
          "correct_option": 4,
          "sds_id": "SDS06FD",
          "subtopic": "Nervous Tissue",
          "image_filename": "question_144.png",
          "captured": true,
          "explanation": [
            "https://d1iljb9ao69244.cloudfront.net/120655_1726383569829_311.ogg",
            "https://d2f8z173p7073l.cloudfront.net/1580099191207"
          ]
        },
        "question_145": {
          "question_number": 145,
          "correct_option": 1,
          "sds_id": "SDS06FE",
          "subtopic": "Nervous Tissue",
          "image_filename": "question_145.png",
          "captured": true,
          "explanation": [
            "https://d1iljb9ao69244.cloudfront.net/120666_1726387213468_319.ogg",
            "https://d2f8z173p7073l.cloudfront.net/1580099723489"
          ]
        },
        "question_146": {
          "question_number": 146,
          "correct_option": 1,
          "sds_id": "SDS06FF",
          "subtopic": "Nervous Tissue",
          "image_filename": "question_146.png",
          "captured": true,
          "explanation": [
            "https://d1iljb9ao69244.cloudfront.net/121688_1726830515382_447.ogg",
            "https://d2f8z173p7073l.cloudfront.net/1580527541920",
            "https://dsbihjlymzdyy.cloudfront.net/question-assets/key__2024-06-10%2008%3A27%3A21%20%2B0000image.png"
          ]
        },
        "question_147": {
          "question_number": 147,
          "correct_option": 3,
          "sds_id": "SDS0700",
          "subtopic": "Cockroach: Intro & External Morphology",
          "image_filename": "question_147.png",
          "captured": true,
          "explanation": [
            "https://d1iljb9ao69244.cloudfront.net/461190_1718531765861_179.ogg"
          ]
        },
        "question_148": {
          "question_number": 148,
          "correct_option": 1,
          "sds_id": "SDS0701",
          "subtopic": "Cockroach: Intro & External Morphology",
          "image_filename": "question_148.png",
          "captured": true,
          "explanation": [
            "https://d1iljb9ao69244.cloudfront.net/461192_1718050659702_184.ogg"
          ]
        },
        "question_149": {
          "question_number": 149,
          "correct_option": 4,
          "sds_id": "SDS0702",
          "subtopic": "Cockroach: Intro & External Morphology",
          "image_filename": "question_149.png",
          "captured": true,
          "explanation": [
            "https://d1iljb9ao69244.cloudfront.net/461193_1721288082265_9.ogg"
          ]
        },
        "question_150": {
          "question_number": 150,
          "correct_option": 4,
          "sds_id": "SDS0703",
          "subtopic": "Cockroach: Intro & External Morphology",
          "image_filename": "question_150.png",
          "captured": true,
          "explanation": [
            "https://d1iljb9ao69244.cloudfront.net/461194_1721288095427_10.ogg"
          ]
        },
        "question_151": {
          "question_number": 151,
          "correct_option": 3,
          "sds_id": "SDS0704",
          "subtopic": "Cockroach: Intro & External Morphology",
          "image_filename": "question_151.png",
          "captured": true,
          "explanation": [
            "https://d1iljb9ao69244.cloudfront.net/120688_1726390941580_332.ogg",
            "https://d2f8z173p7073l.cloudfront.net/1580360133539"
          ]
        },
        "question_152": {
          "question_number": 152,
          "correct_option": 4,
          "sds_id": "SDS0705",
          "subtopic": "Cockroach: Head & Mouth Parts",
          "image_filename": "question_152.png",
          "captured": true,
          "explanation": [
            "https://d1iljb9ao69244.cloudfront.net/121691_1726830571994_448.ogg",
            "https://d2f8z173p7073l.cloudfront.net/1580527829004"
          ]
        },
        "question_153": {
          "question_number": 153,
          "correct_option": 3,
          "sds_id": "SDS0706",
          "subtopic": "Cockroach: Head & Mouth Parts",
          "image_filename": "question_153.png",
          "captured": true,
          "explanation": [
            "https://d1iljb9ao69244.cloudfront.net/question_explanations_341309_1668575520404.ogg"
          ]
        },
        "question_154": {
          "question_number": 154,
          "correct_option": 4,
          "sds_id": "SDS0707",
          "subtopic": "Cockroach: Head & Mouth Parts",
          "image_filename": "question_154.png",
          "captured": true,
          "explanation": [
            "https://d1iljb9ao69244.cloudfront.net/121699_1726830700190_450.ogg",
            "https://d2f8z173p7073l.cloudfront.net/1580528185298"
          ]
        },
        "question_155": {
          "question_number": 155,
          "correct_option": 4,
          "sds_id": "SDS0708",
          "subtopic": "Cockroach: Head & Mouth Parts",
          "image_filename": "question_155.png",
          "captured": true,
          "explanation": [
            "https://d1iljb9ao69244.cloudfront.net/120670_1726390183307_321.ogg",
            "https://d2f8z173p7073l.cloudfront.net/1580099907210"
          ]
        },
        "question_156": {
          "question_number": 156,
          "correct_option": 1,
          "sds_id": "SDS0709",
          "subtopic": "Cockroach: Head & Mouth Parts",
          "image_filename": "question_156.png",
          "captured": true,
          "explanation": [
            "https://d1iljb9ao69244.cloudfront.net/120671_1726390279978_322.ogg",
            "https://d2f8z173p7073l.cloudfront.net/1580100085739"
          ]
        },
        "question_157": {
          "question_number": 157,
          "correct_option": 4,
          "sds_id": "SDS070A",
          "subtopic": "Cockroach: Head & Mouth Parts",
          "image_filename": "question_157.png",
          "captured": true,
          "explanation": [
            "https://d1iljb9ao69244.cloudfront.net/question_explanations_341315_1664719735650.ogg"
          ]
        },
        "question_158": {
          "question_number": 158,
          "correct_option": 2,
          "sds_id": "SDS070B",
          "subtopic": "Cockroach: Structure of Thorax",
          "image_filename": "question_158.png",
          "captured": true,
          "explanation": [
            "https://d1iljb9ao69244.cloudfront.net/120669_1726387297040_320.ogg",
            "https://d2f8z173p7073l.cloudfront.net/1580099864823"
          ]
        },
        "question_159": {
          "question_number": 159,
          "correct_option": 1,
          "sds_id": "SDS070C",
          "subtopic": "Cockroach: Structure of Thorax",
          "image_filename": "question_159.png",
          "captured": true,
          "explanation": [
            "https://d1iljb9ao69244.cloudfront.net/question_explanations_341310_1668575601950.ogg"
          ]
        },
        "question_160": {
          "question_number": 160,
          "correct_option": 3,
          "sds_id": "SDS070D",
          "subtopic": "Cockroach: Digestive System",
          "image_filename": "question_160.png",
          "captured": true,
          "explanation": [
            "https://d1iljb9ao69244.cloudfront.net/120674_1726390471503_325.ogg",
            "https://d2f8z173p7073l.cloudfront.net/1580100230792",
            "https://dsbihjlymzdyy.cloudfront.net/bio_images/all/Diagrams%20in%20Svg%20form%2FStructural%20Organisation%20in%20Animals%2F120674.svg.svg"
          ]
        },
        "question_161": {
          "question_number": 161,
          "correct_option": 4,
          "sds_id": "SDS070E",
          "subtopic": "Cockroach: Digestive System",
          "image_filename": "question_161.png",
          "captured": true,
          "explanation": [
            "https://d1iljb9ao69244.cloudfront.net/question_explanations_341311_1668575681581.ogg"
          ]
        },
        "question_162": {
          "question_number": 162,
          "correct_option": 4,
          "sds_id": "SDS070F",
          "subtopic": "Cockroach: Digestive System",
          "image_filename": "question_162.png",
          "captured": true,
          "explanation": [
            "https://d1iljb9ao69244.cloudfront.net/461196_1718531020415_158.ogg"
          ]
        },
        "question_163": {
          "question_number": 163,
          "correct_option": 3,
          "sds_id": "SDS0710",
          "subtopic": "Cockroach: Digestive System",
          "image_filename": "question_163.png",
          "captured": true,
          "explanation": [
            "https://d1iljb9ao69244.cloudfront.net/461197_1718050454767_177.ogg"
          ]
        },
        "question_164": {
          "question_number": 164,
          "correct_option": 4,
          "sds_id": "SDS0711",
          "subtopic": "Cockroach: Respiratory System",
          "image_filename": "question_164.png",
          "captured": true,
          "explanation": [
            "https://d1iljb9ao69244.cloudfront.net/374801_1688956095455_5.ogg"
          ]
        },
        "question_165": {
          "question_number": 165,
          "correct_option": 2,
          "sds_id": "SDS0712",
          "subtopic": "Cockroach: Respiratory System",
          "image_filename": "question_165.png",
          "captured": true,
          "explanation": [
            "https://d1iljb9ao69244.cloudfront.net/140541_1727329900487_732.ogg",
            "https://d2f8z173p7073l.cloudfront.net/1589871334243"
          ]
        },
        "question_166": {
          "question_number": 166,
          "correct_option": 3,
          "sds_id": "SDS0713",
          "subtopic": "Cockroach: Respiratory System",
          "image_filename": "question_166.png",
          "captured": true,
          "explanation": [
            "https://d1iljb9ao69244.cloudfront.net/461199_1718531666734_172.ogg"
          ]
        },
        "question_167": {
          "question_number": 167,
          "correct_option": 2,
          "sds_id": "SDS0714",
          "subtopic": "Cockroach: Circulatory System",
          "image_filename": "question_167.png",
          "captured": true,
          "explanation": [
            "https://d1iljb9ao69244.cloudfront.net/question_explanations_341313_1668576209799.ogg"
          ]
        },
        "question_168": {
          "question_number": 168,
          "correct_option": 3,
          "sds_id": "SDS0715",
          "subtopic": "Cockroach: Circulatory System",
          "image_filename": "question_168.png",
          "captured": true,
          "explanation": [
            "https://d1iljb9ao69244.cloudfront.net/453627_1714480586258_37.ogg"
          ]
        },
        "question_169": {
          "question_number": 169,
          "correct_option": 1,
          "sds_id": "SDS0716",
          "subtopic": "Cockroach: Circulatory System",
          "image_filename": "question_169.png",
          "captured": true,
          "explanation": [
            "https://d1iljb9ao69244.cloudfront.net/461198_1718531230351_163.ogg"
          ]
        },
        "question_170": {
          "question_number": 170,
          "correct_option": 3,
          "sds_id": "SDS0717",
          "subtopic": "Cockroach: Excretory System",
          "image_filename": "question_170.png",
          "captured": true,
          "explanation": [
            "https://d1iljb9ao69244.cloudfront.net/question_explanations_341312_1668575872260.ogg"
          ]
        },
        "question_171": {
          "question_number": 171,
          "correct_option": 4,
          "sds_id": "SDS0718",
          "subtopic": "Cockroach: Excretory System",
          "image_filename": "question_171.png",
          "captured": true,
          "explanation": [
            "https://d1iljb9ao69244.cloudfront.net/question_explanations_341314_1668576459893.ogg"
          ]
        },
        "question_172": {
          "question_number": 172,
          "correct_option": 3,
          "sds_id": "SDS0719",
          "subtopic": "Cockroach: Nervous System",
          "image_filename": "question_172.png",
          "captured": true,
          "explanation": [
            "https://d1iljb9ao69244.cloudfront.net/461200_1718530980602_154.ogg"
          ]
        },
        "question_173": {
          "question_number": 173,
          "correct_option": 2,
          "sds_id": "SDS071A",
          "subtopic": "Cockroach: Nervous System",
          "image_filename": "question_173.png",
          "captured": true,
          "explanation": [
            "https://d1iljb9ao69244.cloudfront.net/200575_1727419276425_770.ogg",
            "https://d1iljb9ao69244.cloudfront.net/200575_1606739464091_50.ogg"
          ]
        },
        "question_174": {
          "question_number": 174,
          "correct_option": 3,
          "sds_id": "SDS071B",
          "subtopic": "Cockroach: Compound Eye",
          "image_filename": "question_174.png",
          "captured": true,
          "explanation": [
            "https://d1iljb9ao69244.cloudfront.net/120678_1726390540668_326.ogg",
            "https://d2f8z173p7073l.cloudfront.net/1580100394678"
          ]
        },
        "question_175": {
          "question_number": 175,
          "correct_option": 2,
          "sds_id": "SDS071C",
          "subtopic": "Cockroach: Compound Eye",
          "image_filename": "question_175.png",
          "captured": true,
          "explanation": [
            "https://d1iljb9ao69244.cloudfront.net/question_explanations_341316_1664721686262.ogg"
          ]
        },
        "question_176": {
          "question_number": 176,
          "correct_option": 2,
          "sds_id": "SDS071D",
          "subtopic": "Cockroach:Male Reproductive System",
          "image_filename": "question_176.png",
          "captured": true,
          "explanation": [
            "https://d1iljb9ao69244.cloudfront.net/120672_1726390334684_323.ogg",
            "https://d2f8z173p7073l.cloudfront.net/1580100149971"
          ]
        },
        "question_177": {
          "question_number": 177,
          "correct_option": 3,
          "sds_id": "SDS071E",
          "subtopic": "Cockroach:Male Reproductive System",
          "image_filename": "question_177.png",
          "captured": true,
          "explanation": [
            "https://d1iljb9ao69244.cloudfront.net/120673_1726390383194_324.ogg",
            "https://d2f8z173p7073l.cloudfront.net/1580100189700"
          ]
        },
        "question_178": {
          "question_number": 178,
          "correct_option": 2,
          "sds_id": "SDS071F",
          "subtopic": "Cockroach:Male Reproductive System",
          "image_filename": "question_178.png",
          "captured": true,
          "explanation": [
            "https://d1iljb9ao69244.cloudfront.net/120679_1726390597383_327.ogg",
            "https://d2f8z173p7073l.cloudfront.net/1580100432698"
          ]
        },
        "question_179": {
          "question_number": 179,
          "correct_option": 3,
          "sds_id": "SDS0720",
          "subtopic": "Cockroach:Male Reproductive System",
          "image_filename": "question_179.png",
          "captured": true,
          "explanation": [
            "https://d1iljb9ao69244.cloudfront.net/120680_1726390649851_328.ogg",
            "https://d2f8z173p7073l.cloudfront.net/1580100480079"
          ]
        },
        "question_180": {
          "question_number": 180,
          "correct_option": 1,
          "sds_id": "SDS0721",
          "subtopic": "Cockroach:Male Reproductive System",
          "image_filename": "question_180.png",
          "captured": true,
          "explanation": [
            "https://d1iljb9ao69244.cloudfront.net/120681_1726390701355_329.ogg",
            "https://d2f8z173p7073l.cloudfront.net/1580100519053"
          ]
        },
        "question_181": {
          "question_number": 181,
          "correct_option": 4,
          "sds_id": "SDS0722",
          "subtopic": "Cockroach:Male Reproductive System",
          "image_filename": "question_181.png",
          "captured": true,
          "explanation": [
            "https://d1iljb9ao69244.cloudfront.net/461201_1718530993801_156.ogg",
            "https://dsbihjlymzdyy.cloudfront.net/question-assets/key__2024-05-20%2011%3A48%3A03%20%2B0000image.png"
          ]
        },
        "question_182": {
          "question_number": 182,
          "correct_option": 2,
          "sds_id": "SDS0723",
          "subtopic": "Cockroach:Male Reproductive System",
          "image_filename": "question_182.png",
          "captured": true,
          "explanation": [
            "https://d1iljb9ao69244.cloudfront.net/121695_1726830650726_449.ogg",
            "https://d2f8z173p7073l.cloudfront.net/1580528027236"
          ]
        },
        "question_183": {
          "question_number": 183,
          "correct_option": 1,
          "sds_id": "SDS0724",
          "subtopic": "Cockroach:Male Reproductive System",
          "image_filename": "question_183.png",
          "captured": true,
          "explanation": [
            "https://d1iljb9ao69244.cloudfront.net/448142_1713518980355_5.ogg"
          ]
        },
        "question_184": {
          "question_number": 184,
          "correct_option": 1,
          "sds_id": "SDS0725",
          "subtopic": "Cockroach: Female Reproductive System",
          "image_filename": "question_184.png",
          "captured": true,
          "explanation": [
            "https://d1iljb9ao69244.cloudfront.net/461203_1718531719370_175.ogg",
            "https://dsbihjlymzdyy.cloudfront.net/question-assets/key__2024-05-20%2011%3A45%3A16%20%2B0000image.png"
          ]
        },
        "question_185": {
          "question_number": 185,
          "correct_option": 2,
          "sds_id": "SDS0726",
          "subtopic": "Cockroach: Female Reproductive System",
          "image_filename": "question_185.png",
          "captured": true,
          "explanation": [
            "https://d1iljb9ao69244.cloudfront.net/250014_1727420820821_777.ogg",
            "https://d1iljb9ao69244.cloudfront.net/250014_1623681588128_14.ogg"
          ]
        },
        "question_186": {
          "question_number": 186,
          "correct_option": 3,
          "sds_id": "SDS0727",
          "subtopic": "Cockroach: Female Reproductive System",
          "image_filename": "question_186.png",
          "captured": true,
          "explanation": [
            "https://d1iljb9ao69244.cloudfront.net/461204_1718050154090_161.ogg"
          ]
        },
        "question_187": {
          "question_number": 187,
          "correct_option": 1,
          "sds_id": "SDS0728",
          "subtopic": "Cockroach: Female Reproductive System",
          "image_filename": "question_187.png",
          "captured": true,
          "explanation": [
            "https://d1iljb9ao69244.cloudfront.net/question_explanations_341317_1668576557898.ogg"
          ]
        }
      }
    }
  },
  "type": "multi_set"
}