{
  "chapter_no": 3,
  "chapter_name": "Plant Kingdom",
  "section_name": "Level 1",
  "total_questions": 107,
  "questions": {
    "question_1": {
      "question_number": 1,
      "correct_option": 1,
      "sds_id": "SDS03FC",
      "subtopic": "Algae",
      "image_filename": "question_1.png",
      "captured": true,
      "explanation": [
        "https://www.youtube-nocookie.com/embed/xaiTVaNQhiA?rel=0"
      ]
    },
    "question_2": {
      "question_number": 2,
      "correct_option": 1,
      "sds_id": "SDS03FD",
      "subtopic": "Algae",
      "image_filename": "question_2.png",
      "captured": true,
      "explanation": [
        "https://d1iljb9ao69244.cloudfront.net/question_explanations_340565_1666759094459.ogg"
      ]
    },
    "question_3": {
      "question_number": 3,
      "correct_option": 3,
      "sds_id": "SDS03FE",
      "subtopic": "Algae",
      "image_filename": "question_3.png",
      "captured": true,
      "explanation": [
        "https://d1iljb9ao69244.cloudfront.net/question_explanations_340566_1666759285677.ogg"
      ]
    },
    "question_4": {
      "question_number": 4,
      "correct_option": 4,
      "sds_id": "SDS03FF",
      "subtopic": "Algae",
      "image_filename": "question_4.png",
      "captured": true,
      "explanation": [
        "https://d1iljb9ao69244.cloudfront.net/437169_1712299614134_4.ogg"
      ]
    },
    "question_5": {
      "question_number": 5,
      "correct_option": 2,
      "sds_id": "SDS0400",
      "subtopic": "Algae",
      "image_filename": "question_5.png",
      "captured": true,
      "explanation": [
        "https://d1iljb9ao69244.cloudfront.net/121814_1726987899804_503.ogg",
        "https://d2f8z173p7073l.cloudfront.net/1580568746257"
      ]
    },
    "question_6": {
      "question_number": 6,
      "correct_option": 4,
      "sds_id": "SDS0401",
      "subtopic": "Algae",
      "image_filename": "question_6.png",
      "captured": true,
      "explanation": [
        "https://d1iljb9ao69244.cloudfront.net/121802_1726987664628_500.ogg",
        "https://d2f8z173p7073l.cloudfront.net/1580568342110"
      ]
    },
    "question_7": {
      "question_number": 7,
      "correct_option": 3,
      "sds_id": "SDS0402",
      "subtopic": "Algae",
      "image_filename": "question_7.png",
      "captured": true,
      "explanation": [
        "https://d1iljb9ao69244.cloudfront.net/121429_1726730091122_431.ogg",
        "https://d2f8z173p7073l.cloudfront.net/1580372762647"
      ]
    },
    "question_8": {
      "question_number": 8,
      "correct_option": 1,
      "sds_id": "SDS0403",
      "subtopic": "Algae",
      "image_filename": "question_8.png",
      "captured": true,
      "explanation": [
        "https://d1iljb9ao69244.cloudfront.net/368650_1714135773370_37.ogg",
        "https://www.youtube-nocookie.com/embed/eJWsRemCag8?rel=0"
      ]
    },
    "question_9": {
      "question_number": 9,
      "correct_option": 4,
      "sds_id": "SDS0404",
      "subtopic": "Algae",
      "image_filename": "question_9.png",
      "captured": true,
      "explanation": [
        "https://d1iljb9ao69244.cloudfront.net/question_explanations_340568_1666760121134.ogg"
      ]
    },
    "question_10": {
      "question_number": 10,
      "correct_option": 4,
      "sds_id": "SDS0405",
      "subtopic": "Algae",
      "image_filename": "question_10.png",
      "captured": true,
      "explanation": [
        "https://d1iljb9ao69244.cloudfront.net/question_explanations_340567_1666759817815.ogg"
      ]
    },
    "question_11": {
      "question_number": 11,
      "correct_option": 1,
      "sds_id": "SDS0406",
      "subtopic": "Algae",
      "image_filename": "question_11.png",
      "captured": true,
      "explanation": [
        "https://www.youtube-nocookie.com/embed/78NgSt0sPEg?rel=0"
      ]
    },
    "question_12": {
      "question_number": 12,
      "correct_option": 3,
      "sds_id": "SDS0407",
      "subtopic": "Algae",
      "image_filename": "question_12.png",
      "captured": true,
      "explanation": [
        "https://d1iljb9ao69244.cloudfront.net/question_explanations_340569_1666760312513.ogg"
      ]
    },
    "question_13": {
      "question_number": 13,
      "correct_option": 2,
      "sds_id": "SDS0408",
      "subtopic": "Algae",
      "image_filename": "question_13.png",
      "captured": true,
      "explanation": [
        "https://www.youtube-nocookie.com/embed/OB1cOUbOYbw?rel=0"
      ]
    },
    "question_14": {
      "question_number": 14,
      "correct_option": 4,
      "sds_id": "SDS0409",
      "subtopic": "Algae",
      "image_filename": "question_14.png",
      "captured": true,
      "explanation": [
        "https://d1iljb9ao69244.cloudfront.net/420423_1708416469285_6.ogg"
      ]
    },
    "question_15": {
      "question_number": 15,
      "correct_option": 1,
      "sds_id": "SDS040A",
      "subtopic": "Algae",
      "image_filename": "question_15.png",
      "captured": true,
      "explanation": [
        "https://d1iljb9ao69244.cloudfront.net/429894_1710823333563_42.ogg"
      ]
    },
    "question_16": {
      "question_number": 16,
      "correct_option": 1,
      "sds_id": "SDS040B",
      "subtopic": "Algae",
      "image_filename": "question_16.png",
      "captured": true,
      "explanation": "none"
    },
    "question_17": {
      "question_number": 17,
      "correct_option": 3,
      "sds_id": "SDS040C",
      "subtopic": "Pheophyceae: Brown Algae",
      "image_filename": "question_17.png",
      "captured": true,
      "explanation": [
        "https://d1iljb9ao69244.cloudfront.net/121819_1726988013289_505.ogg",
        "https://d1iljb9ao69244.cloudfront.net/121819_1664888592467_WhatsApp%20Ptt%202022-10-04%20at%2018.19.57.ogg",
        "https://d1iljb9ao69244.cloudfront.net/121819_1664888592467_WhatsApp"
      ]
    },
    "question_18": {
      "question_number": 18,
      "correct_option": 4,
      "sds_id": "SDS040D",
      "subtopic": "Pheophyceae: Brown Algae",
      "image_filename": "question_18.png",
      "captured": true,
      "explanation": [
        "https://d1iljb9ao69244.cloudfront.net/447673_1713343811714_5.ogg"
      ]
    },
    "question_19": {
      "question_number": 19,
      "correct_option": 1,
      "sds_id": "SDS040E",
      "subtopic": "Pheophyceae: Brown Algae",
      "image_filename": "question_19.png",
      "captured": true,
      "explanation": [
        "https://d1iljb9ao69244.cloudfront.net/396502_1700830751531_38.ogg"
      ]
    },
    "question_20": {
      "question_number": 20,
      "correct_option": 1,
      "sds_id": "SDS040F",
      "subtopic": "Pheophyceae: Brown Algae",
      "image_filename": "question_20.png",
      "captured": true,
      "explanation": [
        "https://d1iljb9ao69244.cloudfront.net/question_explanations_340573_1666760854180.ogg"
      ]
    },
    "question_21": {
      "question_number": 21,
      "correct_option": 3,
      "sds_id": "SDS0410",
      "subtopic": "Pheophyceae: Brown Algae",
      "image_filename": "question_21.png",
      "captured": true,
      "explanation": [
        "https://d1iljb9ao69244.cloudfront.net/420428_1708690028199_8.ogg"
      ]
    },
    "question_22": {
      "question_number": 22,
      "correct_option": 2,
      "sds_id": "SDS0411",
      "subtopic": "Pheophyceae: Brown Algae",
      "image_filename": "question_22.png",
      "captured": true,
      "explanation": [
        "https://d1iljb9ao69244.cloudfront.net/396501_1700830737788_37.ogg"
      ]
    },
    "question_23": {
      "question_number": 23,
      "correct_option": 2,
      "sds_id": "SDS0412",
      "subtopic": "Pheophyceae: Brown Algae",
      "image_filename": "question_23.png",
      "captured": true,
      "explanation": [
        "https://d1iljb9ao69244.cloudfront.net/410897_1705906215266_29.ogg"
      ]
    },
    "question_24": {
      "question_number": 24,
      "correct_option": 3,
      "sds_id": "SDS0413",
      "subtopic": "Pheophyceae: Brown Algae",
      "image_filename": "question_24.png",
      "captured": true,
      "explanation": [
        "https://d1iljb9ao69244.cloudfront.net/426570_1711166818458_5.ogg"
      ]
    },
    "question_25": {
      "question_number": 25,
      "correct_option": 1,
      "sds_id": "SDS0414",
      "subtopic": "Pheophyceae: Brown Algae",
      "image_filename": "question_25.png",
      "captured": true,
      "explanation": [
        "https://d1iljb9ao69244.cloudfront.net/question_explanations_340576_1668228125321.ogg",
        "https://d2f8z173p7073l.cloudfront.net/1668228044232"
      ]
    },
    "question_26": {
      "question_number": 26,
      "correct_option": 1,
      "sds_id": "SDS0415",
      "subtopic": "Pheophyceae: Brown Algae",
      "image_filename": "question_26.png",
      "captured": true,
      "explanation": [
        "https://d1iljb9ao69244.cloudfront.net/396506_1700830781580_40.ogg"
      ]
    },
    "question_27": {
      "question_number": 27,
      "correct_option": 4,
      "sds_id": "SDS0416",
      "subtopic": "Pheophyceae: Brown Algae",
      "image_filename": "question_27.png",
      "captured": true,
      "explanation": [
        "https://d1iljb9ao69244.cloudfront.net/question_explanations_340575_1668227957105.ogg"
      ]
    },
    "question_28": {
      "question_number": 28,
      "correct_option": 2,
      "sds_id": "SDS0417",
      "subtopic": "Pheophyceae: Brown Algae",
      "image_filename": "question_28.png",
      "captured": true,
      "explanation": [
        "https://www.youtube-nocookie.com/embed/KiZhVubKYiE?rel=0"
      ]
    },
    "question_29": {
      "question_number": 29,
      "correct_option": 3,
      "sds_id": "SDS0418",
      "subtopic": "Pheophyceae: Brown Algae",
      "image_filename": "question_29.png",
      "captured": true,
      "explanation": [
        "https://d1iljb9ao69244.cloudfront.net/question_explanations_335609_1652877438143.ogg"
      ]
    },
    "question_30": {
      "question_number": 30,
      "correct_option": 1,
      "sds_id": "SDS0419",
      "subtopic": "Pheophyceae: Brown Algae",
      "image_filename": "question_30.png",
      "captured": true,
      "explanation": [
        "https://d1iljb9ao69244.cloudfront.net/442347_1712905966940_4.ogg"
      ]
    },
    "question_31": {
      "question_number": 31,
      "correct_option": 4,
      "sds_id": "SDS041A",
      "subtopic": "Rhodophyceae: Red Algae and Importance of Algae",
      "image_filename": "question_31.png",
      "captured": true,
      "explanation": [
        "https://d1iljb9ao69244.cloudfront.net/396504_1700830767442_39.ogg"
      ]
    },
    "question_32": {
      "question_number": 32,
      "correct_option": 2,
      "sds_id": "SDS041B",
      "subtopic": "Rhodophyceae: Red Algae and Importance of Algae",
      "image_filename": "question_32.png",
      "captured": true,
      "explanation": [
        "https://d1iljb9ao69244.cloudfront.net/122188_1726989833892_525.ogg",
        "https://d2f8z173p7073l.cloudfront.net/1580919179588"
      ]
    },
    "question_33": {
      "question_number": 33,
      "correct_option": 4,
      "sds_id": "SDS041C",
      "subtopic": "Rhodophyceae: Red Algae and Importance of Algae",
      "image_filename": "question_33.png",
      "captured": true,
      "explanation": [
        "https://d1iljb9ao69244.cloudfront.net/429557_1711166831804_6.ogg"
      ]
    },
    "question_34": {
      "question_number": 34,
      "correct_option": 1,
      "sds_id": "SDS041D",
      "subtopic": "Rhodophyceae: Red Algae and Importance of Algae",
      "image_filename": "question_34.png",
      "captured": true,
      "explanation": [
        "https://d1iljb9ao69244.cloudfront.net/452122_1714301245323_38.ogg"
      ]
    },
    "question_35": {
      "question_number": 35,
      "correct_option": 3,
      "sds_id": "SDS041E",
      "subtopic": "Rhodophyceae: Red Algae and Importance of Algae",
      "image_filename": "question_35.png",
      "captured": true,
      "explanation": [
        "https://d1iljb9ao69244.cloudfront.net/121798_1726986551232_497.ogg",
        "https://d2f8z173p7073l.cloudfront.net/1580568222900"
      ]
    },
    "question_36": {
      "question_number": 36,
      "correct_option": 3,
      "sds_id": "SDS041F",
      "subtopic": "Rhodophyceae: Red Algae and Importance of Algae",
      "image_filename": "question_36.png",
      "captured": true,
      "explanation": [
        "https://d1iljb9ao69244.cloudfront.net/410916_1705903994208_40.ogg"
      ]
    },
    "question_37": {
      "question_number": 37,
      "correct_option": 3,
      "sds_id": "SDS0420",
      "subtopic": "Rhodophyceae: Red Algae and Importance of Algae",
      "image_filename": "question_37.png",
      "captured": true,
      "explanation": [
        "https://d1iljb9ao69244.cloudfront.net/question_explanations_340580_1668228831159.ogg"
      ]
    },
    "question_38": {
      "question_number": 38,
      "correct_option": 2,
      "sds_id": "SDS0421",
      "subtopic": "Rhodophyceae: Red Algae and Importance of Algae",
      "image_filename": "question_38.png",
      "captured": true,
      "explanation": [
        "https://d1iljb9ao69244.cloudfront.net/question_explanations_340581_1668228897705.ogg"
      ]
    },
    "question_39": {
      "question_number": 39,
      "correct_option": 1,
      "sds_id": "SDS0422",
      "subtopic": "Bryophytes",
      "image_filename": "question_39.png",
      "captured": true,
      "explanation": [
        "https://d1iljb9ao69244.cloudfront.net/121809_1726987821128_501.ogg",
        "https://d2f8z173p7073l.cloudfront.net/1580568562478"
      ]
    },
    "question_40": {
      "question_number": 40,
      "correct_option": 2,
      "sds_id": "SDS0423",
      "subtopic": "Bryophytes",
      "image_filename": "question_40.png",
      "captured": true,
      "explanation": [
        "https://d1iljb9ao69244.cloudfront.net/396507_1700886564827_41.ogg"
      ]
    },
    "question_41": {
      "question_number": 41,
      "correct_option": 4,
      "sds_id": "SDS0424",
      "subtopic": "Bryophytes",
      "image_filename": "question_41.png",
      "captured": true,
      "explanation": [
        "https://d1iljb9ao69244.cloudfront.net/425144_1709535268802_12.ogg"
      ]
    },
    "question_42": {
      "question_number": 42,
      "correct_option": 4,
      "sds_id": "SDS0425",
      "subtopic": "Bryophytes",
      "image_filename": "question_42.png",
      "captured": true,
      "explanation": [
        "https://d1iljb9ao69244.cloudfront.net/420515_1708422799226_40.ogg"
      ]
    },
    "question_43": {
      "question_number": 43,
      "correct_option": 3,
      "sds_id": "SDS0426",
      "subtopic": "Bryophytes",
      "image_filename": "question_43.png",
      "captured": true,
      "explanation": [
        "https://d1iljb9ao69244.cloudfront.net/121788_1726986436100_495.ogg",
        "https://d2f8z173p7073l.cloudfront.net/1580567912034"
      ]
    },
    "question_44": {
      "question_number": 44,
      "correct_option": 3,
      "sds_id": "SDS0427",
      "subtopic": "Bryophytes",
      "image_filename": "question_44.png",
      "captured": true,
      "explanation": [
        "https://d1iljb9ao69244.cloudfront.net/121801_1726987594448_499.ogg",
        "https://d2f8z173p7073l.cloudfront.net/1580568305309"
      ]
    },
    "question_45": {
      "question_number": 45,
      "correct_option": 3,
      "sds_id": "SDS0428",
      "subtopic": "Bryophytes",
      "image_filename": "question_45.png",
      "captured": true,
      "explanation": [
        "https://d1iljb9ao69244.cloudfront.net/396508_1700886581852_42.ogg"
      ]
    },
    "question_46": {
      "question_number": 46,
      "correct_option": 2,
      "sds_id": "SDS0429",
      "subtopic": "Bryophytes",
      "image_filename": "question_46.png",
      "captured": true,
      "explanation": [
        "https://d1iljb9ao69244.cloudfront.net/question_explanations_340584_1668229568256.ogg"
      ]
    },
    "question_47": {
      "question_number": 47,
      "correct_option": 2,
      "sds_id": "SDS042A",
      "subtopic": "Bryophytes",
      "image_filename": "question_47.png",
      "captured": true,
      "explanation": [
        "https://d1iljb9ao69244.cloudfront.net/368632_1687232642353_30.ogg"
      ]
    },
    "question_48": {
      "question_number": 48,
      "correct_option": 2,
      "sds_id": "SDS042B",
      "subtopic": "Bryophytes",
      "image_filename": "question_48.png",
      "captured": true,
      "explanation": [
        "https://www.youtube-nocookie.com/embed/7swXwAFSrsI?rel=0"
      ]
    },
    "question_49": {
      "question_number": 49,
      "correct_option": 2,
      "sds_id": "SDS042C",
      "subtopic": "Bryophytes",
      "image_filename": "question_49.png",
      "captured": true,
      "explanation": [
        "https://d1iljb9ao69244.cloudfront.net/question_explanations_340583_1668229209212.ogg"
      ]
    },
    "question_50": {
      "question_number": 50,
      "correct_option": 2,
      "sds_id": "SDS042D",
      "subtopic": "Bryophytes",
      "image_filename": "question_50.png",
      "captured": true,
      "explanation": [
        "https://d1iljb9ao69244.cloudfront.net/121828_1726988147497_507.ogg",
        "https://d2f8z173p7073l.cloudfront.net/1580578361082",
        "https://dsbihjlymzdyy.cloudfront.net/bio_images/all/Diagrams%20in%20Svg%20form%2FPlant%20Kingdom%2F121828.svg.svg"
      ]
    },
    "question_51": {
      "question_number": 51,
      "correct_option": 1,
      "sds_id": "SDS042E",
      "subtopic": "Bryophytes",
      "image_filename": "question_51.png",
      "captured": true,
      "explanation": [
        "https://d1iljb9ao69244.cloudfront.net/368627_1687232561482_25.ogg",
        "https://d2f8z173p7073l.cloudfront.net/1687084171070"
      ]
    },
    "question_52": {
      "question_number": 52,
      "correct_option": 4,
      "sds_id": "SDS042F",
      "subtopic": "Bryophytes",
      "image_filename": "question_52.png",
      "captured": true,
      "explanation": [
        "https://d1iljb9ao69244.cloudfront.net/396512_1700886615729_44.ogg"
      ]
    },
    "question_53": {
      "question_number": 53,
      "correct_option": 1,
      "sds_id": "SDS0430",
      "subtopic": "Bryophytes",
      "image_filename": "question_53.png",
      "captured": true,
      "explanation": [
        "https://d1iljb9ao69244.cloudfront.net/425145_1709535281464_13.ogg"
      ]
    },
    "question_54": {
      "question_number": 54,
      "correct_option": 1,
      "sds_id": "SDS0431",
      "subtopic": "Bryophytes",
      "image_filename": "question_54.png",
      "captured": true,
      "explanation": [
        "https://d1iljb9ao69244.cloudfront.net/368633_1687232658848_31.ogg"
      ]
    },
    "question_55": {
      "question_number": 55,
      "correct_option": 2,
      "sds_id": "SDS0432",
      "subtopic": "Bryophytes",
      "image_filename": "question_55.png",
      "captured": true,
      "explanation": [
        "https://d1iljb9ao69244.cloudfront.net/438033_1712579474738_4.ogg"
      ]
    },
    "question_56": {
      "question_number": 56,
      "correct_option": 1,
      "sds_id": "SDS0433",
      "subtopic": "Bryophytes",
      "image_filename": "question_56.png",
      "captured": true,
      "explanation": [
        "https://d1iljb9ao69244.cloudfront.net/435967_1712124045405_6.ogg"
      ]
    },
    "question_57": {
      "question_number": 57,
      "correct_option": 1,
      "sds_id": "SDS0434",
      "subtopic": "Bryophytes",
      "image_filename": "question_57.png",
      "captured": true,
      "explanation": [
        "https://d1iljb9ao69244.cloudfront.net/121787_1726986398644_494.ogg",
        "https://d2f8z173p7073l.cloudfront.net/1580567868939"
      ]
    },
    "question_58": {
      "question_number": 58,
      "correct_option": 2,
      "sds_id": "SDS0435",
      "subtopic": "Bryophytes",
      "image_filename": "question_58.png",
      "captured": true,
      "explanation": [
        "https://d1iljb9ao69244.cloudfront.net/122193_1726990044684_528.ogg",
        "https://d2f8z173p7073l.cloudfront.net/1580919281173"
      ]
    },
    "question_59": {
      "question_number": 59,
      "correct_option": 3,
      "sds_id": "SDS0436",
      "subtopic": "Bryophytes (Liverworts)",
      "image_filename": "question_59.png",
      "captured": true,
      "explanation": [
        "https://d1iljb9ao69244.cloudfront.net/question_explanations_340585_1668229898571.ogg",
        "https://d2f8z173p7073l.cloudfront.net/1668229751348"
      ]
    },
    "question_60": {
      "question_number": 60,
      "correct_option": 1,
      "sds_id": "SDS0437",
      "subtopic": "Bryophytes (Liverworts)",
      "image_filename": "question_60.png",
      "captured": true,
      "explanation": [
        "https://d1iljb9ao69244.cloudfront.net/question_explanations_340586_1668310561215.ogg"
      ]
    },
    "question_61": {
      "question_number": 61,
      "correct_option": 2,
      "sds_id": "SDS0438",
      "subtopic": "Bryophytes (Liverworts)",
      "image_filename": "question_61.png",
      "captured": true,
      "explanation": [
        "https://d2f8z173p7073l.cloudfront.net/1632371704439"
      ]
    },
    "question_62": {
      "question_number": 62,
      "correct_option": 1,
      "sds_id": "SDS0439",
      "subtopic": "Bryophytes (Liverworts)",
      "image_filename": "question_62.png",
      "captured": true,
      "explanation": [
        "https://d1iljb9ao69244.cloudfront.net/122213_1726990576407_533.ogg",
        "https://d2f8z173p7073l.cloudfront.net/1580919935311",
        "https://dsbihjlymzdyy.cloudfront.net/question-assets/key__2024-06-03%2009%3A19%3A34%20%2B0000image.png"
      ]
    },
    "question_63": {
      "question_number": 63,
      "correct_option": 3,
      "sds_id": "SDS043A",
      "subtopic": "Bryophytes (Liverworts)",
      "image_filename": "question_63.png",
      "captured": true,
      "explanation": [
        "https://d1iljb9ao69244.cloudfront.net/question_explanations_340587_1668310457591.ogg"
      ]
    },
    "question_64": {
      "question_number": 64,
      "correct_option": 2,
      "sds_id": "SDS043B",
      "subtopic": "Bryophytes (Anthoceropsida)",
      "image_filename": "question_64.png",
      "captured": true,
      "explanation": [
        "https://www.youtube-nocookie.com/embed/eArNWagooH8?rel=0"
      ]
    },
    "question_65": {
      "question_number": 65,
      "correct_option": 4,
      "sds_id": "SDS043C",
      "subtopic": "Bryophytes (Anthoceropsida)",
      "image_filename": "question_65.png",
      "captured": true,
      "explanation": [
        "https://d1iljb9ao69244.cloudfront.net/question_explanations_340589_1668310107355.ogg"
      ]
    },
    "question_66": {
      "question_number": 66,
      "correct_option": 2,
      "sds_id": "SDS043D",
      "subtopic": "Bryophytes (Anthoceropsida)",
      "image_filename": "question_66.png",
      "captured": true,
      "explanation": [
        "https://d1iljb9ao69244.cloudfront.net/question_explanations_340588_1668310281591.ogg"
      ]
    },
    "question_67": {
      "question_number": 67,
      "correct_option": 4,
      "sds_id": "SDS043E",
      "subtopic": "Pteridophytes: Heterospory",
      "image_filename": "question_67.png",
      "captured": true,
      "explanation": [
        "https://d1iljb9ao69244.cloudfront.net/368634_1687232675763_32.ogg"
      ]
    },
    "question_68": {
      "question_number": 68,
      "correct_option": 2,
      "sds_id": "SDS043F",
      "subtopic": "Pteridophytes: Heterospory",
      "image_filename": "question_68.png",
      "captured": true,
      "explanation": [
        "https://d1iljb9ao69244.cloudfront.net/question_explanations_340591_1668306126014.ogg"
      ]
    },
    "question_69": {
      "question_number": 69,
      "correct_option": 3,
      "sds_id": "SDS0440",
      "subtopic": "Examples of Gymnosperms",
      "image_filename": "question_69.png",
      "captured": true,
      "explanation": [
        "https://d1iljb9ao69244.cloudfront.net/question_explanations_340592_1668306466073.ogg"
      ]
    },
    "question_70": {
      "question_number": 70,
      "correct_option": 2,
      "sds_id": "SDS0441",
      "subtopic": "Pteridophytes",
      "image_filename": "question_70.png",
      "captured": true,
      "explanation": [
        "https://d1iljb9ao69244.cloudfront.net/121800_1726986684848_498.ogg",
        "https://d2f8z173p7073l.cloudfront.net/1580568283027"
      ]
    },
    "question_71": {
      "question_number": 71,
      "correct_option": 3,
      "sds_id": "SDS0442",
      "subtopic": "Pteridophytes",
      "image_filename": "question_71.png",
      "captured": true,
      "explanation": [
        "https://d1iljb9ao69244.cloudfront.net/121849_1726988541696_514.ogg",
        "https://d2f8z173p7073l.cloudfront.net/1580612692632"
      ]
    },
    "question_72": {
      "question_number": 72,
      "correct_option": 3,
      "sds_id": "SDS0443",
      "subtopic": "Pteridophytes",
      "image_filename": "question_72.png",
      "captured": true,
      "explanation": [
        "https://d1iljb9ao69244.cloudfront.net/420516_1708423027923_41.ogg"
      ]
    },
    "question_73": {
      "question_number": 73,
      "correct_option": 1,
      "sds_id": "SDS0444",
      "subtopic": "Pteridophytes",
      "image_filename": "question_73.png",
      "captured": true,
      "explanation": [
        "https://www.youtube-nocookie.com/embed/Iqv-KAyLmPI?rel=0"
      ]
    },
    "question_74": {
      "question_number": 74,
      "correct_option": 3,
      "sds_id": "SDS0445",
      "subtopic": "Pteridophytes",
      "image_filename": "question_74.png",
      "captured": true,
      "explanation": [
        "https://d1iljb9ao69244.cloudfront.net/121433_1726730143565_432.ogg",
        "https://d2f8z173p7073l.cloudfront.net/1580372919815"
      ]
    },
    "question_75": {
      "question_number": 75,
      "correct_option": 2,
      "sds_id": "SDS0446",
      "subtopic": "Pteridophytes",
      "image_filename": "question_75.png",
      "captured": true,
      "explanation": [
        "https://d1iljb9ao69244.cloudfront.net/121838_1726988243828_509.ogg",
        "https://d2f8z173p7073l.cloudfront.net/1580611015652"
      ]
    },
    "question_76": {
      "question_number": 76,
      "correct_option": 2,
      "sds_id": "SDS0447",
      "subtopic": "Pteridophytes",
      "image_filename": "question_76.png",
      "captured": true,
      "explanation": [
        "https://d1iljb9ao69244.cloudfront.net/333094_1650646667032_4.ogg"
      ]
    },
    "question_77": {
      "question_number": 77,
      "correct_option": 3,
      "sds_id": "SDS0448",
      "subtopic": "Pteridophytes",
      "image_filename": "question_77.png",
      "captured": true,
      "explanation": [
        "https://d1iljb9ao69244.cloudfront.net/question_explanations_340596_1668308233916.ogg"
      ]
    },
    "question_78": {
      "question_number": 78,
      "correct_option": 4,
      "sds_id": "SDS0449",
      "subtopic": "Pteridophytes",
      "image_filename": "question_78.png",
      "captured": true,
      "explanation": [
        "https://www.youtube-nocookie.com/embed/7JepOTAJPUk?rel=0"
      ]
    },
    "question_79": {
      "question_number": 79,
      "correct_option": 4,
      "sds_id": "SDS044A",
      "subtopic": "Pteridophytes",
      "image_filename": "question_79.png",
      "captured": true,
      "explanation": [
        "https://d1iljb9ao69244.cloudfront.net/450715_1714039696355_37.ogg"
      ]
    },
    "question_80": {
      "question_number": 80,
      "correct_option": 3,
      "sds_id": "SDS044B",
      "subtopic": "Pteridophytes",
      "image_filename": "question_80.png",
      "captured": true,
      "explanation": [
        "https://d1iljb9ao69244.cloudfront.net/question_explanations_334748_1651764190334.ogg"
      ]
    },
    "question_81": {
      "question_number": 81,
      "correct_option": 3,
      "sds_id": "SDS044C",
      "subtopic": "Pteridophytes",
      "image_filename": "question_81.png",
      "captured": true,
      "explanation": [
        "https://d1iljb9ao69244.cloudfront.net/121840_1726988326928_510.ogg",
        "https://d2f8z173p7073l.cloudfront.net/1580611065466"
      ]
    },
    "question_82": {
      "question_number": 82,
      "correct_option": 4,
      "sds_id": "SDS044D",
      "subtopic": "Pteridophytes",
      "image_filename": "question_82.png",
      "captured": true,
      "explanation": [
        "https://d1iljb9ao69244.cloudfront.net/question_explanations_349171_1668309961352.ogg"
      ]
    },
    "question_83": {
      "question_number": 83,
      "correct_option": 3,
      "sds_id": "SDS044E",
      "subtopic": "Pteridophytes",
      "image_filename": "question_83.png",
      "captured": true,
      "explanation": [
        "https://d1iljb9ao69244.cloudfront.net/question_explanations_349170_1668305558064.ogg",
        "https://dsbihjlymzdyy.cloudfront.net/bio_images/all/Diagrams%20in%20Svg%20form%2FPlant%20Kingdom%2F349170.svg.svg"
      ]
    },
    "question_84": {
      "question_number": 84,
      "correct_option": 1,
      "sds_id": "SDS044F",
      "subtopic": "Pteridophytes",
      "image_filename": "question_84.png",
      "captured": true,
      "explanation": [
        "https://d1iljb9ao69244.cloudfront.net/410899_1705906405272_31.ogg"
      ]
    },
    "question_85": {
      "question_number": 85,
      "correct_option": 2,
      "sds_id": "SDS0450",
      "subtopic": "Chlorophyceae: Green Algae",
      "image_filename": "question_85.png",
      "captured": true,
      "explanation": [
        "https://d1iljb9ao69244.cloudfront.net/433522_1711523116937_40.ogg"
      ]
    },
    "question_86": {
      "question_number": 86,
      "correct_option": 4,
      "sds_id": "SDS0451",
      "subtopic": "Chlorophyceae: Green Algae",
      "image_filename": "question_86.png",
      "captured": true,
      "explanation": [
        "https://d1iljb9ao69244.cloudfront.net/420427_1708416495340_8.ogg"
      ]
    },
    "question_87": {
      "question_number": 87,
      "correct_option": 3,
      "sds_id": "SDS0452",
      "subtopic": "Classification System",
      "image_filename": "question_87.png",
      "captured": true,
      "explanation": [
        "https://d1iljb9ao69244.cloudfront.net/396496_1700830666882_33.ogg"
      ]
    },
    "question_88": {
      "question_number": 88,
      "correct_option": 4,
      "sds_id": "SDS0453",
      "subtopic": "Classification System",
      "image_filename": "question_88.png",
      "captured": true,
      "explanation": [
        "https://d1iljb9ao69244.cloudfront.net/410915_1705903977998_39.ogg"
      ]
    },
    "question_89": {
      "question_number": 89,
      "correct_option": 2,
      "sds_id": "SDS0454",
      "subtopic": "Classification System",
      "image_filename": "question_89.png",
      "captured": true,
      "explanation": [
        "https://d1iljb9ao69244.cloudfront.net/447672_1713343799258_4.ogg"
      ]
    },
    "question_90": {
      "question_number": 90,
      "correct_option": 1,
      "sds_id": "SDS0455",
      "subtopic": "Classification System",
      "image_filename": "question_90.png",
      "captured": true,
      "explanation": [
        "https://d1iljb9ao69244.cloudfront.net/368628_1687232575493_26.ogg"
      ]
    },
    "question_91": {
      "question_number": 91,
      "correct_option": 3,
      "sds_id": "SDS0456",
      "subtopic": "Classification System",
      "image_filename": "question_91.png",
      "captured": true,
      "explanation": [
        "https://d1iljb9ao69244.cloudfront.net/368629_1687232586203_27.ogg"
      ]
    },
    "question_92": {
      "question_number": 92,
      "correct_option": 3,
      "sds_id": "SDS0457",
      "subtopic": "Gymnosperms",
      "image_filename": "question_92.png",
      "captured": true,
      "explanation": [
        "https://d1iljb9ao69244.cloudfront.net/121812_1726987848804_502.ogg",
        "https://d2f8z173p7073l.cloudfront.net/1580568674301"
      ]
    },
    "question_93": {
      "question_number": 93,
      "correct_option": 1,
      "sds_id": "SDS0458",
      "subtopic": "Gymnosperms",
      "image_filename": "question_93.png",
      "captured": true,
      "explanation": [
        "https://d1iljb9ao69244.cloudfront.net/121842_1726988381629_511.ogg",
        "https://d2f8z173p7073l.cloudfront.net/1580611121214"
      ]
    },
    "question_94": {
      "question_number": 94,
      "correct_option": 4,
      "sds_id": "SDS0459",
      "subtopic": "Gymnosperms",
      "image_filename": "question_94.png",
      "captured": true,
      "explanation": [
        "https://d1iljb9ao69244.cloudfront.net/121439_1726829735522_434.ogg",
        "https://d2f8z173p7073l.cloudfront.net/1580373156679"
      ]
    },
    "question_95": {
      "question_number": 95,
      "correct_option": 4,
      "sds_id": "SDS045A",
      "subtopic": "Gymnosperms",
      "image_filename": "question_95.png",
      "captured": true,
      "explanation": [
        "https://d1iljb9ao69244.cloudfront.net/121844_1726988437432_512.ogg",
        "https://d2f8z173p7073l.cloudfront.net/1580611172207"
      ]
    },
    "question_96": {
      "question_number": 96,
      "correct_option": 2,
      "sds_id": "SDS045B",
      "subtopic": "Gymnosperms",
      "image_filename": "question_96.png",
      "captured": true,
      "explanation": [
        "https://d1iljb9ao69244.cloudfront.net/121846_1726988490241_513.ogg",
        "https://d2f8z173p7073l.cloudfront.net/1580611229919"
      ]
    },
    "question_97": {
      "question_number": 97,
      "correct_option": 3,
      "sds_id": "SDS045C",
      "subtopic": "Gymnosperms",
      "image_filename": "question_97.png",
      "captured": true,
      "explanation": [
        "https://d1iljb9ao69244.cloudfront.net/438091_1712633092180_37.ogg"
      ]
    },
    "question_98": {
      "question_number": 98,
      "correct_option": 4,
      "sds_id": "SDS045D",
      "subtopic": "Gymnosperms",
      "image_filename": "question_98.png",
      "captured": true,
      "explanation": [
        "https://www.youtube-nocookie.com/embed/fZ1gjTuQF-8?rel=0"
      ]
    },
    "question_99": {
      "question_number": 99,
      "correct_option": 3,
      "sds_id": "SDS045E",
      "subtopic": "Gymnosperms",
      "image_filename": "question_99.png",
      "captured": true,
      "explanation": [
        "https://d1iljb9ao69244.cloudfront.net/315190_1641399302605_14.ogg"
      ]
    },
    "question_100": {
      "question_number": 100,
      "correct_option": 1,
      "sds_id": "SDS045F",
      "subtopic": "Gymnosperms",
      "image_filename": "question_100.png",
      "captured": true,
      "explanation": [
        "https://d1iljb9ao69244.cloudfront.net/121816_1726987950592_504.ogg",
        "https://d2f8z173p7073l.cloudfront.net/1580578118536"
      ]
    },
    "question_101": {
      "question_number": 101,
      "correct_option": 4,
      "sds_id": "SDS0460",
      "subtopic": "Gymnosperms",
      "image_filename": "question_101.png",
      "captured": true,
      "explanation": [
        "https://d1iljb9ao69244.cloudfront.net/121434_1726829682865_433.ogg",
        "https://d2f8z173p7073l.cloudfront.net/1580372972979"
      ]
    },
    "question_102": {
      "question_number": 102,
      "correct_option": 3,
      "sds_id": "SDS0461",
      "subtopic": "Gymnosperms",
      "image_filename": "question_102.png",
      "captured": true,
      "explanation": [
        "https://d1iljb9ao69244.cloudfront.net/396521_1700887248806_49.ogg"
      ]
    },
    "question_103": {
      "question_number": 103,
      "correct_option": 3,
      "sds_id": "SDS0462",
      "subtopic": "Gymnosperms",
      "image_filename": "question_103.png",
      "captured": true,
      "explanation": [
        "https://d1iljb9ao69244.cloudfront.net/question_explanations_334747_1651764055968.ogg"
      ]
    },
    "question_104": {
      "question_number": 104,
      "correct_option": 2,
      "sds_id": "SDS0463",
      "subtopic": "Gymnosperms",
      "image_filename": "question_104.png",
      "captured": true,
      "explanation": [
        "https://d1iljb9ao69244.cloudfront.net/453662_1714482265099_5.ogg"
      ]
    },
    "question_105": {
      "question_number": 105,
      "correct_option": 1,
      "sds_id": "SDS0464",
      "subtopic": "Gymnosperms",
      "image_filename": "question_105.png",
      "captured": true,
      "explanation": [
        "https://www.youtube-nocookie.com/embed/MV09zHCyzWM?rel=0"
      ]
    },
    "question_106": {
      "question_number": 106,
      "correct_option": 3,
      "sds_id": "SDS0465",
      "subtopic": "Gymnosperms",
      "image_filename": "question_106.png",
      "captured": true,
      "explanation": [
        "https://d1iljb9ao69244.cloudfront.net/429565_1721287984714_2.ogg"
      ]
    },
    "question_107": {
      "question_number": 107,
      "correct_option": 4,
      "sds_id": "SDS0466",
      "subtopic": "Gymnosperms",
      "image_filename": "question_107.png",
      "captured": true,
      "explanation": [
        "https://d1iljb9ao69244.cloudfront.net/452054_1714294697538_5.ogg"
      ]
    }
  }
}