{
  "chapter_no": 11,
  "chapter_name": "Photosynthesis in Higher Plants",
  "section_name": "Photosynthesis in Higher Plants (132 MCQs)",
  "total_questions": 123,
  "questions": {
    "question_1": {
      "question_number": 1,
      "correct_option": 1,
      "sds_id": "SDS093B",
      "subtopic": "Introduction",
      "image_filename": "question_1.png",
      "captured": true,
      "explanation": [
        "https://d1iljb9ao69244.cloudfront.net/382609_1693715875132_71.ogg"
      ]
    },
    "question_2": {
      "question_number": 2,
      "correct_option": 1,
      "sds_id": "SDS093C",
      "subtopic": "Historical View: Experiments",
      "image_filename": "question_2.png",
      "captured": true,
      "explanation": [
        "https://d1iljb9ao69244.cloudfront.net/question_explanations_345996_1669217722379.ogg"
      ]
    },
    "question_3": {
      "question_number": 3,
      "correct_option": 2,
      "sds_id": "SDS093D",
      "subtopic": "Historical View: Experiments",
      "image_filename": "question_3.png",
      "captured": true,
      "explanation": [
        "https://d1iljb9ao69244.cloudfront.net/question_explanations_345997_1669134592229.ogg"
      ]
    },
    "question_4": {
      "question_number": 4,
      "correct_option": 2,
      "sds_id": "SDS093E",
      "subtopic": "Historical View: Experiments",
      "image_filename": "question_4.png",
      "captured": true,
      "explanation": [
        "https://d1iljb9ao69244.cloudfront.net/question_explanations_345998_1669218054157.ogg"
      ]
    },
    "question_5": {
      "question_number": 5,
      "correct_option": 4,
      "sds_id": "SDS093F",
      "subtopic": "Historical View: Experiments",
      "image_filename": "question_5.png",
      "captured": true,
      "explanation": [
        "https://d1iljb9ao69244.cloudfront.net/63471_1725017741526_144.ogg",
        "https://d2f8z173p7073l.cloudfront.net/1550662122732"
      ]
    },
    "question_6": {
      "question_number": 6,
      "correct_option": 1,
      "sds_id": "SDS0940",
      "subtopic": "Historical View: Experiments",
      "image_filename": "question_6.png",
      "captured": true,
      "explanation": [
        "https://d1iljb9ao69244.cloudfront.net/question_explanations_345999_1669189393585.ogg"
      ]
    },
    "question_7": {
      "question_number": 7,
      "correct_option": 2,
      "sds_id": "SDS0941",
      "subtopic": "Historical View: Experiments",
      "image_filename": "question_7.png",
      "captured": true,
      "explanation": [
        "https://d1iljb9ao69244.cloudfront.net/402260_1703755447714_37.ogg"
      ]
    },
    "question_8": {
      "question_number": 8,
      "correct_option": 4,
      "sds_id": "SDS0942",
      "subtopic": "Historical View: Experiments",
      "image_filename": "question_8.png",
      "captured": true,
      "explanation": [
        "https://d1iljb9ao69244.cloudfront.net/379444_1692248649814_1.ogg"
      ]
    },
    "question_9": {
      "question_number": 9,
      "correct_option": 3,
      "sds_id": "SDS0943",
      "subtopic": "Historical View: Experiments",
      "image_filename": "question_9.png",
      "captured": true,
      "explanation": [
        "https://d1iljb9ao69244.cloudfront.net/392556_1697797071517_13.ogg"
      ]
    },
    "question_10": {
      "question_number": 10,
      "correct_option": 1,
      "sds_id": "SDS0944",
      "subtopic": "Historical View: Experiments",
      "image_filename": "question_10.png",
      "captured": true,
      "explanation": [
        "https://d1iljb9ao69244.cloudfront.net/430014_1710822492762_25.ogg"
      ]
    },
    "question_11": {
      "question_number": 11,
      "correct_option": 2,
      "sds_id": "SDS0945",
      "subtopic": "Historical View: Experiments",
      "image_filename": "question_11.png",
      "captured": true,
      "explanation": [
        "https://d1iljb9ao69244.cloudfront.net/338632_1657388494766_62.ogg"
      ]
    },
    "question_12": {
      "question_number": 12,
      "correct_option": 1,
      "sds_id": "SDS0946",
      "subtopic": "Chloroplast Structure",
      "image_filename": "question_12.png",
      "captured": true,
      "explanation": [
        "https://d1iljb9ao69244.cloudfront.net/382612_1693715970168_74.ogg"
      ]
    },
    "question_13": {
      "question_number": 13,
      "correct_option": 4,
      "sds_id": "SDS0947",
      "subtopic": "Chloroplast Structure",
      "image_filename": "question_13.png",
      "captured": true,
      "explanation": [
        "https://d1iljb9ao69244.cloudfront.net/382620_1693716102745_82.ogg"
      ]
    },
    "question_14": {
      "question_number": 14,
      "correct_option": 2,
      "sds_id": "SDS0948",
      "subtopic": "Photosynthetic Pigments",
      "image_filename": "question_14.png",
      "captured": true,
      "explanation": [
        "https://d1iljb9ao69244.cloudfront.net/449313_1713788532186_10a.ogg"
      ]
    },
    "question_15": {
      "question_number": 15,
      "correct_option": 2,
      "sds_id": "SDS0949",
      "subtopic": "Photosynthetic Pigments",
      "image_filename": "question_15.png",
      "captured": true,
      "explanation": [
        "https://d1iljb9ao69244.cloudfront.net/453674_1714483569168_12.ogg"
      ]
    },
    "question_16": {
      "question_number": 16,
      "correct_option": 2,
      "sds_id": "SDS094A",
      "subtopic": "Photosystems",
      "image_filename": "question_16.png",
      "captured": true,
      "explanation": [
        "https://d1iljb9ao69244.cloudfront.net/322673_1644345067163_322673.ogg"
      ]
    },
    "question_17": {
      "question_number": 17,
      "correct_option": 3,
      "sds_id": "SDS094B",
      "subtopic": "Photosystems",
      "image_filename": "question_17.png",
      "captured": true,
      "explanation": [
        "https://d1iljb9ao69244.cloudfront.net/433539_1711523998656_46.ogg"
      ]
    },
    "question_18": {
      "question_number": 18,
      "correct_option": 3,
      "sds_id": "SDS094C",
      "subtopic": "Light Reaction: Electron Transport",
      "image_filename": "question_18.png",
      "captured": true,
      "explanation": [
        "https://d1iljb9ao69244.cloudfront.net/63544_1725457303129_176.ogg",
        "https://d2f8z173p7073l.cloudfront.net/1550755577662"
      ]
    },
    "question_19": {
      "question_number": 19,
      "correct_option": 4,
      "sds_id": "SDS094D",
      "subtopic": "Light Reaction: Electron Transport",
      "image_filename": "question_19.png",
      "captured": true,
      "explanation": [
        "https://d1iljb9ao69244.cloudfront.net/437178_1712299816645_13.ogg"
      ]
    },
    "question_20": {
      "question_number": 20,
      "correct_option": 2,
      "sds_id": "SDS094E",
      "subtopic": "Light Reaction: Electron Transport",
      "image_filename": "question_20.png",
      "captured": true,
      "explanation": [
        "https://d1iljb9ao69244.cloudfront.net/447683_1713344436473_15.ogg"
      ]
    },
    "question_21": {
      "question_number": 21,
      "correct_option": 2,
      "sds_id": "SDS094F",
      "subtopic": "Light Reaction: Electron Transport",
      "image_filename": "question_21.png",
      "captured": true,
      "explanation": [
        "https://d1iljb9ao69244.cloudfront.net/402235_1703754429060_22.ogg"
      ]
    },
    "question_22": {
      "question_number": 22,
      "correct_option": 3,
      "sds_id": "SDS0950",
      "subtopic": "Light Reaction: Electron Transport",
      "image_filename": "question_22.png",
      "captured": true,
      "explanation": [
        "https://d1iljb9ao69244.cloudfront.net/461954_1721288277182_12.ogg"
      ]
    },
    "question_23": {
      "question_number": 23,
      "correct_option": 1,
      "sds_id": "SDS0951",
      "subtopic": "Light Reaction: Electron Transport",
      "image_filename": "question_23.png",
      "captured": true,
      "explanation": [
        "https://d1iljb9ao69244.cloudfront.net/461955_1721288291316_13.ogg"
      ]
    },
    "question_24": {
      "question_number": 24,
      "correct_option": 2,
      "sds_id": "SDS0952",
      "subtopic": "Light Reaction: Electron Transport",
      "image_filename": "question_24.png",
      "captured": true,
      "explanation": [
        "https://d1iljb9ao69244.cloudfront.net/461956_1721288304810_14.ogg"
      ]
    },
    "question_25": {
      "question_number": 25,
      "correct_option": 2,
      "sds_id": "SDS0953",
      "subtopic": "Light Reaction: Electron Transport",
      "image_filename": "question_25.png",
      "captured": true,
      "explanation": [
        "https://d1iljb9ao69244.cloudfront.net/461957_1721288319666_15.ogg"
      ]
    },
    "question_26": {
      "question_number": 26,
      "correct_option": 4,
      "sds_id": "SDS0954",
      "subtopic": "Light Reaction: Electron Transport",
      "image_filename": "question_26.png",
      "captured": true,
      "explanation": [
        "https://d1iljb9ao69244.cloudfront.net/63536_1725447175182_170.ogg",
        "https://d2f8z173p7073l.cloudfront.net/1550755174563"
      ]
    },
    "question_27": {
      "question_number": 27,
      "correct_option": 1,
      "sds_id": "SDS0955",
      "subtopic": "Light Reaction: Electron Transport",
      "image_filename": "question_27.png",
      "captured": true,
      "explanation": [
        "https://d1iljb9ao69244.cloudfront.net/379450_1692248818756_7.ogg"
      ]
    },
    "question_28": {
      "question_number": 28,
      "correct_option": 1,
      "sds_id": "SDS0956",
      "subtopic": "Light Reaction: Electron Transport",
      "image_filename": "question_28.png",
      "captured": true,
      "explanation": [
        "https://d1iljb9ao69244.cloudfront.net/question_explanations_346212_1669218729490.ogg"
      ]
    },
    "question_29": {
      "question_number": 29,
      "correct_option": 1,
      "sds_id": "SDS0957",
      "subtopic": "Light Reaction: Electron Transport",
      "image_filename": "question_29.png",
      "captured": true,
      "explanation": [
        "https://d1iljb9ao69244.cloudfront.net/420454_1708690653023_21.ogg"
      ]
    },
    "question_30": {
      "question_number": 30,
      "correct_option": 1,
      "sds_id": "SDS0958",
      "subtopic": "Light Reaction: Electron Transport",
      "image_filename": "question_30.png",
      "captured": true,
      "explanation": [
        "https://d1iljb9ao69244.cloudfront.net/63567_1725459023987_184.ogg",
        "https://d2f8z173p7073l.cloudfront.net/1550757534779"
      ]
    },
    "question_31": {
      "question_number": 31,
      "correct_option": 2,
      "sds_id": "SDS0959",
      "subtopic": "Light Reaction: Photophosphorylation",
      "image_filename": "question_31.png",
      "captured": true,
      "explanation": [
        "https://d1iljb9ao69244.cloudfront.net/63540_1725449887396_173.ogg",
        "https://d2f8z173p7073l.cloudfront.net/1550755340394"
      ]
    },
    "question_32": {
      "question_number": 32,
      "correct_option": 2,
      "sds_id": "SDS095A",
      "subtopic": "Light Reaction: Photophosphorylation",
      "image_filename": "question_32.png",
      "captured": true,
      "explanation": [
        "https://d1iljb9ao69244.cloudfront.net/63520_1722657509070_36.ogg",
        "https://d2f8z173p7073l.cloudfront.net/1550754076112",
        "https://dsbihjlymzdyy.cloudfront.net/bio_images/all/Diagrams%20in%20Svg%20form%2FPhotosynthesis%20in%20Higher%20Plants%20%2F63520.svg.svg"
      ]
    },
    "question_33": {
      "question_number": 33,
      "correct_option": 3,
      "sds_id": "SDS095B",
      "subtopic": "Light Reaction: Photophosphorylation",
      "image_filename": "question_33.png",
      "captured": true,
      "explanation": [
        "https://d1iljb9ao69244.cloudfront.net/435979_1712124513046_14.ogg"
      ]
    },
    "question_34": {
      "question_number": 34,
      "correct_option": 2,
      "sds_id": "SDS095C",
      "subtopic": "Light Reaction: Photophosphorylation",
      "image_filename": "question_34.png",
      "captured": true,
      "explanation": [
        "https://d1iljb9ao69244.cloudfront.net/453731_1714485063672_46.ogg"
      ]
    },
    "question_35": {
      "question_number": 35,
      "correct_option": 3,
      "sds_id": "SDS095D",
      "subtopic": "Light Reaction: Photophosphorylation",
      "image_filename": "question_35.png",
      "captured": true,
      "explanation": [
        "https://d1iljb9ao69244.cloudfront.net/430016_1710822505200_26.ogg"
      ]
    },
    "question_36": {
      "question_number": 36,
      "correct_option": 3,
      "sds_id": "SDS095E",
      "subtopic": "Dark Reaction: Biosynthetic Phase",
      "image_filename": "question_36.png",
      "captured": true,
      "explanation": [
        "https://d1iljb9ao69244.cloudfront.net/question_explanations_346001_1669189823204.ogg"
      ]
    },
    "question_37": {
      "question_number": 37,
      "correct_option": 3,
      "sds_id": "SDS095F",
      "subtopic": "Dark Reaction: Biosynthetic Phase",
      "image_filename": "question_37.png",
      "captured": true,
      "explanation": [
        "https://d1iljb9ao69244.cloudfront.net/333223_1650728329743_16.ogg"
      ]
    },
    "question_38": {
      "question_number": 38,
      "correct_option": 1,
      "sds_id": "SDS0960",
      "subtopic": "Dark Reaction: Biosynthetic Phase",
      "image_filename": "question_38.png",
      "captured": true,
      "explanation": [
        "https://d1iljb9ao69244.cloudfront.net/308129_1727422965237_795.ogg",
        "https://d1iljb9ao69244.cloudfront.net/308129_1639592368585_7.ogg"
      ]
    },
    "question_39": {
      "question_number": 39,
      "correct_option": 4,
      "sds_id": "SDS0961",
      "subtopic": "Dark Reaction: Biosynthetic Phase",
      "image_filename": "question_39.png",
      "captured": true,
      "explanation": [
        "https://d1iljb9ao69244.cloudfront.net/63501_1725019939647_158.ogg",
        "https://d2f8z173p7073l.cloudfront.net/1550752915243"
      ]
    },
    "question_40": {
      "question_number": 40,
      "correct_option": 1,
      "sds_id": "SDS0962",
      "subtopic": "Dark Reaction : Calvin Cycle",
      "image_filename": "question_40.png",
      "captured": true,
      "explanation": [
        "https://d1iljb9ao69244.cloudfront.net/446705_1713089215924_36.ogg"
      ]
    },
    "question_41": {
      "question_number": 41,
      "correct_option": 1,
      "sds_id": "SDS0963",
      "subtopic": "Dark Reaction : Calvin Cycle",
      "image_filename": "question_41.png",
      "captured": true,
      "explanation": [
        "https://d1iljb9ao69244.cloudfront.net/63486_1725019873964_153.ogg",
        "https://d2f8z173p7073l.cloudfront.net/1550663251348"
      ]
    },
    "question_42": {
      "question_number": 42,
      "correct_option": 3,
      "sds_id": "SDS0964",
      "subtopic": "Dark Reaction : Calvin Cycle",
      "image_filename": "question_42.png",
      "captured": true,
      "explanation": [
        "https://d1iljb9ao69244.cloudfront.net/question_explanations_346216_1669266417874.ogg"
      ]
    },
    "question_43": {
      "question_number": 43,
      "correct_option": 3,
      "sds_id": "SDS0965",
      "subtopic": "Dark Reaction : Calvin Cycle",
      "image_filename": "question_43.png",
      "captured": true,
      "explanation": [
        "https://d1iljb9ao69244.cloudfront.net/question_explanations_346217_1669136969760.ogg"
      ]
    },
    "question_44": {
      "question_number": 44,
      "correct_option": 4,
      "sds_id": "SDS0966",
      "subtopic": "Dark Reaction : Calvin Cycle",
      "image_filename": "question_44.png",
      "captured": true,
      "explanation": [
        "https://d1iljb9ao69244.cloudfront.net/63571_1725459065491_186.ogg",
        "https://d2f8z173p7073l.cloudfront.net/1550758010747"
      ]
    },
    "question_45": {
      "question_number": 45,
      "correct_option": 4,
      "sds_id": "SDS0967",
      "subtopic": "Dark Reaction : Calvin Cycle",
      "image_filename": "question_45.png",
      "captured": true,
      "explanation": [
        "https://d1iljb9ao69244.cloudfront.net/63568_1725459039384_185.ogg",
        "https://d2f8z173p7073l.cloudfront.net/1550757675455"
      ]
    },
    "question_46": {
      "question_number": 46,
      "correct_option": 1,
      "sds_id": "SDS0968",
      "subtopic": "Dark Reaction : Calvin Cycle",
      "image_filename": "question_46.png",
      "captured": true,
      "explanation": [
        "https://d1iljb9ao69244.cloudfront.net/382630_1693716291018_92.ogg"
      ]
    },
    "question_47": {
      "question_number": 47,
      "correct_option": 2,
      "sds_id": "SDS0969",
      "subtopic": "Dark Reaction : Calvin Cycle",
      "image_filename": "question_47.png",
      "captured": true,
      "explanation": [
        "https://d1iljb9ao69244.cloudfront.net/448140_1713511629965_16.ogg"
      ]
    },
    "question_48": {
      "question_number": 48,
      "correct_option": 2,
      "sds_id": "SDS096A",
      "subtopic": "Dark Reaction : Calvin Cycle",
      "image_filename": "question_48.png",
      "captured": true,
      "explanation": [
        "https://d1iljb9ao69244.cloudfront.net/412537_1706507064335_34.ogg"
      ]
    },
    "question_49": {
      "question_number": 49,
      "correct_option": 2,
      "sds_id": "SDS096B",
      "subtopic": "Dark Reaction : Calvin Cycle",
      "image_filename": "question_49.png",
      "captured": true,
      "explanation": [
        "https://d1iljb9ao69244.cloudfront.net/402255_1703755382664_33.ogg"
      ]
    },
    "question_50": {
      "question_number": 50,
      "correct_option": 3,
      "sds_id": "SDS096C",
      "subtopic": "Dark Reaction : Calvin Cycle",
      "image_filename": "question_50.png",
      "captured": true,
      "explanation": [
        "https://d1iljb9ao69244.cloudfront.net/438043_1712588813259_12.ogg"
      ]
    },
    "question_51": {
      "question_number": 51,
      "correct_option": 3,
      "sds_id": "SDS096D",
      "subtopic": "Dark Reaction : Calvin Cycle",
      "image_filename": "question_51.png",
      "captured": true,
      "explanation": [
        "https://d1iljb9ao69244.cloudfront.net/63531_1725447159141_169.ogg",
        "https://d2f8z173p7073l.cloudfront.net/1550754711874"
      ]
    },
    "question_52": {
      "question_number": 52,
      "correct_option": 1,
      "sds_id": "SDS096E",
      "subtopic": "Dark Reaction : Calvin Cycle",
      "image_filename": "question_52.png",
      "captured": true,
      "explanation": [
        "https://d1iljb9ao69244.cloudfront.net/379460_1692249012170_17.ogg"
      ]
    },
    "question_53": {
      "question_number": 53,
      "correct_option": 4,
      "sds_id": "SDS096F",
      "subtopic": "Dark Reaction : Calvin Cycle",
      "image_filename": "question_53.png",
      "captured": true,
      "explanation": [
        "https://d1iljb9ao69244.cloudfront.net/447153_1713262878335_16.ogg"
      ]
    },
    "question_54": {
      "question_number": 54,
      "correct_option": 3,
      "sds_id": "SDS0970",
      "subtopic": "C4 Cycle (Hatch & Slack Pathway)",
      "image_filename": "question_54.png",
      "captured": true,
      "explanation": [
        "https://d1iljb9ao69244.cloudfront.net/63541_1725449901549_174.ogg",
        "https://d2f8z173p7073l.cloudfront.net/1550755429911"
      ]
    },
    "question_55": {
      "question_number": 55,
      "correct_option": 3,
      "sds_id": "SDS0971",
      "subtopic": "C4 Cycle (Hatch & Slack Pathway)",
      "image_filename": "question_55.png",
      "captured": true,
      "explanation": [
        "https://d1iljb9ao69244.cloudfront.net/379456_1692248924439_13.ogg"
      ]
    },
    "question_56": {
      "question_number": 56,
      "correct_option": 4,
      "sds_id": "SDS0972",
      "subtopic": "C4 Cycle (Hatch & Slack Pathway)",
      "image_filename": "question_56.png",
      "captured": true,
      "explanation": [
        "https://d2f8z173p7073l.cloudfront.net/1632333168929"
      ]
    },
    "question_57": {
      "question_number": 57,
      "correct_option": 2,
      "sds_id": "SDS0973",
      "subtopic": "C4 Cycle (Hatch & Slack Pathway)",
      "image_filename": "question_57.png",
      "captured": true,
      "explanation": [
        "https://d1iljb9ao69244.cloudfront.net/question_explanations_337027_1654261564617.ogg"
      ]
    },
    "question_58": {
      "question_number": 58,
      "correct_option": 1,
      "sds_id": "SDS0974",
      "subtopic": "C4 Cycle (Hatch & Slack Pathway)",
      "image_filename": "question_58.png",
      "captured": true,
      "explanation": [
        "https://d1iljb9ao69244.cloudfront.net/402253_1703755364033_32.ogg"
      ]
    },
    "question_59": {
      "question_number": 59,
      "correct_option": 1,
      "sds_id": "SDS0975",
      "subtopic": "C4 Cycle (Hatch & Slack Pathway)",
      "image_filename": "question_59.png",
      "captured": true,
      "explanation": [
        "https://d1iljb9ao69244.cloudfront.net/412532_1706506752119_29.ogg"
      ]
    },
    "question_60": {
      "question_number": 60,
      "correct_option": 1,
      "sds_id": "SDS0976",
      "subtopic": "C4 Cycle (Hatch & Slack Pathway)",
      "image_filename": "question_60.png",
      "captured": true,
      "explanation": [
        "https://d1iljb9ao69244.cloudfront.net/447704_1713345791502_36.ogg"
      ]
    },
    "question_61": {
      "question_number": 61,
      "correct_option": 1,
      "sds_id": "SDS0977",
      "subtopic": "C4 Cycle (Hatch & Slack Pathway)",
      "image_filename": "question_61.png",
      "captured": true,
      "explanation": [
        "https://d1iljb9ao69244.cloudfront.net/question_explanations_346220_1669266657984.ogg"
      ]
    },
    "question_62": {
      "question_number": 62,
      "correct_option": 3,
      "sds_id": "SDS0978",
      "subtopic": "C4 Cycle (Hatch & Slack Pathway)",
      "image_filename": "question_62.png",
      "captured": true,
      "explanation": [
        "https://d1iljb9ao69244.cloudfront.net/379461_1692249025541_18.ogg"
      ]
    },
    "question_63": {
      "question_number": 63,
      "correct_option": 3,
      "sds_id": "SDS0979",
      "subtopic": "C4 Cycle (Hatch & Slack Pathway)",
      "image_filename": "question_63.png",
      "captured": true,
      "explanation": [
        "https://d1iljb9ao69244.cloudfront.net/63485_1725019861624_152.ogg",
        "https://d2f8z173p7073l.cloudfront.net/1550663186722"
      ]
    },
    "question_64": {
      "question_number": 64,
      "correct_option": 2,
      "sds_id": "SDS097A",
      "subtopic": "C4 Cycle (Hatch & Slack Pathway)",
      "image_filename": "question_64.png",
      "captured": true,
      "explanation": [
        "https://d1iljb9ao69244.cloudfront.net/63487_1725019887374_154.ogg",
        "https://d2f8z173p7073l.cloudfront.net/1550663317657"
      ]
    },
    "question_65": {
      "question_number": 65,
      "correct_option": 3,
      "sds_id": "SDS097B",
      "subtopic": "C4 Cycle (Hatch & Slack Pathway)",
      "image_filename": "question_65.png",
      "captured": true,
      "explanation": [
        "https://d1iljb9ao69244.cloudfront.net/63556_1725457388977_181.ogg",
        "https://d2f8z173p7073l.cloudfront.net/1550756544955",
        "https://dsbihjlymzdyy.cloudfront.net/bio_images/all/Diagrams%20in%20Svg%20form%2FPhotosynthesis%20in%20Higher%20Plants%20%2F63556.svg.svg"
      ]
    },
    "question_66": {
      "question_number": 66,
      "correct_option": 1,
      "sds_id": "SDS097C",
      "subtopic": "C4 Cycle (Hatch & Slack Pathway)",
      "image_filename": "question_66.png",
      "captured": true,
      "explanation": [
        "https://d1iljb9ao69244.cloudfront.net/412534_1706507019899_31.ogg"
      ]
    },
    "question_67": {
      "question_number": 67,
      "correct_option": 3,
      "sds_id": "SDS097D",
      "subtopic": "C4 Cycle (Hatch & Slack Pathway)",
      "image_filename": "question_67.png",
      "captured": true,
      "explanation": [
        "https://d1iljb9ao69244.cloudfront.net/question_explanations_346223_1669267829675.ogg"
      ]
    },
    "question_68": {
      "question_number": 68,
      "correct_option": 3,
      "sds_id": "SDS097E",
      "subtopic": "CAM Pathway",
      "image_filename": "question_68.png",
      "captured": true,
      "explanation": [
        "https://d1iljb9ao69244.cloudfront.net/446716_1713089460036_47.ogg"
      ]
    },
    "question_69": {
      "question_number": 69,
      "correct_option": 2,
      "sds_id": "SDS097F",
      "subtopic": "Photorespiration",
      "image_filename": "question_69.png",
      "captured": true,
      "explanation": [
        "https://d1iljb9ao69244.cloudfront.net/question_explanations_346221_1669190820446.ogg"
      ]
    },
    "question_70": {
      "question_number": 70,
      "correct_option": 3,
      "sds_id": "SDS0980",
      "subtopic": "Photorespiration",
      "image_filename": "question_70.png",
      "captured": true,
      "explanation": [
        "https://d1iljb9ao69244.cloudfront.net/412535_1706507034498_32.ogg"
      ]
    },
    "question_71": {
      "question_number": 71,
      "correct_option": 4,
      "sds_id": "SDS0981",
      "subtopic": "Photorespiration",
      "image_filename": "question_71.png",
      "captured": true,
      "explanation": [
        "https://d1iljb9ao69244.cloudfront.net/379464_1692249061630_21.ogg"
      ]
    },
    "question_72": {
      "question_number": 72,
      "correct_option": 2,
      "sds_id": "SDS0982",
      "subtopic": "Photorespiration",
      "image_filename": "question_72.png",
      "captured": true,
      "explanation": [
        "https://d1iljb9ao69244.cloudfront.net/63489_1725019899588_155.ogg",
        "https://d2f8z173p7073l.cloudfront.net/1550664084096"
      ]
    },
    "question_73": {
      "question_number": 73,
      "correct_option": 1,
      "sds_id": "SDS0983",
      "subtopic": "Photorespiration",
      "image_filename": "question_73.png",
      "captured": true,
      "explanation": [
        "https://d1iljb9ao69244.cloudfront.net/question_explanations_346222_1669267650676.ogg"
      ]
    },
    "question_74": {
      "question_number": 74,
      "correct_option": 4,
      "sds_id": "SDS0984",
      "subtopic": "Photorespiration",
      "image_filename": "question_74.png",
      "captured": true,
      "explanation": [
        "https://d1iljb9ao69244.cloudfront.net/63490_1725019912149_156.ogg",
        "https://d2f8z173p7073l.cloudfront.net/1550664162525"
      ]
    },
    "question_75": {
      "question_number": 75,
      "correct_option": 2,
      "sds_id": "SDS0985",
      "subtopic": "Photorespiration",
      "image_filename": "question_75.png",
      "captured": true,
      "explanation": [
        "https://d1iljb9ao69244.cloudfront.net/63511_1725447055319_162.ogg",
        "https://d2f8z173p7073l.cloudfront.net/1550753516497"
      ]
    },
    "question_76": {
      "question_number": 76,
      "correct_option": 2,
      "sds_id": "SDS0986",
      "subtopic": "Photorespiration",
      "image_filename": "question_76.png",
      "captured": true,
      "explanation": [
        "https://d1iljb9ao69244.cloudfront.net/63927_1726226307430_249.ogg",
        "https://d2f8z173p7073l.cloudfront.net/1550759234623"
      ]
    },
    "question_77": {
      "question_number": 77,
      "correct_option": 1,
      "sds_id": "SDS0987",
      "subtopic": "Photorespiration",
      "image_filename": "question_77.png",
      "captured": true,
      "explanation": [
        "https://d1iljb9ao69244.cloudfront.net/402250_1703754551306_30.ogg"
      ]
    },
    "question_78": {
      "question_number": 78,
      "correct_option": 3,
      "sds_id": "SDS0988",
      "subtopic": "Photorespiration",
      "image_filename": "question_78.png",
      "captured": true,
      "explanation": [
        "https://d1iljb9ao69244.cloudfront.net/382632_1693716312996_94.ogg"
      ]
    },
    "question_79": {
      "question_number": 79,
      "correct_option": 1,
      "sds_id": "SDS0989",
      "subtopic": "Photorespiration",
      "image_filename": "question_79.png",
      "captured": true,
      "explanation": [
        "https://d1iljb9ao69244.cloudfront.net/420536_1709198945071_47.ogg"
      ]
    },
    "question_80": {
      "question_number": 80,
      "correct_option": 3,
      "sds_id": "SDS098A",
      "subtopic": "Factors Affecting Photosynthesis",
      "image_filename": "question_80.png",
      "captured": true,
      "explanation": [
        "https://d1iljb9ao69244.cloudfront.net/question_explanations_345995_1669188519231.ogg"
      ]
    },
    "question_81": {
      "question_number": 81,
      "correct_option": 1,
      "sds_id": "SDS098B",
      "subtopic": "Factors Affecting Photosynthesis",
      "image_filename": "question_81.png",
      "captured": true,
      "explanation": [
        "https://d1iljb9ao69244.cloudfront.net/63502_1725019955174_159.ogg",
        "https://d2f8z173p7073l.cloudfront.net/1550753086929"
      ]
    },
    "question_82": {
      "question_number": 82,
      "correct_option": 3,
      "sds_id": "SDS098C",
      "subtopic": "Factors Affecting Photosynthesis",
      "image_filename": "question_82.png",
      "captured": true,
      "explanation": [
        "https://d1iljb9ao69244.cloudfront.net/63492_1725019925124_157.ogg",
        "https://d2f8z173p7073l.cloudfront.net/1550664710804"
      ]
    },
    "question_83": {
      "question_number": 83,
      "correct_option": 1,
      "sds_id": "SDS098D",
      "subtopic": "Factors Affecting Photosynthesis",
      "image_filename": "question_83.png",
      "captured": true,
      "explanation": [
        "https://d1iljb9ao69244.cloudfront.net/question_explanations_346225_1669268308697.ogg"
      ]
    },
    "question_84": {
      "question_number": 84,
      "correct_option": 1,
      "sds_id": "SDS098E",
      "subtopic": "Factors Affecting Photosynthesis",
      "image_filename": "question_84.png",
      "captured": true,
      "explanation": [
        "https://d1iljb9ao69244.cloudfront.net/question_explanations_346227_1669265642200.ogg"
      ]
    },
    "question_85": {
      "question_number": 85,
      "correct_option": 4,
      "sds_id": "SDS098F",
      "subtopic": "Factors Affecting Photosynthesis",
      "image_filename": "question_85.png",
      "captured": true,
      "explanation": [
        "https://d1iljb9ao69244.cloudfront.net/question_explanations_346228_1668324054115.ogg"
      ]
    },
    "question_86": {
      "question_number": 86,
      "correct_option": 1,
      "sds_id": "SDS0990",
      "subtopic": "Factors Affecting Photosynthesis",
      "image_filename": "question_86.png",
      "captured": true,
      "explanation": [
        "https://d1iljb9ao69244.cloudfront.net/402241_1703754475055_25.ogg"
      ]
    },
    "question_87": {
      "question_number": 87,
      "correct_option": 1,
      "sds_id": "SDS0991",
      "subtopic": "Factors Affecting Photosynthesis",
      "image_filename": "question_87.png",
      "captured": true,
      "explanation": [
        "https://d1iljb9ao69244.cloudfront.net/402239_1703754460068_24.ogg"
      ]
    },
    "question_88": {
      "question_number": 88,
      "correct_option": 3,
      "sds_id": "SDS0992",
      "subtopic": "Factors Affecting Photosynthesis",
      "image_filename": "question_88.png",
      "captured": true,
      "explanation": [
        "https://d1iljb9ao69244.cloudfront.net/402246_1703754519136_28.ogg"
      ]
    },
    "question_89": {
      "question_number": 89,
      "correct_option": 1,
      "sds_id": "SDS0993",
      "subtopic": "Factors Affecting Photosynthesis",
      "image_filename": "question_89.png",
      "captured": true,
      "explanation": [
        "https://d1iljb9ao69244.cloudfront.net/412939_1706507119834_38.ogg"
      ]
    },
    "question_90": {
      "question_number": 90,
      "correct_option": 2,
      "sds_id": "SDS0994",
      "subtopic": "Factors Affecting Photosynthesis",
      "image_filename": "question_90.png",
      "captured": true,
      "explanation": [
        "https://d1iljb9ao69244.cloudfront.net/412940_1706507134883_39.ogg"
      ]
    },
    "question_91": {
      "question_number": 91,
      "correct_option": 3,
      "sds_id": "SDS0995",
      "subtopic": "Factors Affecting Photosynthesis",
      "image_filename": "question_91.png",
      "captured": true,
      "explanation": [
        "https://d1iljb9ao69244.cloudfront.net/412943_1706507149839_40.ogg"
      ]
    },
    "question_92": {
      "question_number": 92,
      "correct_option": 2,
      "sds_id": "SDS0996",
      "subtopic": "Factors Affecting Photosynthesis",
      "image_filename": "question_92.png",
      "captured": true,
      "explanation": [
        "https://d1iljb9ao69244.cloudfront.net/379457_1692248934542_14.ogg"
      ]
    },
    "question_93": {
      "question_number": 93,
      "correct_option": 1,
      "sds_id": "SDS0997",
      "subtopic": "Factors Affecting Photosynthesis",
      "image_filename": "question_93.png",
      "captured": true,
      "explanation": [
        "https://d1iljb9ao69244.cloudfront.net/382611_1693715906920_73.ogg"
      ]
    },
    "question_94": {
      "question_number": 94,
      "correct_option": 3,
      "sds_id": "SDS0998",
      "subtopic": "Factors Affecting Photosynthesis",
      "image_filename": "question_94.png",
      "captured": true,
      "explanation": [
        "https://d1iljb9ao69244.cloudfront.net/425165_1709536051708_33.ogg"
      ]
    },
    "question_95": {
      "question_number": 95,
      "correct_option": 3,
      "sds_id": "SDS0999",
      "subtopic": "Factors Affecting Photosynthesis",
      "image_filename": "question_95.png",
      "captured": true,
      "explanation": [
        "https://d1iljb9ao69244.cloudfront.net/429897_1710823393944_45.ogg"
      ]
    },
    "question_96": {
      "question_number": 96,
      "correct_option": 2,
      "sds_id": "SDS099A",
      "subtopic": "Factors Affecting Photosynthesis",
      "image_filename": "question_96.png",
      "captured": true,
      "explanation": [
        "https://d1iljb9ao69244.cloudfront.net/439160_1712666062327_14.ogg"
      ]
    },
    "question_97": {
      "question_number": 97,
      "correct_option": 2,
      "sds_id": "SDS099B",
      "subtopic": "Factors Affecting Photosynthesis",
      "image_filename": "question_97.png",
      "captured": true,
      "explanation": [
        "https://d1iljb9ao69244.cloudfront.net/447199_1713268188707_43.ogg"
      ]
    },
    "question_98": {
      "question_number": 98,
      "correct_option": 2,
      "sds_id": "SDS099C",
      "subtopic": "Factors Affecting Photosynthesis",
      "image_filename": "question_98.png",
      "captured": true,
      "explanation": [
        "https://d1iljb9ao69244.cloudfront.net/338634_1657388509436_63.ogg"
      ]
    },
    "question_99": {
      "question_number": 99,
      "correct_option": 4,
      "sds_id": "SDS099D",
      "subtopic": "Pigments",
      "image_filename": "question_99.png",
      "captured": true,
      "explanation": [
        "https://d1iljb9ao69244.cloudfront.net/381204_1692805231998_1.ogg"
      ]
    },
    "question_100": {
      "question_number": 100,
      "correct_option": 3,
      "sds_id": "SDS099E",
      "subtopic": "Pigments",
      "image_filename": "question_100.png",
      "captured": true,
      "explanation": [
        "https://d1iljb9ao69244.cloudfront.net/63514_1725447071345_163.ogg",
        "https://d2f8z173p7073l.cloudfront.net/1550753754091",
        "https://dsbihjlymzdyy.cloudfront.net/bio_images/all/Diagrams%20in%20Svg%20form%2FPhotosynthesis%20in%20Higher%20Plants%20%2F63514.SVG.svg"
      ]
    },
    "question_101": {
      "question_number": 101,
      "correct_option": 1,
      "sds_id": "SDS099F",
      "subtopic": "Pigments",
      "image_filename": "question_101.png",
      "captured": true,
      "explanation": [
        "https://d1iljb9ao69244.cloudfront.net/379446_1692248762526_3.ogg"
      ]
    },
    "question_102": {
      "question_number": 102,
      "correct_option": 1,
      "sds_id": "SDS09A0",
      "subtopic": "Pigments",
      "image_filename": "question_102.png",
      "captured": true,
      "explanation": [
        "https://d1iljb9ao69244.cloudfront.net/question_explanations_346207_1669189882907.ogg"
      ]
    },
    "question_103": {
      "question_number": 103,
      "correct_option": 2,
      "sds_id": "SDS09A1",
      "subtopic": "Pigments",
      "image_filename": "question_103.png",
      "captured": true,
      "explanation": [
        "https://d1iljb9ao69244.cloudfront.net/63505_1725447038830_161.ogg",
        "https://d2f8z173p7073l.cloudfront.net/1550753211556"
      ]
    },
    "question_104": {
      "question_number": 104,
      "correct_option": 1,
      "sds_id": "SDS09A2",
      "subtopic": "Pigments",
      "image_filename": "question_104.png",
      "captured": true,
      "explanation": [
        "https://d1iljb9ao69244.cloudfront.net/63503_1725019969205_160.ogg",
        "https://d2f8z173p7073l.cloudfront.net/1550753122651",
        "https://dsbihjlymzdyy.cloudfront.net/bio_images/all/Diagrams%20in%20Svg%20form%2FPhotosynthesis%20in%20Higher%20Plants%20%2F63503.svg.svg"
      ]
    },
    "question_105": {
      "question_number": 105,
      "correct_option": 4,
      "sds_id": "SDS09A3",
      "subtopic": "Pigments",
      "image_filename": "question_105.png",
      "captured": true,
      "explanation": [
        "https://d1iljb9ao69244.cloudfront.net/question_explanations_346002_1669190062844.ogg"
      ]
    },
    "question_106": {
      "question_number": 106,
      "correct_option": 4,
      "sds_id": "SDS09A4",
      "subtopic": "Pigments",
      "image_filename": "question_106.png",
      "captured": true,
      "explanation": [
        "https://d1iljb9ao69244.cloudfront.net/63473_1725018200305_146.ogg",
        "https://d2f8z173p7073l.cloudfront.net/1550662200199"
      ]
    },
    "question_107": {
      "question_number": 107,
      "correct_option": 1,
      "sds_id": "SDS09A5",
      "subtopic": "Pigments",
      "image_filename": "question_107.png",
      "captured": true,
      "explanation": [
        "https://d1iljb9ao69244.cloudfront.net/412525_1706506650584_22.ogg"
      ]
    },
    "question_108": {
      "question_number": 108,
      "correct_option": 2,
      "sds_id": "SDS09A6",
      "subtopic": "Pigments",
      "image_filename": "question_108.png",
      "captured": true,
      "explanation": [
        "https://d1iljb9ao69244.cloudfront.net/379447_1692248777790_4.ogg"
      ]
    },
    "question_109": {
      "question_number": 109,
      "correct_option": 3,
      "sds_id": "SDS09A7",
      "subtopic": "Pigments",
      "image_filename": "question_109.png",
      "captured": true,
      "explanation": [
        "https://d1iljb9ao69244.cloudfront.net/382607_1693715775742_69.ogg"
      ]
    },
    "question_110": {
      "question_number": 110,
      "correct_option": 2,
      "sds_id": "SDS09A8",
      "subtopic": "Light Reactions",
      "image_filename": "question_110.png",
      "captured": true,
      "explanation": [
        "https://d1iljb9ao69244.cloudfront.net/392543_1697796859858_5.ogg"
      ]
    },
    "question_111": {
      "question_number": 111,
      "correct_option": 3,
      "sds_id": "SDS09A9",
      "subtopic": "Chemiosmotic hypothesis",
      "image_filename": "question_111.png",
      "captured": true,
      "explanation": [
        "https://d1iljb9ao69244.cloudfront.net/379451_1692248834279_8.ogg"
      ]
    },
    "question_112": {
      "question_number": 112,
      "correct_option": 2,
      "sds_id": "SDS09AA",
      "subtopic": "Chemiosmotic hypothesis",
      "image_filename": "question_112.png",
      "captured": true,
      "explanation": [
        "https://d1iljb9ao69244.cloudfront.net/63478_1722657679752_41.ogg",
        "https://d2f8z173p7073l.cloudfront.net/1550662391602"
      ]
    },
    "question_113": {
      "question_number": 113,
      "correct_option": 4,
      "sds_id": "SDS09AB",
      "subtopic": "Chemiosmotic hypothesis",
      "image_filename": "question_113.png",
      "captured": true,
      "explanation": [
        "https://d1iljb9ao69244.cloudfront.net/question_explanations_346213_1669264181647.ogg"
      ]
    },
    "question_114": {
      "question_number": 114,
      "correct_option": 1,
      "sds_id": "SDS09AC",
      "subtopic": "Chemiosmotic hypothesis",
      "image_filename": "question_114.png",
      "captured": true,
      "explanation": [
        "https://d1iljb9ao69244.cloudfront.net/63548_1725457355456_179.ogg",
        "https://d2f8z173p7073l.cloudfront.net/1550755749654"
      ]
    },
    "question_115": {
      "question_number": 115,
      "correct_option": 2,
      "sds_id": "SDS09AD",
      "subtopic": "Chemiosmotic hypothesis",
      "image_filename": "question_115.png",
      "captured": true,
      "explanation": [
        "https://d1iljb9ao69244.cloudfront.net/382625_1693716206608_87.ogg"
      ]
    },
    "question_116": {
      "question_number": 116,
      "correct_option": 2,
      "sds_id": "SDS09AE",
      "subtopic": "Chemiosmotic hypothesis",
      "image_filename": "question_116.png",
      "captured": true,
      "explanation": [
        "https://d1iljb9ao69244.cloudfront.net/392565_1697797243117_19.ogg"
      ]
    },
    "question_117": {
      "question_number": 117,
      "correct_option": 1,
      "sds_id": "SDS09AF",
      "subtopic": "Chemiosmotic hypothesis",
      "image_filename": "question_117.png",
      "captured": true,
      "explanation": [
        "https://d1iljb9ao69244.cloudfront.net/437208_1712306527317_1.ogg"
      ]
    },
    "question_118": {
      "question_number": 118,
      "correct_option": 4,
      "sds_id": "SDS09B0",
      "subtopic": "Chemiosmotic hypothesis",
      "image_filename": "question_118.png",
      "captured": true,
      "explanation": [
        "https://d1iljb9ao69244.cloudfront.net/63886_1726226219657_247.ogg",
        "https://d2f8z173p7073l.cloudfront.net/1550759702809"
      ]
    },
    "question_119": {
      "question_number": 119,
      "correct_option": 1,
      "sds_id": "SDS09B1",
      "subtopic": "Chemiosmotic hypothesis",
      "image_filename": "question_119.png",
      "captured": true,
      "explanation": [
        "https://d1iljb9ao69244.cloudfront.net/63479_1725018285848_149.ogg",
        "https://d2f8z173p7073l.cloudfront.net/1550662482327"
      ]
    },
    "question_120": {
      "question_number": 120,
      "correct_option": 3,
      "sds_id": "SDS09B2",
      "subtopic": "Chemiosmotic hypothesis",
      "image_filename": "question_120.png",
      "captured": true,
      "explanation": [
        "https://d1iljb9ao69244.cloudfront.net/question_explanations_346214_1669266076782.ogg"
      ]
    },
    "question_121": {
      "question_number": 121,
      "correct_option": 4,
      "sds_id": "SDS09B3",
      "subtopic": "WHERE ARE THE ATP AND NADPH USED",
      "image_filename": "question_121.png",
      "captured": true,
      "explanation": [
        "https://d1iljb9ao69244.cloudfront.net/392541_1697796828220_4.ogg"
      ]
    },
    "question_122": {
      "question_number": 122,
      "correct_option": 4,
      "sds_id": "SDS09B4",
      "subtopic": "WHERE ARE THE ATP AND NADPH USED",
      "image_filename": "question_122.png",
      "captured": true,
      "explanation": [
        "https://d1iljb9ao69244.cloudfront.net/379454_1692248883474_11.ogg"
      ]
    },
    "question_123": {
      "question_number": 123,
      "correct_option": 3,
      "sds_id": "SDS09B5",
      "subtopic": "WHERE ARE THE ATP AND NADPH USED",
      "image_filename": "question_123.png",
      "captured": true,
      "explanation": [
        "https://d1iljb9ao69244.cloudfront.net/412526_1706506665702_23.ogg"
      ]
    }
  }
}