{
  "chapter_no": 14,
  "chapter_name": "Breathing and Exchange of Gases",
  "section_name": "Level 2",
  "total_questions": 24,
  "questions": {
    "question_1": {
      "question_number": 1,
      "correct_option": 4,
      "sds_id": "SDS0B8F",
      "subtopic": "Respiratory System: Upper Respiratory Tract",
      "image_filename": "question_1.png",
      "captured": true,
      "explanation": [
        "https://d2f8z173p7073l.cloudfront.net/1547893103375"
      ]
    },
    "question_2": {
      "question_number": 2,
      "correct_option": 4,
      "sds_id": "SDS0B90",
      "subtopic": "Respiratory System: Trachea & Basic Anatomy of Lung",
      "image_filename": "question_2.png",
      "captured": true,
      "explanation": [
        "https://d1iljb9ao69244.cloudfront.net/question_explanations_61450_1632751767428.ogg",
        "https://d1iljb9ao69244.cloudfront.net/question_explanations_61450_1632751682333.ogg",
        "https://d2f8z173p7073l.cloudfront.net/1547891327680"
      ]
    },
    "question_3": {
      "question_number": 3,
      "correct_option": 3,
      "sds_id": "SDS0B91",
      "subtopic": "Respiratory System: Trachea & Basic Anatomy of Lung",
      "image_filename": "question_3.png",
      "captured": true,
      "explanation": [
        "https://d2f8z173p7073l.cloudfront.net/1547826584345"
      ]
    },
    "question_4": {
      "question_number": 4,
      "correct_option": 1,
      "sds_id": "SDS0B92",
      "subtopic": "Respiratory System: Pulmonary Ventilation",
      "image_filename": "question_4.png",
      "captured": true,
      "explanation": [
        "https://d2f8z173p7073l.cloudfront.net/1547882197310",
        "https://d2f8z173p7073l.cloudfront.net/1632594828559"
      ]
    },
    "question_5": {
      "question_number": 5,
      "correct_option": 2,
      "sds_id": "SDS0B93",
      "subtopic": "Respiratory System: Pulmonary Ventilation",
      "image_filename": "question_5.png",
      "captured": true,
      "explanation": [
        "https://d1iljb9ao69244.cloudfront.net/question_explanations_127285_1622541961850.ogg",
        "https://d2f8z173p7073l.cloudfront.net/1585059234815"
      ]
    },
    "question_6": {
      "question_number": 6,
      "correct_option": 2,
      "sds_id": "SDS0B94",
      "subtopic": "Respiratory System: Pulmonary Ventilation",
      "image_filename": "question_6.png",
      "captured": true,
      "explanation": [
        "https://d2f8z173p7073l.cloudfront.net/1549016684285"
      ]
    },
    "question_7": {
      "question_number": 7,
      "correct_option": 3,
      "sds_id": "SDS0B95",
      "subtopic": "Respiratory System: Pulmonary Volumes & Capacities",
      "image_filename": "question_7.png",
      "captured": true,
      "explanation": [
        "https://d2f8z173p7073l.cloudfront.net/1549047428842",
        "https://d2f8z173p7073l.cloudfront.net/1663321438701"
      ]
    },
    "question_8": {
      "question_number": 8,
      "correct_option": 2,
      "sds_id": "SDS0B96",
      "subtopic": "Respiratory System: Pulmonary Volumes & Capacities",
      "image_filename": "question_8.png",
      "captured": true,
      "explanation": [
        "https://d2f8z173p7073l.cloudfront.net/1547829413344"
      ]
    },
    "question_9": {
      "question_number": 9,
      "correct_option": 3,
      "sds_id": "SDS0B97",
      "subtopic": "Respiratory System: Exchange of Gases",
      "image_filename": "question_9.png",
      "captured": true,
      "explanation": [
        "https://d1iljb9ao69244.cloudfront.net/question_explanations_61445_1632750916764.ogg",
        "https://d1iljb9ao69244.cloudfront.net/question_explanations_61445_1632750683023.ogg",
        "https://d2f8z173p7073l.cloudfront.net/1547890613623"
      ]
    },
    "question_10": {
      "question_number": 10,
      "correct_option": 2,
      "sds_id": "SDS0B98",
      "subtopic": "Respiratory System: Exchange of Gases",
      "image_filename": "question_10.png",
      "captured": true,
      "explanation": [
        "https://d2f8z173p7073l.cloudfront.net/1547892851476"
      ]
    },
    "question_11": {
      "question_number": 11,
      "correct_option": 4,
      "sds_id": "SDS0B99",
      "subtopic": "Respiratory System: Exchange of Gases",
      "image_filename": "question_11.png",
      "captured": true,
      "explanation": [
        "https://d2f8z173p7073l.cloudfront.net/1548038830173"
      ]
    },
    "question_12": {
      "question_number": 12,
      "correct_option": 2,
      "sds_id": "SDS0B9A",
      "subtopic": "Respiratory System: Exchange of Gases",
      "image_filename": "question_12.png",
      "captured": true,
      "explanation": [
        "https://d2f8z173p7073l.cloudfront.net/1549074793105"
      ]
    },
    "question_13": {
      "question_number": 13,
      "correct_option": 2,
      "sds_id": "SDS0B9B",
      "subtopic": "Respiratory System: Exchange of Gases",
      "image_filename": "question_13.png",
      "captured": true,
      "explanation": [
        "https://d2f8z173p7073l.cloudfront.net/1549017074101"
      ]
    },
    "question_14": {
      "question_number": 14,
      "correct_option": 1,
      "sds_id": "SDS0B9C",
      "subtopic": "Respiratory System: Regulation of Respiration",
      "image_filename": "question_14.png",
      "captured": true,
      "explanation": [
        "https://d2f8z173p7073l.cloudfront.net/1549017252544"
      ]
    },
    "question_15": {
      "question_number": 15,
      "correct_option": 4,
      "sds_id": "SDS0B9D",
      "subtopic": "Respiratory Disorders: Part 1",
      "image_filename": "question_15.png",
      "captured": true,
      "explanation": [
        "https://d2f8z173p7073l.cloudfront.net/1547895253327"
      ]
    },
    "question_16": {
      "question_number": 16,
      "correct_option": 4,
      "sds_id": "SDS0B9E",
      "subtopic": "Respiratory Disorders: Part 1",
      "image_filename": "question_16.png",
      "captured": true,
      "explanation": [
        "https://d1iljb9ao69244.cloudfront.net/127305_1632850220028_111.ogg",
        "https://d1iljb9ao69244.cloudfront.net/question_explanations_127305_1622622684289.ogg",
        "https://d2f8z173p7073l.cloudfront.net/1585060217658"
      ]
    },
    "question_17": {
      "question_number": 17,
      "correct_option": 4,
      "sds_id": "SDS0B9F",
      "subtopic": "Respiratory Disorders: Part 1",
      "image_filename": "question_17.png",
      "captured": true,
      "explanation": [
        "https://d2f8z173p7073l.cloudfront.net/1549019808959"
      ]
    },
    "question_18": {
      "question_number": 18,
      "correct_option": 4,
      "sds_id": "SDS0BA0",
      "subtopic": "Respiratory Disorders: Part 1",
      "image_filename": "question_18.png",
      "captured": true,
      "explanation": [
        "https://d2f8z173p7073l.cloudfront.net/1550411934722"
      ]
    },
    "question_19": {
      "question_number": 19,
      "correct_option": 2,
      "sds_id": "SDS0BA1",
      "subtopic": "Respiratory Disorders: Part 1",
      "image_filename": "question_19.png",
      "captured": true,
      "explanation": [
        "https://d2f8z173p7073l.cloudfront.net/1547882247428"
      ]
    },
    "question_20": {
      "question_number": 20,
      "correct_option": 1,
      "sds_id": "SDS0BA2",
      "subtopic": "Respiratory Disorders: Part 1",
      "image_filename": "question_20.png",
      "captured": true,
      "explanation": [
        "https://d2f8z173p7073l.cloudfront.net/1549016705691"
      ]
    },
    "question_21": {
      "question_number": 21,
      "correct_option": 3,
      "sds_id": "SDS0BA3",
      "subtopic": "Respiratory System: Transport of Gases",
      "image_filename": "question_21.png",
      "captured": true,
      "explanation": [
        "https://d1iljb9ao69244.cloudfront.net/127303_1632850395912_121.ogg",
        "https://d1iljb9ao69244.cloudfront.net/question_explanations_127303_1622622506805.ogg",
        "https://d2f8z173p7073l.cloudfront.net/1585060612070"
      ]
    },
    "question_22": {
      "question_number": 22,
      "correct_option": 4,
      "sds_id": "SDS0BA4",
      "subtopic": "Respiratory System: Transport of Gases",
      "image_filename": "question_22.png",
      "captured": true,
      "explanation": [
        "https://d2f8z173p7073l.cloudfront.net/1549017218043"
      ]
    },
    "question_23": {
      "question_number": 23,
      "correct_option": 3,
      "sds_id": "SDS0BA5",
      "subtopic": "Respiratory System: Transport of Gases",
      "image_filename": "question_23.png",
      "captured": true,
      "explanation": [
        "https://d1iljb9ao69244.cloudfront.net/127261_1632850468044_125.ogg",
        "https://d1iljb9ao69244.cloudfront.net/question_explanations_127261_1622532372981.ogg",
        "https://d2f8z173p7073l.cloudfront.net/1585060873064",
        "https://d2f8z173p7073l.cloudfront.net/1663325712157"
      ]
    },
    "question_24": {
      "question_number": 24,
      "correct_option": 1,
      "sds_id": "SDS0BA6",
      "subtopic": "Respiratory System: Transport of Gases",
      "image_filename": "question_24.png",
      "captured": true,
      "explanation": [
        "https://d2f8z173p7073l.cloudfront.net/1549016656341"
      ]
    }
  }
}