{
  "chapter_no": 2,
  "chapter_name": "Human Reproduction",
  "section_name": "Level 2",
  "total_questions": 97,
  "questions": {
    "question_1": {
      "question_number": 1,
      "correct_option": 4,
      "sds_id": "SDS105E",
      "subtopic": "Introduction",
      "image_filename": "question_1.png",
      "captured": true,
      "explanation": [
        "https://d2f8z173p7073l.cloudfront.net/1548905638161"
      ]
    },
    "question_2": {
      "question_number": 2,
      "correct_option": 3,
      "sds_id": "SDS105F",
      "subtopic": "Male Reproductive System",
      "image_filename": "question_2.png",
      "captured": true,
      "explanation": [
        "https://d2f8z173p7073l.cloudfront.net/1548845216412"
      ]
    },
    "question_3": {
      "question_number": 3,
      "correct_option": 4,
      "sds_id": "SDS1060",
      "subtopic": "Male Reproductive System",
      "image_filename": "question_3.png",
      "captured": true,
      "explanation": [
        "https://d2f8z173p7073l.cloudfront.net/1548846567286"
      ]
    },
    "question_4": {
      "question_number": 4,
      "correct_option": 1,
      "sds_id": "SDS1061",
      "subtopic": "Male Reproductive System",
      "image_filename": "question_4.png",
      "captured": true,
      "explanation": [
        "https://d2f8z173p7073l.cloudfront.net/1548846619257"
      ]
    },
    "question_5": {
      "question_number": 5,
      "correct_option": 3,
      "sds_id": "SDS1062",
      "subtopic": "Male Reproductive System",
      "image_filename": "question_5.png",
      "captured": true,
      "explanation": [
        "https://d2f8z173p7073l.cloudfront.net/1548913785752"
      ]
    },
    "question_6": {
      "question_number": 6,
      "correct_option": 1,
      "sds_id": "SDS1063",
      "subtopic": "Male Reproductive System",
      "image_filename": "question_6.png",
      "captured": true,
      "explanation": [
        "https://d2f8z173p7073l.cloudfront.net/1548830083486"
      ]
    },
    "question_7": {
      "question_number": 7,
      "correct_option": 3,
      "sds_id": "SDS1064",
      "subtopic": "Male Reproductive System",
      "image_filename": "question_7.png",
      "captured": true,
      "explanation": [
        "https://d2f8z173p7073l.cloudfront.net/1548905257916"
      ]
    },
    "question_8": {
      "question_number": 8,
      "correct_option": 3,
      "sds_id": "SDS1065",
      "subtopic": "Male Reproductive System",
      "image_filename": "question_8.png",
      "captured": true,
      "explanation": [
        "https://d2f8z173p7073l.cloudfront.net/1548831557630"
      ]
    },
    "question_9": {
      "question_number": 9,
      "correct_option": 1,
      "sds_id": "SDS1066",
      "subtopic": "Male Reproductive System",
      "image_filename": "question_9.png",
      "captured": true,
      "explanation": [
        "https://d2f8z173p7073l.cloudfront.net/1548846485588"
      ]
    },
    "question_10": {
      "question_number": 10,
      "correct_option": 4,
      "sds_id": "SDS1067",
      "subtopic": "Male Reproductive System",
      "image_filename": "question_10.png",
      "captured": true,
      "explanation": [
        "https://d2f8z173p7073l.cloudfront.net/1548832077559"
      ]
    },
    "question_11": {
      "question_number": 11,
      "correct_option": 4,
      "sds_id": "SDS1068",
      "subtopic": "Male Reproductive System",
      "image_filename": "question_11.png",
      "captured": true,
      "explanation": [
        "https://d2f8z173p7073l.cloudfront.net/1548846410517"
      ]
    },
    "question_12": {
      "question_number": 12,
      "correct_option": 3,
      "sds_id": "SDS1069",
      "subtopic": "Male Reproductive System",
      "image_filename": "question_12.png",
      "captured": true,
      "explanation": [
        "https://d2f8z173p7073l.cloudfront.net/1548909844630"
      ]
    },
    "question_13": {
      "question_number": 13,
      "correct_option": 2,
      "sds_id": "SDS106A",
      "subtopic": "Seminiferous Tubules & Spermatogenesis",
      "image_filename": "question_13.png",
      "captured": true,
      "explanation": [
        "https://d2f8z173p7073l.cloudfront.net/1548845257372"
      ]
    },
    "question_14": {
      "question_number": 14,
      "correct_option": 3,
      "sds_id": "SDS106B",
      "subtopic": "Seminiferous Tubules & Spermatogenesis",
      "image_filename": "question_14.png",
      "captured": true,
      "explanation": [
        "https://d2f8z173p7073l.cloudfront.net/1548905220564"
      ]
    },
    "question_15": {
      "question_number": 15,
      "correct_option": 1,
      "sds_id": "SDS106C",
      "subtopic": "Seminiferous Tubules & Spermatogenesis",
      "image_filename": "question_15.png",
      "captured": true,
      "explanation": [
        "https://d2f8z173p7073l.cloudfront.net/1548845170098"
      ]
    },
    "question_16": {
      "question_number": 16,
      "correct_option": 2,
      "sds_id": "SDS106D",
      "subtopic": "Spermiogenesis/Sperm Structure/Hormonal Regulation",
      "image_filename": "question_16.png",
      "captured": true,
      "explanation": [
        "https://d2f8z173p7073l.cloudfront.net/1548831677364"
      ]
    },
    "question_17": {
      "question_number": 17,
      "correct_option": 1,
      "sds_id": "SDS106E",
      "subtopic": "Spermiogenesis/Sperm Structure/Hormonal Regulation",
      "image_filename": "question_17.png",
      "captured": true,
      "explanation": [
        "https://d2f8z173p7073l.cloudfront.net/1548845140465"
      ]
    },
    "question_18": {
      "question_number": 18,
      "correct_option": 2,
      "sds_id": "SDS106F",
      "subtopic": "Spermiogenesis/Sperm Structure/Hormonal Regulation",
      "image_filename": "question_18.png",
      "captured": true,
      "explanation": [
        "https://d2f8z173p7073l.cloudfront.net/1548870130314"
      ]
    },
    "question_19": {
      "question_number": 19,
      "correct_option": 1,
      "sds_id": "SDS1070",
      "subtopic": "Spermiogenesis/Sperm Structure/Hormonal Regulation",
      "image_filename": "question_19.png",
      "captured": true,
      "explanation": [
        "https://d2f8z173p7073l.cloudfront.net/1549081184117"
      ]
    },
    "question_20": {
      "question_number": 20,
      "correct_option": 2,
      "sds_id": "SDS1071",
      "subtopic": "Spermiogenesis/Sperm Structure/Hormonal Regulation",
      "image_filename": "question_20.png",
      "captured": true,
      "explanation": [
        "https://d2f8z173p7073l.cloudfront.net/1548830554759"
      ]
    },
    "question_21": {
      "question_number": 21,
      "correct_option": 2,
      "sds_id": "SDS1072",
      "subtopic": "Spermiogenesis/Sperm Structure/Hormonal Regulation",
      "image_filename": "question_21.png",
      "captured": true,
      "explanation": [
        "https://d2f8z173p7073l.cloudfront.net/1549083506369"
      ]
    },
    "question_22": {
      "question_number": 22,
      "correct_option": 4,
      "sds_id": "SDS1073",
      "subtopic": "Spermiogenesis/Sperm Structure/Hormonal Regulation",
      "image_filename": "question_22.png",
      "captured": true,
      "explanation": [
        "https://d2f8z173p7073l.cloudfront.net/1549085196225"
      ]
    },
    "question_23": {
      "question_number": 23,
      "correct_option": 4,
      "sds_id": "SDS1074",
      "subtopic": "Spermiogenesis/Sperm Structure/Hormonal Regulation",
      "image_filename": "question_23.png",
      "captured": true,
      "explanation": [
        "https://d2f8z173p7073l.cloudfront.net/1583243957272"
      ]
    },
    "question_24": {
      "question_number": 24,
      "correct_option": 2,
      "sds_id": "SDS1075",
      "subtopic": "Spermiogenesis/Sperm Structure/Hormonal Regulation",
      "image_filename": "question_24.png",
      "captured": true,
      "explanation": [
        "https://d2f8z173p7073l.cloudfront.net/1549082977386"
      ]
    },
    "question_25": {
      "question_number": 25,
      "correct_option": 4,
      "sds_id": "SDS1076",
      "subtopic": "Spermiogenesis/Sperm Structure/Hormonal Regulation",
      "image_filename": "question_25.png",
      "captured": true,
      "explanation": [
        "https://d1iljb9ao69244.cloudfront.net/89375_1711024910997_2.ogg",
        "https://d1iljb9ao69244.cloudfront.net/question_explanations_89375_1641355617493.ogg",
        "https://d1iljb9ao69244.cloudfront.net/question_explanations_89375_1641355572203.ogg",
        "https://www.youtube-nocookie.com/embed/fgW3R4m9JQ0?rel=0"
      ]
    },
    "question_26": {
      "question_number": 26,
      "correct_option": 1,
      "sds_id": "SDS1077",
      "subtopic": "Spermiogenesis/Sperm Structure/Hormonal Regulation",
      "image_filename": "question_26.png",
      "captured": true,
      "explanation": [
        "https://d2f8z173p7073l.cloudfront.net/1549081055080"
      ]
    },
    "question_27": {
      "question_number": 27,
      "correct_option": 1,
      "sds_id": "SDS1078",
      "subtopic": "Spermiogenesis/Sperm Structure/Hormonal Regulation",
      "image_filename": "question_27.png",
      "captured": true,
      "explanation": [
        "https://d2f8z173p7073l.cloudfront.net/1549085161363"
      ]
    },
    "question_28": {
      "question_number": 28,
      "correct_option": 4,
      "sds_id": "SDS1079",
      "subtopic": "Male Reproductive Duct System",
      "image_filename": "question_28.png",
      "captured": true,
      "explanation": [
        "https://d2f8z173p7073l.cloudfront.net/1619796514256"
      ]
    },
    "question_29": {
      "question_number": 29,
      "correct_option": 2,
      "sds_id": "SDS107A",
      "subtopic": "Male Reproductive Duct System",
      "image_filename": "question_29.png",
      "captured": true,
      "explanation": [
        "https://d2f8z173p7073l.cloudfront.net/1548852068972"
      ]
    },
    "question_30": {
      "question_number": 30,
      "correct_option": 3,
      "sds_id": "SDS107B",
      "subtopic": "Male Reproductive Duct System",
      "image_filename": "question_30.png",
      "captured": true,
      "explanation": [
        "https://d2f8z173p7073l.cloudfront.net/1583242984190"
      ]
    },
    "question_31": {
      "question_number": 31,
      "correct_option": 4,
      "sds_id": "SDS107C",
      "subtopic": "Male Reproductive Duct System",
      "image_filename": "question_31.png",
      "captured": true,
      "explanation": [
        "https://d1iljb9ao69244.cloudfront.net/251263_1627372616696_109.ogg"
      ]
    },
    "question_32": {
      "question_number": 32,
      "correct_option": 1,
      "sds_id": "SDS107D",
      "subtopic": "Semen and Male Fertility",
      "image_filename": "question_32.png",
      "captured": true,
      "explanation": [
        "https://d2f8z173p7073l.cloudfront.net/1619844583547"
      ]
    },
    "question_33": {
      "question_number": 33,
      "correct_option": 3,
      "sds_id": "SDS107E",
      "subtopic": "Semen and Male Fertility",
      "image_filename": "question_33.png",
      "captured": true,
      "explanation": [
        "https://d2f8z173p7073l.cloudfront.net/1583243759926"
      ]
    },
    "question_34": {
      "question_number": 34,
      "correct_option": 1,
      "sds_id": "SDS107F",
      "subtopic": "Menstrual Cycle: Pre Ovulatory Phase",
      "image_filename": "question_34.png",
      "captured": true,
      "explanation": [
        "https://d2f8z173p7073l.cloudfront.net/1548830678594"
      ]
    },
    "question_35": {
      "question_number": 35,
      "correct_option": 4,
      "sds_id": "SDS1080",
      "subtopic": "Menstrual Cycle: Pre Ovulatory Phase",
      "image_filename": "question_35.png",
      "captured": true,
      "explanation": [
        "https://d2f8z173p7073l.cloudfront.net/1548831777213"
      ]
    },
    "question_36": {
      "question_number": 36,
      "correct_option": 3,
      "sds_id": "SDS1081",
      "subtopic": "Menstrual Cycle: Pre Ovulatory Phase",
      "image_filename": "question_36.png",
      "captured": true,
      "explanation": [
        "https://d2f8z173p7073l.cloudfront.net/1583243014433"
      ]
    },
    "question_37": {
      "question_number": 37,
      "correct_option": 2,
      "sds_id": "SDS1082",
      "subtopic": "Menstrual Cycle: Pre Ovulatory Phase",
      "image_filename": "question_37.png",
      "captured": true,
      "explanation": [
        "https://d2f8z173p7073l.cloudfront.net/1549081229378"
      ]
    },
    "question_38": {
      "question_number": 38,
      "correct_option": 1,
      "sds_id": "SDS1083",
      "subtopic": "Menstrual Cycle: Pre Ovulatory Phase",
      "image_filename": "question_38.png",
      "captured": true,
      "explanation": [
        "https://d2f8z173p7073l.cloudfront.net/1583244057320"
      ]
    },
    "question_39": {
      "question_number": 39,
      "correct_option": 1,
      "sds_id": "SDS1084",
      "subtopic": "Menstrual Cycle: Pre Ovulatory Phase",
      "image_filename": "question_39.png",
      "captured": true,
      "explanation": [
        "https://d2f8z173p7073l.cloudfront.net/1549081355212"
      ]
    },
    "question_40": {
      "question_number": 40,
      "correct_option": 4,
      "sds_id": "SDS1085",
      "subtopic": "Menstrual Cycle: Luteal Phase",
      "image_filename": "question_40.png",
      "captured": true,
      "explanation": [
        "https://d2f8z173p7073l.cloudfront.net/1548851347031"
      ]
    },
    "question_41": {
      "question_number": 41,
      "correct_option": 3,
      "sds_id": "SDS1086",
      "subtopic": "Menstrual Cycle: Luteal Phase",
      "image_filename": "question_41.png",
      "captured": true,
      "explanation": [
        "https://d2f8z173p7073l.cloudfront.net/1548845882789"
      ]
    },
    "question_42": {
      "question_number": 42,
      "correct_option": 4,
      "sds_id": "SDS1087",
      "subtopic": "Menstrual Cycle: Luteal Phase",
      "image_filename": "question_42.png",
      "captured": true,
      "explanation": [
        "https://d2f8z173p7073l.cloudfront.net/1548843198205"
      ]
    },
    "question_43": {
      "question_number": 43,
      "correct_option": 1,
      "sds_id": "SDS1088",
      "subtopic": "Menstrual Cycle: Luteal Phase",
      "image_filename": "question_43.png",
      "captured": true,
      "explanation": [
        "https://d1iljb9ao69244.cloudfront.net/question_explanations_264970_1628673769088.ogg"
      ]
    },
    "question_44": {
      "question_number": 44,
      "correct_option": 2,
      "sds_id": "SDS1089",
      "subtopic": "Menstrual Cycle: Luteal Phase",
      "image_filename": "question_44.png",
      "captured": true,
      "explanation": [
        "https://d2f8z173p7073l.cloudfront.net/1548904945610"
      ]
    },
    "question_45": {
      "question_number": 45,
      "correct_option": 1,
      "sds_id": "SDS108A",
      "subtopic": "Menstrual Cycle: Luteal Phase",
      "image_filename": "question_45.png",
      "captured": true,
      "explanation": [
        "https://d2f8z173p7073l.cloudfront.net/1548845919004"
      ]
    },
    "question_46": {
      "question_number": 46,
      "correct_option": 2,
      "sds_id": "SDS108B",
      "subtopic": "Menstrual Cycle: Luteal Phase",
      "image_filename": "question_46.png",
      "captured": true,
      "explanation": [
        "https://d2f8z173p7073l.cloudfront.net/1630737614671",
        "https://www.youtube-nocookie.com/embed/LqcGHUY5dfw?rel=0"
      ]
    },
    "question_47": {
      "question_number": 47,
      "correct_option": 3,
      "sds_id": "SDS108C",
      "subtopic": "Menstrual Cycle: Luteal Phase",
      "image_filename": "question_47.png",
      "captured": true,
      "explanation": [
        "https://d2f8z173p7073l.cloudfront.net/1548852481678"
      ]
    },
    "question_48": {
      "question_number": 48,
      "correct_option": 2,
      "sds_id": "SDS108D",
      "subtopic": "Menstrual Cycle: Luteal Phase",
      "image_filename": "question_48.png",
      "captured": true,
      "explanation": [
        "https://d1iljb9ao69244.cloudfront.net/question_explanations_91976_1664683443720.ogg"
      ]
    },
    "question_49": {
      "question_number": 49,
      "correct_option": 2,
      "sds_id": "SDS108E",
      "subtopic": "Menstrual Cycle: Luteal Phase",
      "image_filename": "question_49.png",
      "captured": true,
      "explanation": [
        "https://d1iljb9ao69244.cloudfront.net/251343_1628773480592_251343.ogg",
        "https://d1iljb9ao69244.cloudfront.net/question_explanations_251343_1628675201001.ogg"
      ]
    },
    "question_50": {
      "question_number": 50,
      "correct_option": 3,
      "sds_id": "SDS108F",
      "subtopic": "Embryonic Development till Gastrulation",
      "image_filename": "question_50.png",
      "captured": true,
      "explanation": [
        "https://d2f8z173p7073l.cloudfront.net/1548906931365"
      ]
    },
    "question_51": {
      "question_number": 51,
      "correct_option": 3,
      "sds_id": "SDS1090",
      "subtopic": "Embryonic Development till Gastrulation",
      "image_filename": "question_51.png",
      "captured": true,
      "explanation": [
        "https://d2f8z173p7073l.cloudfront.net/1548907730516"
      ]
    },
    "question_52": {
      "question_number": 52,
      "correct_option": 3,
      "sds_id": "SDS1091",
      "subtopic": "Embryonic Development till Gastrulation",
      "image_filename": "question_52.png",
      "captured": true,
      "explanation": [
        "https://d2f8z173p7073l.cloudfront.net/1548869982952"
      ]
    },
    "question_53": {
      "question_number": 53,
      "correct_option": 3,
      "sds_id": "SDS1092",
      "subtopic": "Embryonic Development till Gastrulation",
      "image_filename": "question_53.png",
      "captured": true,
      "explanation": [
        "https://d2f8z173p7073l.cloudfront.net/1548844080181"
      ]
    },
    "question_54": {
      "question_number": 54,
      "correct_option": 3,
      "sds_id": "SDS1093",
      "subtopic": "Embryonic Development till Gastrulation",
      "image_filename": "question_54.png",
      "captured": true,
      "explanation": [
        "https://d2f8z173p7073l.cloudfront.net/1583244088384"
      ]
    },
    "question_55": {
      "question_number": 55,
      "correct_option": 4,
      "sds_id": "SDS1094",
      "subtopic": "Embryonic Development till Gastrulation",
      "image_filename": "question_55.png",
      "captured": true,
      "explanation": [
        "https://d2f8z173p7073l.cloudfront.net/1549083697363"
      ]
    },
    "question_56": {
      "question_number": 56,
      "correct_option": 3,
      "sds_id": "SDS1095",
      "subtopic": "Embryonic Development till Gastrulation",
      "image_filename": "question_56.png",
      "captured": true,
      "explanation": [
        "https://d1iljb9ao69244.cloudfront.net/question_explanations_89354_1664682618750.ogg",
        "https://www.youtube-nocookie.com/embed/S2p9J66SKa4?rel=0"
      ]
    },
    "question_57": {
      "question_number": 57,
      "correct_option": 2,
      "sds_id": "SDS1096",
      "subtopic": "Embryonic Development till Gastrulation",
      "image_filename": "question_57.png",
      "captured": true,
      "explanation": [
        "https://d2f8z173p7073l.cloudfront.net/1548907377300"
      ]
    },
    "question_58": {
      "question_number": 58,
      "correct_option": 1,
      "sds_id": "SDS1097",
      "subtopic": "Embryonic Development till Gastrulation",
      "image_filename": "question_58.png",
      "captured": true,
      "explanation": [
        "https://d2f8z173p7073l.cloudfront.net/1548852659344"
      ]
    },
    "question_59": {
      "question_number": 59,
      "correct_option": 1,
      "sds_id": "SDS1098",
      "subtopic": "Embryonic Development till Gastrulation",
      "image_filename": "question_59.png",
      "captured": true,
      "explanation": [
        "https://d2f8z173p7073l.cloudfront.net/1548907283833"
      ]
    },
    "question_60": {
      "question_number": 60,
      "correct_option": 2,
      "sds_id": "SDS1099",
      "subtopic": "Embryonic Development till Gastrulation",
      "image_filename": "question_60.png",
      "captured": true,
      "explanation": [
        "https://d1iljb9ao69244.cloudfront.net/250992_1630738304824_60.ogg",
        "https://d2f8z173p7073l.cloudfront.net/1699426094121",
        "https://www.youtube-nocookie.com/embed/IdEObyFK33Y?rel=0",
        "https://www.youtube-nocookie.com/embed/XJYP5me37Z8?rel=0"
      ]
    },
    "question_61": {
      "question_number": 61,
      "correct_option": 3,
      "sds_id": "SDS109A",
      "subtopic": "Embryonic Development till Gastrulation",
      "image_filename": "question_61.png",
      "captured": true,
      "explanation": [
        "https://d1iljb9ao69244.cloudfront.net/251262_1627372598202_108.ogg"
      ]
    },
    "question_62": {
      "question_number": 62,
      "correct_option": 4,
      "sds_id": "SDS109B",
      "subtopic": "Fetal Development & Parturition",
      "image_filename": "question_62.png",
      "captured": true,
      "explanation": [
        "https://d2f8z173p7073l.cloudfront.net/1548907839015"
      ]
    },
    "question_63": {
      "question_number": 63,
      "correct_option": 3,
      "sds_id": "SDS109C",
      "subtopic": "Fetal Development & Parturition",
      "image_filename": "question_63.png",
      "captured": true,
      "explanation": [
        "https://d2f8z173p7073l.cloudfront.net/1548905603548"
      ]
    },
    "question_64": {
      "question_number": 64,
      "correct_option": 4,
      "sds_id": "SDS109D",
      "subtopic": "Fetal Development & Parturition",
      "image_filename": "question_64.png",
      "captured": true,
      "explanation": [
        "https://d2f8z173p7073l.cloudfront.net/1548907329045"
      ]
    },
    "question_65": {
      "question_number": 65,
      "correct_option": 4,
      "sds_id": "SDS109E",
      "subtopic": "Fetal Development & Parturition",
      "image_filename": "question_65.png",
      "captured": true,
      "explanation": [
        "https://d2f8z173p7073l.cloudfront.net/1548870077413"
      ]
    },
    "question_66": {
      "question_number": 66,
      "correct_option": 2,
      "sds_id": "SDS109F",
      "subtopic": "Fetal Development & Parturition",
      "image_filename": "question_66.png",
      "captured": true,
      "explanation": [
        "https://d2f8z173p7073l.cloudfront.net/1548844847769"
      ]
    },
    "question_67": {
      "question_number": 67,
      "correct_option": 3,
      "sds_id": "SDS10A0",
      "subtopic": "Fetal Development & Parturition",
      "image_filename": "question_67.png",
      "captured": true,
      "explanation": [
        "https://d2f8z173p7073l.cloudfront.net/1548844479747"
      ]
    },
    "question_68": {
      "question_number": 68,
      "correct_option": 4,
      "sds_id": "SDS10A1",
      "subtopic": "Fetal Development & Parturition",
      "image_filename": "question_68.png",
      "captured": true,
      "explanation": [
        "https://d2f8z173p7073l.cloudfront.net/1548905336053"
      ]
    },
    "question_69": {
      "question_number": 69,
      "correct_option": 2,
      "sds_id": "SDS10A2",
      "subtopic": "Fetal Development & Parturition",
      "image_filename": "question_69.png",
      "captured": true,
      "explanation": [
        "https://d2f8z173p7073l.cloudfront.net/1548869783037"
      ]
    },
    "question_70": {
      "question_number": 70,
      "correct_option": 1,
      "sds_id": "SDS10A3",
      "subtopic": "Fetal Development & Parturition",
      "image_filename": "question_70.png",
      "captured": true,
      "explanation": [
        "https://d2f8z173p7073l.cloudfront.net/1548845058569"
      ]
    },
    "question_71": {
      "question_number": 71,
      "correct_option": 2,
      "sds_id": "SDS10A4",
      "subtopic": "Fetal Development & Parturition",
      "image_filename": "question_71.png",
      "captured": true,
      "explanation": [
        "https://d2f8z173p7073l.cloudfront.net/1548869949958"
      ]
    },
    "question_72": {
      "question_number": 72,
      "correct_option": 4,
      "sds_id": "SDS10A5",
      "subtopic": "Fetal Development & Parturition",
      "image_filename": "question_72.png",
      "captured": true,
      "explanation": [
        "https://d1iljb9ao69244.cloudfront.net/question_explanations_91311_1664682497594.ogg",
        "https://www.youtube-nocookie.com/embed/xVZge2BIBx4?rel=0"
      ]
    },
    "question_73": {
      "question_number": 73,
      "correct_option": 2,
      "sds_id": "SDS10A6",
      "subtopic": "Fetal Development & Parturition",
      "image_filename": "question_73.png",
      "captured": true,
      "explanation": [
        "https://d2f8z173p7073l.cloudfront.net/1548844140448"
      ]
    },
    "question_74": {
      "question_number": 74,
      "correct_option": 2,
      "sds_id": "SDS10A7",
      "subtopic": "Fetal Development & Parturition",
      "image_filename": "question_74.png",
      "captured": true,
      "explanation": [
        "https://d2f8z173p7073l.cloudfront.net/1588062737913"
      ]
    },
    "question_75": {
      "question_number": 75,
      "correct_option": 3,
      "sds_id": "SDS10A8",
      "subtopic": "Fetal Development & Parturition",
      "image_filename": "question_75.png",
      "captured": true,
      "explanation": [
        "https://d2f8z173p7073l.cloudfront.net/1548913539664"
      ]
    },
    "question_76": {
      "question_number": 76,
      "correct_option": 4,
      "sds_id": "SDS10A9",
      "subtopic": "Fetal Development & Parturition",
      "image_filename": "question_76.png",
      "captured": true,
      "explanation": [
        "https://d2f8z173p7073l.cloudfront.net/1549083027717"
      ]
    },
    "question_77": {
      "question_number": 77,
      "correct_option": 3,
      "sds_id": "SDS10AA",
      "subtopic": "Fetal Development & Parturition",
      "image_filename": "question_77.png",
      "captured": true,
      "explanation": [
        "https://d2f8z173p7073l.cloudfront.net/1549081613581"
      ]
    },
    "question_78": {
      "question_number": 78,
      "correct_option": 3,
      "sds_id": "SDS10AB",
      "subtopic": "Fetal Development & Parturition",
      "image_filename": "question_78.png",
      "captured": true,
      "explanation": [
        "https://d2f8z173p7073l.cloudfront.net/1547995782409"
      ]
    },
    "question_79": {
      "question_number": 79,
      "correct_option": 2,
      "sds_id": "SDS10AC",
      "subtopic": "Fetal Development & Parturition",
      "image_filename": "question_79.png",
      "captured": true,
      "explanation": [
        "https://d2f8z173p7073l.cloudfront.net/1549082503123"
      ]
    },
    "question_80": {
      "question_number": 80,
      "correct_option": 3,
      "sds_id": "SDS10AD",
      "subtopic": "Female Reproductive System-2",
      "image_filename": "question_80.png",
      "captured": true,
      "explanation": [
        "https://d2f8z173p7073l.cloudfront.net/1548830624034"
      ]
    },
    "question_81": {
      "question_number": 81,
      "correct_option": 1,
      "sds_id": "SDS10AE",
      "subtopic": "Female Reproductive System-2",
      "image_filename": "question_81.png",
      "captured": true,
      "explanation": [
        "https://d2f8z173p7073l.cloudfront.net/1549085130287"
      ]
    },
    "question_82": {
      "question_number": 82,
      "correct_option": 3,
      "sds_id": "SDS10AF",
      "subtopic": "Female External Genitalia",
      "image_filename": "question_82.png",
      "captured": true,
      "explanation": [
        "https://d2f8z173p7073l.cloudfront.net/1548847225347"
      ]
    },
    "question_83": {
      "question_number": 83,
      "correct_option": 3,
      "sds_id": "SDS10B0",
      "subtopic": "Fertilization",
      "image_filename": "question_83.png",
      "captured": true,
      "explanation": [
        "https://d2f8z173p7073l.cloudfront.net/1548851665266"
      ]
    },
    "question_84": {
      "question_number": 84,
      "correct_option": 4,
      "sds_id": "SDS10B1",
      "subtopic": "Fertilization",
      "image_filename": "question_84.png",
      "captured": true,
      "explanation": [
        "https://d2f8z173p7073l.cloudfront.net/1549080982927"
      ]
    },
    "question_85": {
      "question_number": 85,
      "correct_option": 2,
      "sds_id": "SDS10B2",
      "subtopic": "Fertilization",
      "image_filename": "question_85.png",
      "captured": true,
      "explanation": [
        "https://d1iljb9ao69244.cloudfront.net/251340_1628773399599_251340.ogg"
      ]
    },
    "question_86": {
      "question_number": 86,
      "correct_option": 3,
      "sds_id": "SDS10B3",
      "subtopic": "Implantation",
      "image_filename": "question_86.png",
      "captured": true,
      "explanation": [
        "https://d2f8z173p7073l.cloudfront.net/1548851844086"
      ]
    },
    "question_87": {
      "question_number": 87,
      "correct_option": 2,
      "sds_id": "SDS10B4",
      "subtopic": "Implantation",
      "image_filename": "question_87.png",
      "captured": true,
      "explanation": [
        "https://d2f8z173p7073l.cloudfront.net/1548908149333"
      ]
    },
    "question_88": {
      "question_number": 88,
      "correct_option": 2,
      "sds_id": "SDS10B5",
      "subtopic": "Implantation",
      "image_filename": "question_88.png",
      "captured": true,
      "explanation": [
        "https://d2f8z173p7073l.cloudfront.net/1549081095917"
      ]
    },
    "question_89": {
      "question_number": 89,
      "correct_option": 4,
      "sds_id": "SDS10B6",
      "subtopic": "Menstrual Cycle",
      "image_filename": "question_89.png",
      "captured": true,
      "explanation": [
        "https://d2f8z173p7073l.cloudfront.net/1549083619901"
      ]
    },
    "question_90": {
      "question_number": 90,
      "correct_option": 1,
      "sds_id": "SDS10B7",
      "subtopic": "Menstrual Cycle",
      "image_filename": "question_90.png",
      "captured": true,
      "explanation": [
        "https://d2f8z173p7073l.cloudfront.net/1549083324820"
      ]
    },
    "question_91": {
      "question_number": 91,
      "correct_option": 3,
      "sds_id": "SDS10B8",
      "subtopic": "Menstrual Cycle",
      "image_filename": "question_91.png",
      "captured": true,
      "explanation": [
        "https://d1iljb9ao69244.cloudfront.net/question_explanations_265451_1628676097950.ogg"
      ]
    },
    "question_92": {
      "question_number": 92,
      "correct_option": 2,
      "sds_id": "SDS10B9",
      "subtopic": "oogenesis",
      "image_filename": "question_92.png",
      "captured": true,
      "explanation": [
        "https://d2f8z173p7073l.cloudfront.net/1548846298943"
      ]
    },
    "question_93": {
      "question_number": 93,
      "correct_option": 4,
      "sds_id": "SDS10BA",
      "subtopic": "oogenesis",
      "image_filename": "question_93.png",
      "captured": true,
      "explanation": [
        "https://d2f8z173p7073l.cloudfront.net/1549085266022"
      ]
    },
    "question_94": {
      "question_number": 94,
      "correct_option": 2,
      "sds_id": "SDS10BB",
      "subtopic": "oogenesis",
      "image_filename": "question_94.png",
      "captured": true,
      "explanation": [
        "https://d2f8z173p7073l.cloudfront.net/1548831917744"
      ]
    },
    "question_95": {
      "question_number": 95,
      "correct_option": 2,
      "sds_id": "SDS10BC",
      "subtopic": "oogenesis",
      "image_filename": "question_95.png",
      "captured": true,
      "explanation": [
        "https://d2f8z173p7073l.cloudfront.net/1549083570857"
      ]
    },
    "question_96": {
      "question_number": 96,
      "correct_option": 4,
      "sds_id": "SDS10BD",
      "subtopic": "oogenesis",
      "image_filename": "question_96.png",
      "captured": true,
      "explanation": [
        "https://d2f8z173p7073l.cloudfront.net/1549081386225"
      ]
    },
    "question_97": {
      "question_number": 97,
      "correct_option": 3,
      "sds_id": "SDS10BE",
      "subtopic": "oogenesis",
      "image_filename": "question_97.png",
      "captured": true,
      "explanation": [
        "https://d2f8z173p7073l.cloudfront.net/1548870293733"
      ]
    }
  }
}