{
  "chapter_no": 1,
  "chapter_name": "Sexual Reproduction in Flowering Plants",
  "section_name": "Sexual Reproduction in Flowering Plants (LEVEL 3 MCQs)",
  "total_questions": 30,
  "questions": {
    "question_1": {
      "question_number": 1,
      "correct_option": 3,
      "sds_id": "SDS0F8F",
      "subtopic": "Stamen: Microsporangium",
      "image_filename": "question_1.png",
      "captured": true,
      "explanation": [
        "https://d2f8z173p7073l.cloudfront.net/1591695481612"
      ]
    },
    "question_2": {
      "question_number": 2,
      "correct_option": 3,
      "sds_id": "SDS0F90",
      "subtopic": "Stamen: Male Gametophyte",
      "image_filename": "question_2.png",
      "captured": true,
      "explanation": [
        "https://d1iljb9ao69244.cloudfront.net/397827_1702287466795_91.ogg"
      ]
    },
    "question_3": {
      "question_number": 3,
      "correct_option": 1,
      "sds_id": "SDS0F91",
      "subtopic": "Stamen: Male Gametophyte",
      "image_filename": "question_3.png",
      "captured": true,
      "explanation": [
        "https://d1iljb9ao69244.cloudfront.net/452074_1714297346580_20.ogg"
      ]
    },
    "question_4": {
      "question_number": 4,
      "correct_option": 2,
      "sds_id": "SDS0F92",
      "subtopic": "Pistil: Ovule",
      "image_filename": "question_4.png",
      "captured": true,
      "explanation": [
        "https://d1iljb9ao69244.cloudfront.net/325408_1645846722088_3.ogg"
      ]
    },
    "question_5": {
      "question_number": 5,
      "correct_option": 1,
      "sds_id": "SDS0F93",
      "subtopic": "Pistil: Ovule",
      "image_filename": "question_5.png",
      "captured": true,
      "explanation": [
        "https://d1iljb9ao69244.cloudfront.net/395574_1700027673907_B13.ogg"
      ]
    },
    "question_6": {
      "question_number": 6,
      "correct_option": 2,
      "sds_id": "SDS0F94",
      "subtopic": "Pistil: Ovule",
      "image_filename": "question_6.png",
      "captured": true,
      "explanation": [
        "https://d1iljb9ao69244.cloudfront.net/409269_1705427058621_4.ogg"
      ]
    },
    "question_7": {
      "question_number": 7,
      "correct_option": 2,
      "sds_id": "SDS0F95",
      "subtopic": "Pistil: Ovule",
      "image_filename": "question_7.png",
      "captured": true,
      "explanation": [
        "https://d1iljb9ao69244.cloudfront.net/426671_1709870734634_37.ogg"
      ]
    },
    "question_8": {
      "question_number": 8,
      "correct_option": 2,
      "sds_id": "SDS0F96",
      "subtopic": "Pistil: Female Gametophyte",
      "image_filename": "question_8.png",
      "captured": true,
      "explanation": [
        "https://d1iljb9ao69244.cloudfront.net/427491_1710126073790_37.ogg"
      ]
    },
    "question_9": {
      "question_number": 9,
      "correct_option": 4,
      "sds_id": "SDS0F97",
      "subtopic": "Pistil: Female Gametophyte",
      "image_filename": "question_9.png",
      "captured": true,
      "explanation": [
        "https://d1iljb9ao69244.cloudfront.net/448152_1713512818235_24.ogg"
      ]
    },
    "question_10": {
      "question_number": 10,
      "correct_option": 1,
      "sds_id": "SDS0F98",
      "subtopic": "Pollination & Outbreeding Devices",
      "image_filename": "question_10.png",
      "captured": true,
      "explanation": [
        "https://d1iljb9ao69244.cloudfront.net/299750_1712041716576_46.ogg",
        "https://d1iljb9ao69244.cloudfront.net/299750_1637777246648_4.ogg"
      ]
    },
    "question_11": {
      "question_number": 11,
      "correct_option": 1,
      "sds_id": "SDS0F99",
      "subtopic": "Pollination & Outbreeding Devices",
      "image_filename": "question_11.png",
      "captured": true,
      "explanation": [
        "https://d1iljb9ao69244.cloudfront.net/395580_1700027730919_B16.ogg"
      ]
    },
    "question_12": {
      "question_number": 12,
      "correct_option": 4,
      "sds_id": "SDS0F9A",
      "subtopic": "Pollination & Outbreeding Devices",
      "image_filename": "question_12.png",
      "captured": true,
      "explanation": [
        "https://www.youtube-nocookie.com/embed/A_vL76gZF3E?rel=0"
      ]
    },
    "question_13": {
      "question_number": 13,
      "correct_option": 1,
      "sds_id": "SDS0F9B",
      "subtopic": "Pollination & Outbreeding Devices",
      "image_filename": "question_13.png",
      "captured": true,
      "explanation": [
        "https://d1iljb9ao69244.cloudfront.net/399668_1702262829698_40.ogg",
        "https://www.youtube-nocookie.com/embed/pJBjt2qC4mA?rel=0"
      ]
    },
    "question_14": {
      "question_number": 14,
      "correct_option": 1,
      "sds_id": "SDS0F9C",
      "subtopic": "Pollination & Outbreeding Devices",
      "image_filename": "question_14.png",
      "captured": true,
      "explanation": [
        "https://www.youtube-nocookie.com/embed/yBjt6e9KtIE?rel=0"
      ]
    },
    "question_15": {
      "question_number": 15,
      "correct_option": 2,
      "sds_id": "SDS0F9D",
      "subtopic": "Pollination & Outbreeding Devices",
      "image_filename": "question_15.png",
      "captured": true,
      "explanation": [
        "https://www.youtube-nocookie.com/embed/egk8uFjkjqM?rel=0"
      ]
    },
    "question_16": {
      "question_number": 16,
      "correct_option": 4,
      "sds_id": "SDS0F9E",
      "subtopic": "Pollination & Outbreeding Devices",
      "image_filename": "question_16.png",
      "captured": true,
      "explanation": [
        "https://d1iljb9ao69244.cloudfront.net/409300_1705460830976_27.ogg"
      ]
    },
    "question_17": {
      "question_number": 17,
      "correct_option": 4,
      "sds_id": "SDS0F9F",
      "subtopic": "Pollination & Outbreeding Devices",
      "image_filename": "question_17.png",
      "captured": true,
      "explanation": [
        "https://d1iljb9ao69244.cloudfront.net/409294_1705460749428_22.ogg"
      ]
    },
    "question_18": {
      "question_number": 18,
      "correct_option": 2,
      "sds_id": "SDS0FA0",
      "subtopic": "Pollination & Outbreeding Devices",
      "image_filename": "question_18.png",
      "captured": true,
      "explanation": [
        "https://d1iljb9ao69244.cloudfront.net/409296_1705460785201_24.ogg"
      ]
    },
    "question_19": {
      "question_number": 19,
      "correct_option": 4,
      "sds_id": "SDS0FA1",
      "subtopic": "Pollination & Outbreeding Devices",
      "image_filename": "question_19.png",
      "captured": true,
      "explanation": [
        "https://d1iljb9ao69244.cloudfront.net/423726_1709972033804_5.ogg"
      ]
    },
    "question_20": {
      "question_number": 20,
      "correct_option": 1,
      "sds_id": "SDS0FA2",
      "subtopic": "Pollination & Outbreeding Devices",
      "image_filename": "question_20.png",
      "captured": true,
      "explanation": [
        "https://d1iljb9ao69244.cloudfront.net/427490_1710126059670_36.ogg"
      ]
    },
    "question_21": {
      "question_number": 21,
      "correct_option": 3,
      "sds_id": "SDS0FA3",
      "subtopic": "Pollination & Outbreeding Devices",
      "image_filename": "question_21.png",
      "captured": true,
      "explanation": [
        "https://d1iljb9ao69244.cloudfront.net/427494_1710126111208_40.ogg"
      ]
    },
    "question_22": {
      "question_number": 22,
      "correct_option": 4,
      "sds_id": "SDS0FA4",
      "subtopic": "Double Fertilization",
      "image_filename": "question_22.png",
      "captured": true,
      "explanation": [
        "https://d2f8z173p7073l.cloudfront.net/1582793064556"
      ]
    },
    "question_23": {
      "question_number": 23,
      "correct_option": 1,
      "sds_id": "SDS0FA5",
      "subtopic": "Double Fertilization",
      "image_filename": "question_23.png",
      "captured": true,
      "explanation": [
        "https://d1iljb9ao69244.cloudfront.net/450735_1714040475945_43.ogg"
      ]
    },
    "question_24": {
      "question_number": 24,
      "correct_option": 2,
      "sds_id": "SDS0FA6",
      "subtopic": "Endosperm",
      "image_filename": "question_24.png",
      "captured": true,
      "explanation": [
        "https://d1iljb9ao69244.cloudfront.net/question_explanations_359414_1672246051011.ogg"
      ]
    },
    "question_25": {
      "question_number": 25,
      "correct_option": 1,
      "sds_id": "SDS0FA7",
      "subtopic": "Embryo",
      "image_filename": "question_25.png",
      "captured": true,
      "explanation": [
        "https://www.youtube-nocookie.com/embed/9tz4rIGn1nA?rel=0"
      ]
    },
    "question_26": {
      "question_number": 26,
      "correct_option": 4,
      "sds_id": "SDS0FA8",
      "subtopic": "Embryo",
      "image_filename": "question_26.png",
      "captured": true,
      "explanation": [
        "https://d1iljb9ao69244.cloudfront.net/399666_1702262801124_38.ogg"
      ]
    },
    "question_27": {
      "question_number": 27,
      "correct_option": 1,
      "sds_id": "SDS0FA9",
      "subtopic": "Seed",
      "image_filename": "question_27.png",
      "captured": true,
      "explanation": [
        "https://www.youtube-nocookie.com/embed/X8q84AootTw?rel=0"
      ]
    },
    "question_28": {
      "question_number": 28,
      "correct_option": 3,
      "sds_id": "SDS0FAA",
      "subtopic": "Seed",
      "image_filename": "question_28.png",
      "captured": true,
      "explanation": [
        "https://d1iljb9ao69244.cloudfront.net/question_explanations_360832_1672574045881.ogg",
        "https://www.youtube.com/embed/_ZQPRQETQH4?rel=0&amp;modestbranding=1&amp;loop=1&amp;playlist=_ZQPRQETQH4&amp;start=258&amp;end=270",
        "https://www.youtube.com/embed/_ZQPRQETQH4?rel=0&modestbranding=1&loop=1&playlist=_ZQPRQETQH4&start=258&end=270"
      ]
    },
    "question_29": {
      "question_number": 29,
      "correct_option": 2,
      "sds_id": "SDS0FAB",
      "subtopic": "Apomixis & Polyembryony",
      "image_filename": "question_29.png",
      "captured": true,
      "explanation": [
        "https://d1iljb9ao69244.cloudfront.net/446690_1713085275653_21.ogg"
      ]
    },
    "question_30": {
      "question_number": 30,
      "correct_option": 3,
      "sds_id": "SDS0FAC",
      "subtopic": "Apomixis & Polyembryony",
      "image_filename": "question_30.png",
      "captured": true,
      "explanation": [
        "https://d2f8z173p7073l.cloudfront.net/1588062201496"
      ]
    }
  }
}