{
  "chapter_no": 8,
  "chapter_name": "Cell - The Unit of Life",
  "section_name": "Level 3",
  "total_questions": 40,
  "questions": {
    "question_1": {
      "question_number": 1,
      "correct_option": 1,
      "sds_id": "SDS07BC",
      "subtopic": "Introduction to Cell",
      "image_filename": "question_1.png",
      "captured": true,
      "explanation": [
        "https://d1iljb9ao69244.cloudfront.net/386229_1697545923838_31.ogg"
      ]
    },
    "question_2": {
      "question_number": 2,
      "correct_option": 2,
      "sds_id": "SDS07BD",
      "subtopic": "Introduction to Cell",
      "image_filename": "question_2.png",
      "captured": true,
      "explanation": [
        "https://d1iljb9ao69244.cloudfront.net/439290_1712657296281_41.ogg"
      ]
    },
    "question_3": {
      "question_number": 3,
      "correct_option": 2,
      "sds_id": "SDS07BE",
      "subtopic": "Cell Theory",
      "image_filename": "question_3.png",
      "captured": true,
      "explanation": [
        "https://d1iljb9ao69244.cloudfront.net/377133_1691145938550_2.ogg"
      ]
    },
    "question_4": {
      "question_number": 4,
      "correct_option": 3,
      "sds_id": "SDS07BF",
      "subtopic": "Prokaryotic Cell Organisation",
      "image_filename": "question_4.png",
      "captured": true,
      "explanation": [
        "https://d1iljb9ao69244.cloudfront.net/437190_1712301171990_25.ogg"
      ]
    },
    "question_5": {
      "question_number": 5,
      "correct_option": 1,
      "sds_id": "SDS07C0",
      "subtopic": "Prokaryotic Cell Organisation",
      "image_filename": "question_5.png",
      "captured": true,
      "explanation": [
        "https://d1iljb9ao69244.cloudfront.net/439190_1712668290247_41.ogg"
      ]
    },
    "question_6": {
      "question_number": 6,
      "correct_option": 2,
      "sds_id": "SDS07C1",
      "subtopic": "Prokaryotic Cell Organisation",
      "image_filename": "question_6.png",
      "captured": true,
      "explanation": [
        "https://www.youtube-nocookie.com/embed/v0T-4OwFtQM?rel=0"
      ]
    },
    "question_7": {
      "question_number": 7,
      "correct_option": 3,
      "sds_id": "SDS07C2",
      "subtopic": "Eukaryotic Cell Architecture: Types",
      "image_filename": "question_7.png",
      "captured": true,
      "explanation": [
        "https://d1iljb9ao69244.cloudfront.net/375851_1689530384396_22.ogg"
      ]
    },
    "question_8": {
      "question_number": 8,
      "correct_option": 1,
      "sds_id": "SDS07C3",
      "subtopic": "Cell Wall",
      "image_filename": "question_8.png",
      "captured": true,
      "explanation": [
        "https://d1iljb9ao69244.cloudfront.net/453577_1714476210239_6.ogg"
      ]
    },
    "question_9": {
      "question_number": 9,
      "correct_option": 2,
      "sds_id": "SDS07C4",
      "subtopic": "Cell Wall",
      "image_filename": "question_9.png",
      "captured": true,
      "explanation": [
        "https://www.youtube-nocookie.com/embed/70mXqQfbhxc?rel=0"
      ]
    },
    "question_10": {
      "question_number": 10,
      "correct_option": 1,
      "sds_id": "SDS07C5",
      "subtopic": "Cell Membrane",
      "image_filename": "question_10.png",
      "captured": true,
      "explanation": [
        "https://d1iljb9ao69244.cloudfront.net/447235_1713289129628_39.ogg"
      ]
    },
    "question_11": {
      "question_number": 11,
      "correct_option": 3,
      "sds_id": "SDS07C6",
      "subtopic": "Cell Membrane",
      "image_filename": "question_11.png",
      "captured": true,
      "explanation": [
        "https://www.youtube-nocookie.com/embed/TRO188wThjY?rel=0"
      ]
    },
    "question_12": {
      "question_number": 12,
      "correct_option": 1,
      "sds_id": "SDS07C7",
      "subtopic": "Plastids",
      "image_filename": "question_12.png",
      "captured": true,
      "explanation": [
        "https://d2f8z173p7073l.cloudfront.net/1579336997476"
      ]
    },
    "question_13": {
      "question_number": 13,
      "correct_option": 3,
      "sds_id": "SDS07C8",
      "subtopic": "Plastids",
      "image_filename": "question_13.png",
      "captured": true,
      "explanation": [
        "https://d1iljb9ao69244.cloudfront.net/question_explanations_334817_1651840267221.ogg"
      ]
    },
    "question_14": {
      "question_number": 14,
      "correct_option": 3,
      "sds_id": "SDS07C9",
      "subtopic": "Plastids",
      "image_filename": "question_14.png",
      "captured": true,
      "explanation": [
        "https://d1iljb9ao69244.cloudfront.net/425160_1709535681024_28.ogg"
      ]
    },
    "question_15": {
      "question_number": 15,
      "correct_option": 2,
      "sds_id": "SDS07CA",
      "subtopic": "Plastids",
      "image_filename": "question_15.png",
      "captured": true,
      "explanation": [
        "https://d1iljb9ao69244.cloudfront.net/433508_1711526396574_40%20(2).ogg",
        "https://d1iljb9ao69244.cloudfront.net/433508_1711526396574_40"
      ]
    },
    "question_16": {
      "question_number": 16,
      "correct_option": 3,
      "sds_id": "SDS07CB",
      "subtopic": "Mitochondria",
      "image_filename": "question_16.png",
      "captured": true,
      "explanation": [
        "https://d1iljb9ao69244.cloudfront.net/447755_1713351281454_37.ogg"
      ]
    },
    "question_17": {
      "question_number": 17,
      "correct_option": 1,
      "sds_id": "SDS07CC",
      "subtopic": "Mitochondria",
      "image_filename": "question_17.png",
      "captured": true,
      "explanation": [
        "https://d1iljb9ao69244.cloudfront.net/449397_1713786991263_14.ogg"
      ]
    },
    "question_18": {
      "question_number": 18,
      "correct_option": 4,
      "sds_id": "SDS07CD",
      "subtopic": "Endomembrane System",
      "image_filename": "question_18.png",
      "captured": true,
      "explanation": [
        "https://d2f8z173p7073l.cloudfront.net/1632373182917"
      ]
    },
    "question_19": {
      "question_number": 19,
      "correct_option": 1,
      "sds_id": "SDS07CE",
      "subtopic": "Endomembrane System",
      "image_filename": "question_19.png",
      "captured": true,
      "explanation": [
        "https://www.youtube-nocookie.com/embed/1v9_yTbN4qY?rel=0"
      ]
    },
    "question_20": {
      "question_number": 20,
      "correct_option": 1,
      "sds_id": "SDS07CF",
      "subtopic": "Golgi Apparatus",
      "image_filename": "question_20.png",
      "captured": true,
      "explanation": [
        "https://d1iljb9ao69244.cloudfront.net/377151_1691146411374_20.ogg"
      ]
    },
    "question_21": {
      "question_number": 21,
      "correct_option": 3,
      "sds_id": "SDS07D0",
      "subtopic": "Golgi Apparatus",
      "image_filename": "question_21.png",
      "captured": true,
      "explanation": [
        "https://www.youtube-nocookie.com/embed/SKf0wHCsbmk?rel=0"
      ]
    },
    "question_22": {
      "question_number": 22,
      "correct_option": 2,
      "sds_id": "SDS07D1",
      "subtopic": "Golgi Apparatus",
      "image_filename": "question_22.png",
      "captured": true,
      "explanation": [
        "https://www.youtube-nocookie.com/embed/S97fVKkyIUM?rel=0"
      ]
    },
    "question_23": {
      "question_number": 23,
      "correct_option": 1,
      "sds_id": "SDS07D2",
      "subtopic": "Golgi Apparatus",
      "image_filename": "question_23.png",
      "captured": true,
      "explanation": [
        "https://www.youtube-nocookie.com/embed/E6D0cQAZ2GA?rel=0"
      ]
    },
    "question_24": {
      "question_number": 24,
      "correct_option": 1,
      "sds_id": "SDS07D3",
      "subtopic": "Lysosomes",
      "image_filename": "question_24.png",
      "captured": true,
      "explanation": [
        "https://d1iljb9ao69244.cloudfront.net/439289_1712655948213_40.ogg"
      ]
    },
    "question_25": {
      "question_number": 25,
      "correct_option": 3,
      "sds_id": "SDS07D4",
      "subtopic": "Nucleus",
      "image_filename": "question_25.png",
      "captured": true,
      "explanation": [
        "https://d2f8z173p7073l.cloudfront.net/1632371678852"
      ]
    },
    "question_26": {
      "question_number": 26,
      "correct_option": 2,
      "sds_id": "SDS07D5",
      "subtopic": "Nucleus",
      "image_filename": "question_26.png",
      "captured": true,
      "explanation": [
        "https://d1iljb9ao69244.cloudfront.net/439191_1712668309527_42.ogg"
      ]
    },
    "question_27": {
      "question_number": 27,
      "correct_option": 1,
      "sds_id": "SDS07D6",
      "subtopic": "Nucleus: Chromosomes",
      "image_filename": "question_27.png",
      "captured": true,
      "explanation": [
        "https://d1iljb9ao69244.cloudfront.net/315522_1641493135258_100.ogg"
      ]
    },
    "question_28": {
      "question_number": 28,
      "correct_option": 3,
      "sds_id": "SDS07D7",
      "subtopic": "Nucleus: Chromosomes",
      "image_filename": "question_28.png",
      "captured": true,
      "explanation": [
        "https://d1iljb9ao69244.cloudfront.net/375846_1689530264636_17.ogg"
      ]
    },
    "question_29": {
      "question_number": 29,
      "correct_option": 4,
      "sds_id": "SDS07D8",
      "subtopic": "Nucleus: Chromosomes",
      "image_filename": "question_29.png",
      "captured": true,
      "explanation": [
        "https://d1iljb9ao69244.cloudfront.net/443046_1712900964317_8.ogg"
      ]
    },
    "question_30": {
      "question_number": 30,
      "correct_option": 1,
      "sds_id": "SDS07D9",
      "subtopic": "Vacuole",
      "image_filename": "question_30.png",
      "captured": true,
      "explanation": [
        "https://d2f8z173p7073l.cloudfront.net/1632332466323"
      ]
    },
    "question_31": {
      "question_number": 31,
      "correct_option": 1,
      "sds_id": "SDS07DA",
      "subtopic": "Cilia & Flagella",
      "image_filename": "question_31.png",
      "captured": true,
      "explanation": [
        "https://d1iljb9ao69244.cloudfront.net/386232_1695969470545_5.ogg"
      ]
    },
    "question_32": {
      "question_number": 32,
      "correct_option": 3,
      "sds_id": "SDS07DB",
      "subtopic": "Cilia & Flagella",
      "image_filename": "question_32.png",
      "captured": true,
      "explanation": [
        "https://www.youtube-nocookie.com/embed/WgHQsaVcCsY?rel=0"
      ]
    },
    "question_33": {
      "question_number": 33,
      "correct_option": 1,
      "sds_id": "SDS07DC",
      "subtopic": "Cilia & Flagella",
      "image_filename": "question_33.png",
      "captured": true,
      "explanation": [
        "https://www.youtube-nocookie.com/embed/NI_TJd2xsKw?rel=0"
      ]
    },
    "question_34": {
      "question_number": 34,
      "correct_option": 2,
      "sds_id": "SDS07DD",
      "subtopic": "Ribosome and Inclusion Bodies",
      "image_filename": "question_34.png",
      "captured": true,
      "explanation": [
        "https://d1iljb9ao69244.cloudfront.net/377143_1691146109655_12.ogg"
      ]
    },
    "question_35": {
      "question_number": 35,
      "correct_option": 2,
      "sds_id": "SDS07DE",
      "subtopic": "Ribosome and Inclusion Bodies",
      "image_filename": "question_35.png",
      "captured": true,
      "explanation": [
        "https://d1iljb9ao69244.cloudfront.net/436331_1712126091032_6.ogg"
      ]
    },
    "question_36": {
      "question_number": 36,
      "correct_option": 1,
      "sds_id": "SDS07DF",
      "subtopic": "Ribosome and Inclusion Bodies",
      "image_filename": "question_36.png",
      "captured": true,
      "explanation": [
        "https://d1iljb9ao69244.cloudfront.net/429650_1711173385247_40.ogg"
      ]
    },
    "question_37": {
      "question_number": 37,
      "correct_option": 4,
      "sds_id": "SDS07E0",
      "subtopic": "Ribosome and Inclusion Bodies",
      "image_filename": "question_37.png",
      "captured": true,
      "explanation": [
        "https://www.youtube-nocookie.com/embed/Fd0RA70-Mpg?rel=0"
      ]
    },
    "question_38": {
      "question_number": 38,
      "correct_option": 2,
      "sds_id": "SDS07E1",
      "subtopic": "Endomembrane System (Endoplasmic Reticulum)",
      "image_filename": "question_38.png",
      "captured": true,
      "explanation": [
        "https://d1iljb9ao69244.cloudfront.net/question_explanations_337122_1654316567148.ogg"
      ]
    },
    "question_39": {
      "question_number": 39,
      "correct_option": 2,
      "sds_id": "SDS07E2",
      "subtopic": "Endomembrane System (Endoplasmic Reticulum)",
      "image_filename": "question_39.png",
      "captured": true,
      "explanation": [
        "https://d1iljb9ao69244.cloudfront.net/425230_1709540821192_91.ogg"
      ]
    },
    "question_40": {
      "question_number": 40,
      "correct_option": 1,
      "sds_id": "SDS07E3",
      "subtopic": "Endomembrane System (Endoplasmic Reticulum)",
      "image_filename": "question_40.png",
      "captured": true,
      "explanation": [
        "https://d1iljb9ao69244.cloudfront.net/448211_1713523140252_27.ogg"
      ]
    }
  }
}