{
  "chapter_no": 11,
  "chapter_name": "Organisms and Populations",
  "section_name": "Invictus- Organisms and Populations",
  "total_questions": 45,
  "questions": {
    "question_1": {
      "question_number": 1,
      "correct_option": 1,
      "sds_id": "SDS179B",
      "subtopic": "Introduction to Ecology",
      "image_filename": "question_1.png",
      "captured": true,
      "explanation": [
        "https://d2f8z173p7073l.cloudfront.net/1551681559751"
      ]
    },
    "question_2": {
      "question_number": 2,
      "correct_option": 4,
      "sds_id": "SDS179C",
      "subtopic": "Introduction to Ecology",
      "image_filename": "question_2.png",
      "captured": true,
      "explanation": [
        "https://d2f8z173p7073l.cloudfront.net/1551528651048"
      ]
    },
    "question_3": {
      "question_number": 3,
      "correct_option": 2,
      "sds_id": "SDS179D",
      "subtopic": "Introduction to Ecology",
      "image_filename": "question_3.png",
      "captured": true,
      "explanation": [
        "https://d2f8z173p7073l.cloudfront.net/1551528693880"
      ]
    },
    "question_4": {
      "question_number": 4,
      "correct_option": 2,
      "sds_id": "SDS179E",
      "subtopic": "Introduction to Ecology",
      "image_filename": "question_4.png",
      "captured": true,
      "explanation": [
        "https://d2f8z173p7073l.cloudfront.net/1551526716671"
      ]
    },
    "question_5": {
      "question_number": 5,
      "correct_option": 1,
      "sds_id": "SDS179F",
      "subtopic": "Introduction to Ecology",
      "image_filename": "question_5.png",
      "captured": true,
      "explanation": [
        "https://d1iljb9ao69244.cloudfront.net/243337_1621685682907_26.ogg"
      ]
    },
    "question_6": {
      "question_number": 6,
      "correct_option": 3,
      "sds_id": "SDS17A0",
      "subtopic": "Introduction to Ecology",
      "image_filename": "question_6.png",
      "captured": true,
      "explanation": [
        "https://d2f8z173p7073l.cloudfront.net/1551529196028"
      ]
    },
    "question_7": {
      "question_number": 7,
      "correct_option": 4,
      "sds_id": "SDS17A1",
      "subtopic": "Organisms and its Environment",
      "image_filename": "question_7.png",
      "captured": true,
      "explanation": [
        "https://d2f8z173p7073l.cloudfront.net/1551620613040"
      ]
    },
    "question_8": {
      "question_number": 8,
      "correct_option": 2,
      "sds_id": "SDS17A2",
      "subtopic": "Organisms and its Environment",
      "image_filename": "question_8.png",
      "captured": true,
      "explanation": [
        "https://d2f8z173p7073l.cloudfront.net/1551528326505"
      ]
    },
    "question_9": {
      "question_number": 9,
      "correct_option": 3,
      "sds_id": "SDS17A3",
      "subtopic": "Organisms and its Environment",
      "image_filename": "question_9.png",
      "captured": true,
      "explanation": [
        "https://d2f8z173p7073l.cloudfront.net/1551620760184"
      ]
    },
    "question_10": {
      "question_number": 10,
      "correct_option": 1,
      "sds_id": "SDS17A4",
      "subtopic": "Organisms and its Environment",
      "image_filename": "question_10.png",
      "captured": true,
      "explanation": [
        "https://d2f8z173p7073l.cloudfront.net/1551526686109"
      ]
    },
    "question_11": {
      "question_number": 11,
      "correct_option": 3,
      "sds_id": "SDS17A5",
      "subtopic": "Population Characters: Density",
      "image_filename": "question_11.png",
      "captured": true,
      "explanation": [
        "https://d2f8z173p7073l.cloudfront.net/1551682241527"
      ]
    },
    "question_12": {
      "question_number": 12,
      "correct_option": 2,
      "sds_id": "SDS17A6",
      "subtopic": "Population Characters: Natality & Mortality",
      "image_filename": "question_12.png",
      "captured": true,
      "explanation": [
        "https://d2f8z173p7073l.cloudfront.net/1551528037079"
      ]
    },
    "question_13": {
      "question_number": 13,
      "correct_option": 2,
      "sds_id": "SDS17A7",
      "subtopic": "Population Dynamic",
      "image_filename": "question_13.png",
      "captured": true,
      "explanation": [
        "https://d2f8z173p7073l.cloudfront.net/1551681741587"
      ]
    },
    "question_14": {
      "question_number": 14,
      "correct_option": 3,
      "sds_id": "SDS17A8",
      "subtopic": "Population Dynamic",
      "image_filename": "question_14.png",
      "captured": true,
      "explanation": [
        "https://d2f8z173p7073l.cloudfront.net/1551528523044"
      ]
    },
    "question_15": {
      "question_number": 15,
      "correct_option": 3,
      "sds_id": "SDS17A9",
      "subtopic": "Population Dynamic",
      "image_filename": "question_15.png",
      "captured": true,
      "explanation": [
        "https://d2f8z173p7073l.cloudfront.net/1551526385753"
      ]
    },
    "question_16": {
      "question_number": 16,
      "correct_option": 4,
      "sds_id": "SDS17AA",
      "subtopic": "Population Dynamic",
      "image_filename": "question_16.png",
      "captured": true,
      "explanation": [
        "https://d2f8z173p7073l.cloudfront.net/1551527833127"
      ]
    },
    "question_17": {
      "question_number": 17,
      "correct_option": 1,
      "sds_id": "SDS17AB",
      "subtopic": "Population Dynamic",
      "image_filename": "question_17.png",
      "captured": true,
      "explanation": [
        "https://d2f8z173p7073l.cloudfront.net/1551528145769"
      ]
    },
    "question_18": {
      "question_number": 18,
      "correct_option": 3,
      "sds_id": "SDS17AC",
      "subtopic": "Population: Exponential Growth Model",
      "image_filename": "question_18.png",
      "captured": true,
      "explanation": [
        "https://d2f8z173p7073l.cloudfront.net/1551526612245"
      ]
    },
    "question_19": {
      "question_number": 19,
      "correct_option": 4,
      "sds_id": "SDS17AD",
      "subtopic": "Population: Exponential Growth Model",
      "image_filename": "question_19.png",
      "captured": true,
      "explanation": [
        "https://d2f8z173p7073l.cloudfront.net/1551527084591"
      ]
    },
    "question_20": {
      "question_number": 20,
      "correct_option": 4,
      "sds_id": "SDS17AE",
      "subtopic": "Population: Logistic Growth Model",
      "image_filename": "question_20.png",
      "captured": true,
      "explanation": [
        "https://d2f8z173p7073l.cloudfront.net/1551682046659"
      ]
    },
    "question_21": {
      "question_number": 21,
      "correct_option": 4,
      "sds_id": "SDS17AF",
      "subtopic": "Population: Logistic Growth Model",
      "image_filename": "question_21.png",
      "captured": true,
      "explanation": [
        "https://d2f8z173p7073l.cloudfront.net/1551526527348",
        "https://www.youtube.com/embed/3NVRQj1140k?rel=0&amp;modestbranding=1&amp;loop=1&amp;playlist=3NVRQj1140k&amp;start=494&amp;end=557",
        "https://www.youtube.com/embed/3NVRQj1140k?rel=0&modestbranding=1&loop=1&playlist=3NVRQj1140k&start=494&end=557"
      ]
    },
    "question_22": {
      "question_number": 22,
      "correct_option": 1,
      "sds_id": "SDS17B0",
      "subtopic": "Population: Logistic Growth Model",
      "image_filename": "question_22.png",
      "captured": true,
      "explanation": [
        "https://d2f8z173p7073l.cloudfront.net/1551527797543"
      ]
    },
    "question_23": {
      "question_number": 23,
      "correct_option": 3,
      "sds_id": "SDS17B1",
      "subtopic": "Population: Logistic Growth Model",
      "image_filename": "question_23.png",
      "captured": true,
      "explanation": [
        "https://d1iljb9ao69244.cloudfront.net/251299_1630735669412_25.ogg",
        "https://d1iljb9ao69244.cloudfront.net/question_explanations_251299_1629105845906.ogg",
        "https://www.youtube.com/embed/7ZJsRUIxfJU?rel=0&amp;modestbranding=1&amp;loop=1&amp;playlist=7ZJsRUIxfJU&amp;start=113&amp;end=144",
        "https://www.youtube.com/embed/7ZJsRUIxfJU?rel=0&modestbranding=1&loop=1&playlist=7ZJsRUIxfJU&start=113&end=144"
      ]
    },
    "question_24": {
      "question_number": 24,
      "correct_option": 2,
      "sds_id": "SDS17B2",
      "subtopic": "Population Interactions: Competition",
      "image_filename": "question_24.png",
      "captured": true,
      "explanation": [
        "https://d2f8z173p7073l.cloudfront.net/1551527731572"
      ]
    },
    "question_25": {
      "question_number": 25,
      "correct_option": 3,
      "sds_id": "SDS17B3",
      "subtopic": "Population Interactions: Predation",
      "image_filename": "question_25.png",
      "captured": true,
      "explanation": [
        "https://d2f8z173p7073l.cloudfront.net/1551681274601"
      ]
    },
    "question_26": {
      "question_number": 26,
      "correct_option": 3,
      "sds_id": "SDS17B4",
      "subtopic": "Population Interactions: Predation",
      "image_filename": "question_26.png",
      "captured": true,
      "explanation": [
        "https://d2f8z173p7073l.cloudfront.net/1551526911790"
      ]
    },
    "question_27": {
      "question_number": 27,
      "correct_option": 2,
      "sds_id": "SDS17B5",
      "subtopic": "Population Interactions: Predation",
      "image_filename": "question_27.png",
      "captured": true,
      "explanation": [
        "https://d2f8z173p7073l.cloudfront.net/1551681589946"
      ]
    },
    "question_28": {
      "question_number": 28,
      "correct_option": 1,
      "sds_id": "SDS17B6",
      "subtopic": "Population Interactions: Predation",
      "image_filename": "question_28.png",
      "captured": true,
      "explanation": [
        "https://d2f8z173p7073l.cloudfront.net/1551638325775"
      ]
    },
    "question_29": {
      "question_number": 29,
      "correct_option": 2,
      "sds_id": "SDS17B7",
      "subtopic": "Population Interactions: Predation",
      "image_filename": "question_29.png",
      "captured": true,
      "explanation": [
        "https://d2f8z173p7073l.cloudfront.net/1583669574165",
        "https://www.youtube.com/embed/uAsJ7iIPoBI?rel=0&amp;modestbranding=1&amp;loop=1&amp;playlist=uAsJ7iIPoBI&amp;start=531&amp;end=567",
        "https://www.youtube.com/embed/7ZJsRUIxfJU?rel=0&amp;modestbranding=1&amp;loop=1&amp;playlist=7ZJsRUIxfJU&amp;start=150&amp;end=186",
        "https://www.youtube.com/embed/uAsJ7iIPoBI?rel=0&modestbranding=1&loop=1&playlist=uAsJ7iIPoBI&start=531&end=567",
        "https://www.youtube.com/embed/7ZJsRUIxfJU?rel=0&modestbranding=1&loop=1&playlist=7ZJsRUIxfJU&start=150&end=186"
      ]
    },
    "question_30": {
      "question_number": 30,
      "correct_option": 1,
      "sds_id": "SDS17B8",
      "subtopic": "Population Interactions: Predation",
      "image_filename": "question_30.png",
      "captured": true,
      "explanation": [
        "https://d2f8z173p7073l.cloudfront.net/1551681352974"
      ]
    },
    "question_31": {
      "question_number": 31,
      "correct_option": 1,
      "sds_id": "SDS17B9",
      "subtopic": "Population Interactions: Parasitism",
      "image_filename": "question_31.png",
      "captured": true,
      "explanation": [
        "https://d2f8z173p7073l.cloudfront.net/1551530238969"
      ]
    },
    "question_32": {
      "question_number": 32,
      "correct_option": 3,
      "sds_id": "SDS17BA",
      "subtopic": "Population Interactions: Parasitism",
      "image_filename": "question_32.png",
      "captured": true,
      "explanation": [
        "https://d2f8z173p7073l.cloudfront.net/1551527553103"
      ]
    },
    "question_33": {
      "question_number": 33,
      "correct_option": 4,
      "sds_id": "SDS17BB",
      "subtopic": "Population Interactions: Parasitism",
      "image_filename": "question_33.png",
      "captured": true,
      "explanation": [
        "https://d2f8z173p7073l.cloudfront.net/1551624405591"
      ]
    },
    "question_34": {
      "question_number": 34,
      "correct_option": 3,
      "sds_id": "SDS17BC",
      "subtopic": "Population Interactions: Parasitism",
      "image_filename": "question_34.png",
      "captured": true,
      "explanation": [
        "https://d2f8z173p7073l.cloudfront.net/1551527909185"
      ]
    },
    "question_35": {
      "question_number": 35,
      "correct_option": 1,
      "sds_id": "SDS17BD",
      "subtopic": "Population Interactions: Parasitism",
      "image_filename": "question_35.png",
      "captured": true,
      "explanation": [
        "https://d1iljb9ao69244.cloudfront.net/question_explanations_265517_1629113558733.ogg",
        "https://www.youtube.com/embed/3NVRQj1140k?rel=0&amp;modestbranding=1&amp;loop=1&amp;playlist=3NVRQj1140k&amp;start=634&amp;end=661",
        "https://www.youtube.com/embed/3NVRQj1140k?rel=0&modestbranding=1&loop=1&playlist=3NVRQj1140k&start=634&end=661"
      ]
    },
    "question_36": {
      "question_number": 36,
      "correct_option": 4,
      "sds_id": "SDS17BE",
      "subtopic": "Population Interactions: Amensalism",
      "image_filename": "question_36.png",
      "captured": true,
      "explanation": [
        "https://d2f8z173p7073l.cloudfront.net/1551528064164"
      ]
    },
    "question_37": {
      "question_number": 37,
      "correct_option": 2,
      "sds_id": "SDS17BF",
      "subtopic": "Population Interactions: Commensalism, Protocooperation & Mutualism",
      "image_filename": "question_37.png",
      "captured": true,
      "explanation": [
        "https://d2f8z173p7073l.cloudfront.net/1551527637060"
      ]
    },
    "question_38": {
      "question_number": 38,
      "correct_option": 1,
      "sds_id": "SDS17C0",
      "subtopic": "Population Interactions: Commensalism, Protocooperation & Mutualism",
      "image_filename": "question_38.png",
      "captured": true,
      "explanation": [
        "https://d1iljb9ao69244.cloudfront.net/251350_1630736465114_52.ogg",
        "https://d1iljb9ao69244.cloudfront.net/question_explanations_251350_1629106135665.ogg",
        "https://www.youtube-nocookie.com/embed/iwlzbBqSsyI?rel=0",
        "https://www.youtube.com/embed/7ZJsRUIxfJU?rel=0&amp;modestbranding=1&amp;loop=1&amp;playlist=7ZJsRUIxfJU&amp;start=0&amp;end=109",
        "https://www.youtube.com/embed/7ZJsRUIxfJU?rel=0&modestbranding=1&loop=1&playlist=7ZJsRUIxfJU&start=0&end=109"
      ]
    },
    "question_39": {
      "question_number": 39,
      "correct_option": 3,
      "sds_id": "SDS17C1",
      "subtopic": "Population Interactions: Commensalism, Protocooperation & Mutualism",
      "image_filename": "question_39.png",
      "captured": true,
      "explanation": [
        "https://d2f8z173p7073l.cloudfront.net/1551527951778"
      ]
    },
    "question_40": {
      "question_number": 40,
      "correct_option": 1,
      "sds_id": "SDS17C2",
      "subtopic": "Population Interactions: Coevolution",
      "image_filename": "question_40.png",
      "captured": true,
      "explanation": [
        "https://d1iljb9ao69244.cloudfront.net/question_explanations_266166_1629113876739.ogg",
        "https://www.youtube.com/embed/3NVRQj1140k?rel=0&amp;modestbranding=1&amp;loop=1&amp;playlist=3NVRQj1140k&amp;start=439&amp;end=488",
        "https://www.youtube.com/embed/3NVRQj1140k?rel=0&modestbranding=1&loop=1&playlist=3NVRQj1140k&start=439&end=488"
      ]
    },
    "question_41": {
      "question_number": 41,
      "correct_option": 4,
      "sds_id": "SDS17C3",
      "subtopic": "Age Pyramid",
      "image_filename": "question_41.png",
      "captured": true,
      "explanation": [
        "https://d2f8z173p7073l.cloudfront.net/1551526648024"
      ]
    },
    "question_42": {
      "question_number": 42,
      "correct_option": 4,
      "sds_id": "SDS17C4",
      "subtopic": "Age Pyramid",
      "image_filename": "question_42.png",
      "captured": true,
      "explanation": [
        "https://d2f8z173p7073l.cloudfront.net/1551527323470"
      ]
    },
    "question_43": {
      "question_number": 43,
      "correct_option": 2,
      "sds_id": "SDS17C5",
      "subtopic": "Population Attributes",
      "image_filename": "question_43.png",
      "captured": true,
      "explanation": [
        "https://d2f8z173p7073l.cloudfront.net/1551682219338"
      ]
    },
    "question_44": {
      "question_number": 44,
      "correct_option": 4,
      "sds_id": "SDS17C6",
      "subtopic": "Population Attributes",
      "image_filename": "question_44.png",
      "captured": true,
      "explanation": [
        "https://d2f8z173p7073l.cloudfront.net/1551526744829"
      ]
    },
    "question_45": {
      "question_number": 45,
      "correct_option": 1,
      "sds_id": "SDS17C7",
      "subtopic": "Population Attributes",
      "image_filename": "question_45.png",
      "captured": true,
      "explanation": [
        "https://d1iljb9ao69244.cloudfront.net/89382_1741494405298_77.ogg",
        "https://d1iljb9ao69244.cloudfront.net/89382_1638718899880_65.ogg",
        "https://www.youtube-nocookie.com/embed/qE63Z0QfX1Q?rel=0",
        "https://www.youtube.com/embed/Y3PExxnHOtk?rel=0&amp;modestbranding=1&amp;loop=1&amp;playlist=Y3PExxnHOtk&amp;start=48&amp;end=84",
        "https://www.youtube.com/embed/Y3PExxnHOtk?rel=0&modestbranding=1&loop=1&playlist=Y3PExxnHOtk&start=48&end=84"
      ]
    }
  }
}