{
  "chapter_no": 5,
  "chapter_name": "Molecular Basis of Inheritance",
  "section_name": "Level 1",
  "total_questions": 190,
  "questions": {
    "question_1": {
      "question_number": 1,
      "correct_option": 4,
      "sds_id": "SDS126E",
      "subtopic": "The DNA",
      "image_filename": "question_1.png",
      "captured": true,
      "explanation": [
        "https://d1iljb9ao69244.cloudfront.net/question_explanations_359495_1672289860870.ogg"
      ]
    },
    "question_2": {
      "question_number": 2,
      "correct_option": 2,
      "sds_id": "SDS126F",
      "subtopic": "The DNA",
      "image_filename": "question_2.png",
      "captured": true,
      "explanation": [
        "https://d2f8z173p7073l.cloudfront.net/1582778703157"
      ]
    },
    "question_3": {
      "question_number": 3,
      "correct_option": 1,
      "sds_id": "SDS1270",
      "subtopic": "The DNA",
      "image_filename": "question_3.png",
      "captured": true,
      "explanation": [
        "https://d2f8z173p7073l.cloudfront.net/1582778811401"
      ]
    },
    "question_4": {
      "question_number": 4,
      "correct_option": 3,
      "sds_id": "SDS1271",
      "subtopic": "The DNA",
      "image_filename": "question_4.png",
      "captured": true,
      "explanation": [
        "https://d2f8z173p7073l.cloudfront.net/1582778979827"
      ]
    },
    "question_5": {
      "question_number": 5,
      "correct_option": 4,
      "sds_id": "SDS1272",
      "subtopic": "The DNA",
      "image_filename": "question_5.png",
      "captured": true,
      "explanation": [
        "https://d2f8z173p7073l.cloudfront.net/1582778941965"
      ]
    },
    "question_6": {
      "question_number": 6,
      "correct_option": 1,
      "sds_id": "SDS1273",
      "subtopic": "The DNA",
      "image_filename": "question_6.png",
      "captured": true,
      "explanation": [
        "https://d2f8z173p7073l.cloudfront.net/1582779071411"
      ]
    },
    "question_7": {
      "question_number": 7,
      "correct_option": 2,
      "sds_id": "SDS1274",
      "subtopic": "The DNA",
      "image_filename": "question_7.png",
      "captured": true,
      "explanation": [
        "https://d2f8z173p7073l.cloudfront.net/1582779247351"
      ]
    },
    "question_8": {
      "question_number": 8,
      "correct_option": 4,
      "sds_id": "SDS1275",
      "subtopic": "The DNA",
      "image_filename": "question_8.png",
      "captured": true,
      "explanation": [
        "https://d2f8z173p7073l.cloudfront.net/1582779295127"
      ]
    },
    "question_9": {
      "question_number": 9,
      "correct_option": 3,
      "sds_id": "SDS1276",
      "subtopic": "The DNA",
      "image_filename": "question_9.png",
      "captured": true,
      "explanation": [
        "https://d2f8z173p7073l.cloudfront.net/1582779206876"
      ]
    },
    "question_10": {
      "question_number": 10,
      "correct_option": 3,
      "sds_id": "SDS1277",
      "subtopic": "The DNA",
      "image_filename": "question_10.png",
      "captured": true,
      "explanation": [
        "https://d1iljb9ao69244.cloudfront.net/422277_1709057560549_14.ogg"
      ]
    },
    "question_11": {
      "question_number": 11,
      "correct_option": 3,
      "sds_id": "SDS1278",
      "subtopic": "The DNA",
      "image_filename": "question_11.png",
      "captured": true,
      "explanation": [
        "https://d2f8z173p7073l.cloudfront.net/1582780108045"
      ]
    },
    "question_12": {
      "question_number": 12,
      "correct_option": 1,
      "sds_id": "SDS1279",
      "subtopic": "The DNA",
      "image_filename": "question_12.png",
      "captured": true,
      "explanation": [
        "https://d1iljb9ao69244.cloudfront.net/398917_1701981067352_15.ogg"
      ]
    },
    "question_13": {
      "question_number": 13,
      "correct_option": 3,
      "sds_id": "SDS127A",
      "subtopic": "DNA Double Helix",
      "image_filename": "question_13.png",
      "captured": true,
      "explanation": [
        "https://d1iljb9ao69244.cloudfront.net/398903_1701947914760_5.ogg"
      ]
    },
    "question_14": {
      "question_number": 14,
      "correct_option": 4,
      "sds_id": "SDS127B",
      "subtopic": "DNA Double Helix",
      "image_filename": "question_14.png",
      "captured": true,
      "explanation": [
        "https://d1iljb9ao69244.cloudfront.net/398275_1702275429969_5.ogg"
      ]
    },
    "question_15": {
      "question_number": 15,
      "correct_option": 1,
      "sds_id": "SDS127C",
      "subtopic": "DNA Double Helix",
      "image_filename": "question_15.png",
      "captured": true,
      "explanation": [
        "https://d2f8z173p7073l.cloudfront.net/1582779682343"
      ]
    },
    "question_16": {
      "question_number": 16,
      "correct_option": 1,
      "sds_id": "SDS127D",
      "subtopic": "DNA Double Helix",
      "image_filename": "question_16.png",
      "captured": true,
      "explanation": [
        "https://d1iljb9ao69244.cloudfront.net/398906_1701948245916_7.ogg"
      ]
    },
    "question_17": {
      "question_number": 17,
      "correct_option": 1,
      "sds_id": "SDS127E",
      "subtopic": "DNA Double Helix",
      "image_filename": "question_17.png",
      "captured": true,
      "explanation": [
        "https://d2f8z173p7073l.cloudfront.net/1582779762282"
      ]
    },
    "question_18": {
      "question_number": 18,
      "correct_option": 2,
      "sds_id": "SDS127F",
      "subtopic": "DNA Double Helix",
      "image_filename": "question_18.png",
      "captured": true,
      "explanation": [
        "https://d1iljb9ao69244.cloudfront.net/398907_1701948260752_8.ogg"
      ]
    },
    "question_19": {
      "question_number": 19,
      "correct_option": 3,
      "sds_id": "SDS1280",
      "subtopic": "DNA Double Helix",
      "image_filename": "question_19.png",
      "captured": true,
      "explanation": [
        "https://d2f8z173p7073l.cloudfront.net/1582779799525"
      ]
    },
    "question_20": {
      "question_number": 20,
      "correct_option": 2,
      "sds_id": "SDS1281",
      "subtopic": "DNA Double Helix",
      "image_filename": "question_20.png",
      "captured": true,
      "explanation": [
        "https://d2f8z173p7073l.cloudfront.net/1582779861585"
      ]
    },
    "question_21": {
      "question_number": 21,
      "correct_option": 4,
      "sds_id": "SDS1282",
      "subtopic": "DNA Double Helix",
      "image_filename": "question_21.png",
      "captured": true,
      "explanation": [
        "https://d2f8z173p7073l.cloudfront.net/1582779895441"
      ]
    },
    "question_22": {
      "question_number": 22,
      "correct_option": 2,
      "sds_id": "SDS1283",
      "subtopic": "DNA Double Helix",
      "image_filename": "question_22.png",
      "captured": true,
      "explanation": [
        "https://d2f8z173p7073l.cloudfront.net/1582779934897"
      ]
    },
    "question_23": {
      "question_number": 23,
      "correct_option": 3,
      "sds_id": "SDS1284",
      "subtopic": "DNA Double Helix",
      "image_filename": "question_23.png",
      "captured": true,
      "explanation": [
        "https://d1iljb9ao69244.cloudfront.net/question_explanations_359500_1672290200794.ogg"
      ]
    },
    "question_24": {
      "question_number": 24,
      "correct_option": 4,
      "sds_id": "SDS1285",
      "subtopic": "DNA Double Helix",
      "image_filename": "question_24.png",
      "captured": true,
      "explanation": [
        "https://d1iljb9ao69244.cloudfront.net/398910_1701979709854_10.ogg"
      ]
    },
    "question_25": {
      "question_number": 25,
      "correct_option": 2,
      "sds_id": "SDS1286",
      "subtopic": "DNA Double Helix",
      "image_filename": "question_25.png",
      "captured": true,
      "explanation": [
        "https://d1iljb9ao69244.cloudfront.net/399036_1702261662661_2.ogg"
      ]
    },
    "question_26": {
      "question_number": 26,
      "correct_option": 4,
      "sds_id": "SDS1287",
      "subtopic": "DNA Double Helix",
      "image_filename": "question_26.png",
      "captured": true,
      "explanation": [
        "https://d1iljb9ao69244.cloudfront.net/397087_1701111074680_397087.ogg"
      ]
    },
    "question_27": {
      "question_number": 27,
      "correct_option": 4,
      "sds_id": "SDS1288",
      "subtopic": "DNA Double Helix",
      "image_filename": "question_27.png",
      "captured": true,
      "explanation": [
        "https://d1iljb9ao69244.cloudfront.net/399037_1702261678912_3.ogg"
      ]
    },
    "question_28": {
      "question_number": 28,
      "correct_option": 2,
      "sds_id": "SDS1289",
      "subtopic": "DNA Double Helix",
      "image_filename": "question_28.png",
      "captured": true,
      "explanation": [
        "https://d1iljb9ao69244.cloudfront.net/180090_1666453268832_180090.ogg"
      ]
    },
    "question_29": {
      "question_number": 29,
      "correct_option": 1,
      "sds_id": "SDS128A",
      "subtopic": "DNA Double Helix",
      "image_filename": "question_29.png",
      "captured": true,
      "explanation": [
        "https://d2f8z173p7073l.cloudfront.net/1582779979395"
      ]
    },
    "question_30": {
      "question_number": 30,
      "correct_option": 4,
      "sds_id": "SDS128B",
      "subtopic": "DNA Double Helix",
      "image_filename": "question_30.png",
      "captured": true,
      "explanation": [
        "https://d2f8z173p7073l.cloudfront.net/1582780015619"
      ]
    },
    "question_31": {
      "question_number": 31,
      "correct_option": 2,
      "sds_id": "SDS128C",
      "subtopic": "DNA Double Helix",
      "image_filename": "question_31.png",
      "captured": true,
      "explanation": [
        "https://d1iljb9ao69244.cloudfront.net/430019_1710825821012_WhatsApp%20Ptt%202024-03-19%20at%2010.49.04.ogg",
        "https://d1iljb9ao69244.cloudfront.net/430019_1710825821012_WhatsApp"
      ]
    },
    "question_32": {
      "question_number": 32,
      "correct_option": 3,
      "sds_id": "SDS128D",
      "subtopic": "DNA vs RNA as Genetic Material",
      "image_filename": "question_32.png",
      "captured": true,
      "explanation": [
        "https://d2f8z173p7073l.cloudfront.net/1582779039375"
      ]
    },
    "question_33": {
      "question_number": 33,
      "correct_option": 3,
      "sds_id": "SDS128E",
      "subtopic": "DNA vs RNA as Genetic Material",
      "image_filename": "question_33.png",
      "captured": true,
      "explanation": [
        "https://d2f8z173p7073l.cloudfront.net/1582780795536"
      ]
    },
    "question_34": {
      "question_number": 34,
      "correct_option": 1,
      "sds_id": "SDS128F",
      "subtopic": "DNA vs RNA as Genetic Material",
      "image_filename": "question_34.png",
      "captured": true,
      "explanation": [
        "https://d2f8z173p7073l.cloudfront.net/1549001810490",
        "https://www.youtube-nocookie.com/embed/Nh2QCimqRQ0?rel=0"
      ]
    },
    "question_35": {
      "question_number": 35,
      "correct_option": 2,
      "sds_id": "SDS1290",
      "subtopic": "DNA vs RNA as Genetic Material",
      "image_filename": "question_35.png",
      "captured": true,
      "explanation": [
        "https://d2f8z173p7073l.cloudfront.net/1582780835606"
      ]
    },
    "question_36": {
      "question_number": 36,
      "correct_option": 2,
      "sds_id": "SDS1291",
      "subtopic": "DNA vs RNA as Genetic Material",
      "image_filename": "question_36.png",
      "captured": true,
      "explanation": [
        "https://d1iljb9ao69244.cloudfront.net/398290_1702276540312_20.ogg"
      ]
    },
    "question_37": {
      "question_number": 37,
      "correct_option": 2,
      "sds_id": "SDS1292",
      "subtopic": "DNA vs RNA as Genetic Material",
      "image_filename": "question_37.png",
      "captured": true,
      "explanation": [
        "https://d1iljb9ao69244.cloudfront.net/398293_1702276993440_23.ogg"
      ]
    },
    "question_38": {
      "question_number": 38,
      "correct_option": 4,
      "sds_id": "SDS1293",
      "subtopic": "DNA vs RNA as Genetic Material",
      "image_filename": "question_38.png",
      "captured": true,
      "explanation": [
        "https://d1iljb9ao69244.cloudfront.net/180100_1667733605885_180100.ogg"
      ]
    },
    "question_39": {
      "question_number": 39,
      "correct_option": 1,
      "sds_id": "SDS1294",
      "subtopic": "DNA vs RNA as Genetic Material",
      "image_filename": "question_39.png",
      "captured": true,
      "explanation": [
        "https://d1iljb9ao69244.cloudfront.net/453732_1714485074072_47.ogg"
      ]
    },
    "question_40": {
      "question_number": 40,
      "correct_option": 3,
      "sds_id": "SDS1295",
      "subtopic": "DNA vs RNA as Genetic Material",
      "image_filename": "question_40.png",
      "captured": true,
      "explanation": [
        "https://d1iljb9ao69244.cloudfront.net/398295_1702277009924_24.ogg"
      ]
    },
    "question_41": {
      "question_number": 41,
      "correct_option": 3,
      "sds_id": "SDS1296",
      "subtopic": "DNA Packaging",
      "image_filename": "question_41.png",
      "captured": true,
      "explanation": [
        "https://d2f8z173p7073l.cloudfront.net/1582780055253"
      ]
    },
    "question_42": {
      "question_number": 42,
      "correct_option": 4,
      "sds_id": "SDS1297",
      "subtopic": "DNA Packaging",
      "image_filename": "question_42.png",
      "captured": true,
      "explanation": [
        "https://d2f8z173p7073l.cloudfront.net/1582780142958"
      ]
    },
    "question_43": {
      "question_number": 43,
      "correct_option": 3,
      "sds_id": "SDS1298",
      "subtopic": "DNA Packaging",
      "image_filename": "question_43.png",
      "captured": true,
      "explanation": [
        "https://d2f8z173p7073l.cloudfront.net/1582780224818"
      ]
    },
    "question_44": {
      "question_number": 44,
      "correct_option": 4,
      "sds_id": "SDS1299",
      "subtopic": "DNA Packaging",
      "image_filename": "question_44.png",
      "captured": true,
      "explanation": [
        "https://d2f8z173p7073l.cloudfront.net/1582780262700"
      ]
    },
    "question_45": {
      "question_number": 45,
      "correct_option": 2,
      "sds_id": "SDS129A",
      "subtopic": "DNA Packaging",
      "image_filename": "question_45.png",
      "captured": true,
      "explanation": [
        "https://d2f8z173p7073l.cloudfront.net/1582780298835"
      ]
    },
    "question_46": {
      "question_number": 46,
      "correct_option": 4,
      "sds_id": "SDS129B",
      "subtopic": "DNA Packaging",
      "image_filename": "question_46.png",
      "captured": true,
      "explanation": [
        "https://d2f8z173p7073l.cloudfront.net/1582780342010"
      ]
    },
    "question_47": {
      "question_number": 47,
      "correct_option": 3,
      "sds_id": "SDS129C",
      "subtopic": "DNA Packaging",
      "image_filename": "question_47.png",
      "captured": true,
      "explanation": [
        "https://d1iljb9ao69244.cloudfront.net/398282_1702275764925_12.ogg"
      ]
    },
    "question_48": {
      "question_number": 48,
      "correct_option": 3,
      "sds_id": "SDS129D",
      "subtopic": "DNA Packaging",
      "image_filename": "question_48.png",
      "captured": true,
      "explanation": [
        "https://d1iljb9ao69244.cloudfront.net/398916_1701981052275_14.ogg"
      ]
    },
    "question_49": {
      "question_number": 49,
      "correct_option": 4,
      "sds_id": "SDS129E",
      "subtopic": "DNA Packaging",
      "image_filename": "question_49.png",
      "captured": true,
      "explanation": [
        "https://d1iljb9ao69244.cloudfront.net/399038_1702261695993_4.ogg"
      ]
    },
    "question_50": {
      "question_number": 50,
      "correct_option": 1,
      "sds_id": "SDS129F",
      "subtopic": "Translation",
      "image_filename": "question_50.png",
      "captured": true,
      "explanation": [
        "https://d2f8z173p7073l.cloudfront.net/1582786430296"
      ]
    },
    "question_51": {
      "question_number": 51,
      "correct_option": 4,
      "sds_id": "SDS12A0",
      "subtopic": "Translation",
      "image_filename": "question_51.png",
      "captured": true,
      "explanation": [
        "https://d2f8z173p7073l.cloudfront.net/1582786462481"
      ]
    },
    "question_52": {
      "question_number": 52,
      "correct_option": 2,
      "sds_id": "SDS12A1",
      "subtopic": "Translation",
      "image_filename": "question_52.png",
      "captured": true,
      "explanation": [
        "https://d1iljb9ao69244.cloudfront.net/399052_1702262056589_16.ogg"
      ]
    },
    "question_53": {
      "question_number": 53,
      "correct_option": 4,
      "sds_id": "SDS12A2",
      "subtopic": "Translation",
      "image_filename": "question_53.png",
      "captured": true,
      "explanation": [
        "https://d1iljb9ao69244.cloudfront.net/397108_1701112611186_397108.ogg"
      ]
    },
    "question_54": {
      "question_number": 54,
      "correct_option": 3,
      "sds_id": "SDS12A3",
      "subtopic": "Translation",
      "image_filename": "question_54.png",
      "captured": true,
      "explanation": [
        "https://d1iljb9ao69244.cloudfront.net/399051_1702262042189_15.ogg"
      ]
    },
    "question_55": {
      "question_number": 55,
      "correct_option": 3,
      "sds_id": "SDS12A4",
      "subtopic": "Translation",
      "image_filename": "question_55.png",
      "captured": true,
      "explanation": [
        "https://d1iljb9ao69244.cloudfront.net/409343_1705462409118_64.ogg"
      ]
    },
    "question_56": {
      "question_number": 56,
      "correct_option": 3,
      "sds_id": "SDS12A5",
      "subtopic": "Translation",
      "image_filename": "question_56.png",
      "captured": true,
      "explanation": [
        "https://d1iljb9ao69244.cloudfront.net/415564_1707114487107_66.ogg"
      ]
    },
    "question_57": {
      "question_number": 57,
      "correct_option": 2,
      "sds_id": "SDS12A6",
      "subtopic": "Translation",
      "image_filename": "question_57.png",
      "captured": true,
      "explanation": [
        "https://d1iljb9ao69244.cloudfront.net/422337_1709091686001_72.ogg"
      ]
    },
    "question_58": {
      "question_number": 58,
      "correct_option": 2,
      "sds_id": "SDS12A7",
      "subtopic": "Translation",
      "image_filename": "question_58.png",
      "captured": true,
      "explanation": [
        "https://d1iljb9ao69244.cloudfront.net/447691_1713345079487_23.ogg"
      ]
    },
    "question_59": {
      "question_number": 59,
      "correct_option": 2,
      "sds_id": "SDS12A8",
      "subtopic": "Translation",
      "image_filename": "question_59.png",
      "captured": true,
      "explanation": [
        "https://d1iljb9ao69244.cloudfront.net/439299_1712657396993_48.ogg"
      ]
    },
    "question_60": {
      "question_number": 60,
      "correct_option": 3,
      "sds_id": "SDS12A9",
      "subtopic": "Translation",
      "image_filename": "question_60.png",
      "captured": true,
      "explanation": [
        "https://d1iljb9ao69244.cloudfront.net/436623_1712137760469_48.ogg"
      ]
    },
    "question_61": {
      "question_number": 61,
      "correct_option": 1,
      "sds_id": "SDS12AA",
      "subtopic": "Translation",
      "image_filename": "question_61.png",
      "captured": true,
      "explanation": [
        "https://d2f8z173p7073l.cloudfront.net/1549016260226"
      ]
    },
    "question_62": {
      "question_number": 62,
      "correct_option": 4,
      "sds_id": "SDS12AB",
      "subtopic": "Translation",
      "image_filename": "question_62.png",
      "captured": true,
      "explanation": [
        "https://d1iljb9ao69244.cloudfront.net/question_explanations_337660_1655526290948.ogg"
      ]
    },
    "question_63": {
      "question_number": 63,
      "correct_option": 1,
      "sds_id": "SDS12AC",
      "subtopic": "Translation Mechanism",
      "image_filename": "question_63.png",
      "captured": true,
      "explanation": [
        "https://d1iljb9ao69244.cloudfront.net/398935_1701982141791_29.ogg"
      ]
    },
    "question_64": {
      "question_number": 64,
      "correct_option": 4,
      "sds_id": "SDS12AD",
      "subtopic": "Gene Regulation: Introduction",
      "image_filename": "question_64.png",
      "captured": true,
      "explanation": [
        "https://d1iljb9ao69244.cloudfront.net/399065_1702262333874_27.ogg"
      ]
    },
    "question_65": {
      "question_number": 65,
      "correct_option": 2,
      "sds_id": "SDS12AE",
      "subtopic": "Gene Regulation: Introduction",
      "image_filename": "question_65.png",
      "captured": true,
      "explanation": [
        "https://d1iljb9ao69244.cloudfront.net/question_explanations_180115_1671605310030.ogg"
      ]
    },
    "question_66": {
      "question_number": 66,
      "correct_option": 1,
      "sds_id": "SDS12AF",
      "subtopic": "Gene Regulation: Introduction",
      "image_filename": "question_66.png",
      "captured": true,
      "explanation": [
        "https://d1iljb9ao69244.cloudfront.net/question_explanations_359530_1672042137203.ogg"
      ]
    },
    "question_67": {
      "question_number": 67,
      "correct_option": 3,
      "sds_id": "SDS12B0",
      "subtopic": "Gene Regulation: Introduction",
      "image_filename": "question_67.png",
      "captured": true,
      "explanation": [
        "https://d1iljb9ao69244.cloudfront.net/question_explanations_359531_1672453168521.ogg"
      ]
    },
    "question_68": {
      "question_number": 68,
      "correct_option": 1,
      "sds_id": "SDS12B1",
      "subtopic": "Gene Regulation: Introduction",
      "image_filename": "question_68.png",
      "captured": true,
      "explanation": [
        "https://d2f8z173p7073l.cloudfront.net/1582786740850"
      ]
    },
    "question_69": {
      "question_number": 69,
      "correct_option": 1,
      "sds_id": "SDS12B2",
      "subtopic": "Gene Regulation: Introduction",
      "image_filename": "question_69.png",
      "captured": true,
      "explanation": [
        "https://d2f8z173p7073l.cloudfront.net/1582786906619",
        "https://www.youtube-nocookie.com/embed/U9qKLEk-yr8?rel=0"
      ]
    },
    "question_70": {
      "question_number": 70,
      "correct_option": 4,
      "sds_id": "SDS12B3",
      "subtopic": "Gene Regulation: Lac Operon",
      "image_filename": "question_70.png",
      "captured": true,
      "explanation": [
        "https://d1iljb9ao69244.cloudfront.net/question_explanations_359533_1672377376750.ogg"
      ]
    },
    "question_71": {
      "question_number": 71,
      "correct_option": 1,
      "sds_id": "SDS12B4",
      "subtopic": "Gene Regulation: Lac Operon",
      "image_filename": "question_71.png",
      "captured": true,
      "explanation": [
        "https://d1iljb9ao69244.cloudfront.net/399046_1702261981419_11.ogg"
      ]
    },
    "question_72": {
      "question_number": 72,
      "correct_option": 3,
      "sds_id": "SDS12B5",
      "subtopic": "Gene Regulation: Lac Operon",
      "image_filename": "question_72.png",
      "captured": true,
      "explanation": [
        "https://d2f8z173p7073l.cloudfront.net/1582786778504"
      ]
    },
    "question_73": {
      "question_number": 73,
      "correct_option": 4,
      "sds_id": "SDS12B6",
      "subtopic": "Gene Regulation: Lac Operon",
      "image_filename": "question_73.png",
      "captured": true,
      "explanation": [
        "https://d2f8z173p7073l.cloudfront.net/1582786849292"
      ]
    },
    "question_74": {
      "question_number": 74,
      "correct_option": 4,
      "sds_id": "SDS12B7",
      "subtopic": "Gene Regulation: Lac Operon",
      "image_filename": "question_74.png",
      "captured": true,
      "explanation": [
        "https://d2f8z173p7073l.cloudfront.net/1582786877638"
      ]
    },
    "question_75": {
      "question_number": 75,
      "correct_option": 2,
      "sds_id": "SDS12B8",
      "subtopic": "Gene Regulation: Lac Operon",
      "image_filename": "question_75.png",
      "captured": true,
      "explanation": [
        "https://d1iljb9ao69244.cloudfront.net/question_explanations_62432_1671551137575.ogg"
      ]
    },
    "question_76": {
      "question_number": 76,
      "correct_option": 2,
      "sds_id": "SDS12B9",
      "subtopic": "Gene Regulation: Lac Operon",
      "image_filename": "question_76.png",
      "captured": true,
      "explanation": [
        "https://d1iljb9ao69244.cloudfront.net/398302_1702277564408_31.ogg"
      ]
    },
    "question_77": {
      "question_number": 77,
      "correct_option": 3,
      "sds_id": "SDS12BA",
      "subtopic": "Gene Regulation: Lac Operon",
      "image_filename": "question_77.png",
      "captured": true,
      "explanation": [
        "https://d1iljb9ao69244.cloudfront.net/397113_1701112658732_397113.ogg"
      ]
    },
    "question_78": {
      "question_number": 78,
      "correct_option": 1,
      "sds_id": "SDS12BB",
      "subtopic": "Gene Regulation: Lac Operon",
      "image_filename": "question_78.png",
      "captured": true,
      "explanation": [
        "https://d1iljb9ao69244.cloudfront.net/398948_1701982278442_37.ogg"
      ]
    },
    "question_79": {
      "question_number": 79,
      "correct_option": 3,
      "sds_id": "SDS12BC",
      "subtopic": "Gene Regulation: Lac Operon",
      "image_filename": "question_79.png",
      "captured": true,
      "explanation": [
        "https://d1iljb9ao69244.cloudfront.net/398946_1701982263134_36.ogg"
      ]
    },
    "question_80": {
      "question_number": 80,
      "correct_option": 3,
      "sds_id": "SDS12BD",
      "subtopic": "Gene Regulation: Lac Operon",
      "image_filename": "question_80.png",
      "captured": true,
      "explanation": [
        "https://d1iljb9ao69244.cloudfront.net/399045_1702261796253_10.ogg"
      ]
    },
    "question_81": {
      "question_number": 81,
      "correct_option": 3,
      "sds_id": "SDS12BE",
      "subtopic": "Gene Regulation: Lac Operon",
      "image_filename": "question_81.png",
      "captured": true,
      "explanation": [
        "https://d1iljb9ao69244.cloudfront.net/399050_1702262026625_14.ogg"
      ]
    },
    "question_82": {
      "question_number": 82,
      "correct_option": 3,
      "sds_id": "SDS12BF",
      "subtopic": "Gene Regulation: Lac Operon",
      "image_filename": "question_82.png",
      "captured": true,
      "explanation": [
        "https://d1iljb9ao69244.cloudfront.net/409342_1705462395946_63.ogg"
      ]
    },
    "question_83": {
      "question_number": 83,
      "correct_option": 1,
      "sds_id": "SDS12C0",
      "subtopic": "Gene Regulation: Lac Operon",
      "image_filename": "question_83.png",
      "captured": true,
      "explanation": [
        "https://d1iljb9ao69244.cloudfront.net/426786_1709871317409_93.ogg"
      ]
    },
    "question_84": {
      "question_number": 84,
      "correct_option": 2,
      "sds_id": "SDS12C1",
      "subtopic": "Gene Regulation: Lac Operon",
      "image_filename": "question_84.png",
      "captured": true,
      "explanation": [
        "https://d1iljb9ao69244.cloudfront.net/422350_1709092314593_85.ogg"
      ]
    },
    "question_85": {
      "question_number": 85,
      "correct_option": 2,
      "sds_id": "SDS12C2",
      "subtopic": "Gene Regulation: Lac Operon",
      "image_filename": "question_85.png",
      "captured": true,
      "explanation": [
        "https://d1iljb9ao69244.cloudfront.net/437188_1712301104255_23.ogg"
      ]
    },
    "question_86": {
      "question_number": 86,
      "correct_option": 4,
      "sds_id": "SDS12C3",
      "subtopic": "Human Genome Project",
      "image_filename": "question_86.png",
      "captured": true,
      "explanation": [
        "https://d1iljb9ao69244.cloudfront.net/question_explanations_359539_1672415179491.ogg"
      ]
    },
    "question_87": {
      "question_number": 87,
      "correct_option": 3,
      "sds_id": "SDS12C4",
      "subtopic": "Human Genome Project",
      "image_filename": "question_87.png",
      "captured": true,
      "explanation": [
        "https://d1iljb9ao69244.cloudfront.net/question_explanations_359540_1672415075357.ogg"
      ]
    },
    "question_88": {
      "question_number": 88,
      "correct_option": 3,
      "sds_id": "SDS12C5",
      "subtopic": "Human Genome Project",
      "image_filename": "question_88.png",
      "captured": true,
      "explanation": [
        "https://d1iljb9ao69244.cloudfront.net/359541_1728614913789_38.ogg",
        "https://d1iljb9ao69244.cloudfront.net/question_explanations_359541_1672415014863.ogg"
      ]
    },
    "question_89": {
      "question_number": 89,
      "correct_option": 2,
      "sds_id": "SDS12C6",
      "subtopic": "Human Genome Project",
      "image_filename": "question_89.png",
      "captured": true,
      "explanation": [
        "https://d2f8z173p7073l.cloudfront.net/1582804744962"
      ]
    },
    "question_90": {
      "question_number": 90,
      "correct_option": 3,
      "sds_id": "SDS12C7",
      "subtopic": "Human Genome Project",
      "image_filename": "question_90.png",
      "captured": true,
      "explanation": [
        "https://d2f8z173p7073l.cloudfront.net/1546879236482"
      ]
    },
    "question_91": {
      "question_number": 91,
      "correct_option": 3,
      "sds_id": "SDS12C8",
      "subtopic": "Human Genome Project",
      "image_filename": "question_91.png",
      "captured": true,
      "explanation": [
        "https://d2f8z173p7073l.cloudfront.net/1582804775184"
      ]
    },
    "question_92": {
      "question_number": 92,
      "correct_option": 2,
      "sds_id": "SDS12C9",
      "subtopic": "Human Genome Project",
      "image_filename": "question_92.png",
      "captured": true,
      "explanation": [
        "https://d2f8z173p7073l.cloudfront.net/1619845583577"
      ]
    },
    "question_93": {
      "question_number": 93,
      "correct_option": 1,
      "sds_id": "SDS12CA",
      "subtopic": "Human Genome Project",
      "image_filename": "question_93.png",
      "captured": true,
      "explanation": [
        "https://d2f8z173p7073l.cloudfront.net/1619843455807"
      ]
    },
    "question_94": {
      "question_number": 94,
      "correct_option": 1,
      "sds_id": "SDS12CB",
      "subtopic": "Human Genome Project",
      "image_filename": "question_94.png",
      "captured": true,
      "explanation": [
        "https://d2f8z173p7073l.cloudfront.net/1549001770856",
        "https://www.youtube-nocookie.com/embed/I6H1IOyqpQs?rel=0"
      ]
    },
    "question_95": {
      "question_number": 95,
      "correct_option": 4,
      "sds_id": "SDS12CC",
      "subtopic": "Human Genome Project",
      "image_filename": "question_95.png",
      "captured": true,
      "explanation": [
        "https://d1iljb9ao69244.cloudfront.net/398304_1702277598590_33.ogg"
      ]
    },
    "question_96": {
      "question_number": 96,
      "correct_option": 2,
      "sds_id": "SDS12CD",
      "subtopic": "Human Genome Project",
      "image_filename": "question_96.png",
      "captured": true,
      "explanation": [
        "https://d1iljb9ao69244.cloudfront.net/398303_1702277582407_32.ogg"
      ]
    },
    "question_97": {
      "question_number": 97,
      "correct_option": 4,
      "sds_id": "SDS12CE",
      "subtopic": "Human Genome Project",
      "image_filename": "question_97.png",
      "captured": true,
      "explanation": [
        "https://d1iljb9ao69244.cloudfront.net/397114_1701112673432_397114.ogg"
      ]
    },
    "question_98": {
      "question_number": 98,
      "correct_option": 4,
      "sds_id": "SDS12CF",
      "subtopic": "Human Genome Project",
      "image_filename": "question_98.png",
      "captured": true,
      "explanation": [
        "https://d1iljb9ao69244.cloudfront.net/397115_1701113018422_397115.ogg"
      ]
    },
    "question_99": {
      "question_number": 99,
      "correct_option": 4,
      "sds_id": "SDS12D0",
      "subtopic": "Human Genome Project",
      "image_filename": "question_99.png",
      "captured": true,
      "explanation": [
        "https://d1iljb9ao69244.cloudfront.net/398951_1701982308398_39.ogg"
      ]
    },
    "question_100": {
      "question_number": 100,
      "correct_option": 2,
      "sds_id": "SDS12D1",
      "subtopic": "Human Genome Project",
      "image_filename": "question_100.png",
      "captured": true,
      "explanation": [
        "https://d1iljb9ao69244.cloudfront.net/398961_1701982795732_44.ogg"
      ]
    },
    "question_101": {
      "question_number": 101,
      "correct_option": 3,
      "sds_id": "SDS12D2",
      "subtopic": "Human Genome Project",
      "image_filename": "question_101.png",
      "captured": true,
      "explanation": [
        "https://d1iljb9ao69244.cloudfront.net/398949_1701982293205_38.ogg"
      ]
    },
    "question_102": {
      "question_number": 102,
      "correct_option": 3,
      "sds_id": "SDS12D3",
      "subtopic": "Human Genome Project",
      "image_filename": "question_102.png",
      "captured": true,
      "explanation": [
        "https://d1iljb9ao69244.cloudfront.net/398958_1701982777718_43.ogg"
      ]
    },
    "question_103": {
      "question_number": 103,
      "correct_option": 1,
      "sds_id": "SDS12D4",
      "subtopic": "Human Genome Project",
      "image_filename": "question_103.png",
      "captured": true,
      "explanation": [
        "https://d1iljb9ao69244.cloudfront.net/409339_1705462167809_60.ogg"
      ]
    },
    "question_104": {
      "question_number": 104,
      "correct_option": 3,
      "sds_id": "SDS12D5",
      "subtopic": "Human Genome Project",
      "image_filename": "question_104.png",
      "captured": true,
      "explanation": [
        "https://d1iljb9ao69244.cloudfront.net/426415_1709977321678_18.ogg"
      ]
    },
    "question_105": {
      "question_number": 105,
      "correct_option": 3,
      "sds_id": "SDS12D6",
      "subtopic": "Human Genome Project",
      "image_filename": "question_105.png",
      "captured": true,
      "explanation": [
        "https://d1iljb9ao69244.cloudfront.net/438463_1712643130058_19.ogg"
      ]
    },
    "question_106": {
      "question_number": 106,
      "correct_option": 1,
      "sds_id": "SDS12D7",
      "subtopic": "DNA Fingerprinting",
      "image_filename": "question_106.png",
      "captured": true,
      "explanation": [
        "https://d1iljb9ao69244.cloudfront.net/398306_1702277615162_34.ogg"
      ]
    },
    "question_107": {
      "question_number": 107,
      "correct_option": 4,
      "sds_id": "SDS12D8",
      "subtopic": "DNA Fingerprinting",
      "image_filename": "question_107.png",
      "captured": true,
      "explanation": [
        "https://d2f8z173p7073l.cloudfront.net/1582804886530"
      ]
    },
    "question_108": {
      "question_number": 108,
      "correct_option": 4,
      "sds_id": "SDS12D9",
      "subtopic": "DNA Fingerprinting",
      "image_filename": "question_108.png",
      "captured": true,
      "explanation": [
        "https://d1iljb9ao69244.cloudfront.net/question_explanations_359545_1672414032809.ogg"
      ]
    },
    "question_109": {
      "question_number": 109,
      "correct_option": 2,
      "sds_id": "SDS12DA",
      "subtopic": "DNA Fingerprinting",
      "image_filename": "question_109.png",
      "captured": true,
      "explanation": [
        "https://d1iljb9ao69244.cloudfront.net/question_explanations_359547_1672158659022.ogg"
      ]
    },
    "question_110": {
      "question_number": 110,
      "correct_option": 1,
      "sds_id": "SDS12DB",
      "subtopic": "DNA Fingerprinting",
      "image_filename": "question_110.png",
      "captured": true,
      "explanation": [
        "https://d1iljb9ao69244.cloudfront.net/438464_1712647235560_44.ogg"
      ]
    },
    "question_111": {
      "question_number": 111,
      "correct_option": 1,
      "sds_id": "SDS12DC",
      "subtopic": "DNA Fingerprinting",
      "image_filename": "question_111.png",
      "captured": true,
      "explanation": [
        "https://d1iljb9ao69244.cloudfront.net/398965_1701982826064_46.ogg"
      ]
    },
    "question_112": {
      "question_number": 112,
      "correct_option": 2,
      "sds_id": "SDS12DD",
      "subtopic": "DNA Fingerprinting",
      "image_filename": "question_112.png",
      "captured": true,
      "explanation": [
        "https://d2f8z173p7073l.cloudfront.net/1582804921729"
      ]
    },
    "question_113": {
      "question_number": 113,
      "correct_option": 2,
      "sds_id": "SDS12DE",
      "subtopic": "DNA Fingerprinting",
      "image_filename": "question_113.png",
      "captured": true,
      "explanation": [
        "https://d1iljb9ao69244.cloudfront.net/question_explanations_359548_1671596981034.ogg",
        "https://d2f8z173p7073l.cloudfront.net/1671597174062"
      ]
    },
    "question_114": {
      "question_number": 114,
      "correct_option": 3,
      "sds_id": "SDS12DF",
      "subtopic": "DNA Fingerprinting",
      "image_filename": "question_114.png",
      "captured": true,
      "explanation": [
        "https://d2f8z173p7073l.cloudfront.net/1582804957097"
      ]
    },
    "question_115": {
      "question_number": 115,
      "correct_option": 3,
      "sds_id": "SDS12E0",
      "subtopic": "DNA Fingerprinting",
      "image_filename": "question_115.png",
      "captured": true,
      "explanation": [
        "https://d2f8z173p7073l.cloudfront.net/1588064620027"
      ]
    },
    "question_116": {
      "question_number": 116,
      "correct_option": 1,
      "sds_id": "SDS12E1",
      "subtopic": "DNA Fingerprinting",
      "image_filename": "question_116.png",
      "captured": true,
      "explanation": [
        "https://d2f8z173p7073l.cloudfront.net/1619845743998"
      ]
    },
    "question_117": {
      "question_number": 117,
      "correct_option": 2,
      "sds_id": "SDS12E2",
      "subtopic": "DNA Fingerprinting",
      "image_filename": "question_117.png",
      "captured": true,
      "explanation": [
        "https://d1iljb9ao69244.cloudfront.net/question_explanations_163754_1672370800050.ogg"
      ]
    },
    "question_118": {
      "question_number": 118,
      "correct_option": 2,
      "sds_id": "SDS12E3",
      "subtopic": "DNA Fingerprinting",
      "image_filename": "question_118.png",
      "captured": true,
      "explanation": [
        "https://d1iljb9ao69244.cloudfront.net/398313_1702277709164_40.ogg"
      ]
    },
    "question_119": {
      "question_number": 119,
      "correct_option": 4,
      "sds_id": "SDS12E4",
      "subtopic": "DNA Fingerprinting",
      "image_filename": "question_119.png",
      "captured": true,
      "explanation": [
        "https://d1iljb9ao69244.cloudfront.net/398972_1701982906237_50.ogg"
      ]
    },
    "question_120": {
      "question_number": 120,
      "correct_option": 3,
      "sds_id": "SDS12E5",
      "subtopic": "DNA Fingerprinting",
      "image_filename": "question_120.png",
      "captured": true,
      "explanation": [
        "https://d1iljb9ao69244.cloudfront.net/398966_1701982848759_47.ogg"
      ]
    },
    "question_121": {
      "question_number": 121,
      "correct_option": 1,
      "sds_id": "SDS12E6",
      "subtopic": "DNA Fingerprinting",
      "image_filename": "question_121.png",
      "captured": true,
      "explanation": [
        "https://d1iljb9ao69244.cloudfront.net/398963_1701982810929_45.ogg"
      ]
    },
    "question_122": {
      "question_number": 122,
      "correct_option": 1,
      "sds_id": "SDS12E7",
      "subtopic": "DNA Replication",
      "image_filename": "question_122.png",
      "captured": true,
      "explanation": [
        "https://d1iljb9ao69244.cloudfront.net/399043_1702261764717_8.ogg"
      ]
    },
    "question_123": {
      "question_number": 123,
      "correct_option": 3,
      "sds_id": "SDS12E8",
      "subtopic": "DNA Replication",
      "image_filename": "question_123.png",
      "captured": true,
      "explanation": [
        "https://d1iljb9ao69244.cloudfront.net/426406_1709890769237_16.ogg"
      ]
    },
    "question_124": {
      "question_number": 124,
      "correct_option": 4,
      "sds_id": "SDS12E9",
      "subtopic": "DNA Replication",
      "image_filename": "question_124.png",
      "captured": true,
      "explanation": [
        "https://d2f8z173p7073l.cloudfront.net/1582780933041"
      ]
    },
    "question_125": {
      "question_number": 125,
      "correct_option": 2,
      "sds_id": "SDS12EA",
      "subtopic": "DNA Replication",
      "image_filename": "question_125.png",
      "captured": true,
      "explanation": [
        "https://d2f8z173p7073l.cloudfront.net/1582780978548"
      ]
    },
    "question_126": {
      "question_number": 126,
      "correct_option": 2,
      "sds_id": "SDS12EB",
      "subtopic": "DNA Replication",
      "image_filename": "question_126.png",
      "captured": true,
      "explanation": [
        "https://d2f8z173p7073l.cloudfront.net/1582781029880"
      ]
    },
    "question_127": {
      "question_number": 127,
      "correct_option": 1,
      "sds_id": "SDS12EC",
      "subtopic": "DNA Replication",
      "image_filename": "question_127.png",
      "captured": true,
      "explanation": [
        "https://d2f8z173p7073l.cloudfront.net/1582781088041"
      ]
    },
    "question_128": {
      "question_number": 128,
      "correct_option": 3,
      "sds_id": "SDS12ED",
      "subtopic": "DNA Replication",
      "image_filename": "question_128.png",
      "captured": true,
      "explanation": [
        "https://d1iljb9ao69244.cloudfront.net/437262_1712312532006_33.ogg"
      ]
    },
    "question_129": {
      "question_number": 129,
      "correct_option": 1,
      "sds_id": "SDS12EE",
      "subtopic": "DNA Replication",
      "image_filename": "question_129.png",
      "captured": true,
      "explanation": [
        "https://d1iljb9ao69244.cloudfront.net/442364_1712907033684_18.ogg"
      ]
    },
    "question_130": {
      "question_number": 130,
      "correct_option": 4,
      "sds_id": "SDS12EF",
      "subtopic": "DNA Replication",
      "image_filename": "question_130.png",
      "captured": true,
      "explanation": [
        "https://d2f8z173p7073l.cloudfront.net/1582784122082"
      ]
    },
    "question_131": {
      "question_number": 131,
      "correct_option": 3,
      "sds_id": "SDS12F0",
      "subtopic": "DNA Replication",
      "image_filename": "question_131.png",
      "captured": true,
      "explanation": [
        "https://d2f8z173p7073l.cloudfront.net/1582784158298"
      ]
    },
    "question_132": {
      "question_number": 132,
      "correct_option": 3,
      "sds_id": "SDS12F1",
      "subtopic": "DNA Replication",
      "image_filename": "question_132.png",
      "captured": true,
      "explanation": [
        "https://d2f8z173p7073l.cloudfront.net/1582784190585"
      ]
    },
    "question_133": {
      "question_number": 133,
      "correct_option": 1,
      "sds_id": "SDS12F2",
      "subtopic": "DNA Replication",
      "image_filename": "question_133.png",
      "captured": true,
      "explanation": "none"
    },
    "question_134": {
      "question_number": 134,
      "correct_option": 3,
      "sds_id": "SDS12F3",
      "subtopic": "DNA Replication",
      "image_filename": "question_134.png",
      "captured": true,
      "explanation": "none"
    },
    "question_135": {
      "question_number": 135,
      "correct_option": 4,
      "sds_id": "SDS12F4",
      "subtopic": "Genetic Code",
      "image_filename": "question_135.png",
      "captured": true,
      "explanation": [
        "https://d2f8z173p7073l.cloudfront.net/1582785925787",
        "https://d2f8z173p7073l.cloudfront.net/1568564900017"
      ]
    },
    "question_136": {
      "question_number": 136,
      "correct_option": 3,
      "sds_id": "SDS12F5",
      "subtopic": "Genetic Code",
      "image_filename": "question_136.png",
      "captured": true,
      "explanation": [
        "https://d1iljb9ao69244.cloudfront.net/399059_1702262256447_22.ogg"
      ]
    },
    "question_137": {
      "question_number": 137,
      "correct_option": 4,
      "sds_id": "SDS12F6",
      "subtopic": "Genetic Code",
      "image_filename": "question_137.png",
      "captured": true,
      "explanation": [
        "https://d2f8z173p7073l.cloudfront.net/1582785970729"
      ]
    },
    "question_138": {
      "question_number": 138,
      "correct_option": 2,
      "sds_id": "SDS12F7",
      "subtopic": "Genetic Code",
      "image_filename": "question_138.png",
      "captured": true,
      "explanation": [
        "https://d1iljb9ao69244.cloudfront.net/399061_1702262272013_23.ogg"
      ]
    },
    "question_139": {
      "question_number": 139,
      "correct_option": 4,
      "sds_id": "SDS12F8",
      "subtopic": "Genetic Code",
      "image_filename": "question_139.png",
      "captured": true,
      "explanation": [
        "https://d1iljb9ao69244.cloudfront.net/409345_1705462434670_66.ogg"
      ]
    },
    "question_140": {
      "question_number": 140,
      "correct_option": 3,
      "sds_id": "SDS12F9",
      "subtopic": "Genetic Code",
      "image_filename": "question_140.png",
      "captured": true,
      "explanation": [
        "https://d1iljb9ao69244.cloudfront.net/426411_1709887438120_12.ogg"
      ]
    },
    "question_141": {
      "question_number": 141,
      "correct_option": 3,
      "sds_id": "SDS12FA",
      "subtopic": "Genetic Code",
      "image_filename": "question_141.png",
      "captured": true,
      "explanation": [
        "https://d2f8z173p7073l.cloudfront.net/1582786080447"
      ]
    },
    "question_142": {
      "question_number": 142,
      "correct_option": 2,
      "sds_id": "SDS12FB",
      "subtopic": "Genetic Code",
      "image_filename": "question_142.png",
      "captured": true,
      "explanation": [
        "https://d2f8z173p7073l.cloudfront.net/1582786312392"
      ]
    },
    "question_143": {
      "question_number": 143,
      "correct_option": 3,
      "sds_id": "SDS12FC",
      "subtopic": "Genetic Code",
      "image_filename": "question_143.png",
      "captured": true,
      "explanation": [
        "https://d1iljb9ao69244.cloudfront.net/422363_1709092718975_98.ogg"
      ]
    },
    "question_144": {
      "question_number": 144,
      "correct_option": 4,
      "sds_id": "SDS12FD",
      "subtopic": "Genetic Code",
      "image_filename": "question_144.png",
      "captured": true,
      "explanation": [
        "https://d1iljb9ao69244.cloudfront.net/427499_1710126176629_45.ogg"
      ]
    },
    "question_145": {
      "question_number": 145,
      "correct_option": 3,
      "sds_id": "SDS12FE",
      "subtopic": "Genetic Code",
      "image_filename": "question_145.png",
      "captured": true,
      "explanation": [
        "https://d1iljb9ao69244.cloudfront.net/438060_1712589235800_25.ogg"
      ]
    },
    "question_146": {
      "question_number": 146,
      "correct_option": 4,
      "sds_id": "SDS12FF",
      "subtopic": "Genetic Code",
      "image_filename": "question_146.png",
      "captured": true,
      "explanation": [
        "https://d1iljb9ao69244.cloudfront.net/438111_1712633526298_49.ogg"
      ]
    },
    "question_147": {
      "question_number": 147,
      "correct_option": 2,
      "sds_id": "SDS1300",
      "subtopic": "Genetic Code",
      "image_filename": "question_147.png",
      "captured": true,
      "explanation": [
        "https://d1iljb9ao69244.cloudfront.net/439178_1712666755959_30.ogg"
      ]
    },
    "question_148": {
      "question_number": 148,
      "correct_option": 2,
      "sds_id": "SDS1301",
      "subtopic": "Genetic Code",
      "image_filename": "question_148.png",
      "captured": true,
      "explanation": [
        "https://d1iljb9ao69244.cloudfront.net/448241_1713525629299_50.ogg"
      ]
    },
    "question_149": {
      "question_number": 149,
      "correct_option": 3,
      "sds_id": "SDS1302",
      "subtopic": "Search for Genetic Material",
      "image_filename": "question_149.png",
      "captured": true,
      "explanation": [
        "https://d1iljb9ao69244.cloudfront.net/398283_1702276428607_13.ogg"
      ]
    },
    "question_150": {
      "question_number": 150,
      "correct_option": 2,
      "sds_id": "SDS1303",
      "subtopic": "Search for Genetic Material",
      "image_filename": "question_150.png",
      "captured": true,
      "explanation": [
        "https://d2f8z173p7073l.cloudfront.net/1582805072041"
      ]
    },
    "question_151": {
      "question_number": 151,
      "correct_option": 2,
      "sds_id": "SDS1304",
      "subtopic": "Search for Genetic Material",
      "image_filename": "question_151.png",
      "captured": true,
      "explanation": [
        "https://d2f8z173p7073l.cloudfront.net/1582780410879"
      ]
    },
    "question_152": {
      "question_number": 152,
      "correct_option": 4,
      "sds_id": "SDS1305",
      "subtopic": "Search for Genetic Material",
      "image_filename": "question_152.png",
      "captured": true,
      "explanation": [
        "https://d2f8z173p7073l.cloudfront.net/1583634943508"
      ]
    },
    "question_153": {
      "question_number": 153,
      "correct_option": 2,
      "sds_id": "SDS1306",
      "subtopic": "Search for Genetic Material",
      "image_filename": "question_153.png",
      "captured": true,
      "explanation": [
        "https://d1iljb9ao69244.cloudfront.net/409349_1705462473430_69.ogg"
      ]
    },
    "question_154": {
      "question_number": 154,
      "correct_option": 3,
      "sds_id": "SDS1307",
      "subtopic": "Search for Genetic Material",
      "image_filename": "question_154.png",
      "captured": true,
      "explanation": [
        "https://d2f8z173p7073l.cloudfront.net/1582780499531"
      ]
    },
    "question_155": {
      "question_number": 155,
      "correct_option": 4,
      "sds_id": "SDS1308",
      "subtopic": "Search for Genetic Material",
      "image_filename": "question_155.png",
      "captured": true,
      "explanation": [
        "https://d2f8z173p7073l.cloudfront.net/1582780533527"
      ]
    },
    "question_156": {
      "question_number": 156,
      "correct_option": 2,
      "sds_id": "SDS1309",
      "subtopic": "Search for Genetic Material",
      "image_filename": "question_156.png",
      "captured": true,
      "explanation": [
        "https://d1iljb9ao69244.cloudfront.net/398285_1702276460652_15.ogg"
      ]
    },
    "question_157": {
      "question_number": 157,
      "correct_option": 3,
      "sds_id": "SDS130A",
      "subtopic": "Search for Genetic Material",
      "image_filename": "question_157.png",
      "captured": true,
      "explanation": [
        "https://d1iljb9ao69244.cloudfront.net/448162_1713516923856_32.ogg"
      ]
    },
    "question_158": {
      "question_number": 158,
      "correct_option": 2,
      "sds_id": "SDS130B",
      "subtopic": "Search for Genetic Material",
      "image_filename": "question_158.png",
      "captured": true,
      "explanation": [
        "https://d2f8z173p7073l.cloudfront.net/1582780565632"
      ]
    },
    "question_159": {
      "question_number": 159,
      "correct_option": 1,
      "sds_id": "SDS130C",
      "subtopic": "Search for Genetic Material",
      "image_filename": "question_159.png",
      "captured": true,
      "explanation": [
        "https://d2f8z173p7073l.cloudfront.net/1582780614561"
      ]
    },
    "question_160": {
      "question_number": 160,
      "correct_option": 2,
      "sds_id": "SDS130D",
      "subtopic": "Search for Genetic Material",
      "image_filename": "question_160.png",
      "captured": true,
      "explanation": [
        "https://d2f8z173p7073l.cloudfront.net/1582780660907"
      ]
    },
    "question_161": {
      "question_number": 161,
      "correct_option": 4,
      "sds_id": "SDS130E",
      "subtopic": "Search for Genetic Material",
      "image_filename": "question_161.png",
      "captured": true,
      "explanation": [
        "https://d1iljb9ao69244.cloudfront.net/327862_1646936956998_22.ogg"
      ]
    },
    "question_162": {
      "question_number": 162,
      "correct_option": 4,
      "sds_id": "SDS130F",
      "subtopic": "Search for Genetic Material",
      "image_filename": "question_162.png",
      "captured": true,
      "explanation": [
        "https://d1iljb9ao69244.cloudfront.net/331859_1649521771976_19.ogg"
      ]
    },
    "question_163": {
      "question_number": 163,
      "correct_option": 4,
      "sds_id": "SDS1310",
      "subtopic": "Search for Genetic Material",
      "image_filename": "question_163.png",
      "captured": true,
      "explanation": [
        "https://d2f8z173p7073l.cloudfront.net/1582780696849"
      ]
    },
    "question_164": {
      "question_number": 164,
      "correct_option": 3,
      "sds_id": "SDS1311",
      "subtopic": "Search for Genetic Material",
      "image_filename": "question_164.png",
      "captured": true,
      "explanation": [
        "https://d2f8z173p7073l.cloudfront.net/1582780742507",
        "https://www.youtube-nocookie.com/embed/M5893twlK0k?rel=0"
      ]
    },
    "question_165": {
      "question_number": 165,
      "correct_option": 3,
      "sds_id": "SDS1312",
      "subtopic": "Search for Genetic Material",
      "image_filename": "question_165.png",
      "captured": true,
      "explanation": [
        "https://d1iljb9ao69244.cloudfront.net/398923_1701981216336_19.ogg"
      ]
    },
    "question_166": {
      "question_number": 166,
      "correct_option": 1,
      "sds_id": "SDS1313",
      "subtopic": "Search for Genetic Material",
      "image_filename": "question_166.png",
      "captured": true,
      "explanation": [
        "https://d1iljb9ao69244.cloudfront.net/436366_1712129193125_30.ogg"
      ]
    },
    "question_167": {
      "question_number": 167,
      "correct_option": 4,
      "sds_id": "SDS1314",
      "subtopic": "Transcription",
      "image_filename": "question_167.png",
      "captured": true,
      "explanation": [
        "https://d1iljb9ao69244.cloudfront.net/453691_1714484079856_24.ogg"
      ]
    },
    "question_168": {
      "question_number": 168,
      "correct_option": 3,
      "sds_id": "SDS1315",
      "subtopic": "Transcription",
      "image_filename": "question_168.png",
      "captured": true,
      "explanation": [
        "https://d2f8z173p7073l.cloudfront.net/1582630375305"
      ]
    },
    "question_169": {
      "question_number": 169,
      "correct_option": 3,
      "sds_id": "SDS1316",
      "subtopic": "Transcription",
      "image_filename": "question_169.png",
      "captured": true,
      "explanation": [
        "https://d1iljb9ao69244.cloudfront.net/422313_1709060758601_48.ogg"
      ]
    },
    "question_170": {
      "question_number": 170,
      "correct_option": 4,
      "sds_id": "SDS1317",
      "subtopic": "Transcription",
      "image_filename": "question_170.png",
      "captured": true,
      "explanation": [
        "https://d1iljb9ao69244.cloudfront.net/398297_1702277040360_26.ogg"
      ]
    },
    "question_171": {
      "question_number": 171,
      "correct_option": 2,
      "sds_id": "SDS1318",
      "subtopic": "Transcription",
      "image_filename": "question_171.png",
      "captured": true,
      "explanation": [
        "https://d1iljb9ao69244.cloudfront.net/397099_1701112083785_397099.ogg"
      ]
    },
    "question_172": {
      "question_number": 172,
      "correct_option": 3,
      "sds_id": "SDS1319",
      "subtopic": "Transcription",
      "image_filename": "question_172.png",
      "captured": true,
      "explanation": [
        "https://d1iljb9ao69244.cloudfront.net/399044_1702261781102_9.ogg"
      ]
    },
    "question_173": {
      "question_number": 173,
      "correct_option": 1,
      "sds_id": "SDS131A",
      "subtopic": "Transcription",
      "image_filename": "question_173.png",
      "captured": true,
      "explanation": [
        "https://d2f8z173p7073l.cloudfront.net/1549005714011"
      ]
    },
    "question_174": {
      "question_number": 174,
      "correct_option": 3,
      "sds_id": "SDS131B",
      "subtopic": "Transcription",
      "image_filename": "question_174.png",
      "captured": true,
      "explanation": [
        "https://d1iljb9ao69244.cloudfront.net/398298_1702277055594_27.ogg"
      ]
    },
    "question_175": {
      "question_number": 175,
      "correct_option": 4,
      "sds_id": "SDS131C",
      "subtopic": "Transcription",
      "image_filename": "question_175.png",
      "captured": true,
      "explanation": [
        "https://d2f8z173p7073l.cloudfront.net/1582784969763"
      ]
    },
    "question_176": {
      "question_number": 176,
      "correct_option": 4,
      "sds_id": "SDS131D",
      "subtopic": "Transcription",
      "image_filename": "question_176.png",
      "captured": true,
      "explanation": [
        "https://d1iljb9ao69244.cloudfront.net/438061_1712589247855_26.ogg"
      ]
    },
    "question_177": {
      "question_number": 177,
      "correct_option": 2,
      "sds_id": "SDS131E",
      "subtopic": "Transcription",
      "image_filename": "question_177.png",
      "captured": true,
      "explanation": [
        "https://d1iljb9ao69244.cloudfront.net/426413_1709887450897_13.ogg"
      ]
    },
    "question_178": {
      "question_number": 178,
      "correct_option": 4,
      "sds_id": "SDS131F",
      "subtopic": "Transcription",
      "image_filename": "question_178.png",
      "captured": true,
      "explanation": [
        "https://d1iljb9ao69244.cloudfront.net/399064_1702262319858_26.ogg"
      ]
    },
    "question_179": {
      "question_number": 179,
      "correct_option": 4,
      "sds_id": "SDS1320",
      "subtopic": "Transcription",
      "image_filename": "question_179.png",
      "captured": true,
      "explanation": [
        "https://d1iljb9ao69244.cloudfront.net/409346_1705462448907_67.ogg"
      ]
    },
    "question_180": {
      "question_number": 180,
      "correct_option": 3,
      "sds_id": "SDS1321",
      "subtopic": "Transcription",
      "image_filename": "question_180.png",
      "captured": true,
      "explanation": [
        "https://d1iljb9ao69244.cloudfront.net/446714_1713089431453_45.ogg"
      ]
    },
    "question_181": {
      "question_number": 181,
      "correct_option": 2,
      "sds_id": "SDS1322",
      "subtopic": "Transcription",
      "image_filename": "question_181.png",
      "captured": true,
      "explanation": [
        "https://d1iljb9ao69244.cloudfront.net/452084_1714306087299_26.ogg"
      ]
    },
    "question_182": {
      "question_number": 182,
      "correct_option": 2,
      "sds_id": "SDS1323",
      "subtopic": "Transcription",
      "image_filename": "question_182.png",
      "captured": true,
      "explanation": [
        "https://d2f8z173p7073l.cloudfront.net/1582785852590"
      ]
    },
    "question_183": {
      "question_number": 183,
      "correct_option": 2,
      "sds_id": "SDS1324",
      "subtopic": "Transcription",
      "image_filename": "question_183.png",
      "captured": true,
      "explanation": [
        "https://d2f8z173p7073l.cloudfront.net/1582785776099"
      ]
    },
    "question_184": {
      "question_number": 184,
      "correct_option": 1,
      "sds_id": "SDS1325",
      "subtopic": "Transcription",
      "image_filename": "question_184.png",
      "captured": true,
      "explanation": [
        "https://d1iljb9ao69244.cloudfront.net/439300_1712657408929_49.ogg"
      ]
    },
    "question_185": {
      "question_number": 185,
      "correct_option": 3,
      "sds_id": "SDS1326",
      "subtopic": "Transcription",
      "image_filename": "question_185.png",
      "captured": true,
      "explanation": [
        "https://d1iljb9ao69244.cloudfront.net/436595_1712137664325_42.ogg"
      ]
    },
    "question_186": {
      "question_number": 186,
      "correct_option": 1,
      "sds_id": "SDS1327",
      "subtopic": "Transcription",
      "image_filename": "question_186.png",
      "captured": true,
      "explanation": [
        "https://d1iljb9ao69244.cloudfront.net/399056_1702262103215_19.ogg"
      ]
    },
    "question_187": {
      "question_number": 187,
      "correct_option": 4,
      "sds_id": "SDS1328",
      "subtopic": "Transcription",
      "image_filename": "question_187.png",
      "captured": true,
      "explanation": [
        "https://d1iljb9ao69244.cloudfront.net/409344_1705462421360_65.ogg"
      ]
    },
    "question_188": {
      "question_number": 188,
      "correct_option": 2,
      "sds_id": "SDS1329",
      "subtopic": "Transcription",
      "image_filename": "question_188.png",
      "captured": true,
      "explanation": [
        "https://d1iljb9ao69244.cloudfront.net/437263_1712312548326_34.ogg"
      ]
    },
    "question_189": {
      "question_number": 189,
      "correct_option": 3,
      "sds_id": "SDS132A",
      "subtopic": "Mutations and Genetic Code",
      "image_filename": "question_189.png",
      "captured": true,
      "explanation": [
        "https://d2f8z173p7073l.cloudfront.net/1582786397755"
      ]
    },
    "question_190": {
      "question_number": 190,
      "correct_option": 3,
      "sds_id": "SDS132B",
      "subtopic": "Mutations and Genetic Code",
      "image_filename": "question_190.png",
      "captured": true,
      "explanation": [
        "https://d1iljb9ao69244.cloudfront.net/398308_1702277644883_36.ogg"
      ]
    }
  }
}