{
  "chapter_no": 5,
  "chapter_name": "Molecular Basis of Inheritance",
  "section_name": "Invictus- Molecular Basis of Inheritance",
  "total_questions": 69,
  "questions": {
    "question_1": {
      "question_number": 1,
      "correct_option": 3,
      "sds_id": "SDS1346",
      "subtopic": "The DNA",
      "image_filename": "question_1.png",
      "captured": true,
      "explanation": [
        "https://d2f8z173p7073l.cloudfront.net/1583635555459"
      ]
    },
    "question_2": {
      "question_number": 2,
      "correct_option": 2,
      "sds_id": "SDS1347",
      "subtopic": "The DNA",
      "image_filename": "question_2.png",
      "captured": true,
      "explanation": [
        "https://d2f8z173p7073l.cloudfront.net/1547010135733"
      ]
    },
    "question_3": {
      "question_number": 3,
      "correct_option": 4,
      "sds_id": "SDS1348",
      "subtopic": "The DNA",
      "image_filename": "question_3.png",
      "captured": true,
      "explanation": [
        "https://d2f8z173p7073l.cloudfront.net/1582629811357"
      ]
    },
    "question_4": {
      "question_number": 4,
      "correct_option": 4,
      "sds_id": "SDS1349",
      "subtopic": "The DNA",
      "image_filename": "question_4.png",
      "captured": true,
      "explanation": [
        "https://d2f8z173p7073l.cloudfront.net/1582343865544"
      ]
    },
    "question_5": {
      "question_number": 5,
      "correct_option": 2,
      "sds_id": "SDS134A",
      "subtopic": "The DNA",
      "image_filename": "question_5.png",
      "captured": true,
      "explanation": [
        "https://d1iljb9ao69244.cloudfront.net/question_explanations_264903_1628955269218.ogg"
      ]
    },
    "question_6": {
      "question_number": 6,
      "correct_option": 2,
      "sds_id": "SDS134B",
      "subtopic": "The DNA",
      "image_filename": "question_6.png",
      "captured": true,
      "explanation": [
        "https://d2f8z173p7073l.cloudfront.net/1582630509940"
      ]
    },
    "question_7": {
      "question_number": 7,
      "correct_option": 3,
      "sds_id": "SDS134C",
      "subtopic": "DNA Double Helix",
      "image_filename": "question_7.png",
      "captured": true,
      "explanation": [
        "https://d2f8z173p7073l.cloudfront.net/1588067367840"
      ]
    },
    "question_8": {
      "question_number": 8,
      "correct_option": 2,
      "sds_id": "SDS134D",
      "subtopic": "DNA Double Helix",
      "image_filename": "question_8.png",
      "captured": true,
      "explanation": [
        "https://d2f8z173p7073l.cloudfront.net/1582343905985"
      ]
    },
    "question_9": {
      "question_number": 9,
      "correct_option": 1,
      "sds_id": "SDS134E",
      "subtopic": "DNA Double Helix",
      "image_filename": "question_9.png",
      "captured": true,
      "explanation": [
        "https://d2f8z173p7073l.cloudfront.net/1583635144492"
      ]
    },
    "question_10": {
      "question_number": 10,
      "correct_option": 4,
      "sds_id": "SDS134F",
      "subtopic": "DNA Double Helix",
      "image_filename": "question_10.png",
      "captured": true,
      "explanation": [
        "https://d2f8z173p7073l.cloudfront.net/1619845027961"
      ]
    },
    "question_11": {
      "question_number": 11,
      "correct_option": 3,
      "sds_id": "SDS1350",
      "subtopic": "DNA Double Helix",
      "image_filename": "question_11.png",
      "captured": true,
      "explanation": [
        "https://d2f8z173p7073l.cloudfront.net/1583635178849"
      ]
    },
    "question_12": {
      "question_number": 12,
      "correct_option": 4,
      "sds_id": "SDS1351",
      "subtopic": "DNA Double Helix",
      "image_filename": "question_12.png",
      "captured": true,
      "explanation": [
        "https://d1iljb9ao69244.cloudfront.net/93636_1652417883093_71.ogg",
        "https://www.youtube-nocookie.com/embed/85NpNmmZX4M?rel=0"
      ]
    },
    "question_13": {
      "question_number": 13,
      "correct_option": 2,
      "sds_id": "SDS1352",
      "subtopic": "DNA Double Helix",
      "image_filename": "question_13.png",
      "captured": true,
      "explanation": [
        "https://d1iljb9ao69244.cloudfront.net/91516_1651547474635_59.ogg",
        "https://d2f8z173p7073l.cloudfront.net/1712557227147",
        "https://www.youtube-nocookie.com/embed/2zjT4CtWGHo?rel=0",
        "https://www.youtube-nocookie.com/embed/GL_8T8ap2JM?rel=0"
      ]
    },
    "question_14": {
      "question_number": 14,
      "correct_option": 2,
      "sds_id": "SDS1353",
      "subtopic": "DNA Double Helix",
      "image_filename": "question_14.png",
      "captured": true,
      "explanation": [
        "https://d2f8z173p7073l.cloudfront.net/1578906104476"
      ]
    },
    "question_15": {
      "question_number": 15,
      "correct_option": 4,
      "sds_id": "SDS1354",
      "subtopic": "DNA vs RNA as Genetic Material",
      "image_filename": "question_15.png",
      "captured": true,
      "explanation": [
        "https://d2f8z173p7073l.cloudfront.net/1583636789150"
      ]
    },
    "question_16": {
      "question_number": 16,
      "correct_option": 1,
      "sds_id": "SDS1355",
      "subtopic": "DNA Packaging",
      "image_filename": "question_16.png",
      "captured": true,
      "explanation": [
        "https://d1iljb9ao69244.cloudfront.net/251258_1627372558949_105.ogg"
      ]
    },
    "question_17": {
      "question_number": 17,
      "correct_option": 2,
      "sds_id": "SDS1356",
      "subtopic": "DNA Packaging",
      "image_filename": "question_17.png",
      "captured": true,
      "explanation": [
        "https://d2f8z173p7073l.cloudfront.net/1546960516529"
      ]
    },
    "question_18": {
      "question_number": 18,
      "correct_option": 1,
      "sds_id": "SDS1357",
      "subtopic": "DNA Packaging",
      "image_filename": "question_18.png",
      "captured": true,
      "explanation": [
        "https://d2f8z173p7073l.cloudfront.net/1583635520606"
      ]
    },
    "question_19": {
      "question_number": 19,
      "correct_option": 2,
      "sds_id": "SDS1358",
      "subtopic": "DNA Packaging",
      "image_filename": "question_19.png",
      "captured": true,
      "explanation": [
        "https://d2f8z173p7073l.cloudfront.net/1583635493885"
      ]
    },
    "question_20": {
      "question_number": 20,
      "correct_option": 4,
      "sds_id": "SDS1359",
      "subtopic": "DNA Packaging",
      "image_filename": "question_20.png",
      "captured": true,
      "explanation": [
        "https://d1iljb9ao69244.cloudfront.net/277290_1666453316121_277290.ogg"
      ]
    },
    "question_21": {
      "question_number": 21,
      "correct_option": 2,
      "sds_id": "SDS135A",
      "subtopic": "DNA Packaging",
      "image_filename": "question_21.png",
      "captured": true,
      "explanation": [
        "https://d1iljb9ao69244.cloudfront.net/89569_1651293743445_20.ogg",
        "https://www.youtube-nocookie.com/embed/oeno0ykxN3U?rel=0",
        "https://www.youtube-nocookie.com/embed/SLyMCpNhRyI?rel=0"
      ]
    },
    "question_22": {
      "question_number": 22,
      "correct_option": 2,
      "sds_id": "SDS135B",
      "subtopic": "Translation",
      "image_filename": "question_22.png",
      "captured": true,
      "explanation": [
        "https://d2f8z173p7073l.cloudfront.net/1546887521054"
      ]
    },
    "question_23": {
      "question_number": 23,
      "correct_option": 4,
      "sds_id": "SDS135C",
      "subtopic": "Translation",
      "image_filename": "question_23.png",
      "captured": true,
      "explanation": [
        "https://d2f8z173p7073l.cloudfront.net/1619843425071"
      ]
    },
    "question_24": {
      "question_number": 24,
      "correct_option": 4,
      "sds_id": "SDS135D",
      "subtopic": "Translation",
      "image_filename": "question_24.png",
      "captured": true,
      "explanation": [
        "https://d2f8z173p7073l.cloudfront.net/1583636726031"
      ]
    },
    "question_25": {
      "question_number": 25,
      "correct_option": 2,
      "sds_id": "SDS135E",
      "subtopic": "Translation",
      "image_filename": "question_25.png",
      "captured": true,
      "explanation": [
        "https://d2f8z173p7073l.cloudfront.net/1582629156955"
      ]
    },
    "question_26": {
      "question_number": 26,
      "correct_option": 4,
      "sds_id": "SDS135F",
      "subtopic": "Translation",
      "image_filename": "question_26.png",
      "captured": true,
      "explanation": [
        "https://d2f8z173p7073l.cloudfront.net/1583636226761"
      ]
    },
    "question_27": {
      "question_number": 27,
      "correct_option": 3,
      "sds_id": "SDS1360",
      "subtopic": "Translation",
      "image_filename": "question_27.png",
      "captured": true,
      "explanation": [
        "https://d2f8z173p7073l.cloudfront.net/1582628931410"
      ]
    },
    "question_28": {
      "question_number": 28,
      "correct_option": 3,
      "sds_id": "SDS1361",
      "subtopic": "Translation",
      "image_filename": "question_28.png",
      "captured": true,
      "explanation": [
        "https://d2f8z173p7073l.cloudfront.net/1583636590089"
      ]
    },
    "question_29": {
      "question_number": 29,
      "correct_option": 1,
      "sds_id": "SDS1362",
      "subtopic": "Translation Mechanism",
      "image_filename": "question_29.png",
      "captured": true,
      "explanation": [
        "https://d2f8z173p7073l.cloudfront.net/1582823460206"
      ]
    },
    "question_30": {
      "question_number": 30,
      "correct_option": 3,
      "sds_id": "SDS1363",
      "subtopic": "Translation Mechanism",
      "image_filename": "question_30.png",
      "captured": true,
      "explanation": [
        "https://d1iljb9ao69244.cloudfront.net/92759_1651771812402_85.ogg"
      ]
    },
    "question_31": {
      "question_number": 31,
      "correct_option": 2,
      "sds_id": "SDS1364",
      "subtopic": "Gene Regulation: Introduction",
      "image_filename": "question_31.png",
      "captured": true,
      "explanation": [
        "https://d2f8z173p7073l.cloudfront.net/1583636347258"
      ]
    },
    "question_32": {
      "question_number": 32,
      "correct_option": 3,
      "sds_id": "SDS1365",
      "subtopic": "Gene Regulation: Introduction",
      "image_filename": "question_32.png",
      "captured": true,
      "explanation": [
        "https://d2f8z173p7073l.cloudfront.net/1547010166231"
      ]
    },
    "question_33": {
      "question_number": 33,
      "correct_option": 4,
      "sds_id": "SDS1366",
      "subtopic": "Gene Regulation: Introduction",
      "image_filename": "question_33.png",
      "captured": true,
      "explanation": [
        "https://d1iljb9ao69244.cloudfront.net/180106_1667561936934_180106.ogg"
      ]
    },
    "question_34": {
      "question_number": 34,
      "correct_option": 1,
      "sds_id": "SDS1367",
      "subtopic": "Gene Regulation: Lac Operon",
      "image_filename": "question_34.png",
      "captured": true,
      "explanation": [
        "https://d1iljb9ao69244.cloudfront.net/question_explanations_265561_1628938982753.ogg"
      ]
    },
    "question_35": {
      "question_number": 35,
      "correct_option": 1,
      "sds_id": "SDS1368",
      "subtopic": "Gene Regulation: Lac Operon",
      "image_filename": "question_35.png",
      "captured": true,
      "explanation": [
        "https://d2f8z173p7073l.cloudfront.net/1582823503035"
      ]
    },
    "question_36": {
      "question_number": 36,
      "correct_option": 2,
      "sds_id": "SDS1369",
      "subtopic": "Human Genome Project",
      "image_filename": "question_36.png",
      "captured": true,
      "explanation": [
        "https://d2f8z173p7073l.cloudfront.net/1583139925867"
      ]
    },
    "question_37": {
      "question_number": 37,
      "correct_option": 3,
      "sds_id": "SDS136A",
      "subtopic": "Human Genome Project",
      "image_filename": "question_37.png",
      "captured": true,
      "explanation": [
        "https://d2f8z173p7073l.cloudfront.net/1582343817012"
      ]
    },
    "question_38": {
      "question_number": 38,
      "correct_option": 4,
      "sds_id": "SDS136B",
      "subtopic": "Human Genome Project",
      "image_filename": "question_38.png",
      "captured": true,
      "explanation": [
        "https://d2f8z173p7073l.cloudfront.net/1582804812016"
      ]
    },
    "question_39": {
      "question_number": 39,
      "correct_option": 4,
      "sds_id": "SDS136C",
      "subtopic": "Human Genome Project",
      "image_filename": "question_39.png",
      "captured": true,
      "explanation": [
        "https://d1iljb9ao69244.cloudfront.net/251280_1630334238732_6.ogg",
        "https://d1iljb9ao69244.cloudfront.net/question_explanations_251280_1628963648573.ogg",
        "https://www.youtube.com/embed/h7p_AC3yDnI?rel=0&amp;modestbranding=1&amp;loop=1&amp;playlist=h7p_AC3yDnI&amp;start=3011&amp;end=3068",
        "https://www.youtube.com/embed/h7p_AC3yDnI?rel=0&modestbranding=1&loop=1&playlist=h7p_AC3yDnI&start=3011&end=3068"
      ]
    },
    "question_40": {
      "question_number": 40,
      "correct_option": 3,
      "sds_id": "SDS136D",
      "subtopic": "DNA Fingerprinting",
      "image_filename": "question_40.png",
      "captured": true,
      "explanation": [
        "https://d2f8z173p7073l.cloudfront.net/1588064620027"
      ]
    },
    "question_41": {
      "question_number": 41,
      "correct_option": 3,
      "sds_id": "SDS136E",
      "subtopic": "DNA Fingerprinting",
      "image_filename": "question_41.png",
      "captured": true,
      "explanation": [
        "https://d2f8z173p7073l.cloudfront.net/1546887496829"
      ]
    },
    "question_42": {
      "question_number": 42,
      "correct_option": 1,
      "sds_id": "SDS136F",
      "subtopic": "DNA Fingerprinting",
      "image_filename": "question_42.png",
      "captured": true,
      "explanation": [
        "https://d2f8z173p7073l.cloudfront.net/1546879838734"
      ]
    },
    "question_43": {
      "question_number": 43,
      "correct_option": 1,
      "sds_id": "SDS1370",
      "subtopic": "DNA Fingerprinting",
      "image_filename": "question_43.png",
      "captured": true,
      "explanation": [
        "https://d2f8z173p7073l.cloudfront.net/1619845743998"
      ]
    },
    "question_44": {
      "question_number": 44,
      "correct_option": 3,
      "sds_id": "SDS1371",
      "subtopic": "DNA Fingerprinting",
      "image_filename": "question_44.png",
      "captured": true,
      "explanation": [
        "https://d1iljb9ao69244.cloudfront.net/question_explanations_250979_1628962932213.ogg"
      ]
    },
    "question_45": {
      "question_number": 45,
      "correct_option": 2,
      "sds_id": "SDS1372",
      "subtopic": "DNA Replication",
      "image_filename": "question_45.png",
      "captured": true,
      "explanation": [
        "https://d2f8z173p7073l.cloudfront.net/1583635619966"
      ]
    },
    "question_46": {
      "question_number": 46,
      "correct_option": 4,
      "sds_id": "SDS1373",
      "subtopic": "DNA Replication",
      "image_filename": "question_46.png",
      "captured": true,
      "explanation": [
        "https://d2f8z173p7073l.cloudfront.net/1583635345915"
      ]
    },
    "question_47": {
      "question_number": 47,
      "correct_option": 4,
      "sds_id": "SDS1374",
      "subtopic": "DNA Replication",
      "image_filename": "question_47.png",
      "captured": true,
      "explanation": [
        "https://d1iljb9ao69244.cloudfront.net/185395_1654222480986_52.ogg"
      ]
    },
    "question_48": {
      "question_number": 48,
      "correct_option": 3,
      "sds_id": "SDS1375",
      "subtopic": "Genetic Code",
      "image_filename": "question_48.png",
      "captured": true,
      "explanation": [
        "https://d2f8z173p7073l.cloudfront.net/1582628773286"
      ]
    },
    "question_49": {
      "question_number": 49,
      "correct_option": 3,
      "sds_id": "SDS1376",
      "subtopic": "Genetic Code",
      "image_filename": "question_49.png",
      "captured": true,
      "explanation": [
        "https://d2f8z173p7073l.cloudfront.net/1582628462252"
      ]
    },
    "question_50": {
      "question_number": 50,
      "correct_option": 4,
      "sds_id": "SDS1377",
      "subtopic": "Genetic Code",
      "image_filename": "question_50.png",
      "captured": true,
      "explanation": [
        "https://d2f8z173p7073l.cloudfront.net/1582631491431"
      ]
    },
    "question_51": {
      "question_number": 51,
      "correct_option": 2,
      "sds_id": "SDS1378",
      "subtopic": "Genetic Code",
      "image_filename": "question_51.png",
      "captured": true,
      "explanation": [
        "https://d2f8z173p7073l.cloudfront.net/1582629295211"
      ]
    },
    "question_52": {
      "question_number": 52,
      "correct_option": 1,
      "sds_id": "SDS1379",
      "subtopic": "Search for Genetic Material",
      "image_filename": "question_52.png",
      "captured": true,
      "explanation": [
        "https://d2f8z173p7073l.cloudfront.net/1583635582810"
      ]
    },
    "question_53": {
      "question_number": 53,
      "correct_option": 4,
      "sds_id": "SDS137A",
      "subtopic": "Search for Genetic Material",
      "image_filename": "question_53.png",
      "captured": true,
      "explanation": [
        "https://d2f8z173p7073l.cloudfront.net/1582805746716"
      ]
    },
    "question_54": {
      "question_number": 54,
      "correct_option": 3,
      "sds_id": "SDS137B",
      "subtopic": "Transcription",
      "image_filename": "question_54.png",
      "captured": true,
      "explanation": [
        "https://d2f8z173p7073l.cloudfront.net/1583636110240"
      ]
    },
    "question_55": {
      "question_number": 55,
      "correct_option": 3,
      "sds_id": "SDS137C",
      "subtopic": "Transcription",
      "image_filename": "question_55.png",
      "captured": true,
      "explanation": [
        "https://d1iljb9ao69244.cloudfront.net/185353_1711035509379_15.ogg",
        "https://d1iljb9ao69244.cloudfront.net/185353_1654222246130_33.ogg"
      ]
    },
    "question_56": {
      "question_number": 56,
      "correct_option": 1,
      "sds_id": "SDS137D",
      "subtopic": "Transcription",
      "image_filename": "question_56.png",
      "captured": true,
      "explanation": [
        "https://d2f8z173p7073l.cloudfront.net/1583636862542"
      ]
    },
    "question_57": {
      "question_number": 57,
      "correct_option": 3,
      "sds_id": "SDS137E",
      "subtopic": "Transcription",
      "image_filename": "question_57.png",
      "captured": true,
      "explanation": [
        "https://d2f8z173p7073l.cloudfront.net/1583139816027"
      ]
    },
    "question_58": {
      "question_number": 58,
      "correct_option": 4,
      "sds_id": "SDS137F",
      "subtopic": "Transcription",
      "image_filename": "question_58.png",
      "captured": true,
      "explanation": [
        "https://d2f8z173p7073l.cloudfront.net/1583636289137"
      ]
    },
    "question_59": {
      "question_number": 59,
      "correct_option": 4,
      "sds_id": "SDS1380",
      "subtopic": "Transcription",
      "image_filename": "question_59.png",
      "captured": true,
      "explanation": [
        "https://d1iljb9ao69244.cloudfront.net/133671_1590595034660_Q21.ogg",
        "https://www.youtube.com/embed/QXr5qT10ecE?rel=0&amp;modestbranding=1&amp;loop=1&amp;playlist=QXr5qT10ecE&amp;start=5504&amp;end=5554",
        "https://www.youtube.com/embed/QXr5qT10ecE?rel=0&modestbranding=1&loop=1&playlist=QXr5qT10ecE&start=5504&end=5554"
      ]
    },
    "question_60": {
      "question_number": 60,
      "correct_option": 1,
      "sds_id": "SDS1381",
      "subtopic": "Transcription",
      "image_filename": "question_60.png",
      "captured": true,
      "explanation": [
        "https://d2f8z173p7073l.cloudfront.net/1546887433389"
      ]
    },
    "question_61": {
      "question_number": 61,
      "correct_option": 1,
      "sds_id": "SDS1382",
      "subtopic": "Transcription",
      "image_filename": "question_61.png",
      "captured": true,
      "explanation": [
        "https://d2f8z173p7073l.cloudfront.net/1619796814842"
      ]
    },
    "question_62": {
      "question_number": 62,
      "correct_option": 1,
      "sds_id": "SDS1383",
      "subtopic": "Transcription",
      "image_filename": "question_62.png",
      "captured": true,
      "explanation": [
        "https://d2f8z173p7073l.cloudfront.net/1619847216516"
      ]
    },
    "question_63": {
      "question_number": 63,
      "correct_option": 4,
      "sds_id": "SDS1384",
      "subtopic": "Transcription",
      "image_filename": "question_63.png",
      "captured": true,
      "explanation": [
        "https://d1iljb9ao69244.cloudfront.net/277237_1667561820126_277237.ogg"
      ]
    },
    "question_64": {
      "question_number": 64,
      "correct_option": 1,
      "sds_id": "SDS1385",
      "subtopic": "Transcription",
      "image_filename": "question_64.png",
      "captured": true,
      "explanation": [
        "https://d1iljb9ao69244.cloudfront.net/180107_1667561922126_180107.ogg"
      ]
    },
    "question_65": {
      "question_number": 65,
      "correct_option": 2,
      "sds_id": "SDS1386",
      "subtopic": "Transcription",
      "image_filename": "question_65.png",
      "captured": true,
      "explanation": [
        "https://d2f8z173p7073l.cloudfront.net/1582630407704"
      ]
    },
    "question_66": {
      "question_number": 66,
      "correct_option": 4,
      "sds_id": "SDS1387",
      "subtopic": "Mutations and Genetic Code",
      "image_filename": "question_66.png",
      "captured": true,
      "explanation": [
        "https://d2f8z173p7073l.cloudfront.net/1582523835932"
      ]
    },
    "question_67": {
      "question_number": 67,
      "correct_option": 1,
      "sds_id": "SDS1388",
      "subtopic": "Mutations and Genetic Code",
      "image_filename": "question_67.png",
      "captured": true,
      "explanation": [
        "https://d2f8z173p7073l.cloudfront.net/1583636689874"
      ]
    },
    "question_68": {
      "question_number": 68,
      "correct_option": 3,
      "sds_id": "SDS1389",
      "subtopic": "Mutations and Genetic Code",
      "image_filename": "question_68.png",
      "captured": true,
      "explanation": [
        "https://d2f8z173p7073l.cloudfront.net/1583636488890"
      ]
    },
    "question_69": {
      "question_number": 69,
      "correct_option": 3,
      "sds_id": "SDS138A",
      "subtopic": "Mutations and Genetic Code",
      "image_filename": "question_69.png",
      "captured": true,
      "explanation": [
        "https://d1iljb9ao69244.cloudfront.net/question_explanations_250988_1628962269959.ogg"
      ]
    }
  }
}