{
  "chapter_no": 4,
  "chapter_name": "Principles of Inheritance and Variation",
  "section_name": "Level 3",
  "total_questions": 28,
  "questions": {
    "question_1": {
      "question_number": 1,
      "correct_option": 4,
      "sds_id": "SDS11EF",
      "subtopic": "Introduction to Genetics: 2",
      "image_filename": "question_1.png",
      "captured": true,
      "explanation": [
        "https://d2f8z173p7073l.cloudfront.net/1582801756979"
      ]
    },
    "question_2": {
      "question_number": 2,
      "correct_option": 2,
      "sds_id": "SDS11F0",
      "subtopic": "Monohybrid Cross: 1",
      "image_filename": "question_2.png",
      "captured": true,
      "explanation": [
        "https://d2f8z173p7073l.cloudfront.net/1582345054696"
      ]
    },
    "question_3": {
      "question_number": 3,
      "correct_option": 4,
      "sds_id": "SDS11F1",
      "subtopic": "Monohybrid Cross: 1",
      "image_filename": "question_3.png",
      "captured": true,
      "explanation": [
        "https://d1iljb9ao69244.cloudfront.net/414584_1707113207744_44.ogg"
      ]
    },
    "question_4": {
      "question_number": 4,
      "correct_option": 1,
      "sds_id": "SDS11F2",
      "subtopic": "Monohybrid Cross: 1",
      "image_filename": "question_4.png",
      "captured": true,
      "explanation": [
        "https://d1iljb9ao69244.cloudfront.net/436596_1712137680109_43.ogg"
      ]
    },
    "question_5": {
      "question_number": 5,
      "correct_option": 2,
      "sds_id": "SDS11F3",
      "subtopic": "Monohybrid Cross: 1",
      "image_filename": "question_5.png",
      "captured": true,
      "explanation": [
        "https://d1iljb9ao69244.cloudfront.net/448180_1713517054981_40.ogg"
      ]
    },
    "question_6": {
      "question_number": 6,
      "correct_option": 3,
      "sds_id": "SDS11F4",
      "subtopic": "Monohybrid Cross: Further Understanding",
      "image_filename": "question_6.png",
      "captured": true,
      "explanation": [
        "https://d1iljb9ao69244.cloudfront.net/398044_1702278682793_50.ogg"
      ]
    },
    "question_7": {
      "question_number": 7,
      "correct_option": 4,
      "sds_id": "SDS11F5",
      "subtopic": "Monohybrid Cross: Further Understanding",
      "image_filename": "question_7.png",
      "captured": true,
      "explanation": [
        "https://d1iljb9ao69244.cloudfront.net/398955_1702005876498_75.ogg"
      ]
    },
    "question_8": {
      "question_number": 8,
      "correct_option": 4,
      "sds_id": "SDS11F6",
      "subtopic": "Monohybrid Cross: Further Understanding",
      "image_filename": "question_8.png",
      "captured": true,
      "explanation": [
        "https://d1iljb9ao69244.cloudfront.net/399015_1702007307145_94.ogg"
      ]
    },
    "question_9": {
      "question_number": 9,
      "correct_option": 4,
      "sds_id": "SDS11F7",
      "subtopic": "Dihybrid Cross Analysis",
      "image_filename": "question_9.png",
      "captured": true,
      "explanation": [
        "https://d1iljb9ao69244.cloudfront.net/423796_1709972088723_9.ogg"
      ]
    },
    "question_10": {
      "question_number": 10,
      "correct_option": 1,
      "sds_id": "SDS11F8",
      "subtopic": "Polygenic Inheritance & Pleiotropy",
      "image_filename": "question_10.png",
      "captured": true,
      "explanation": [
        "https://d1iljb9ao69244.cloudfront.net/447711_1713346711836_43.ogg"
      ]
    },
    "question_11": {
      "question_number": 11,
      "correct_option": 3,
      "sds_id": "SDS11F9",
      "subtopic": "Polygenic Inheritance & Pleiotropy",
      "image_filename": "question_11.png",
      "captured": true,
      "explanation": [
        "https://d1iljb9ao69244.cloudfront.net/453716_1714484619249_38.ogg"
      ]
    },
    "question_12": {
      "question_number": 12,
      "correct_option": 4,
      "sds_id": "SDS11FA",
      "subtopic": "Sex Linked Recessive Inheritance",
      "image_filename": "question_12.png",
      "captured": true,
      "explanation": [
        "https://d2f8z173p7073l.cloudfront.net/1582800822084"
      ]
    },
    "question_13": {
      "question_number": 13,
      "correct_option": 3,
      "sds_id": "SDS11FB",
      "subtopic": "Chromosomal Basis of Inheritance: Introduction",
      "image_filename": "question_13.png",
      "captured": true,
      "explanation": [
        "https://d1iljb9ao69244.cloudfront.net/398046_1702281084557_51.ogg"
      ]
    },
    "question_14": {
      "question_number": 14,
      "correct_option": 1,
      "sds_id": "SDS11FC",
      "subtopic": "Chromosomal Basis of Inheritance: Introduction",
      "image_filename": "question_14.png",
      "captured": true,
      "explanation": [
        "https://d1iljb9ao69244.cloudfront.net/433341_1711522271225_24.ogg"
      ]
    },
    "question_15": {
      "question_number": 15,
      "correct_option": 2,
      "sds_id": "SDS11FD",
      "subtopic": "Linkage",
      "image_filename": "question_15.png",
      "captured": true,
      "explanation": [
        "https://d1iljb9ao69244.cloudfront.net/396295_1700536672906_15.ogg"
      ]
    },
    "question_16": {
      "question_number": 16,
      "correct_option": 4,
      "sds_id": "SDS11FE",
      "subtopic": "Linkage",
      "image_filename": "question_16.png",
      "captured": true,
      "explanation": [
        "https://d1iljb9ao69244.cloudfront.net/450700_1714039056940_25.ogg"
      ]
    },
    "question_17": {
      "question_number": 17,
      "correct_option": 1,
      "sds_id": "SDS11FF",
      "subtopic": "Linkage",
      "image_filename": "question_17.png",
      "captured": true,
      "explanation": [
        "https://d1iljb9ao69244.cloudfront.net/452136_1714303148542_45.ogg"
      ]
    },
    "question_18": {
      "question_number": 18,
      "correct_option": 4,
      "sds_id": "SDS1200",
      "subtopic": "Pedigree Analysis: More Examples",
      "image_filename": "question_18.png",
      "captured": true,
      "explanation": [
        "https://d1iljb9ao69244.cloudfront.net/398978_1702005963501_80.ogg"
      ]
    },
    "question_19": {
      "question_number": 19,
      "correct_option": 2,
      "sds_id": "SDS1201",
      "subtopic": "Mendelian Disorders: Sickle Cell Anemia",
      "image_filename": "question_19.png",
      "captured": true,
      "explanation": [
        "https://d1iljb9ao69244.cloudfront.net/398070_1702281735078_70.ogg"
      ]
    },
    "question_20": {
      "question_number": 20,
      "correct_option": 4,
      "sds_id": "SDS1202",
      "subtopic": "Mendelian Disorders",
      "image_filename": "question_20.png",
      "captured": true,
      "explanation": [
        "https://d1iljb9ao69244.cloudfront.net/449495_1713791693140_48.ogg"
      ]
    },
    "question_21": {
      "question_number": 21,
      "correct_option": 2,
      "sds_id": "SDS1203",
      "subtopic": "Mendelian Disorders",
      "image_filename": "question_21.png",
      "captured": true,
      "explanation": [
        "https://d1iljb9ao69244.cloudfront.net/question_explanations_180043_1672637550760.ogg"
      ]
    },
    "question_22": {
      "question_number": 22,
      "correct_option": 1,
      "sds_id": "SDS1204",
      "subtopic": "Mendelian Disorders",
      "image_filename": "question_22.png",
      "captured": true,
      "explanation": [
        "https://d1iljb9ao69244.cloudfront.net/443099_1712904336916_43.ogg"
      ]
    },
    "question_23": {
      "question_number": 23,
      "correct_option": 3,
      "sds_id": "SDS1205",
      "subtopic": "Mendelian Disorders: Hemophilia",
      "image_filename": "question_23.png",
      "captured": true,
      "explanation": [
        "https://d1iljb9ao69244.cloudfront.net/422357_1709092641300_92.ogg"
      ]
    },
    "question_24": {
      "question_number": 24,
      "correct_option": 3,
      "sds_id": "SDS1206",
      "subtopic": "Mendelian Disorders: Hemophilia",
      "image_filename": "question_24.png",
      "captured": true,
      "explanation": [
        "https://d1iljb9ao69244.cloudfront.net/453636_1714485974376_44.ogg"
      ]
    },
    "question_25": {
      "question_number": 25,
      "correct_option": 3,
      "sds_id": "SDS1207",
      "subtopic": "Mendelian Disorders: Thalassemia",
      "image_filename": "question_25.png",
      "captured": true,
      "explanation": [
        "https://d1iljb9ao69244.cloudfront.net/443071_1712902781373_24.ogg"
      ]
    },
    "question_26": {
      "question_number": 26,
      "correct_option": 3,
      "sds_id": "SDS1208",
      "subtopic": "Non - Disjunction & Aneuploidy",
      "image_filename": "question_26.png",
      "captured": true,
      "explanation": [
        "https://d2f8z173p7073l.cloudfront.net/1549001873539",
        "https://www.youtube-nocookie.com/embed/2sk2UWda9o4?rel=0"
      ]
    },
    "question_27": {
      "question_number": 27,
      "correct_option": 1,
      "sds_id": "SDS1209",
      "subtopic": "Non - Disjunction & Aneuploidy",
      "image_filename": "question_27.png",
      "captured": true,
      "explanation": [
        "https://d1iljb9ao69244.cloudfront.net/409351_1705462811708_71.ogg"
      ]
    },
    "question_28": {
      "question_number": 28,
      "correct_option": 4,
      "sds_id": "SDS120A",
      "subtopic": "Sex Aneuploidy - Turner & Klinefelter Syndrome",
      "image_filename": "question_28.png",
      "captured": true,
      "explanation": [
        "https://d2f8z173p7073l.cloudfront.net/1582800628960"
      ]
    }
  }
}