{
  "chapter_no": 9,
  "chapter_name": "Biomolecules",
  "section_name": "Level 3",
  "total_questions": 30,
  "questions": {
    "question_1": {
      "question_number": 1,
      "correct_option": 2,
      "sds_id": "SDS086C",
      "subtopic": "Element Analysis",
      "image_filename": "question_1.png",
      "captured": true,
      "explanation": [
        "https://d1iljb9ao69244.cloudfront.net/410933_1705904351054_49.ogg"
      ]
    },
    "question_2": {
      "question_number": 2,
      "correct_option": 4,
      "sds_id": "SDS086D",
      "subtopic": "Nucleic Acid",
      "image_filename": "question_2.png",
      "captured": true,
      "explanation": [
        "https://d1iljb9ao69244.cloudfront.net/446681_1713084679685_12.ogg"
      ]
    },
    "question_3": {
      "question_number": 3,
      "correct_option": 2,
      "sds_id": "SDS086E",
      "subtopic": "Nucleic Acid: Nucleotides",
      "image_filename": "question_3.png",
      "captured": true,
      "explanation": [
        "https://d1iljb9ao69244.cloudfront.net/408045_1705049153819_49.ogg",
        "https://d2f8z173p7073l.cloudfront.net/1705038427872"
      ]
    },
    "question_4": {
      "question_number": 4,
      "correct_option": 1,
      "sds_id": "SDS086F",
      "subtopic": "Nucleic Acid: Nucleotides",
      "image_filename": "question_4.png",
      "captured": true,
      "explanation": [
        "https://d1iljb9ao69244.cloudfront.net/408039_1705049064256_43.ogg"
      ]
    },
    "question_5": {
      "question_number": 5,
      "correct_option": 1,
      "sds_id": "SDS0870",
      "subtopic": "Nucleic Acid: Nucleotides",
      "image_filename": "question_5.png",
      "captured": true,
      "explanation": [
        "https://d1iljb9ao69244.cloudfront.net/377183_1691147454640_62.ogg"
      ]
    },
    "question_6": {
      "question_number": 6,
      "correct_option": 1,
      "sds_id": "SDS0871",
      "subtopic": "Nucleic Acid: Nucleotides",
      "image_filename": "question_6.png",
      "captured": true,
      "explanation": [
        "https://d2f8z173p7073l.cloudfront.net/1578902638652",
        "https://dsbihjlymzdyy.cloudfront.net/bio_images/all/Diagrams%20in%20Svg%20form%2FSudhansu%2F118862.svg.svg"
      ]
    },
    "question_7": {
      "question_number": 7,
      "correct_option": 2,
      "sds_id": "SDS0872",
      "subtopic": "The DNA",
      "image_filename": "question_7.png",
      "captured": true,
      "explanation": [
        "https://d1iljb9ao69244.cloudfront.net/342695_1661694433841_342695.ogg",
        "https://dsbihjlymzdyy.cloudfront.net/bio_images/all/Diagrams%20in%20Svg%20form%2FBiomolecules%2F342695.svg.svg"
      ]
    },
    "question_8": {
      "question_number": 8,
      "correct_option": 4,
      "sds_id": "SDS0873",
      "subtopic": "The DNA",
      "image_filename": "question_8.png",
      "captured": true,
      "explanation": [
        "https://d1iljb9ao69244.cloudfront.net/377185_1691147485152_64.ogg"
      ]
    },
    "question_9": {
      "question_number": 9,
      "correct_option": 4,
      "sds_id": "SDS0874",
      "subtopic": "The DNA",
      "image_filename": "question_9.png",
      "captured": true,
      "explanation": [
        "https://d1iljb9ao69244.cloudfront.net/315507_1641492942327_84.ogg"
      ]
    },
    "question_10": {
      "question_number": 10,
      "correct_option": 3,
      "sds_id": "SDS0875",
      "subtopic": "Proteins",
      "image_filename": "question_10.png",
      "captured": true,
      "explanation": [
        "https://d1iljb9ao69244.cloudfront.net/315207_1641399507677_31.ogg"
      ]
    },
    "question_11": {
      "question_number": 11,
      "correct_option": 1,
      "sds_id": "SDS0876",
      "subtopic": "Carbohydrates",
      "image_filename": "question_11.png",
      "captured": true,
      "explanation": [
        "https://d2f8z173p7073l.cloudfront.net/1578919810143"
      ]
    },
    "question_12": {
      "question_number": 12,
      "correct_option": 4,
      "sds_id": "SDS0877",
      "subtopic": "Lipids",
      "image_filename": "question_12.png",
      "captured": true,
      "explanation": [
        "https://d2f8z173p7073l.cloudfront.net/1578907934842",
        "https://dsbihjlymzdyy.cloudfront.net/bio_images/all/Diagrams%20in%20Svg%20form%2FBiomolecules%2F118905.svg.svg"
      ]
    },
    "question_13": {
      "question_number": 13,
      "correct_option": 2,
      "sds_id": "SDS0878",
      "subtopic": "Enzymes",
      "image_filename": "question_13.png",
      "captured": true,
      "explanation": [
        "https://d1iljb9ao69244.cloudfront.net/377193_1691147713312_72.ogg"
      ]
    },
    "question_14": {
      "question_number": 14,
      "correct_option": 1,
      "sds_id": "SDS0879",
      "subtopic": "Enzymes",
      "image_filename": "question_14.png",
      "captured": true,
      "explanation": [
        "https://d1iljb9ao69244.cloudfront.net/450718_1714041870583_6.ogg"
      ]
    },
    "question_15": {
      "question_number": 15,
      "correct_option": 2,
      "sds_id": "SDS087A",
      "subtopic": "Enzyme Catalysis",
      "image_filename": "question_15.png",
      "captured": true,
      "explanation": [
        "https://d1iljb9ao69244.cloudfront.net/question_explanations_337038_1654262893934.ogg"
      ]
    },
    "question_16": {
      "question_number": 16,
      "correct_option": 2,
      "sds_id": "SDS087B",
      "subtopic": "Factors Affecting Enzyme Catalysis Reaction",
      "image_filename": "question_16.png",
      "captured": true,
      "explanation": [
        "https://d1iljb9ao69244.cloudfront.net/420604_1708424635033_83.ogg"
      ]
    },
    "question_17": {
      "question_number": 17,
      "correct_option": 3,
      "sds_id": "SDS087C",
      "subtopic": "Factors Affecting Enzyme Catalysis Reaction",
      "image_filename": "question_17.png",
      "captured": true,
      "explanation": [
        "https://d1iljb9ao69244.cloudfront.net/338205_1656776234602_13.ogg"
      ]
    },
    "question_18": {
      "question_number": 18,
      "correct_option": 2,
      "sds_id": "SDS087D",
      "subtopic": "Factors Affecting Enzyme Catalysis Reaction",
      "image_filename": "question_18.png",
      "captured": true,
      "explanation": [
        "https://d2f8z173p7073l.cloudfront.net/1580276162992"
      ]
    },
    "question_19": {
      "question_number": 19,
      "correct_option": 1,
      "sds_id": "SDS087E",
      "subtopic": "Enzyme Cofactors",
      "image_filename": "question_19.png",
      "captured": true,
      "explanation": [
        "https://d1iljb9ao69244.cloudfront.net/408070_1705050986234_70.ogg"
      ]
    },
    "question_20": {
      "question_number": 20,
      "correct_option": 1,
      "sds_id": "SDS087F",
      "subtopic": "Enzyme Cofactors",
      "image_filename": "question_20.png",
      "captured": true,
      "explanation": [
        "https://d1iljb9ao69244.cloudfront.net/377201_1691147954969_80.ogg"
      ]
    },
    "question_21": {
      "question_number": 21,
      "correct_option": 1,
      "sds_id": "SDS0880",
      "subtopic": "Enzyme Cofactors",
      "image_filename": "question_21.png",
      "captured": true,
      "explanation": [
        "https://d1iljb9ao69244.cloudfront.net/447175_1713268852991_6.ogg"
      ]
    },
    "question_22": {
      "question_number": 22,
      "correct_option": 2,
      "sds_id": "SDS0881",
      "subtopic": "Enzyme Cofactors",
      "image_filename": "question_22.png",
      "captured": true,
      "explanation": [
        "https://d2f8z173p7073l.cloudfront.net/1606729530734"
      ]
    },
    "question_23": {
      "question_number": 23,
      "correct_option": 2,
      "sds_id": "SDS0882",
      "subtopic": "Enzyme Inhibition",
      "image_filename": "question_23.png",
      "captured": true,
      "explanation": [
        "https://d2f8z173p7073l.cloudfront.net/1578905754796"
      ]
    },
    "question_24": {
      "question_number": 24,
      "correct_option": 1,
      "sds_id": "SDS0883",
      "subtopic": "Properties of Enzymes",
      "image_filename": "question_24.png",
      "captured": true,
      "explanation": [
        "https://d1iljb9ao69244.cloudfront.net/377194_1691147731528_73.ogg"
      ]
    },
    "question_25": {
      "question_number": 25,
      "correct_option": 2,
      "sds_id": "SDS0884",
      "subtopic": "Properties of Enzymes",
      "image_filename": "question_25.png",
      "captured": true,
      "explanation": [
        "https://d1iljb9ao69244.cloudfront.net/430735_1711449103493_3.ogg"
      ]
    },
    "question_26": {
      "question_number": 26,
      "correct_option": 3,
      "sds_id": "SDS0885",
      "subtopic": "Mechanism of Enzymes",
      "image_filename": "question_26.png",
      "captured": true,
      "explanation": [
        "https://d1iljb9ao69244.cloudfront.net/375980_1690348784413_19.ogg"
      ]
    },
    "question_27": {
      "question_number": 27,
      "correct_option": 2,
      "sds_id": "SDS0886",
      "subtopic": "Introduction",
      "image_filename": "question_27.png",
      "captured": true,
      "explanation": [
        "https://d2f8z173p7073l.cloudfront.net/1578908069160"
      ]
    },
    "question_28": {
      "question_number": 28,
      "correct_option": 2,
      "sds_id": "SDS0887",
      "subtopic": "Primary & Secondary Metabolites",
      "image_filename": "question_28.png",
      "captured": true,
      "explanation": [
        "https://d2f8z173p7073l.cloudfront.net/1632372971820"
      ]
    },
    "question_29": {
      "question_number": 29,
      "correct_option": 2,
      "sds_id": "SDS0888",
      "subtopic": "Structural Organisation of Proteins",
      "image_filename": "question_29.png",
      "captured": true,
      "explanation": [
        "https://d1iljb9ao69244.cloudfront.net/447726_1713348344762_8.ogg"
      ]
    },
    "question_30": {
      "question_number": 30,
      "correct_option": 1,
      "sds_id": "SDS0889",
      "subtopic": "Carbohydrates: Starch & Glycogen",
      "image_filename": "question_30.png",
      "captured": true,
      "explanation": [
        "https://d1iljb9ao69244.cloudfront.net/439286_1712655921285_38.ogg"
      ]
    }
  }
}