{
  "chapter_name": "2 Biological Classification",
  "sets": {
    "Biological Classification (LEVEL 3 MCQs)": {
      "name": "Biological Classification (LEVEL 3 MCQs)",
      "path": "Biological Classification (LEVEL 3 MCQs)/",
      "questions": {
        "question_1": {
          "question_number": 1,
          "correct_option": 4,
          "sds_id": "SDS03CC",
          "subtopic": "Different Classification Systems",
          "image_filename": "question_1.png",
          "captured": true,
          "explanation": [
            "https://d1iljb9ao69244.cloudfront.net/315178_1641399180084_2.ogg"
          ]
        },
        "question_2": {
          "question_number": 2,
          "correct_option": 3,
          "sds_id": "SDS03CD",
          "subtopic": "Different Classification Systems",
          "image_filename": "question_2.png",
          "captured": true,
          "explanation": [
            "https://d1iljb9ao69244.cloudfront.net/448118_1713510522526_2.ogg"
          ]
        },
        "question_3": {
          "question_number": 3,
          "correct_option": 1,
          "sds_id": "SDS03CE",
          "subtopic": "Kingdom Monera: Bacterial Classification",
          "image_filename": "question_3.png",
          "captured": true,
          "explanation": [
            "https://d2f8z173p7073l.cloudfront.net/1606729045681"
          ]
        },
        "question_4": {
          "question_number": 4,
          "correct_option": 2,
          "sds_id": "SDS03CF",
          "subtopic": "Kingdom Monera: Bacterial Classification",
          "image_filename": "question_4.png",
          "captured": true,
          "explanation": [
            "https://d1iljb9ao69244.cloudfront.net/question_explanations_349127_1667624164654.ogg"
          ]
        },
        "question_5": {
          "question_number": 5,
          "correct_option": 3,
          "sds_id": "SDS03D0",
          "subtopic": "Kingdom Monera: Bacterial Classification",
          "image_filename": "question_5.png",
          "captured": true,
          "explanation": [
            "https://d1iljb9ao69244.cloudfront.net/question_explanations_336894_1654145117773.ogg"
          ]
        },
        "question_6": {
          "question_number": 6,
          "correct_option": 4,
          "sds_id": "SDS03D1",
          "subtopic": "Kingdom Monera: Actinomycetes & Mycoplasma",
          "image_filename": "question_6.png",
          "captured": true,
          "explanation": [
            "https://d1iljb9ao69244.cloudfront.net/368609_1687232252057_7.ogg"
          ]
        },
        "question_7": {
          "question_number": 7,
          "correct_option": 3,
          "sds_id": "SDS03D2",
          "subtopic": "Kingdom Monera: Actinomycetes & Mycoplasma",
          "image_filename": "question_7.png",
          "captured": true,
          "explanation": [
            "https://d1iljb9ao69244.cloudfront.net/447670_1713343771226_2.ogg"
          ]
        },
        "question_8": {
          "question_number": 8,
          "correct_option": 1,
          "sds_id": "SDS03D3",
          "subtopic": "Kingdom Protista: Introduction",
          "image_filename": "question_8.png",
          "captured": true,
          "explanation": [
            "https://d1iljb9ao69244.cloudfront.net/446706_1713089232053_37.ogg"
          ]
        },
        "question_9": {
          "question_number": 9,
          "correct_option": 2,
          "sds_id": "SDS03D4",
          "subtopic": "Kingdom Protista: Chrysophytes",
          "image_filename": "question_9.png",
          "captured": true,
          "explanation": [
            "https://d1iljb9ao69244.cloudfront.net/452121_1714301227596_37.ogg"
          ]
        },
        "question_10": {
          "question_number": 10,
          "correct_option": 4,
          "sds_id": "SDS03D5",
          "subtopic": "Kingdom Protista: Chrysophytes",
          "image_filename": "question_10.png",
          "captured": true,
          "explanation": [
            "https://d1iljb9ao69244.cloudfront.net/question_explanations_337537_1655487309292.ogg"
          ]
        },
        "question_11": {
          "question_number": 11,
          "correct_option": 3,
          "sds_id": "SDS03D6",
          "subtopic": "Kingdom Protista: Euglenoids",
          "image_filename": "question_11.png",
          "captured": true,
          "explanation": [
            "https://d1iljb9ao69244.cloudfront.net/435963_1712124004294_3.ogg"
          ]
        },
        "question_12": {
          "question_number": 12,
          "correct_option": 2,
          "sds_id": "SDS03D7",
          "subtopic": "Kingdom Protista: Euglenoids",
          "image_filename": "question_12.png",
          "captured": true,
          "explanation": [
            "https://d1iljb9ao69244.cloudfront.net/367691_1685719918583_13.ogg"
          ]
        },
        "question_13": {
          "question_number": 13,
          "correct_option": 2,
          "sds_id": "SDS03D8",
          "subtopic": "Kingdom Fungi: Introduction",
          "image_filename": "question_13.png",
          "captured": true,
          "explanation": [
            "https://d1iljb9ao69244.cloudfront.net/question_explanations_335605_1652877116665.ogg"
          ]
        },
        "question_14": {
          "question_number": 14,
          "correct_option": 1,
          "sds_id": "SDS03D9",
          "subtopic": "Kingdom Fungi: Introduction",
          "image_filename": "question_14.png",
          "captured": true,
          "explanation": [
            "https://d1iljb9ao69244.cloudfront.net/200395_1606734461147_129.ogg"
          ]
        },
        "question_15": {
          "question_number": 15,
          "correct_option": 1,
          "sds_id": "SDS03DA",
          "subtopic": "Kingdom Fungi: Deuteromycetes",
          "image_filename": "question_15.png",
          "captured": true,
          "explanation": [
            "https://d1iljb9ao69244.cloudfront.net/420415_1708416412943_2.ogg"
          ]
        },
        "question_16": {
          "question_number": 16,
          "correct_option": 1,
          "sds_id": "SDS03DB",
          "subtopic": "Kingdom Fungi: Deuteromycetes",
          "image_filename": "question_16.png",
          "captured": true,
          "explanation": [
            "https://d1iljb9ao69244.cloudfront.net/429892_1710823318991_41.ogg"
          ]
        },
        "question_17": {
          "question_number": 17,
          "correct_option": 4,
          "sds_id": "SDS03DC",
          "subtopic": "Kingdom Fungi: Deuteromycetes",
          "image_filename": "question_17.png",
          "captured": true,
          "explanation": [
            "https://d1iljb9ao69244.cloudfront.net/442317_1712905951812_3.ogg"
          ]
        },
        "question_18": {
          "question_number": 18,
          "correct_option": 3,
          "sds_id": "SDS03DD",
          "subtopic": "Kingdom Fungi: Ascomycetes",
          "image_filename": "question_18.png",
          "captured": true,
          "explanation": [
            "https://d2f8z173p7073l.cloudfront.net/1580197156493"
          ]
        },
        "question_19": {
          "question_number": 19,
          "correct_option": 2,
          "sds_id": "SDS03DE",
          "subtopic": "Kingdom Fungi: Basidomycetes",
          "image_filename": "question_19.png",
          "captured": true,
          "explanation": [
            "https://d1iljb9ao69244.cloudfront.net/338207_1712039857832_3.ogg",
            "https://d1iljb9ao69244.cloudfront.net/338207_1656775920477_5.ogg"
          ]
        },
        "question_20": {
          "question_number": 20,
          "correct_option": 2,
          "sds_id": "SDS03DF",
          "subtopic": "Virus, Viroids & Prions",
          "image_filename": "question_20.png",
          "captured": true,
          "explanation": [
            "https://d2f8z173p7073l.cloudfront.net/1580197187402"
          ]
        },
        "question_21": {
          "question_number": 21,
          "correct_option": 2,
          "sds_id": "SDS03E0",
          "subtopic": "Virus, Viroids & Prions",
          "image_filename": "question_21.png",
          "captured": true,
          "explanation": [
            "https://d1iljb9ao69244.cloudfront.net/367703_1685720105200_25.ogg"
          ]
        },
        "question_22": {
          "question_number": 22,
          "correct_option": 2,
          "sds_id": "SDS03E1",
          "subtopic": "Virus, Viroids & Prions",
          "image_filename": "question_22.png",
          "captured": true,
          "explanation": [
            "https://d1iljb9ao69244.cloudfront.net/447136_1713251264584_3.ogg"
          ]
        },
        "question_23": {
          "question_number": 23,
          "correct_option": 3,
          "sds_id": "SDS03E2",
          "subtopic": "Virus, Viroids & Prions",
          "image_filename": "question_23.png",
          "captured": true,
          "explanation": [
            "https://d1iljb9ao69244.cloudfront.net/448122_1713510565936_4.ogg"
          ]
        },
        "question_24": {
          "question_number": 24,
          "correct_option": 2,
          "sds_id": "SDS03E3",
          "subtopic": "Virus, Viroids & Prions",
          "image_filename": "question_24.png",
          "captured": true,
          "explanation": [
            "https://d1iljb9ao69244.cloudfront.net/450672_1714034892109_3.ogg"
          ]
        },
        "question_25": {
          "question_number": 25,
          "correct_option": 2,
          "sds_id": "SDS03E4",
          "subtopic": "Virus, Viroids & Prions",
          "image_filename": "question_25.png",
          "captured": true,
          "explanation": [
            "https://d1iljb9ao69244.cloudfront.net/452051_1714294669770_3.ogg"
          ]
        },
        "question_26": {
          "question_number": 26,
          "correct_option": 1,
          "sds_id": "SDS03E5",
          "subtopic": "Virus, Viroids & Prions",
          "image_filename": "question_26.png",
          "captured": true,
          "explanation": [
            "https://d2f8z173p7073l.cloudfront.net/1606728853658"
          ]
        },
        "question_27": {
          "question_number": 27,
          "correct_option": 4,
          "sds_id": "SDS03E6",
          "subtopic": "Virus, Viroids & Prions",
          "image_filename": "question_27.png",
          "captured": true,
          "explanation": [
            "https://d1iljb9ao69244.cloudfront.net/200423_1606734501046_131.ogg"
          ]
        },
        "question_28": {
          "question_number": 28,
          "correct_option": 4,
          "sds_id": "SDS03E7",
          "subtopic": "Lichens",
          "image_filename": "question_28.png",
          "captured": true,
          "explanation": [
            "https://d1iljb9ao69244.cloudfront.net/question_explanations_334756_1651764743258.ogg"
          ]
        },
        "question_29": {
          "question_number": 29,
          "correct_option": 4,
          "sds_id": "SDS03E8",
          "subtopic": "Lichens",
          "image_filename": "question_29.png",
          "captured": true,
          "explanation": [
            "https://d2f8z173p7073l.cloudfront.net/1551581275131"
          ]
        },
        "question_30": {
          "question_number": 30,
          "correct_option": 3,
          "sds_id": "SDS03E9",
          "subtopic": "Lichens",
          "image_filename": "question_30.png",
          "captured": true,
          "explanation": [
            "https://d1iljb9ao69244.cloudfront.net/315184_1641399232143_8.ogg"
          ]
        }
      }
    },
    "Biological Classifications (145 MCQs)": {
      "name": "Biological Classifications (145 MCQs)",
      "path": "Biological Classifications (145 MCQs)/",
      "questions": {
        "question_1": {
          "question_number": 1,
          "correct_option": 1,
          "sds_id": "SDS033B",
          "subtopic": "Different Classification Systems",
          "image_filename": "question_1.png",
          "captured": true,
          "explanation": [
            "https://d1iljb9ao69244.cloudfront.net/121754_1726984067661_480.ogg",
            "https://d2f8z173p7073l.cloudfront.net/1580623467160"
          ]
        },
        "question_2": {
          "question_number": 2,
          "correct_option": 1,
          "sds_id": "SDS033C",
          "subtopic": "Different Classification Systems",
          "image_filename": "question_2.png",
          "captured": true,
          "explanation": [
            "https://d1iljb9ao69244.cloudfront.net/121701_1726833847234_451.ogg",
            "https://d2f8z173p7073l.cloudfront.net/1580573240657"
          ]
        },
        "question_3": {
          "question_number": 3,
          "correct_option": 4,
          "sds_id": "SDS033D",
          "subtopic": "Different Classification Systems",
          "image_filename": "question_3.png",
          "captured": true,
          "explanation": [
            "https://d1iljb9ao69244.cloudfront.net/121733_1726982939664_468.ogg",
            "https://d2f8z173p7073l.cloudfront.net/1580612128362"
          ]
        },
        "question_4": {
          "question_number": 4,
          "correct_option": 1,
          "sds_id": "SDS033E",
          "subtopic": "Different Classification Systems",
          "image_filename": "question_4.png",
          "captured": true,
          "explanation": [
            "https://d1iljb9ao69244.cloudfront.net/425140_1709534833616_8.ogg"
          ]
        },
        "question_5": {
          "question_number": 5,
          "correct_option": 2,
          "sds_id": "SDS033F",
          "subtopic": "Different Classification Systems",
          "image_filename": "question_5.png",
          "captured": true,
          "explanation": [
            "https://d2f8z173p7073l.cloudfront.net/1580623523369"
          ]
        },
        "question_6": {
          "question_number": 6,
          "correct_option": 3,
          "sds_id": "SDS0340",
          "subtopic": "Different Classification Systems",
          "image_filename": "question_6.png",
          "captured": true,
          "explanation": [
            "https://d1iljb9ao69244.cloudfront.net/121773_1726985725829_489.ogg",
            "https://d2f8z173p7073l.cloudfront.net/1580624683028"
          ]
        },
        "question_7": {
          "question_number": 7,
          "correct_option": 1,
          "sds_id": "SDS0341",
          "subtopic": "Different Classification Systems",
          "image_filename": "question_7.png",
          "captured": true,
          "explanation": [
            "https://d1iljb9ao69244.cloudfront.net/121775_1726986001880_491.ogg",
            "https://d2f8z173p7073l.cloudfront.net/1580624730612"
          ]
        },
        "question_8": {
          "question_number": 8,
          "correct_option": 1,
          "sds_id": "SDS0342",
          "subtopic": "Different Classification Systems",
          "image_filename": "question_8.png",
          "captured": true,
          "explanation": [
            "https://d1iljb9ao69244.cloudfront.net/367683_1685770388444_Q5.ogg"
          ]
        },
        "question_9": {
          "question_number": 9,
          "correct_option": 2,
          "sds_id": "SDS0343",
          "subtopic": "Different Classification Systems",
          "image_filename": "question_9.png",
          "captured": true,
          "explanation": [
            "https://d1iljb9ao69244.cloudfront.net/368605_1687232198726_3.ogg"
          ]
        },
        "question_10": {
          "question_number": 10,
          "correct_option": 2,
          "sds_id": "SDS0344",
          "subtopic": "Different Classification Systems",
          "image_filename": "question_10.png",
          "captured": true,
          "explanation": [
            "https://www.youtube-nocookie.com/embed/WyRoIRdRFGk?rel=0"
          ]
        },
        "question_11": {
          "question_number": 11,
          "correct_option": 4,
          "sds_id": "SDS0345",
          "subtopic": "Different Classification Systems",
          "image_filename": "question_11.png",
          "captured": true,
          "explanation": [
            "https://d1iljb9ao69244.cloudfront.net/121761_1726985268976_483.ogg",
            "https://d2f8z173p7073l.cloudfront.net/1580623710927"
          ]
        },
        "question_12": {
          "question_number": 12,
          "correct_option": 3,
          "sds_id": "SDS0346",
          "subtopic": "Different Classification Systems",
          "image_filename": "question_12.png",
          "captured": true,
          "explanation": [
            "https://www.youtube-nocookie.com/embed/vyyEGgjxAjo?rel=0"
          ]
        },
        "question_13": {
          "question_number": 13,
          "correct_option": 4,
          "sds_id": "SDS0347",
          "subtopic": "Different Classification Systems",
          "image_filename": "question_13.png",
          "captured": true,
          "explanation": [
            "https://d1iljb9ao69244.cloudfront.net/question_explanations_340743_1667620699058.ogg"
          ]
        },
        "question_14": {
          "question_number": 14,
          "correct_option": 3,
          "sds_id": "SDS0348",
          "subtopic": "Different Classification Systems",
          "image_filename": "question_14.png",
          "captured": true,
          "explanation": [
            "https://d1iljb9ao69244.cloudfront.net/question_explanations_340742_1667620585247.ogg"
          ]
        },
        "question_15": {
          "question_number": 15,
          "correct_option": 3,
          "sds_id": "SDS0349",
          "subtopic": "Different Classification Systems",
          "image_filename": "question_15.png",
          "captured": true,
          "explanation": [
            "https://d1iljb9ao69244.cloudfront.net/367701_1685720082536_23.ogg"
          ]
        },
        "question_16": {
          "question_number": 16,
          "correct_option": 4,
          "sds_id": "SDS034A",
          "subtopic": "Kingdom Monera: Introduction",
          "image_filename": "question_16.png",
          "captured": true,
          "explanation": [
            "https://d1iljb9ao69244.cloudfront.net/121779_1726986357193_493.ogg",
            "https://d2f8z173p7073l.cloudfront.net/1580624969964"
          ]
        },
        "question_17": {
          "question_number": 17,
          "correct_option": 1,
          "sds_id": "SDS034B",
          "subtopic": "Kingdom Monera: Introduction",
          "image_filename": "question_17.png",
          "captured": true,
          "explanation": [
            "https://d1iljb9ao69244.cloudfront.net/435961_1712123991477_2.ogg"
          ]
        },
        "question_18": {
          "question_number": 18,
          "correct_option": 4,
          "sds_id": "SDS034C",
          "subtopic": "Kingdom Monera: Introduction",
          "image_filename": "question_18.png",
          "captured": true,
          "explanation": [
            "https://d1iljb9ao69244.cloudfront.net/410893_1705906174733_26.ogg"
          ]
        },
        "question_19": {
          "question_number": 19,
          "correct_option": 4,
          "sds_id": "SDS034D",
          "subtopic": "Kingdom Monera: Surface Appendages",
          "image_filename": "question_19.png",
          "captured": true,
          "explanation": [
            "https://d1iljb9ao69244.cloudfront.net/121772_1726985672652_488.ogg",
            "https://d2f8z173p7073l.cloudfront.net/1580624585933"
          ]
        },
        "question_20": {
          "question_number": 20,
          "correct_option": 1,
          "sds_id": "SDS034E",
          "subtopic": "Kingdom Monera: Bacterial Reproduction",
          "image_filename": "question_20.png",
          "captured": true,
          "explanation": [
            "https://d1iljb9ao69244.cloudfront.net/367686_1718049791868_145.ogg",
            "https://d1iljb9ao69244.cloudfront.net/367686_1685719858125_8.ogg"
          ]
        },
        "question_21": {
          "question_number": 21,
          "correct_option": 1,
          "sds_id": "SDS034F",
          "subtopic": "Kingdom Monera: Bacterial Life Process",
          "image_filename": "question_21.png",
          "captured": true,
          "explanation": [
            "https://d1iljb9ao69244.cloudfront.net/121764_1726985543228_485.ogg",
            "https://d2f8z173p7073l.cloudfront.net/1580623865442"
          ]
        },
        "question_22": {
          "question_number": 22,
          "correct_option": 1,
          "sds_id": "SDS0350",
          "subtopic": "Kingdom Monera: Bacterial Life Process",
          "image_filename": "question_22.png",
          "captured": true,
          "explanation": [
            "https://d1iljb9ao69244.cloudfront.net/368607_1687232233555_5.ogg"
          ]
        },
        "question_23": {
          "question_number": 23,
          "correct_option": 3,
          "sds_id": "SDS0351",
          "subtopic": "Kingdom Monera: Bacterial Life Process",
          "image_filename": "question_23.png",
          "captured": true,
          "explanation": [
            "https://d1iljb9ao69244.cloudfront.net/368649_1727850040187_47.ogg",
            "https://www.youtube-nocookie.com/embed/VyoIfw-Oxto?rel=0"
          ]
        },
        "question_24": {
          "question_number": 24,
          "correct_option": 3,
          "sds_id": "SDS0352",
          "subtopic": "Kingdom Monera: Bacterial Life Process",
          "image_filename": "question_24.png",
          "captured": true,
          "explanation": [
            "https://d1iljb9ao69244.cloudfront.net/368608_1687232243317_6.ogg"
          ]
        },
        "question_25": {
          "question_number": 25,
          "correct_option": 1,
          "sds_id": "SDS0353",
          "subtopic": "Kingdom Monera: Bacterial Life Process",
          "image_filename": "question_25.png",
          "captured": true,
          "explanation": [
            "https://d1iljb9ao69244.cloudfront.net/121771_1726985619905_487.ogg",
            "https://d2f8z173p7073l.cloudfront.net/1580624499881"
          ]
        },
        "question_26": {
          "question_number": 26,
          "correct_option": 1,
          "sds_id": "SDS0354",
          "subtopic": "Kingdom Monera: Bacterial Classification",
          "image_filename": "question_26.png",
          "captured": true,
          "explanation": [
            "https://d1iljb9ao69244.cloudfront.net/121707_1726834048750_452.ogg",
            "https://d2f8z173p7073l.cloudfront.net/1580573408196"
          ]
        },
        "question_27": {
          "question_number": 27,
          "correct_option": 1,
          "sds_id": "SDS0355",
          "subtopic": "Kingdom Monera: Bacterial Classification",
          "image_filename": "question_27.png",
          "captured": true,
          "explanation": [
            "https://d1iljb9ao69244.cloudfront.net/question_explanations_340729_1666763483359.ogg"
          ]
        },
        "question_28": {
          "question_number": 28,
          "correct_option": 2,
          "sds_id": "SDS0356",
          "subtopic": "Kingdom Monera: Bacterial Classification",
          "image_filename": "question_28.png",
          "captured": true,
          "explanation": [
            "https://d1iljb9ao69244.cloudfront.net/121765_1726985590801_486.ogg",
            "https://d2f8z173p7073l.cloudfront.net/1580623899259"
          ]
        },
        "question_29": {
          "question_number": 29,
          "correct_option": 1,
          "sds_id": "SDS0357",
          "subtopic": "Kingdom Monera: Bacterial Classification",
          "image_filename": "question_29.png",
          "captured": true,
          "explanation": [
            "https://d1iljb9ao69244.cloudfront.net/367685_1685719840674_7.ogg"
          ]
        },
        "question_30": {
          "question_number": 30,
          "correct_option": 2,
          "sds_id": "SDS0358",
          "subtopic": "Kingdom Monera: Bacterial Classification",
          "image_filename": "question_30.png",
          "captured": true,
          "explanation": [
            "https://d1iljb9ao69244.cloudfront.net/446670_1713080687653_1.ogg"
          ]
        },
        "question_31": {
          "question_number": 31,
          "correct_option": 4,
          "sds_id": "SDS0359",
          "subtopic": "Kingdom Monera: Bacterial Classification",
          "image_filename": "question_31.png",
          "captured": true,
          "explanation": [
            "https://d1iljb9ao69244.cloudfront.net/437168_1712299593317_3.ogg"
          ]
        },
        "question_32": {
          "question_number": 32,
          "correct_option": 1,
          "sds_id": "SDS035A",
          "subtopic": "Kingdom Monera: Bacterial Classification",
          "image_filename": "question_32.png",
          "captured": true,
          "explanation": [
            "https://d1iljb9ao69244.cloudfront.net/410882_1705905821994_18.ogg"
          ]
        },
        "question_33": {
          "question_number": 33,
          "correct_option": 4,
          "sds_id": "SDS035B",
          "subtopic": "Kingdom Monera: Bacterial Classification",
          "image_filename": "question_33.png",
          "captured": true,
          "explanation": [
            "https://d1iljb9ao69244.cloudfront.net/420512_1708422759928_37.ogg"
          ]
        },
        "question_34": {
          "question_number": 34,
          "correct_option": 3,
          "sds_id": "SDS035C",
          "subtopic": "Kingdom Monera: Bacterial Classification",
          "image_filename": "question_34.png",
          "captured": true,
          "explanation": [
            "https://d1iljb9ao69244.cloudfront.net/question_explanations_340731_1666763789180.ogg"
          ]
        },
        "question_35": {
          "question_number": 35,
          "correct_option": 3,
          "sds_id": "SDS035D",
          "subtopic": "Kingdom Monera: Bacterial Classification",
          "image_filename": "question_35.png",
          "captured": true,
          "explanation": [
            "https://d1iljb9ao69244.cloudfront.net/447669_1713343755010_1.ogg"
          ]
        },
        "question_36": {
          "question_number": 36,
          "correct_option": 4,
          "sds_id": "SDS035E",
          "subtopic": "Kingdom Monera: Bacterial Classification",
          "image_filename": "question_36.png",
          "captured": true,
          "explanation": [
            "https://d1iljb9ao69244.cloudfront.net/question_explanations_340732_1666763868560.ogg"
          ]
        },
        "question_37": {
          "question_number": 37,
          "correct_option": 3,
          "sds_id": "SDS035F",
          "subtopic": "Kingdom Monera: Bacterial Classification",
          "image_filename": "question_37.png",
          "captured": true,
          "explanation": [
            "https://d1iljb9ao69244.cloudfront.net/121774_1726985767807_490.ogg",
            "https://d2f8z173p7073l.cloudfront.net/1580624707881"
          ]
        },
        "question_38": {
          "question_number": 38,
          "correct_option": 2,
          "sds_id": "SDS0360",
          "subtopic": "Kingdom Monera: Actinomycetes & Mycoplasma",
          "image_filename": "question_38.png",
          "captured": true,
          "explanation": [
            "https://d1iljb9ao69244.cloudfront.net/122312_1726991021216_538.ogg",
            "https://d2f8z173p7073l.cloudfront.net/1581162631234"
          ]
        },
        "question_39": {
          "question_number": 39,
          "correct_option": 2,
          "sds_id": "SDS0361",
          "subtopic": "Kingdom Monera: Actinomycetes & Mycoplasma",
          "image_filename": "question_39.png",
          "captured": true,
          "explanation": [
            "https://d2f8z173p7073l.cloudfront.net/1580197868229"
          ]
        },
        "question_40": {
          "question_number": 40,
          "correct_option": 3,
          "sds_id": "SDS0362",
          "subtopic": "Kingdom Monera: Actinomycetes & Mycoplasma",
          "image_filename": "question_40.png",
          "captured": true,
          "explanation": [
            "https://d1iljb9ao69244.cloudfront.net/396467_1700829377616_10.ogg"
          ]
        },
        "question_41": {
          "question_number": 41,
          "correct_option": 2,
          "sds_id": "SDS0363",
          "subtopic": "Kingdom Monera: Actinomycetes & Mycoplasma",
          "image_filename": "question_41.png",
          "captured": true,
          "explanation": [
            "https://d1iljb9ao69244.cloudfront.net/410907_1705903815641_36.ogg"
          ]
        },
        "question_42": {
          "question_number": 42,
          "correct_option": 4,
          "sds_id": "SDS0364",
          "subtopic": "Kingdom Monera: Actinomycetes & Mycoplasma",
          "image_filename": "question_42.png",
          "captured": true,
          "explanation": [
            "https://d1iljb9ao69244.cloudfront.net/367687_1727847358018_9.ogg",
            "https://d1iljb9ao69244.cloudfront.net/367687_1685719870216_9.ogg"
          ]
        },
        "question_43": {
          "question_number": 43,
          "correct_option": 4,
          "sds_id": "SDS0365",
          "subtopic": "Kingdom Protista: Introduction",
          "image_filename": "question_43.png",
          "captured": true,
          "explanation": [
            "https://d1iljb9ao69244.cloudfront.net/question_explanations_340734_1666763959754.ogg"
          ]
        },
        "question_44": {
          "question_number": 44,
          "correct_option": 2,
          "sds_id": "SDS0366",
          "subtopic": "Kingdom Protista: Introduction",
          "image_filename": "question_44.png",
          "captured": true,
          "explanation": [
            "https://d1iljb9ao69244.cloudfront.net/426557_1710821478460_3.ogg"
          ]
        },
        "question_45": {
          "question_number": 45,
          "correct_option": 4,
          "sds_id": "SDS0367",
          "subtopic": "Kingdom Protista: Chrysophytes",
          "image_filename": "question_45.png",
          "captured": true,
          "explanation": [
            "https://d1iljb9ao69244.cloudfront.net/121719_1726982462006_458.ogg",
            "https://d2f8z173p7073l.cloudfront.net/1580573687130"
          ]
        },
        "question_46": {
          "question_number": 46,
          "correct_option": 2,
          "sds_id": "SDS0368",
          "subtopic": "Kingdom Protista: Chrysophytes",
          "image_filename": "question_46.png",
          "captured": true,
          "explanation": [
            "https://d1iljb9ao69244.cloudfront.net/121709_1726834141698_453.ogg",
            "https://d2f8z173p7073l.cloudfront.net/1580573460796"
          ]
        },
        "question_47": {
          "question_number": 47,
          "correct_option": 1,
          "sds_id": "SDS0369",
          "subtopic": "Kingdom Protista: Chrysophytes",
          "image_filename": "question_47.png",
          "captured": true,
          "explanation": [
            "https://d1iljb9ao69244.cloudfront.net/121739_1726983126440_470.ogg",
            "https://d2f8z173p7073l.cloudfront.net/1580612299622"
          ]
        },
        "question_48": {
          "question_number": 48,
          "correct_option": 1,
          "sds_id": "SDS036A",
          "subtopic": "Kingdom Protista: Chrysophytes",
          "image_filename": "question_48.png",
          "captured": true,
          "explanation": [
            "https://d1iljb9ao69244.cloudfront.net/question_explanations_349124_1668220698702.ogg"
          ]
        },
        "question_49": {
          "question_number": 49,
          "correct_option": 1,
          "sds_id": "SDS036B",
          "subtopic": "Kingdom Protista: Chrysophytes",
          "image_filename": "question_49.png",
          "captured": true,
          "explanation": [
            "https://d1iljb9ao69244.cloudfront.net/420528_1709198495358_39.ogg"
          ]
        },
        "question_50": {
          "question_number": 50,
          "correct_option": 2,
          "sds_id": "SDS036C",
          "subtopic": "Kingdom Protista: Chrysophytes",
          "image_filename": "question_50.png",
          "captured": true,
          "explanation": [
            "https://d1iljb9ao69244.cloudfront.net/420417_1708416426601_3.ogg"
          ]
        },
        "question_51": {
          "question_number": 51,
          "correct_option": 2,
          "sds_id": "SDS036D",
          "subtopic": "Kingdom Protista: Chrysophytes",
          "image_filename": "question_51.png",
          "captured": true,
          "explanation": [
            "https://d1iljb9ao69244.cloudfront.net/396468_1700829537620_11.ogg"
          ]
        },
        "question_52": {
          "question_number": 52,
          "correct_option": 3,
          "sds_id": "SDS036E",
          "subtopic": "Kingdom Protista: Dinoflagellates",
          "image_filename": "question_52.png",
          "captured": true,
          "explanation": [
            "https://d1iljb9ao69244.cloudfront.net/396469_1700829554105_12.ogg",
            "https://d2f8z173p7073l.cloudfront.net/1700559075599"
          ]
        },
        "question_53": {
          "question_number": 53,
          "correct_option": 2,
          "sds_id": "SDS036F",
          "subtopic": "Kingdom Protista: Dinoflagellates",
          "image_filename": "question_53.png",
          "captured": true,
          "explanation": [
            "https://d1iljb9ao69244.cloudfront.net/121742_1726983390117_472.ogg",
            "https://d2f8z173p7073l.cloudfront.net/1580612383911"
          ]
        },
        "question_54": {
          "question_number": 54,
          "correct_option": 1,
          "sds_id": "SDS0370",
          "subtopic": "Kingdom Protista: Dinoflagellates",
          "image_filename": "question_54.png",
          "captured": true,
          "explanation": [
            "https://d1iljb9ao69244.cloudfront.net/121717_1726982424355_457.ogg",
            "https://d2f8z173p7073l.cloudfront.net/1580573646350"
          ]
        },
        "question_55": {
          "question_number": 55,
          "correct_option": 1,
          "sds_id": "SDS0371",
          "subtopic": "Kingdom Protista: Euglenoids",
          "image_filename": "question_55.png",
          "captured": true,
          "explanation": [
            "https://d1iljb9ao69244.cloudfront.net/410909_1705903945136_37.ogg"
          ]
        },
        "question_56": {
          "question_number": 56,
          "correct_option": 3,
          "sds_id": "SDS0372",
          "subtopic": "Kingdom Protista: Euglenoids",
          "image_filename": "question_56.png",
          "captured": true,
          "explanation": [
            "https://d1iljb9ao69244.cloudfront.net/367690_1685719907616_12.ogg"
          ]
        },
        "question_57": {
          "question_number": 57,
          "correct_option": 2,
          "sds_id": "SDS0373",
          "subtopic": "Kingdom Protista: Euglenoids",
          "image_filename": "question_57.png",
          "captured": true,
          "explanation": [
            "https://d1iljb9ao69244.cloudfront.net/121762_1726985365596_484.ogg",
            "https://d2f8z173p7073l.cloudfront.net/1580623755839"
          ]
        },
        "question_58": {
          "question_number": 58,
          "correct_option": 4,
          "sds_id": "SDS0374",
          "subtopic": "Kingdom Protista: Euglenoids",
          "image_filename": "question_58.png",
          "captured": true,
          "explanation": [
            "https://d1iljb9ao69244.cloudfront.net/121743_1726983443359_473.ogg",
            "https://d2f8z173p7073l.cloudfront.net/1580612408004"
          ]
        },
        "question_59": {
          "question_number": 59,
          "correct_option": 3,
          "sds_id": "SDS0375",
          "subtopic": "Kingdom Protista: Euglenoids",
          "image_filename": "question_59.png",
          "captured": true,
          "explanation": [
            "https://d1iljb9ao69244.cloudfront.net/425170_1709536115606_38.ogg"
          ]
        },
        "question_60": {
          "question_number": 60,
          "correct_option": 2,
          "sds_id": "SDS0376",
          "subtopic": "Kingdom Protista: Slime Moulds",
          "image_filename": "question_60.png",
          "captured": true,
          "explanation": [
            "https://d1iljb9ao69244.cloudfront.net/437202_1712302128600_36.ogg"
          ]
        },
        "question_61": {
          "question_number": 61,
          "correct_option": 4,
          "sds_id": "SDS0377",
          "subtopic": "Kingdom Protista: Slime Moulds",
          "image_filename": "question_61.png",
          "captured": true,
          "explanation": [
            "https://d1iljb9ao69244.cloudfront.net/396470_1700829568584_13.ogg"
          ]
        },
        "question_62": {
          "question_number": 62,
          "correct_option": 1,
          "sds_id": "SDS0378",
          "subtopic": "Kingdom Protista: Slime Moulds",
          "image_filename": "question_62.png",
          "captured": true,
          "explanation": [
            "https://d1iljb9ao69244.cloudfront.net/368612_1687232287659_10.ogg"
          ]
        },
        "question_63": {
          "question_number": 63,
          "correct_option": 4,
          "sds_id": "SDS0379",
          "subtopic": "Kingdom Protista: Slime Moulds",
          "image_filename": "question_63.png",
          "captured": true,
          "explanation": [
            "https://d1iljb9ao69244.cloudfront.net/425139_1709534818535_7.ogg"
          ]
        },
        "question_64": {
          "question_number": 64,
          "correct_option": 1,
          "sds_id": "SDS037A",
          "subtopic": "Kingdom Protista: Slime Moulds",
          "image_filename": "question_64.png",
          "captured": true,
          "explanation": [
            "https://d1iljb9ao69244.cloudfront.net/121747_1726983570028_476.ogg",
            "https://d2f8z173p7073l.cloudfront.net/1580623040916"
          ]
        },
        "question_65": {
          "question_number": 65,
          "correct_option": 4,
          "sds_id": "SDS037B",
          "subtopic": "Kingdom Protista: Slime Moulds",
          "image_filename": "question_65.png",
          "captured": true,
          "explanation": [
            "https://d1iljb9ao69244.cloudfront.net/121419_1726729754434_426.ogg",
            "https://d2f8z173p7073l.cloudfront.net/1580371846178"
          ]
        },
        "question_66": {
          "question_number": 66,
          "correct_option": 2,
          "sds_id": "SDS037C",
          "subtopic": "Kingdom Protista: Slime Moulds",
          "image_filename": "question_66.png",
          "captured": true,
          "explanation": [
            "https://d1iljb9ao69244.cloudfront.net/question_explanations_340735_1666764254754.ogg"
          ]
        },
        "question_67": {
          "question_number": 67,
          "correct_option": 2,
          "sds_id": "SDS037D",
          "subtopic": "Kingdom Protista: Slime Moulds",
          "image_filename": "question_67.png",
          "captured": true,
          "explanation": [
            "https://d1iljb9ao69244.cloudfront.net/question_explanations_349123_1668221037996.ogg",
            "https://d2f8z173p7073l.cloudfront.net/1668220842051"
          ]
        },
        "question_68": {
          "question_number": 68,
          "correct_option": 4,
          "sds_id": "SDS037E",
          "subtopic": "Kingdom Fungi: Introduction",
          "image_filename": "question_68.png",
          "captured": true,
          "explanation": [
            "https://d1iljb9ao69244.cloudfront.net/396473_1700829602041_15.ogg"
          ]
        },
        "question_69": {
          "question_number": 69,
          "correct_option": 4,
          "sds_id": "SDS037F",
          "subtopic": "Kingdom Fungi: Introduction",
          "image_filename": "question_69.png",
          "captured": true,
          "explanation": [
            "https://d1iljb9ao69244.cloudfront.net/368614_1687232311353_12.ogg"
          ]
        },
        "question_70": {
          "question_number": 70,
          "correct_option": 4,
          "sds_id": "SDS0380",
          "subtopic": "Kingdom Fungi: Introduction",
          "image_filename": "question_70.png",
          "captured": true,
          "explanation": [
            "https://d1iljb9ao69244.cloudfront.net/340736_1718511907993_112.ogg",
            "https://d1iljb9ao69244.cloudfront.net/question_explanations_340736_1666764358128.ogg"
          ]
        },
        "question_71": {
          "question_number": 71,
          "correct_option": 4,
          "sds_id": "SDS0381",
          "subtopic": "Kingdom Fungi: Introduction",
          "image_filename": "question_71.png",
          "captured": true,
          "explanation": [
            "https://d1iljb9ao69244.cloudfront.net/396474_1700829666064_16.ogg"
          ]
        },
        "question_72": {
          "question_number": 72,
          "correct_option": 2,
          "sds_id": "SDS0382",
          "subtopic": "Kingdom Fungi: Introduction",
          "image_filename": "question_72.png",
          "captured": true,
          "explanation": [
            "https://d1iljb9ao69244.cloudfront.net/396478_1700829714534_19.ogg"
          ]
        },
        "question_73": {
          "question_number": 73,
          "correct_option": 4,
          "sds_id": "SDS0383",
          "subtopic": "Kingdom Fungi: Introduction",
          "image_filename": "question_73.png",
          "captured": true,
          "explanation": [
            "https://d1iljb9ao69244.cloudfront.net/396479_1700829730711_20.ogg"
          ]
        },
        "question_74": {
          "question_number": 74,
          "correct_option": 3,
          "sds_id": "SDS0384",
          "subtopic": "Kingdom Fungi: Introduction",
          "image_filename": "question_74.png",
          "captured": true,
          "explanation": [
            "https://d1iljb9ao69244.cloudfront.net/121726_1726982717753_462.ogg",
            "https://d2f8z173p7073l.cloudfront.net/1580573824243"
          ]
        },
        "question_75": {
          "question_number": 75,
          "correct_option": 1,
          "sds_id": "SDS0385",
          "subtopic": "Kingdom Fungi: Introduction",
          "image_filename": "question_75.png",
          "captured": true,
          "explanation": [
            "https://d1iljb9ao69244.cloudfront.net/question_explanations_340740_1666764549213.ogg"
          ]
        },
        "question_76": {
          "question_number": 76,
          "correct_option": 1,
          "sds_id": "SDS0386",
          "subtopic": "Kingdom Fungi: Introduction",
          "image_filename": "question_76.png",
          "captured": true,
          "explanation": [
            "https://d1iljb9ao69244.cloudfront.net/200490_1727419227601_769.ogg",
            "https://d1iljb9ao69244.cloudfront.net/200490_1606731149630_97.ogg"
          ]
        },
        "question_77": {
          "question_number": 77,
          "correct_option": 4,
          "sds_id": "SDS0387",
          "subtopic": "Kingdom Fungi: Sexual Reproduction in Fungi",
          "image_filename": "question_77.png",
          "captured": true,
          "explanation": [
            "https://d1iljb9ao69244.cloudfront.net/question_explanations_340738_1666764420713.ogg"
          ]
        },
        "question_78": {
          "question_number": 78,
          "correct_option": 3,
          "sds_id": "SDS0388",
          "subtopic": "Kingdom Fungi: Sexual Reproduction in Fungi",
          "image_filename": "question_78.png",
          "captured": true,
          "explanation": [
            "https://d1iljb9ao69244.cloudfront.net/367696_1685719992141_18.ogg"
          ]
        },
        "question_79": {
          "question_number": 79,
          "correct_option": 1,
          "sds_id": "SDS0389",
          "subtopic": "Kingdom Fungi: Sexual Reproduction in Fungi",
          "image_filename": "question_79.png",
          "captured": true,
          "explanation": [
            "https://d1iljb9ao69244.cloudfront.net/368616_1687232336352_14.ogg"
          ]
        },
        "question_80": {
          "question_number": 80,
          "correct_option": 3,
          "sds_id": "SDS038A",
          "subtopic": "Kingdom Fungi: Deuteromycetes",
          "image_filename": "question_80.png",
          "captured": true,
          "explanation": [
            "https://d1iljb9ao69244.cloudfront.net/446707_1713089336869_38.ogg"
          ]
        },
        "question_81": {
          "question_number": 81,
          "correct_option": 4,
          "sds_id": "SDS038B",
          "subtopic": "Kingdom Fungi: Deuteromycetes",
          "image_filename": "question_81.png",
          "captured": true,
          "explanation": [
            "https://d1iljb9ao69244.cloudfront.net/121724_1726982558248_460.ogg",
            "https://d2f8z173p7073l.cloudfront.net/1580573783039"
          ]
        },
        "question_82": {
          "question_number": 82,
          "correct_option": 4,
          "sds_id": "SDS038C",
          "subtopic": "Kingdom Fungi: Deuteromycetes",
          "image_filename": "question_82.png",
          "captured": true,
          "explanation": [
            "https://d1iljb9ao69244.cloudfront.net/121721_1726982514916_459.ogg",
            "https://d2f8z173p7073l.cloudfront.net/1580573724414"
          ]
        },
        "question_83": {
          "question_number": 83,
          "correct_option": 4,
          "sds_id": "SDS038D",
          "subtopic": "Kingdom Fungi: Deuteromycetes",
          "image_filename": "question_83.png",
          "captured": true,
          "explanation": [
            "https://d1iljb9ao69244.cloudfront.net/question_explanations_340741_1667620450922.ogg"
          ]
        },
        "question_84": {
          "question_number": 84,
          "correct_option": 3,
          "sds_id": "SDS038E",
          "subtopic": "Kingdom Fungi: Deuteromycetes",
          "image_filename": "question_84.png",
          "captured": true,
          "explanation": [
            "https://d1iljb9ao69244.cloudfront.net/333090_1650646642570_2.ogg"
          ]
        },
        "question_85": {
          "question_number": 85,
          "correct_option": 4,
          "sds_id": "SDS038F",
          "subtopic": "Kingdom Fungi: Deuteromycetes",
          "image_filename": "question_85.png",
          "captured": true,
          "explanation": [
            "https://d1iljb9ao69244.cloudfront.net/120953_1726391164663_336.ogg",
            "https://d2f8z173p7073l.cloudfront.net/1580197949723"
          ]
        },
        "question_86": {
          "question_number": 86,
          "correct_option": 3,
          "sds_id": "SDS0390",
          "subtopic": "Kingdom Fungi: Deuteromycetes",
          "image_filename": "question_86.png",
          "captured": true,
          "explanation": [
            "https://www.youtube-nocookie.com/embed/ddcoPzC_4I8?rel=0"
          ]
        },
        "question_87": {
          "question_number": 87,
          "correct_option": 1,
          "sds_id": "SDS0391",
          "subtopic": "Kingdom Fungi: Zygomycetes",
          "image_filename": "question_87.png",
          "captured": true,
          "explanation": [
            "https://d1iljb9ao69244.cloudfront.net/368615_1687232323058_13.ogg"
          ]
        },
        "question_88": {
          "question_number": 88,
          "correct_option": 2,
          "sds_id": "SDS0392",
          "subtopic": "Kingdom Fungi: Zygomycetes",
          "image_filename": "question_88.png",
          "captured": true,
          "explanation": [
            "https://d1iljb9ao69244.cloudfront.net/121731_1726982864667_466.ogg",
            "https://d2f8z173p7073l.cloudfront.net/1580612054337"
          ]
        },
        "question_89": {
          "question_number": 89,
          "correct_option": 3,
          "sds_id": "SDS0393",
          "subtopic": "Kingdom Fungi: Zygomycetes",
          "image_filename": "question_89.png",
          "captured": true,
          "explanation": [
            "https://d1iljb9ao69244.cloudfront.net/121745_1718511925377_114.ogg",
            "https://d2f8z173p7073l.cloudfront.net/1580612452063"
          ]
        },
        "question_90": {
          "question_number": 90,
          "correct_option": 4,
          "sds_id": "SDS0394",
          "subtopic": "Kingdom Fungi: Zygomycetes",
          "image_filename": "question_90.png",
          "captured": true,
          "explanation": [
            "https://d1iljb9ao69244.cloudfront.net/121427_1726729980397_429.ogg",
            "https://d2f8z173p7073l.cloudfront.net/1580372191050"
          ]
        },
        "question_91": {
          "question_number": 91,
          "correct_option": 1,
          "sds_id": "SDS0395",
          "subtopic": "Kingdom Fungi: Ascomycetes",
          "image_filename": "question_91.png",
          "captured": true,
          "explanation": [
            "https://d1iljb9ao69244.cloudfront.net/121746_1726983528908_475.ogg",
            "https://d2f8z173p7073l.cloudfront.net/1580622768863"
          ]
        },
        "question_92": {
          "question_number": 92,
          "correct_option": 2,
          "sds_id": "SDS0396",
          "subtopic": "Kingdom Fungi: Ascomycetes",
          "image_filename": "question_92.png",
          "captured": true,
          "explanation": [
            "https://d1iljb9ao69244.cloudfront.net/121729_1726982801503_464.ogg",
            "https://d2f8z173p7073l.cloudfront.net/1580573885456"
          ]
        },
        "question_93": {
          "question_number": 93,
          "correct_option": 3,
          "sds_id": "SDS0397",
          "subtopic": "Kingdom Fungi: Ascomycetes",
          "image_filename": "question_93.png",
          "captured": true,
          "explanation": [
            "https://d1iljb9ao69244.cloudfront.net/122344_1726991229912_541.ogg",
            "https://d2f8z173p7073l.cloudfront.net/1581164088663"
          ]
        },
        "question_94": {
          "question_number": 94,
          "correct_option": 1,
          "sds_id": "SDS0398",
          "subtopic": "Kingdom Fungi: Ascomycetes",
          "image_filename": "question_94.png",
          "captured": true,
          "explanation": [
            "https://d1iljb9ao69244.cloudfront.net/396485_1700830418332_24.ogg"
          ]
        },
        "question_95": {
          "question_number": 95,
          "correct_option": 2,
          "sds_id": "SDS0399",
          "subtopic": "Kingdom Fungi: Ascomycetes",
          "image_filename": "question_95.png",
          "captured": true,
          "explanation": [
            "https://d1iljb9ao69244.cloudfront.net/410890_1705906147591_24.ogg"
          ]
        },
        "question_96": {
          "question_number": 96,
          "correct_option": 4,
          "sds_id": "SDS039A",
          "subtopic": "Kingdom Fungi: Ascomycetes",
          "image_filename": "question_96.png",
          "captured": true,
          "explanation": [
            "https://d1iljb9ao69244.cloudfront.net/368620_1687232418343_18.ogg"
          ]
        },
        "question_97": {
          "question_number": 97,
          "correct_option": 4,
          "sds_id": "SDS039B",
          "subtopic": "Kingdom Fungi: Ascomycetes",
          "image_filename": "question_97.png",
          "captured": true,
          "explanation": [
            "https://d1iljb9ao69244.cloudfront.net/question_explanations_336895_1654145215287.ogg"
          ]
        },
        "question_98": {
          "question_number": 98,
          "correct_option": 2,
          "sds_id": "SDS039C",
          "subtopic": "Kingdom Fungi: Ascomycetes",
          "image_filename": "question_98.png",
          "captured": true,
          "explanation": [
            "https://d1iljb9ao69244.cloudfront.net/420484_1709198412456_36.ogg"
          ]
        },
        "question_99": {
          "question_number": 99,
          "correct_option": 1,
          "sds_id": "SDS039D",
          "subtopic": "Kingdom Fungi: Ascomycetes",
          "image_filename": "question_99.png",
          "captured": true,
          "explanation": [
            "https://d1iljb9ao69244.cloudfront.net/question_explanations_349132_1667620971427.ogg"
          ]
        },
        "question_100": {
          "question_number": 100,
          "correct_option": 3,
          "sds_id": "SDS039E",
          "subtopic": "Kingdom Fungi: Basidomycetes",
          "image_filename": "question_100.png",
          "captured": true,
          "explanation": [
            "https://d1iljb9ao69244.cloudfront.net/121748_1726983599401_477.ogg",
            "https://d2f8z173p7073l.cloudfront.net/1580623080359"
          ]
        },
        "question_101": {
          "question_number": 101,
          "correct_option": 3,
          "sds_id": "SDS039F",
          "subtopic": "Kingdom Fungi: Basidomycetes",
          "image_filename": "question_101.png",
          "captured": true,
          "explanation": [
            "https://d1iljb9ao69244.cloudfront.net/121758_1726985208677_482.ogg",
            "https://d2f8z173p7073l.cloudfront.net/1580623623624"
          ]
        },
        "question_102": {
          "question_number": 102,
          "correct_option": 1,
          "sds_id": "SDS03A0",
          "subtopic": "Kingdom Fungi: Basidomycetes",
          "image_filename": "question_102.png",
          "captured": true,
          "explanation": [
            "https://d1iljb9ao69244.cloudfront.net/121737_1726982982364_469.ogg",
            "https://d2f8z173p7073l.cloudfront.net/1580612249356"
          ]
        },
        "question_103": {
          "question_number": 103,
          "correct_option": 4,
          "sds_id": "SDS03A1",
          "subtopic": "Kingdom Fungi: Basidomycetes",
          "image_filename": "question_103.png",
          "captured": true,
          "explanation": [
            "https://d1iljb9ao69244.cloudfront.net/120897_1726391089235_335.ogg",
            "https://d2f8z173p7073l.cloudfront.net/1580195325204"
          ]
        },
        "question_104": {
          "question_number": 104,
          "correct_option": 3,
          "sds_id": "SDS03A2",
          "subtopic": "Kingdom Fungi: Basidomycetes",
          "image_filename": "question_104.png",
          "captured": true,
          "explanation": [
            "https://d1iljb9ao69244.cloudfront.net/396486_1700830433367_25.ogg"
          ]
        },
        "question_105": {
          "question_number": 105,
          "correct_option": 4,
          "sds_id": "SDS03A3",
          "subtopic": "Kingdom Fungi: Basidomycetes",
          "image_filename": "question_105.png",
          "captured": true,
          "explanation": [
            "https://d1iljb9ao69244.cloudfront.net/410889_1705906135173_23.ogg"
          ]
        },
        "question_106": {
          "question_number": 106,
          "correct_option": 4,
          "sds_id": "SDS03A4",
          "subtopic": "Kingdom Fungi: Basidomycetes",
          "image_filename": "question_106.png",
          "captured": true,
          "explanation": [
            "https://d1iljb9ao69244.cloudfront.net/367698_1685720038796_20.ogg"
          ]
        },
        "question_107": {
          "question_number": 107,
          "correct_option": 1,
          "sds_id": "SDS03A5",
          "subtopic": "Kingdom Fungi: Basidomycetes",
          "image_filename": "question_107.png",
          "captured": true,
          "explanation": [
            "https://d1iljb9ao69244.cloudfront.net/368621_1687232433454_19.ogg"
          ]
        },
        "question_108": {
          "question_number": 108,
          "correct_option": 3,
          "sds_id": "SDS03A6",
          "subtopic": "Kingdom Fungi: Basidomycetes",
          "image_filename": "question_108.png",
          "captured": true,
          "explanation": [
            "https://d1iljb9ao69244.cloudfront.net/437167_1712299581757_2.ogg"
          ]
        },
        "question_109": {
          "question_number": 109,
          "correct_option": 4,
          "sds_id": "SDS03A7",
          "subtopic": "Kingdom Fungi: Basidomycetes",
          "image_filename": "question_109.png",
          "captured": true,
          "explanation": [
            "https://d1iljb9ao69244.cloudfront.net/396492_1700830512150_30.ogg"
          ]
        },
        "question_110": {
          "question_number": 110,
          "correct_option": 2,
          "sds_id": "SDS03A8",
          "subtopic": "Mycorrhiza",
          "image_filename": "question_110.png",
          "captured": true,
          "explanation": [
            "https://d1iljb9ao69244.cloudfront.net/396495_1700830649590_32.ogg"
          ]
        },
        "question_111": {
          "question_number": 111,
          "correct_option": 2,
          "sds_id": "SDS03A9",
          "subtopic": "Virus, Viroids & Prions",
          "image_filename": "question_111.png",
          "captured": true,
          "explanation": [
            "https://d1iljb9ao69244.cloudfront.net/121741_1726983235276_471.ogg",
            "https://d2f8z173p7073l.cloudfront.net/1580612343879"
          ]
        },
        "question_112": {
          "question_number": 112,
          "correct_option": 1,
          "sds_id": "SDS03AA",
          "subtopic": "Virus, Viroids & Prions",
          "image_filename": "question_112.png",
          "captured": true,
          "explanation": [
            "https://d1iljb9ao69244.cloudfront.net/121730_1726982837908_465.ogg",
            "https://d2f8z173p7073l.cloudfront.net/1580573903128"
          ]
        },
        "question_113": {
          "question_number": 113,
          "correct_option": 3,
          "sds_id": "SDS03AB",
          "subtopic": "Virus, Viroids & Prions",
          "image_filename": "question_113.png",
          "captured": true,
          "explanation": [
            "https://d1iljb9ao69244.cloudfront.net/368647_1718512516834_135.ogg",
            "https://www.youtube-nocookie.com/embed/lVljOHtfc7I?rel=0"
          ]
        },
        "question_114": {
          "question_number": 114,
          "correct_option": 2,
          "sds_id": "SDS03AC",
          "subtopic": "Virus, Viroids & Prions",
          "image_filename": "question_114.png",
          "captured": true,
          "explanation": [
            "https://d1iljb9ao69244.cloudfront.net/121777_1726986307140_492.ogg",
            "https://d2f8z173p7073l.cloudfront.net/1580624774795"
          ]
        },
        "question_115": {
          "question_number": 115,
          "correct_option": 1,
          "sds_id": "SDS03AD",
          "subtopic": "Virus, Viroids & Prions",
          "image_filename": "question_115.png",
          "captured": true,
          "explanation": [
            "https://d1iljb9ao69244.cloudfront.net/396490_1700830479567_28.ogg"
          ]
        },
        "question_116": {
          "question_number": 116,
          "correct_option": 2,
          "sds_id": "SDS03AE",
          "subtopic": "Virus, Viroids & Prions",
          "image_filename": "question_116.png",
          "captured": true,
          "explanation": [
            "https://d1iljb9ao69244.cloudfront.net/121422_1726729823642_427.ogg",
            "https://d2f8z173p7073l.cloudfront.net/1580371964712"
          ]
        },
        "question_117": {
          "question_number": 117,
          "correct_option": 2,
          "sds_id": "SDS03AF",
          "subtopic": "Virus, Viroids & Prions",
          "image_filename": "question_117.png",
          "captured": true,
          "explanation": [
            "https://d1iljb9ao69244.cloudfront.net/337022_1721287970152_1.ogg"
          ]
        },
        "question_118": {
          "question_number": 118,
          "correct_option": 1,
          "sds_id": "SDS03B0",
          "subtopic": "Virus, Viroids & Prions",
          "image_filename": "question_118.png",
          "captured": true,
          "explanation": [
            "https://d1iljb9ao69244.cloudfront.net/438031_1712579446347_2.ogg"
          ]
        },
        "question_119": {
          "question_number": 119,
          "correct_option": 4,
          "sds_id": "SDS03B1",
          "subtopic": "Virus, Viroids & Prions",
          "image_filename": "question_119.png",
          "captured": true,
          "explanation": [
            "https://d1iljb9ao69244.cloudfront.net/396491_1700830495516_29.ogg"
          ]
        },
        "question_120": {
          "question_number": 120,
          "correct_option": 1,
          "sds_id": "SDS03B2",
          "subtopic": "Virus, Viroids & Prions",
          "image_filename": "question_120.png",
          "captured": true,
          "explanation": [
            "https://d1iljb9ao69244.cloudfront.net/121725_1726982688772_461.ogg",
            "https://d2f8z173p7073l.cloudfront.net/1580573801641"
          ]
        },
        "question_121": {
          "question_number": 121,
          "correct_option": 1,
          "sds_id": "SDS03B3",
          "subtopic": "Virus, Viroids & Prions",
          "image_filename": "question_121.png",
          "captured": true,
          "explanation": [
            "https://d1iljb9ao69244.cloudfront.net/368623_1687232496882_21.ogg",
            "https://d2f8z173p7073l.cloudfront.net/1687239286056"
          ]
        },
        "question_122": {
          "question_number": 122,
          "correct_option": 1,
          "sds_id": "SDS03B4",
          "subtopic": "Virus, Viroids & Prions",
          "image_filename": "question_122.png",
          "captured": true,
          "explanation": [
            "https://d1iljb9ao69244.cloudfront.net/368625_1687232529250_23.ogg"
          ]
        },
        "question_123": {
          "question_number": 123,
          "correct_option": 2,
          "sds_id": "SDS03B5",
          "subtopic": "Virus, Viroids & Prions",
          "image_filename": "question_123.png",
          "captured": true,
          "explanation": [
            "https://d1iljb9ao69244.cloudfront.net/420421_1708416453524_5.ogg"
          ]
        },
        "question_124": {
          "question_number": 124,
          "correct_option": 1,
          "sds_id": "SDS03B6",
          "subtopic": "Virus, Viroids & Prions",
          "image_filename": "question_124.png",
          "captured": true,
          "explanation": [
            "https://d1iljb9ao69244.cloudfront.net/120963_1726391285364_337.ogg",
            "https://d2f8z173p7073l.cloudfront.net/1580198426728"
          ]
        },
        "question_125": {
          "question_number": 125,
          "correct_option": 4,
          "sds_id": "SDS03B7",
          "subtopic": "Virus, Viroids & Prions",
          "image_filename": "question_125.png",
          "captured": true,
          "explanation": [
            "https://d1iljb9ao69244.cloudfront.net/120974_1726391332975_338.ogg",
            "https://d2f8z173p7073l.cloudfront.net/1580199040945"
          ]
        },
        "question_126": {
          "question_number": 126,
          "correct_option": 2,
          "sds_id": "SDS03B8",
          "subtopic": "Virus, Viroids & Prions",
          "image_filename": "question_126.png",
          "captured": true,
          "explanation": [
            "https://d1iljb9ao69244.cloudfront.net/121713_1726836635785_455.ogg",
            "https://d2f8z173p7073l.cloudfront.net/1580573552949"
          ]
        },
        "question_127": {
          "question_number": 127,
          "correct_option": 4,
          "sds_id": "SDS03B9",
          "subtopic": "Virus, Viroids & Prions",
          "image_filename": "question_127.png",
          "captured": true,
          "explanation": [
            "https://d1iljb9ao69244.cloudfront.net/396494_1700830634357_31.ogg"
          ]
        },
        "question_128": {
          "question_number": 128,
          "correct_option": 1,
          "sds_id": "SDS03BA",
          "subtopic": "Virus, Viroids & Prions",
          "image_filename": "question_128.png",
          "captured": true,
          "explanation": [
            "https://d1iljb9ao69244.cloudfront.net/426565_1710822936297_36.ogg"
          ]
        },
        "question_129": {
          "question_number": 129,
          "correct_option": 3,
          "sds_id": "SDS03BB",
          "subtopic": "Virus, Viroids & Prions",
          "image_filename": "question_129.png",
          "captured": true,
          "explanation": [
            "https://d1iljb9ao69244.cloudfront.net/315220_1641399631998_44.ogg"
          ]
        },
        "question_130": {
          "question_number": 130,
          "correct_option": 3,
          "sds_id": "SDS03BC",
          "subtopic": "Virus, Viroids & Prions",
          "image_filename": "question_130.png",
          "captured": true,
          "explanation": [
            "https://d1iljb9ao69244.cloudfront.net/121714_1726982277364_456.ogg",
            "https://d2f8z173p7073l.cloudfront.net/1580573578450"
          ]
        },
        "question_131": {
          "question_number": 131,
          "correct_option": 3,
          "sds_id": "SDS03BD",
          "subtopic": "Virus, Viroids & Prions",
          "image_filename": "question_131.png",
          "captured": true,
          "explanation": [
            "https://d1iljb9ao69244.cloudfront.net/121732_1726982905977_467.ogg",
            "https://d2f8z173p7073l.cloudfront.net/1580612106334"
          ]
        },
        "question_132": {
          "question_number": 132,
          "correct_option": 3,
          "sds_id": "SDS03BE",
          "subtopic": "Virus, Viroids & Prions",
          "image_filename": "question_132.png",
          "captured": true,
          "explanation": [
            "https://d1iljb9ao69244.cloudfront.net/333228_1650728378007_21.ogg"
          ]
        },
        "question_133": {
          "question_number": 133,
          "correct_option": 3,
          "sds_id": "SDS03BF",
          "subtopic": "Protozoa",
          "image_filename": "question_133.png",
          "captured": true,
          "explanation": [
            "https://d1iljb9ao69244.cloudfront.net/396472_1700829585878_14.ogg"
          ]
        },
        "question_134": {
          "question_number": 134,
          "correct_option": 1,
          "sds_id": "SDS03C0",
          "subtopic": "Protozoa",
          "image_filename": "question_134.png",
          "captured": true,
          "explanation": [
            "https://d1iljb9ao69244.cloudfront.net/447184_1713266034165_36.ogg"
          ]
        },
        "question_135": {
          "question_number": 135,
          "correct_option": 2,
          "sds_id": "SDS03C1",
          "subtopic": "Protozoa",
          "image_filename": "question_135.png",
          "captured": true,
          "explanation": [
            "https://d1iljb9ao69244.cloudfront.net/121750_1726983649831_478.ogg",
            "https://d2f8z173p7073l.cloudfront.net/1580623287681"
          ]
        },
        "question_136": {
          "question_number": 136,
          "correct_option": 4,
          "sds_id": "SDS03C2",
          "subtopic": "Protozoa",
          "image_filename": "question_136.png",
          "captured": true,
          "explanation": [
            "https://d1iljb9ao69244.cloudfront.net/121753_1726984012556_479.ogg",
            "https://d2f8z173p7073l.cloudfront.net/1580623423371"
          ]
        },
        "question_137": {
          "question_number": 137,
          "correct_option": 2,
          "sds_id": "SDS03C3",
          "subtopic": "Protozoa",
          "image_filename": "question_137.png",
          "captured": true,
          "explanation": [
            "https://d1iljb9ao69244.cloudfront.net/338236_1656776021095_13.ogg"
          ]
        },
        "question_138": {
          "question_number": 138,
          "correct_option": 3,
          "sds_id": "SDS03C4",
          "subtopic": "Lichens",
          "image_filename": "question_138.png",
          "captured": true,
          "explanation": [
            "https://d1iljb9ao69244.cloudfront.net/121423_1726729888877_428.ogg",
            "https://d2f8z173p7073l.cloudfront.net/1580372037459"
          ]
        },
        "question_139": {
          "question_number": 139,
          "correct_option": 1,
          "sds_id": "SDS03C5",
          "subtopic": "Lichens",
          "image_filename": "question_139.png",
          "captured": true,
          "explanation": [
            "https://d1iljb9ao69244.cloudfront.net/121710_1726834386374_454.ogg",
            "https://d2f8z173p7073l.cloudfront.net/1580573480379"
          ]
        },
        "question_140": {
          "question_number": 140,
          "correct_option": 1,
          "sds_id": "SDS03C6",
          "subtopic": "Lichens",
          "image_filename": "question_140.png",
          "captured": true,
          "explanation": [
            "https://d1iljb9ao69244.cloudfront.net/410886_1705906104909_21.ogg"
          ]
        },
        "question_141": {
          "question_number": 141,
          "correct_option": 1,
          "sds_id": "SDS03C7",
          "subtopic": "Lichens",
          "image_filename": "question_141.png",
          "captured": true,
          "explanation": [
            "https://www.youtube-nocookie.com/embed/TRPbbFsQtb8?rel=0"
          ]
        },
        "question_142": {
          "question_number": 142,
          "correct_option": 3,
          "sds_id": "SDS03C8",
          "subtopic": "Kingdom: Plantae",
          "image_filename": "question_142.png",
          "captured": true,
          "explanation": [
            "https://d1iljb9ao69244.cloudfront.net/367700_1685720070735_22.ogg"
          ]
        },
        "question_143": {
          "question_number": 143,
          "correct_option": 3,
          "sds_id": "SDS03C9",
          "subtopic": "Kingdom: Plantae",
          "image_filename": "question_143.png",
          "captured": true,
          "explanation": [
            "https://d1iljb9ao69244.cloudfront.net/368622_1687232446902_20.ogg"
          ]
        },
        "question_144": {
          "question_number": 144,
          "correct_option": 2,
          "sds_id": "SDS03CA",
          "subtopic": "Kingdom Fungi: Phycomycetes",
          "image_filename": "question_144.png",
          "captured": true,
          "explanation": [
            "https://d1iljb9ao69244.cloudfront.net/367697_1685720018410_19.ogg"
          ]
        },
        "question_145": {
          "question_number": 145,
          "correct_option": 1,
          "sds_id": "SDS03CB",
          "subtopic": "Kingdom Fungi: Phycomycetes",
          "image_filename": "question_145.png",
          "captured": true,
          "explanation": [
            "https://d1iljb9ao69244.cloudfront.net/368619_1687232388780_17.ogg"
          ]
        }
      }
    },
    "Invictus": {
      "name": "Invictus",
      "path": "Invictus/",
      "questions": {
        "question_1": {
          "question_number": 1,
          "correct_option": 2,
          "sds_id": "SDS03EA",
          "subtopic": "Different Classification Systems",
          "image_filename": "question_1.png",
          "captured": true,
          "explanation": [
            "https://d2f8z173p7073l.cloudfront.net/1581162333421"
          ]
        },
        "question_2": {
          "question_number": 2,
          "correct_option": 1,
          "sds_id": "SDS03EB",
          "subtopic": "Kingdom Monera: Introduction",
          "image_filename": "question_2.png",
          "captured": true,
          "explanation": [
            "https://d2f8z173p7073l.cloudfront.net/1581164193826"
          ]
        },
        "question_3": {
          "question_number": 3,
          "correct_option": 4,
          "sds_id": "SDS03EC",
          "subtopic": "Kingdom Monera: Bacterial Cell Structure",
          "image_filename": "question_3.png",
          "captured": true,
          "explanation": [
            "https://d2f8z173p7073l.cloudfront.net/1580623981061"
          ]
        },
        "question_4": {
          "question_number": 4,
          "correct_option": 4,
          "sds_id": "SDS03ED",
          "subtopic": "Kingdom Monera: Bacterial Classification",
          "image_filename": "question_4.png",
          "captured": true,
          "explanation": [
            "https://d2f8z173p7073l.cloudfront.net/1580195450729",
            "https://www.youtube.com/embed/j0WrsZYdWuQ?rel=0&amp;modestbranding=1&amp;loop=1&amp;playlist=j0WrsZYdWuQ&amp;start=703&amp;end=778",
            "https://www.youtube.com/embed/j0WrsZYdWuQ?rel=0&modestbranding=1&loop=1&playlist=j0WrsZYdWuQ&start=703&end=778"
          ]
        },
        "question_5": {
          "question_number": 5,
          "correct_option": 3,
          "sds_id": "SDS03EE",
          "subtopic": "Kingdom Monera: Bacterial Classification",
          "image_filename": "question_5.png",
          "captured": true,
          "explanation": [
            "https://d2f8z173p7073l.cloudfront.net/1580195484224",
            "https://www.youtube.com/embed/j0WrsZYdWuQ?rel=0&amp;modestbranding=1&amp;loop=1&amp;playlist=j0WrsZYdWuQ&amp;start=632&amp;end=698",
            "https://www.youtube.com/embed/j0WrsZYdWuQ?rel=0&modestbranding=1&loop=1&playlist=j0WrsZYdWuQ&start=632&end=698"
          ]
        },
        "question_6": {
          "question_number": 6,
          "correct_option": 1,
          "sds_id": "SDS03EF",
          "subtopic": "Kingdom Monera: Bacterial Classification",
          "image_filename": "question_6.png",
          "captured": true,
          "explanation": [
            "https://d2f8z173p7073l.cloudfront.net/1581162158740"
          ]
        },
        "question_7": {
          "question_number": 7,
          "correct_option": 4,
          "sds_id": "SDS03F0",
          "subtopic": "Kingdom Monera: Bacterial Classification",
          "image_filename": "question_7.png",
          "captured": true,
          "explanation": [
            "https://d2f8z173p7073l.cloudfront.net/1581164148880"
          ]
        },
        "question_8": {
          "question_number": 8,
          "correct_option": 1,
          "sds_id": "SDS03F1",
          "subtopic": "Kingdom Monera: Blue Green Algae",
          "image_filename": "question_8.png",
          "captured": true,
          "explanation": [
            "https://d2f8z173p7073l.cloudfront.net/1581163431118"
          ]
        },
        "question_9": {
          "question_number": 9,
          "correct_option": 2,
          "sds_id": "SDS03F2",
          "subtopic": "Kingdom Protista: Chrysophytes",
          "image_filename": "question_9.png",
          "captured": true,
          "explanation": [
            "https://d2f8z173p7073l.cloudfront.net/1581163769853",
            "https://d2f8z173p7073l.cloudfront.net/1663920263880"
          ]
        },
        "question_10": {
          "question_number": 10,
          "correct_option": 2,
          "sds_id": "SDS03F3",
          "subtopic": "Kingdom Protista: Dinoflagellates",
          "image_filename": "question_10.png",
          "captured": true,
          "explanation": [
            "https://d2f8z173p7073l.cloudfront.net/1581162192845"
          ]
        },
        "question_11": {
          "question_number": 11,
          "correct_option": 1,
          "sds_id": "SDS03F4",
          "subtopic": "Kingdom Fungi: Introduction",
          "image_filename": "question_11.png",
          "captured": true,
          "explanation": [
            "https://d2f8z173p7073l.cloudfront.net/1581164235358"
          ]
        },
        "question_12": {
          "question_number": 12,
          "correct_option": 3,
          "sds_id": "SDS03F5",
          "subtopic": "Kingdom Fungi: Basidomycetes",
          "image_filename": "question_12.png",
          "captured": true,
          "explanation": [
            "https://d2f8z173p7073l.cloudfront.net/1581162440645"
          ]
        },
        "question_13": {
          "question_number": 13,
          "correct_option": 1,
          "sds_id": "SDS03F6",
          "subtopic": "Kingdom Fungi: Basidomycetes",
          "image_filename": "question_13.png",
          "captured": true,
          "explanation": [
            "https://d2f8z173p7073l.cloudfront.net/1581163157545",
            "https://d2f8z173p7073l.cloudfront.net/1663919016378"
          ]
        },
        "question_14": {
          "question_number": 14,
          "correct_option": 2,
          "sds_id": "SDS03F7",
          "subtopic": "Virus, Viroids & Prions",
          "image_filename": "question_14.png",
          "captured": true,
          "explanation": [
            "https://d2f8z173p7073l.cloudfront.net/1581163675580",
            "https://d2f8z173p7073l.cloudfront.net/1663918119911"
          ]
        },
        "question_15": {
          "question_number": 15,
          "correct_option": 1,
          "sds_id": "SDS03F8",
          "subtopic": "Virus, Viroids & Prions",
          "image_filename": "question_15.png",
          "captured": true,
          "explanation": [
            "https://d2f8z173p7073l.cloudfront.net/1581163910347"
          ]
        },
        "question_16": {
          "question_number": 16,
          "correct_option": 1,
          "sds_id": "SDS03F9",
          "subtopic": "Virus, Viroids & Prions",
          "image_filename": "question_16.png",
          "captured": true,
          "explanation": [
            "https://d2f8z173p7073l.cloudfront.net/1581164054528"
          ]
        },
        "question_17": {
          "question_number": 17,
          "correct_option": 2,
          "sds_id": "SDS03FA",
          "subtopic": "Virus, Viroids & Prions",
          "image_filename": "question_17.png",
          "captured": true,
          "explanation": [
            "https://d2f8z173p7073l.cloudfront.net/1581164510965"
          ]
        },
        "question_18": {
          "question_number": 18,
          "correct_option": 2,
          "sds_id": "SDS03FB",
          "subtopic": "Protozoa",
          "image_filename": "question_18.png",
          "captured": true,
          "explanation": [
            "https://d2f8z173p7073l.cloudfront.net/1581163115759",
            "https://d2f8z173p7073l.cloudfront.net/1663757955270"
          ]
        }
      }
    }
  },
  "type": "multi_set"
}