{
  "chapter_no": 1,
  "chapter_name": "The Living World",
  "section_name": "Level 1",
  "total_questions": 41,
  "questions": {
    "question_1": {
      "question_number": 1,
      "correct_option": 3,
      "sds_id": "SDS02F9",
      "subtopic": "Taxonomy 1: Nomenclature",
      "image_filename": "question_1.png",
      "captured": true,
      "explanation": [
        "https://www.youtube-nocookie.com/embed/8HpBvNOroIc?rel=0"
      ]
    },
    "question_2": {
      "question_number": 2,
      "correct_option": 2,
      "sds_id": "SDS02FA",
      "subtopic": "Taxonomy 1: Nomenclature",
      "image_filename": "question_2.png",
      "captured": true,
      "explanation": [
        "https://d1iljb9ao69244.cloudfront.net/368603_1687232174038_1.ogg"
      ]
    },
    "question_3": {
      "question_number": 3,
      "correct_option": 1,
      "sds_id": "SDS02FB",
      "subtopic": "Taxonomy 1: Nomenclature",
      "image_filename": "question_3.png",
      "captured": true,
      "explanation": [
        "https://d1iljb9ao69244.cloudfront.net/121898_1726989442269_521.ogg",
        "https://d2f8z173p7073l.cloudfront.net/1580574654264"
      ]
    },
    "question_4": {
      "question_number": 4,
      "correct_option": 1,
      "sds_id": "SDS02FC",
      "subtopic": "Taxonomy 1: Nomenclature",
      "image_filename": "question_4.png",
      "captured": true,
      "explanation": [
        "https://d1iljb9ao69244.cloudfront.net/121885_1726988938945_519.ogg",
        "https://d2f8z173p7073l.cloudfront.net/1580572554290"
      ]
    },
    "question_5": {
      "question_number": 5,
      "correct_option": 3,
      "sds_id": "SDS02FD",
      "subtopic": "Taxonomy 1: Nomenclature",
      "image_filename": "question_5.png",
      "captured": true,
      "explanation": [
        "https://d1iljb9ao69244.cloudfront.net/120310_1726298025493_291.ogg",
        "https://d2f8z173p7073l.cloudfront.net/1579946965634"
      ]
    },
    "question_6": {
      "question_number": 6,
      "correct_option": 1,
      "sds_id": "SDS02FE",
      "subtopic": "Taxonomy 1: Nomenclature",
      "image_filename": "question_6.png",
      "captured": true,
      "explanation": [
        "https://d1iljb9ao69244.cloudfront.net/121878_1726988621469_515.ogg",
        "https://d2f8z173p7073l.cloudfront.net/1580572355406"
      ]
    },
    "question_7": {
      "question_number": 7,
      "correct_option": 1,
      "sds_id": "SDS02FF",
      "subtopic": "Taxonomy 2: Classification up to Genus",
      "image_filename": "question_7.png",
      "captured": true,
      "explanation": [
        "https://d1iljb9ao69244.cloudfront.net/410867_1705905403706_8.ogg"
      ]
    },
    "question_8": {
      "question_number": 8,
      "correct_option": 3,
      "sds_id": "SDS0300",
      "subtopic": "Taxonomy 2: Classification up to Genus",
      "image_filename": "question_8.png",
      "captured": true,
      "explanation": [
        "https://d1iljb9ao69244.cloudfront.net/121901_1726989622132_523.ogg",
        "https://d2f8z173p7073l.cloudfront.net/1588490005561"
      ]
    },
    "question_9": {
      "question_number": 9,
      "correct_option": 4,
      "sds_id": "SDS0301",
      "subtopic": "Taxonomy 2: Classification up to Genus",
      "image_filename": "question_9.png",
      "captured": true,
      "explanation": [
        "https://d1iljb9ao69244.cloudfront.net/122393_1726991386273_544.ogg",
        "https://d2f8z173p7073l.cloudfront.net/1581176463693"
      ]
    },
    "question_10": {
      "question_number": 10,
      "correct_option": 3,
      "sds_id": "SDS0302",
      "subtopic": "Taxonomy 2: Classification up to Genus",
      "image_filename": "question_10.png",
      "captured": true,
      "explanation": [
        "https://d1iljb9ao69244.cloudfront.net/question_explanations_334752_1651764425058.ogg"
      ]
    },
    "question_11": {
      "question_number": 11,
      "correct_option": 3,
      "sds_id": "SDS0303",
      "subtopic": "Taxonomy 2: Classification up to Genus",
      "image_filename": "question_11.png",
      "captured": true,
      "explanation": [
        "https://d1iljb9ao69244.cloudfront.net/121900_1726989504284_522.ogg",
        "https://d2f8z173p7073l.cloudfront.net/1580574703320"
      ]
    },
    "question_12": {
      "question_number": 12,
      "correct_option": 4,
      "sds_id": "SDS0304",
      "subtopic": "Taxonomy 2: Classification up to Genus",
      "image_filename": "question_12.png",
      "captured": true,
      "explanation": [
        "https://d1iljb9ao69244.cloudfront.net/338202_1656775860447_1.ogg"
      ]
    },
    "question_13": {
      "question_number": 13,
      "correct_option": 2,
      "sds_id": "SDS0305",
      "subtopic": "Taxonomy 3: From Family to Classification of Some Organisms",
      "image_filename": "question_13.png",
      "captured": true,
      "explanation": [
        "https://d1iljb9ao69244.cloudfront.net/420413_1708416398000_1.ogg"
      ]
    },
    "question_14": {
      "question_number": 14,
      "correct_option": 2,
      "sds_id": "SDS0306",
      "subtopic": "Taxonomy 3: From Family to Classification of Some Organisms",
      "image_filename": "question_14.png",
      "captured": true,
      "explanation": [
        "https://d1iljb9ao69244.cloudfront.net/420414_1709196971403_1.ogg",
        "https://d1iljb9ao69244.cloudfront.net/420414_1708689930944_1.ogg"
      ]
    },
    "question_15": {
      "question_number": 15,
      "correct_option": 1,
      "sds_id": "SDS0307",
      "subtopic": "Taxonomy 3: From Family to Classification of Some Organisms",
      "image_filename": "question_15.png",
      "captured": true,
      "explanation": [
        "https://d1iljb9ao69244.cloudfront.net/449291_1713785442482_1.ogg"
      ]
    },
    "question_16": {
      "question_number": 16,
      "correct_option": 4,
      "sds_id": "SDS0308",
      "subtopic": "Taxonomy 3: From Family to Classification of Some Organisms",
      "image_filename": "question_16.png",
      "captured": true,
      "explanation": [
        "https://d1iljb9ao69244.cloudfront.net/450670_1714034851390_1.ogg"
      ]
    },
    "question_17": {
      "question_number": 17,
      "correct_option": 4,
      "sds_id": "SDS0309",
      "subtopic": "Taxonomy 3: From Family to Classification of Some Organisms",
      "image_filename": "question_17.png",
      "captured": true,
      "explanation": [
        "https://d1iljb9ao69244.cloudfront.net/121891_1726989010012_520.ogg",
        "https://d2f8z173p7073l.cloudfront.net/1588682664354"
      ]
    },
    "question_18": {
      "question_number": 18,
      "correct_option": 3,
      "sds_id": "SDS030A",
      "subtopic": "Taxonomy 3: From Family to Classification of Some Organisms",
      "image_filename": "question_18.png",
      "captured": true,
      "explanation": [
        "https://www.youtube-nocookie.com/embed/sPCf-8CLHpw?rel=0"
      ]
    },
    "question_19": {
      "question_number": 19,
      "correct_option": 4,
      "sds_id": "SDS030B",
      "subtopic": "Taxonomy 3: From Family to Classification of Some Organisms",
      "image_filename": "question_19.png",
      "captured": true,
      "explanation": [
        "https://d1iljb9ao69244.cloudfront.net/368604_1687232186643_2.ogg"
      ]
    },
    "question_20": {
      "question_number": 20,
      "correct_option": 3,
      "sds_id": "SDS030C",
      "subtopic": "Taxonomy 3: From Family to Classification of Some Organisms",
      "image_filename": "question_20.png",
      "captured": true,
      "explanation": [
        "https://d1iljb9ao69244.cloudfront.net/120313_1726298162800_292.ogg",
        "https://d2f8z173p7073l.cloudfront.net/1579947093777"
      ]
    },
    "question_21": {
      "question_number": 21,
      "correct_option": 1,
      "sds_id": "SDS030D",
      "subtopic": "Taxonomy 3: From Family to Classification of Some Organisms",
      "image_filename": "question_21.png",
      "captured": true,
      "explanation": [
        "https://d1iljb9ao69244.cloudfront.net/453713_1714484594983_36.ogg"
      ]
    },
    "question_22": {
      "question_number": 22,
      "correct_option": 2,
      "sds_id": "SDS030E",
      "subtopic": "Taxonomy 3: From Family to Classification of Some Organisms",
      "image_filename": "question_22.png",
      "captured": true,
      "explanation": [
        "https://d1iljb9ao69244.cloudfront.net/122385_1726991295350_542.ogg",
        "https://d2f8z173p7073l.cloudfront.net/1581175945057"
      ]
    },
    "question_23": {
      "question_number": 23,
      "correct_option": 1,
      "sds_id": "SDS030F",
      "subtopic": "Taxonomy 3: From Family to Classification of Some Organisms",
      "image_filename": "question_23.png",
      "captured": true,
      "explanation": [
        "https://d2f8z173p7073l.cloudfront.net/1684990482693",
        "https://www.youtube-nocookie.com/embed/0u2AaS3vVww?rel=0"
      ]
    },
    "question_24": {
      "question_number": 24,
      "correct_option": 1,
      "sds_id": "SDS0310",
      "subtopic": "Taxonomy 3: From Family to Classification of Some Organisms",
      "image_filename": "question_24.png",
      "captured": true,
      "explanation": [
        "https://d1iljb9ao69244.cloudfront.net/368640_1727847434512_18.ogg",
        "https://www.youtube-nocookie.com/embed/LOPmwXo9VgA?rel=0"
      ]
    },
    "question_25": {
      "question_number": 25,
      "correct_option": 3,
      "sds_id": "SDS0311",
      "subtopic": "Taxonomy 3: From Family to Classification of Some Organisms",
      "image_filename": "question_25.png",
      "captured": true,
      "explanation": [
        "https://d1iljb9ao69244.cloudfront.net/447714_1713346764948_46.ogg"
      ]
    },
    "question_26": {
      "question_number": 26,
      "correct_option": 3,
      "sds_id": "SDS0312",
      "subtopic": "Taxonomy 3: From Family to Classification of Some Organisms",
      "image_filename": "question_26.png",
      "captured": true,
      "explanation": [
        "https://www.youtube-nocookie.com/embed/IOt-UK13JN4?rel=0"
      ]
    },
    "question_27": {
      "question_number": 27,
      "correct_option": 4,
      "sds_id": "SDS0313",
      "subtopic": "Taxonomy 3: From Family to Classification of Some Organisms",
      "image_filename": "question_27.png",
      "captured": true,
      "explanation": [
        "https://www.youtube-nocookie.com/embed/eTy5v9ktGHc?rel=0"
      ]
    },
    "question_28": {
      "question_number": 28,
      "correct_option": 1,
      "sds_id": "SDS0314",
      "subtopic": "Taxonomy 3: From Family to Classification of Some Organisms",
      "image_filename": "question_28.png",
      "captured": true,
      "explanation": [
        "https://d1iljb9ao69244.cloudfront.net/120318_1726298232396_293.ogg",
        "https://d2f8z173p7073l.cloudfront.net/1579947329565"
      ]
    },
    "question_29": {
      "question_number": 29,
      "correct_option": 4,
      "sds_id": "SDS0315",
      "subtopic": "Systematics & Type study",
      "image_filename": "question_29.png",
      "captured": true,
      "explanation": [
        "https://d1iljb9ao69244.cloudfront.net/121879_1726988683888_516.ogg",
        "https://d2f8z173p7073l.cloudfront.net/1580572406965"
      ]
    },
    "question_30": {
      "question_number": 30,
      "correct_option": 4,
      "sds_id": "SDS0316",
      "subtopic": "Systematics & Type study",
      "image_filename": "question_30.png",
      "captured": true,
      "explanation": [
        "https://d1iljb9ao69244.cloudfront.net/121880_1726988775868_517.ogg",
        "https://d2f8z173p7073l.cloudfront.net/1580572429800"
      ]
    },
    "question_31": {
      "question_number": 31,
      "correct_option": 2,
      "sds_id": "SDS0317",
      "subtopic": "Systematics & Type study",
      "image_filename": "question_31.png",
      "captured": true,
      "explanation": [
        "https://d1iljb9ao69244.cloudfront.net/367621_1718049821581_147.ogg",
        "https://www.youtube-nocookie.com/embed/4vSTGBBNwTg?rel=0"
      ]
    },
    "question_32": {
      "question_number": 32,
      "correct_option": 1,
      "sds_id": "SDS0318",
      "subtopic": "Systematics & Type study",
      "image_filename": "question_32.png",
      "captured": true,
      "explanation": [
        "https://www.youtube-nocookie.com/embed/wT_bgxEKpc8?rel=0"
      ]
    },
    "question_33": {
      "question_number": 33,
      "correct_option": 1,
      "sds_id": "SDS0319",
      "subtopic": "Systematics & Type study",
      "image_filename": "question_33.png",
      "captured": true,
      "explanation": [
        "https://www.youtube-nocookie.com/embed/3bOp76x3DlI?rel=0"
      ]
    },
    "question_34": {
      "question_number": 34,
      "correct_option": 2,
      "sds_id": "SDS031A",
      "subtopic": "Systematics & Type study",
      "image_filename": "question_34.png",
      "captured": true,
      "explanation": [
        "https://d1iljb9ao69244.cloudfront.net/338190_1656772108304_5.ogg"
      ]
    },
    "question_35": {
      "question_number": 35,
      "correct_option": 2,
      "sds_id": "SDS031B",
      "subtopic": "Systematics & Type study",
      "image_filename": "question_35.png",
      "captured": true,
      "explanation": [
        "https://www.youtube-nocookie.com/embed/B9wUJeBFfwc?rel=0"
      ]
    },
    "question_36": {
      "question_number": 36,
      "correct_option": 1,
      "sds_id": "SDS031C",
      "subtopic": "Systematics & Type study",
      "image_filename": "question_36.png",
      "captured": true,
      "explanation": [
        "https://d1iljb9ao69244.cloudfront.net/question_explanations_336893_1654145050216.ogg"
      ]
    },
    "question_37": {
      "question_number": 37,
      "correct_option": 2,
      "sds_id": "SDS031D",
      "subtopic": "Systematics & Type study",
      "image_filename": "question_37.png",
      "captured": true,
      "explanation": [
        "https://www.youtube-nocookie.com/embed/FnJacHZ1QF4?rel=0"
      ]
    },
    "question_38": {
      "question_number": 38,
      "correct_option": 1,
      "sds_id": "SDS031E",
      "subtopic": "Diversity in the Living World",
      "image_filename": "question_38.png",
      "captured": true,
      "explanation": [
        "https://d1iljb9ao69244.cloudfront.net/396455_1700829166163_1.ogg"
      ]
    },
    "question_39": {
      "question_number": 39,
      "correct_option": 3,
      "sds_id": "SDS031F",
      "subtopic": "Diversity in the Living World",
      "image_filename": "question_39.png",
      "captured": true,
      "explanation": [
        "https://d1iljb9ao69244.cloudfront.net/121881_1726988862056_518.ogg",
        "https://d2f8z173p7073l.cloudfront.net/1580572454986"
      ]
    },
    "question_40": {
      "question_number": 40,
      "correct_option": 3,
      "sds_id": "SDS0320",
      "subtopic": "Diversity in the Living World",
      "image_filename": "question_40.png",
      "captured": true,
      "explanation": [
        "https://d1iljb9ao69244.cloudfront.net/396458_1700829207899_3.ogg"
      ]
    },
    "question_41": {
      "question_number": 41,
      "correct_option": 1,
      "sds_id": "SDS0321",
      "subtopic": "Diversity in the Living World",
      "image_filename": "question_41.png",
      "captured": true,
      "explanation": [
        "https://d1iljb9ao69244.cloudfront.net/446608_1713091280413_1a.ogg"
      ]
    }
  }
}