{
  "chapter_no": 19,
  "chapter_name": "Chemical Coordination and Integration",
  "section_name": "Chemical Coordination & Integration (123 MCQs)",
  "total_questions": 116,
  "questions": {
    "question_1": {
      "question_number": 1,
      "correct_option": 2,
      "sds_id": "SDS0E4E",
      "subtopic": "Hormones: General Consideration",
      "image_filename": "question_1.png",
      "captured": true,
      "explanation": [
        "https://d1iljb9ao69244.cloudfront.net/403220_1703758333141_81.ogg"
      ]
    },
    "question_2": {
      "question_number": 2,
      "correct_option": 1,
      "sds_id": "SDS0E4F",
      "subtopic": "Hormones: General Consideration",
      "image_filename": "question_2.png",
      "captured": true,
      "explanation": [
        "https://d1iljb9ao69244.cloudfront.net/390387_1721623947900_20.ogg"
      ]
    },
    "question_3": {
      "question_number": 3,
      "correct_option": 4,
      "sds_id": "SDS0E50",
      "subtopic": "Hormones: General Consideration",
      "image_filename": "question_3.png",
      "captured": true,
      "explanation": [
        "https://d1iljb9ao69244.cloudfront.net/390395_1697274749628_13.ogg"
      ]
    },
    "question_4": {
      "question_number": 4,
      "correct_option": 4,
      "sds_id": "SDS0E51",
      "subtopic": "Hormones: General Consideration",
      "image_filename": "question_4.png",
      "captured": true,
      "explanation": [
        "https://d1iljb9ao69244.cloudfront.net/question_explanations_61124_1593345668214.ogg",
        "https://d2f8z173p7073l.cloudfront.net/1547806860682"
      ]
    },
    "question_5": {
      "question_number": 5,
      "correct_option": 1,
      "sds_id": "SDS0E52",
      "subtopic": "Hormones: General Consideration",
      "image_filename": "question_5.png",
      "captured": true,
      "explanation": [
        "https://d1iljb9ao69244.cloudfront.net/question_explanations_61125_1593345804061.ogg",
        "https://d2f8z173p7073l.cloudfront.net/1547806916224"
      ]
    },
    "question_6": {
      "question_number": 6,
      "correct_option": 1,
      "sds_id": "SDS0E53",
      "subtopic": "Adenohypophysis & Hypothalamus",
      "image_filename": "question_6.png",
      "captured": true,
      "explanation": [
        "https://d1iljb9ao69244.cloudfront.net/390396_1697542443013_5.ogg"
      ]
    },
    "question_7": {
      "question_number": 7,
      "correct_option": 3,
      "sds_id": "SDS0E54",
      "subtopic": "Adenohypophysis & Hypothalamus",
      "image_filename": "question_7.png",
      "captured": true,
      "explanation": [
        "https://d1iljb9ao69244.cloudfront.net/439285_1712655908141_37.ogg"
      ]
    },
    "question_8": {
      "question_number": 8,
      "correct_option": 3,
      "sds_id": "SDS0E55",
      "subtopic": "Adenohypophysis & Hypothalamus",
      "image_filename": "question_8.png",
      "captured": true,
      "explanation": [
        "https://d1iljb9ao69244.cloudfront.net/125838_1726997822937_583.ogg",
        "https://d1iljb9ao69244.cloudfront.net/question_explanations_125838_1595243565740.ogg",
        "https://d2f8z173p7073l.cloudfront.net/1584335075657"
      ]
    },
    "question_9": {
      "question_number": 9,
      "correct_option": 4,
      "sds_id": "SDS0E56",
      "subtopic": "Adenohypophysis & Hypothalamus",
      "image_filename": "question_9.png",
      "captured": true,
      "explanation": [
        "https://d1iljb9ao69244.cloudfront.net/403237_1703758864782_99.ogg"
      ]
    },
    "question_10": {
      "question_number": 10,
      "correct_option": 3,
      "sds_id": "SDS0E57",
      "subtopic": "Adenohypophysis & Hypothalamus",
      "image_filename": "question_10.png",
      "captured": true,
      "explanation": [
        "https://d1iljb9ao69244.cloudfront.net/425222_1709539559028_83.ogg"
      ]
    },
    "question_11": {
      "question_number": 11,
      "correct_option": 1,
      "sds_id": "SDS0E58",
      "subtopic": "Adenohypophysis & Hypothalamus",
      "image_filename": "question_11.png",
      "captured": true,
      "explanation": [
        "https://d1iljb9ao69244.cloudfront.net/125824_1726997782920_582.ogg",
        "https://d1iljb9ao69244.cloudfront.net/question_explanations_125824_1595242648688.ogg",
        "https://d2f8z173p7073l.cloudfront.net/1584335129134"
      ]
    },
    "question_12": {
      "question_number": 12,
      "correct_option": 2,
      "sds_id": "SDS0E59",
      "subtopic": "Adenohypophysis & Hypothalamus",
      "image_filename": "question_12.png",
      "captured": true,
      "explanation": [
        "https://d1iljb9ao69244.cloudfront.net/403221_1703758349495_82.ogg"
      ]
    },
    "question_13": {
      "question_number": 13,
      "correct_option": 4,
      "sds_id": "SDS0E5A",
      "subtopic": "Human Growth Hormone",
      "image_filename": "question_13.png",
      "captured": true,
      "explanation": [
        "https://d1iljb9ao69244.cloudfront.net/question_explanations_61132_1593349671837.ogg",
        "https://d2f8z173p7073l.cloudfront.net/1547807352747"
      ]
    },
    "question_14": {
      "question_number": 14,
      "correct_option": 1,
      "sds_id": "SDS0E5B",
      "subtopic": "Human Growth Hormone",
      "image_filename": "question_14.png",
      "captured": true,
      "explanation": [
        "https://d1iljb9ao69244.cloudfront.net/390405_1697542518775_7.ogg"
      ]
    },
    "question_15": {
      "question_number": 15,
      "correct_option": 3,
      "sds_id": "SDS0E5C",
      "subtopic": "Prolactin & Posterior Pituitary",
      "image_filename": "question_15.png",
      "captured": true,
      "explanation": [
        "https://d1iljb9ao69244.cloudfront.net/390384_1697799838447_13.ogg"
      ]
    },
    "question_16": {
      "question_number": 16,
      "correct_option": 4,
      "sds_id": "SDS0E5D",
      "subtopic": "Prolactin & Posterior Pituitary",
      "image_filename": "question_16.png",
      "captured": true,
      "explanation": [
        "https://d1iljb9ao69244.cloudfront.net/390398_1697274892545_16.ogg"
      ]
    },
    "question_17": {
      "question_number": 17,
      "correct_option": 3,
      "sds_id": "SDS0E5E",
      "subtopic": "Prolactin & Posterior Pituitary",
      "image_filename": "question_17.png",
      "captured": true,
      "explanation": [
        "https://d1iljb9ao69244.cloudfront.net/125867_1726998021247_586.ogg",
        "https://d2f8z173p7073l.cloudfront.net/1584334994108"
      ]
    },
    "question_18": {
      "question_number": 18,
      "correct_option": 1,
      "sds_id": "SDS0E5F",
      "subtopic": "Prolactin & Posterior Pituitary",
      "image_filename": "question_18.png",
      "captured": true,
      "explanation": [
        "https://d1iljb9ao69244.cloudfront.net/390401_1710827882801_41.ogg"
      ]
    },
    "question_19": {
      "question_number": 19,
      "correct_option": 1,
      "sds_id": "SDS0E60",
      "subtopic": "Prolactin & Posterior Pituitary",
      "image_filename": "question_19.png",
      "captured": true,
      "explanation": [
        "https://d1iljb9ao69244.cloudfront.net/390402_1697799902244_15.ogg"
      ]
    },
    "question_20": {
      "question_number": 20,
      "correct_option": 2,
      "sds_id": "SDS0E61",
      "subtopic": "Prolactin & Posterior Pituitary",
      "image_filename": "question_20.png",
      "captured": true,
      "explanation": [
        "https://d1iljb9ao69244.cloudfront.net/323490_1644345599509_36.ogg",
        "https://www.youtube-nocookie.com/embed/GPU4U-PEDes?rel=0",
        "https://www.youtube-nocookie.com/embed/DySBhNp2EX4?rel=0"
      ]
    },
    "question_21": {
      "question_number": 21,
      "correct_option": 1,
      "sds_id": "SDS0E62",
      "subtopic": "Prolactin & Posterior Pituitary",
      "image_filename": "question_21.png",
      "captured": true,
      "explanation": [
        "https://d1iljb9ao69244.cloudfront.net/390403_1697274979494_21.ogg"
      ]
    },
    "question_22": {
      "question_number": 22,
      "correct_option": 3,
      "sds_id": "SDS0E63",
      "subtopic": "Prolactin & Posterior Pituitary",
      "image_filename": "question_22.png",
      "captured": true,
      "explanation": [
        "https://d1iljb9ao69244.cloudfront.net/390404_1721624127186_23.ogg"
      ]
    },
    "question_23": {
      "question_number": 23,
      "correct_option": 1,
      "sds_id": "SDS0E64",
      "subtopic": "Prolactin & Posterior Pituitary",
      "image_filename": "question_23.png",
      "captured": true,
      "explanation": [
        "https://d1iljb9ao69244.cloudfront.net/question_explanations_346793_1669284579820.ogg"
      ]
    },
    "question_24": {
      "question_number": 24,
      "correct_option": 2,
      "sds_id": "SDS0E65",
      "subtopic": "Prolactin & Posterior Pituitary",
      "image_filename": "question_24.png",
      "captured": true,
      "explanation": [
        "https://d1iljb9ao69244.cloudfront.net/125866_1726997971784_585.ogg",
        "https://d1iljb9ao69244.cloudfront.net/question_explanations_125866_1595243845160.ogg",
        "https://d2f8z173p7073l.cloudfront.net/1584335153140"
      ]
    },
    "question_25": {
      "question_number": 25,
      "correct_option": 3,
      "sds_id": "SDS0E66",
      "subtopic": "Prolactin & Posterior Pituitary",
      "image_filename": "question_25.png",
      "captured": true,
      "explanation": [
        "https://d1iljb9ao69244.cloudfront.net/question_explanations_346794_1669138140965.ogg"
      ]
    },
    "question_26": {
      "question_number": 26,
      "correct_option": 2,
      "sds_id": "SDS0E67",
      "subtopic": "Prolactin & Posterior Pituitary",
      "image_filename": "question_26.png",
      "captured": true,
      "explanation": [
        "https://d1iljb9ao69244.cloudfront.net/413015_1706511818409_97.ogg"
      ]
    },
    "question_27": {
      "question_number": 27,
      "correct_option": 2,
      "sds_id": "SDS0E68",
      "subtopic": "Prolactin & Posterior Pituitary",
      "image_filename": "question_27.png",
      "captured": true,
      "explanation": [
        "https://d1iljb9ao69244.cloudfront.net/390408_1697275065927_26.ogg"
      ]
    },
    "question_28": {
      "question_number": 28,
      "correct_option": 4,
      "sds_id": "SDS0E69",
      "subtopic": "Prolactin & Posterior Pituitary",
      "image_filename": "question_28.png",
      "captured": true,
      "explanation": [
        "https://d1iljb9ao69244.cloudfront.net/433473_1711526248950_33%20(2).ogg",
        "https://d1iljb9ao69244.cloudfront.net/433473_1711526248950_33"
      ]
    },
    "question_29": {
      "question_number": 29,
      "correct_option": 1,
      "sds_id": "SDS0E6A",
      "subtopic": "Prolactin & Posterior Pituitary",
      "image_filename": "question_29.png",
      "captured": true,
      "explanation": [
        "https://d1iljb9ao69244.cloudfront.net/125945_1726998650269_596.ogg",
        "https://d2f8z173p7073l.cloudfront.net/1584335334908"
      ]
    },
    "question_30": {
      "question_number": 30,
      "correct_option": 2,
      "sds_id": "SDS0E6B",
      "subtopic": "Prolactin & Posterior Pituitary",
      "image_filename": "question_30.png",
      "captured": true,
      "explanation": [
        "https://d1iljb9ao69244.cloudfront.net/question_explanations_346792_1671275005376.ogg"
      ]
    },
    "question_31": {
      "question_number": 31,
      "correct_option": 1,
      "sds_id": "SDS0E6C",
      "subtopic": "Prolactin & Posterior Pituitary",
      "image_filename": "question_31.png",
      "captured": true,
      "explanation": [
        "https://d1iljb9ao69244.cloudfront.net/61184_1724330251402_13.ogg",
        "https://d2f8z173p7073l.cloudfront.net/1547811367327"
      ]
    },
    "question_32": {
      "question_number": 32,
      "correct_option": 1,
      "sds_id": "SDS0E6D",
      "subtopic": "Prolactin & Posterior Pituitary",
      "image_filename": "question_32.png",
      "captured": true,
      "explanation": [
        "https://d1iljb9ao69244.cloudfront.net/390414_1697799961933_17.ogg"
      ]
    },
    "question_33": {
      "question_number": 33,
      "correct_option": 4,
      "sds_id": "SDS0E6E",
      "subtopic": "Thyroid Gland Part I",
      "image_filename": "question_33.png",
      "captured": true,
      "explanation": [
        "https://d1iljb9ao69244.cloudfront.net/125958_1726998893753_600.ogg",
        "https://d2f8z173p7073l.cloudfront.net/1584335392321"
      ]
    },
    "question_34": {
      "question_number": 34,
      "correct_option": 1,
      "sds_id": "SDS0E6F",
      "subtopic": "Thyroid Gland Part I",
      "image_filename": "question_34.png",
      "captured": true,
      "explanation": [
        "https://d1iljb9ao69244.cloudfront.net/390417_1697275365211_33.ogg"
      ]
    },
    "question_35": {
      "question_number": 35,
      "correct_option": 3,
      "sds_id": "SDS0E70",
      "subtopic": "Thyroid Gland Part I",
      "image_filename": "question_35.png",
      "captured": true,
      "explanation": [
        "https://d1iljb9ao69244.cloudfront.net/61170_1724330237702_12.ogg",
        "https://d2f8z173p7073l.cloudfront.net/1547810580020"
      ]
    },
    "question_36": {
      "question_number": 36,
      "correct_option": 4,
      "sds_id": "SDS0E71",
      "subtopic": "Thyroid Gland Part I",
      "image_filename": "question_36.png",
      "captured": true,
      "explanation": [
        "https://d1iljb9ao69244.cloudfront.net/448214_1713523240947_29.ogg"
      ]
    },
    "question_37": {
      "question_number": 37,
      "correct_option": 3,
      "sds_id": "SDS0E72",
      "subtopic": "Thyroid Gland Part I",
      "image_filename": "question_37.png",
      "captured": true,
      "explanation": [
        "https://d2f8z173p7073l.cloudfront.net/1547809926625"
      ]
    },
    "question_38": {
      "question_number": 38,
      "correct_option": 1,
      "sds_id": "SDS0E73",
      "subtopic": "Thyroid Gland Part II",
      "image_filename": "question_38.png",
      "captured": true,
      "explanation": [
        "https://d1iljb9ao69244.cloudfront.net/390415_1711179258682_39.ogg"
      ]
    },
    "question_39": {
      "question_number": 39,
      "correct_option": 3,
      "sds_id": "SDS0E74",
      "subtopic": "Thyroid Gland Part II",
      "image_filename": "question_39.png",
      "captured": true,
      "explanation": [
        "https://d1iljb9ao69244.cloudfront.net/131306_1727272652214_726.ogg",
        "https://d2f8z173p7073l.cloudfront.net/1586844757500"
      ]
    },
    "question_40": {
      "question_number": 40,
      "correct_option": 3,
      "sds_id": "SDS0E75",
      "subtopic": "Thyroid Gland Part II",
      "image_filename": "question_40.png",
      "captured": true,
      "explanation": [
        "https://d1iljb9ao69244.cloudfront.net/question_explanations_346796_1668664570009.ogg"
      ]
    },
    "question_41": {
      "question_number": 41,
      "correct_option": 4,
      "sds_id": "SDS0E76",
      "subtopic": "Thyroid Gland Part II",
      "image_filename": "question_41.png",
      "captured": true,
      "explanation": [
        "https://d1iljb9ao69244.cloudfront.net/125907_1726998148865_588.ogg",
        "https://d1iljb9ao69244.cloudfront.net/question_explanations_125907_1595245157653.ogg",
        "https://d2f8z173p7073l.cloudfront.net/1584335454381"
      ]
    },
    "question_42": {
      "question_number": 42,
      "correct_option": 2,
      "sds_id": "SDS0E77",
      "subtopic": "Thyroid Gland Part II",
      "image_filename": "question_42.png",
      "captured": true,
      "explanation": [
        "https://d1iljb9ao69244.cloudfront.net/390422_1721624140538_24.ogg"
      ]
    },
    "question_43": {
      "question_number": 43,
      "correct_option": 2,
      "sds_id": "SDS0E78",
      "subtopic": "Thyroid Gland Part II",
      "image_filename": "question_43.png",
      "captured": true,
      "explanation": [
        "https://d1iljb9ao69244.cloudfront.net/390425_1697275402383_38.ogg"
      ]
    },
    "question_44": {
      "question_number": 44,
      "correct_option": 4,
      "sds_id": "SDS0E79",
      "subtopic": "Thyroid Gland Part II",
      "image_filename": "question_44.png",
      "captured": true,
      "explanation": [
        "https://d1iljb9ao69244.cloudfront.net/403238_1703758882168_100.ogg"
      ]
    },
    "question_45": {
      "question_number": 45,
      "correct_option": 2,
      "sds_id": "SDS0E7A",
      "subtopic": "Thyroid Gland Part II",
      "image_filename": "question_45.png",
      "captured": true,
      "explanation": [
        "https://d1iljb9ao69244.cloudfront.net/403226_1703758448403_88.ogg"
      ]
    },
    "question_46": {
      "question_number": 46,
      "correct_option": 2,
      "sds_id": "SDS0E7B",
      "subtopic": "Parathyroid",
      "image_filename": "question_46.png",
      "captured": true,
      "explanation": [
        "https://d1iljb9ao69244.cloudfront.net/125965_1726999189764_603.ogg",
        "https://d2f8z173p7073l.cloudfront.net/1584335479592"
      ]
    },
    "question_47": {
      "question_number": 47,
      "correct_option": 1,
      "sds_id": "SDS0E7C",
      "subtopic": "Parathyroid",
      "image_filename": "question_47.png",
      "captured": true,
      "explanation": [
        "https://d1iljb9ao69244.cloudfront.net/390428_1710825295629_7.ogg"
      ]
    },
    "question_48": {
      "question_number": 48,
      "correct_option": 2,
      "sds_id": "SDS0E7D",
      "subtopic": "Parathyroid",
      "image_filename": "question_48.png",
      "captured": true,
      "explanation": [
        "https://d1iljb9ao69244.cloudfront.net/199371_1727419107314_767.ogg",
        "https://d2f8z173p7073l.cloudfront.net/1606726914595"
      ]
    },
    "question_49": {
      "question_number": 49,
      "correct_option": 4,
      "sds_id": "SDS0E7E",
      "subtopic": "Parathyroid",
      "image_filename": "question_49.png",
      "captured": true,
      "explanation": [
        "https://d1iljb9ao69244.cloudfront.net/390431_1697542693775_10.ogg"
      ]
    },
    "question_50": {
      "question_number": 50,
      "correct_option": 3,
      "sds_id": "SDS0E7F",
      "subtopic": "Adrenal Medulla",
      "image_filename": "question_50.png",
      "captured": true,
      "explanation": [
        "https://d1iljb9ao69244.cloudfront.net/390410_1697275258955_28.ogg"
      ]
    },
    "question_51": {
      "question_number": 51,
      "correct_option": 3,
      "sds_id": "SDS0E80",
      "subtopic": "Adrenal Medulla",
      "image_filename": "question_51.png",
      "captured": true,
      "explanation": [
        "https://d2f8z173p7073l.cloudfront.net/1547811950658"
      ]
    },
    "question_52": {
      "question_number": 52,
      "correct_option": 3,
      "sds_id": "SDS0E81",
      "subtopic": "Adrenal Medulla",
      "image_filename": "question_52.png",
      "captured": true,
      "explanation": [
        "https://d1iljb9ao69244.cloudfront.net/390443_1697275563798_50.ogg"
      ]
    },
    "question_53": {
      "question_number": 53,
      "correct_option": 2,
      "sds_id": "SDS0E82",
      "subtopic": "Adrenal Medulla",
      "image_filename": "question_53.png",
      "captured": true,
      "explanation": [
        "https://d1iljb9ao69244.cloudfront.net/390438_1697543543913_12.ogg"
      ]
    },
    "question_54": {
      "question_number": 54,
      "correct_option": 4,
      "sds_id": "SDS0E83",
      "subtopic": "Adrenal Medulla",
      "image_filename": "question_54.png",
      "captured": true,
      "explanation": [
        "https://d1iljb9ao69244.cloudfront.net/390442_1721624154694_25.ogg"
      ]
    },
    "question_55": {
      "question_number": 55,
      "correct_option": 2,
      "sds_id": "SDS0E84",
      "subtopic": "Adrenal Medulla",
      "image_filename": "question_55.png",
      "captured": true,
      "explanation": [
        "https://d1iljb9ao69244.cloudfront.net/390440_1697799988078_18.ogg"
      ]
    },
    "question_56": {
      "question_number": 56,
      "correct_option": 3,
      "sds_id": "SDS0E85",
      "subtopic": "Adrenal Medulla",
      "image_filename": "question_56.png",
      "captured": true,
      "explanation": [
        "https://d1iljb9ao69244.cloudfront.net/439271_1712655035438_24.ogg"
      ]
    },
    "question_57": {
      "question_number": 57,
      "correct_option": 2,
      "sds_id": "SDS0E86",
      "subtopic": "Adrenal Medulla",
      "image_filename": "question_57.png",
      "captured": true,
      "explanation": [
        "https://d1iljb9ao69244.cloudfront.net/390450_1697275647834_55.ogg"
      ]
    },
    "question_58": {
      "question_number": 58,
      "correct_option": 3,
      "sds_id": "SDS0E87",
      "subtopic": "Adrenal Cortex: Cortisol",
      "image_filename": "question_58.png",
      "captured": true,
      "explanation": [
        "https://d1iljb9ao69244.cloudfront.net/403229_1703758735597_91.ogg"
      ]
    },
    "question_59": {
      "question_number": 59,
      "correct_option": 1,
      "sds_id": "SDS0E88",
      "subtopic": "Adrenal Cortex: Cortisol",
      "image_filename": "question_59.png",
      "captured": true,
      "explanation": [
        "https://d1iljb9ao69244.cloudfront.net/125941_1726998593892_595.ogg",
        "https://d2f8z173p7073l.cloudfront.net/1584335638253"
      ]
    },
    "question_60": {
      "question_number": 60,
      "correct_option": 3,
      "sds_id": "SDS0E89",
      "subtopic": "Adrenal Cortex: Cortisol",
      "image_filename": "question_60.png",
      "captured": true,
      "explanation": [
        "https://d1iljb9ao69244.cloudfront.net/question_explanations_346798_1669290021578.ogg"
      ]
    },
    "question_61": {
      "question_number": 61,
      "correct_option": 2,
      "sds_id": "SDS0E8A",
      "subtopic": "Adrenal Cortex: Cortisol",
      "image_filename": "question_61.png",
      "captured": true,
      "explanation": [
        "https://d1iljb9ao69244.cloudfront.net/403225_1703758432479_87.ogg"
      ]
    },
    "question_62": {
      "question_number": 62,
      "correct_option": 1,
      "sds_id": "SDS0E8B",
      "subtopic": "Adrenal Cortex: Cortisol",
      "image_filename": "question_62.png",
      "captured": true,
      "explanation": [
        "https://d1iljb9ao69244.cloudfront.net/413017_1706511846908_99.ogg"
      ]
    },
    "question_63": {
      "question_number": 63,
      "correct_option": 3,
      "sds_id": "SDS0E8C",
      "subtopic": "Adrenal Cortex: Cortisol",
      "image_filename": "question_63.png",
      "captured": true,
      "explanation": [
        "https://d1iljb9ao69244.cloudfront.net/390449_1697275609227_54.ogg"
      ]
    },
    "question_64": {
      "question_number": 64,
      "correct_option": 3,
      "sds_id": "SDS0E8D",
      "subtopic": "Adrenal Cortex: Cortisol",
      "image_filename": "question_64.png",
      "captured": true,
      "explanation": [
        "https://d1iljb9ao69244.cloudfront.net/125936_1726998471540_593.ogg",
        "https://d2f8z173p7073l.cloudfront.net/1584335667002"
      ]
    },
    "question_65": {
      "question_number": 65,
      "correct_option": 3,
      "sds_id": "SDS0E8E",
      "subtopic": "Pineal Gland",
      "image_filename": "question_65.png",
      "captured": true,
      "explanation": [
        "https://d1iljb9ao69244.cloudfront.net/125940_1726998543417_594.ogg",
        "https://d2f8z173p7073l.cloudfront.net/1584335364518"
      ]
    },
    "question_66": {
      "question_number": 66,
      "correct_option": 3,
      "sds_id": "SDS0E8F",
      "subtopic": "Pineal Gland",
      "image_filename": "question_66.png",
      "captured": true,
      "explanation": [
        "https://d1iljb9ao69244.cloudfront.net/question_explanations_346795_1671878228308.ogg"
      ]
    },
    "question_67": {
      "question_number": 67,
      "correct_option": 2,
      "sds_id": "SDS0E90",
      "subtopic": "Pineal Gland",
      "image_filename": "question_67.png",
      "captured": true,
      "explanation": [
        "https://d1iljb9ao69244.cloudfront.net/390412_1697275293687_30.ogg"
      ]
    },
    "question_68": {
      "question_number": 68,
      "correct_option": 1,
      "sds_id": "SDS0E91",
      "subtopic": "Thymus",
      "image_filename": "question_68.png",
      "captured": true,
      "explanation": [
        "https://d1iljb9ao69244.cloudfront.net/125910_1726998210592_589.ogg",
        "https://d1iljb9ao69244.cloudfront.net/question_explanations_125910_1595245277013.ogg",
        "https://d2f8z173p7073l.cloudfront.net/1584335509905"
      ]
    },
    "question_69": {
      "question_number": 69,
      "correct_option": 3,
      "sds_id": "SDS0E92",
      "subtopic": "Thymus",
      "image_filename": "question_69.png",
      "captured": true,
      "explanation": [
        "https://d1iljb9ao69244.cloudfront.net/390434_1697275494169_44.ogg"
      ]
    },
    "question_70": {
      "question_number": 70,
      "correct_option": 4,
      "sds_id": "SDS0E93",
      "subtopic": "Misc. Hormones",
      "image_filename": "question_70.png",
      "captured": true,
      "explanation": [
        "https://d1iljb9ao69244.cloudfront.net/question_explanations_346799_1668664277304.ogg"
      ]
    },
    "question_71": {
      "question_number": 71,
      "correct_option": 1,
      "sds_id": "SDS0E94",
      "subtopic": "Gastrointestinal Hormones",
      "image_filename": "question_71.png",
      "captured": true,
      "explanation": [
        "https://d1iljb9ao69244.cloudfront.net/403234_1703758816923_96.ogg"
      ]
    },
    "question_72": {
      "question_number": 72,
      "correct_option": 3,
      "sds_id": "SDS0E95",
      "subtopic": "Gastrointestinal Hormones",
      "image_filename": "question_72.png",
      "captured": true,
      "explanation": [
        "https://d1iljb9ao69244.cloudfront.net/437254_1712311273240_25.ogg"
      ]
    },
    "question_73": {
      "question_number": 73,
      "correct_option": 4,
      "sds_id": "SDS0E96",
      "subtopic": "Gonadotropin & Gonadal Hormones",
      "image_filename": "question_73.png",
      "captured": true,
      "explanation": [
        "https://d1iljb9ao69244.cloudfront.net/390397_1697799862578_14.ogg"
      ]
    },
    "question_74": {
      "question_number": 74,
      "correct_option": 4,
      "sds_id": "SDS0E97",
      "subtopic": "Gonadotropin & Gonadal Hormones",
      "image_filename": "question_74.png",
      "captured": true,
      "explanation": [
        "https://d1iljb9ao69244.cloudfront.net/390407_1697799936213_16.ogg"
      ]
    },
    "question_75": {
      "question_number": 75,
      "correct_option": 1,
      "sds_id": "SDS0E98",
      "subtopic": "Gonadotropin & Gonadal Hormones",
      "image_filename": "question_75.png",
      "captured": true,
      "explanation": [
        "https://d1iljb9ao69244.cloudfront.net/333141_1650647384990_12.ogg"
      ]
    },
    "question_76": {
      "question_number": 76,
      "correct_option": 4,
      "sds_id": "SDS0E99",
      "subtopic": "Gonadotropin & Gonadal Hormones",
      "image_filename": "question_76.png",
      "captured": true,
      "explanation": [
        "https://d1iljb9ao69244.cloudfront.net/125921_1726998334147_591.ogg",
        "https://d2f8z173p7073l.cloudfront.net/1584335892922"
      ]
    },
    "question_77": {
      "question_number": 77,
      "correct_option": 1,
      "sds_id": "SDS0E9A",
      "subtopic": "Gonadotropin & Gonadal Hormones",
      "image_filename": "question_77.png",
      "captured": true,
      "explanation": [
        "https://d1iljb9ao69244.cloudfront.net/425224_1709539583628_85.ogg"
      ]
    },
    "question_78": {
      "question_number": 78,
      "correct_option": 4,
      "sds_id": "SDS0E9B",
      "subtopic": "Gonadotropin & Gonadal Hormones",
      "image_filename": "question_78.png",
      "captured": true,
      "explanation": [
        "https://d1iljb9ao69244.cloudfront.net/390459_1697275714459_61.ogg"
      ]
    },
    "question_79": {
      "question_number": 79,
      "correct_option": 4,
      "sds_id": "SDS0E9C",
      "subtopic": "Gonadotropin & Gonadal Hormones",
      "image_filename": "question_79.png",
      "captured": true,
      "explanation": [
        "https://d1iljb9ao69244.cloudfront.net/125961_1726999019700_601.ogg",
        "https://d2f8z173p7073l.cloudfront.net/1584336010877"
      ]
    },
    "question_80": {
      "question_number": 80,
      "correct_option": 3,
      "sds_id": "SDS0E9D",
      "subtopic": "Gonadotropin & Gonadal Hormones",
      "image_filename": "question_80.png",
      "captured": true,
      "explanation": [
        "https://d1iljb9ao69244.cloudfront.net/390461_1697800093803_21.ogg"
      ]
    },
    "question_81": {
      "question_number": 81,
      "correct_option": 1,
      "sds_id": "SDS0E9E",
      "subtopic": "Mechanism of Hormone Action",
      "image_filename": "question_81.png",
      "captured": true,
      "explanation": [
        "https://d1iljb9ao69244.cloudfront.net/390383_1697274539100_1.ogg"
      ]
    },
    "question_82": {
      "question_number": 82,
      "correct_option": 2,
      "sds_id": "SDS0E9F",
      "subtopic": "Mechanism of Hormone Action",
      "image_filename": "question_82.png",
      "captured": true,
      "explanation": [
        "https://d1iljb9ao69244.cloudfront.net/125901_1726998090988_587.ogg",
        "https://d1iljb9ao69244.cloudfront.net/question_explanations_125901_1595244930316.ogg",
        "https://d2f8z173p7073l.cloudfront.net/1584336148156"
      ]
    },
    "question_83": {
      "question_number": 83,
      "correct_option": 2,
      "sds_id": "SDS0EA0",
      "subtopic": "Mechanism of Hormone Action",
      "image_filename": "question_83.png",
      "captured": true,
      "explanation": [
        "https://d1iljb9ao69244.cloudfront.net/125946_1726998714945_597.ogg",
        "https://d2f8z173p7073l.cloudfront.net/1584336205234"
      ]
    },
    "question_84": {
      "question_number": 84,
      "correct_option": 3,
      "sds_id": "SDS0EA1",
      "subtopic": "Mechanism of Hormone Action",
      "image_filename": "question_84.png",
      "captured": true,
      "explanation": [
        "https://d1iljb9ao69244.cloudfront.net/125964_1726999083216_602.ogg",
        "https://d2f8z173p7073l.cloudfront.net/1584336178113"
      ]
    },
    "question_85": {
      "question_number": 85,
      "correct_option": 4,
      "sds_id": "SDS0EA2",
      "subtopic": "Mechanism of Hormone Action",
      "image_filename": "question_85.png",
      "captured": true,
      "explanation": [
        "https://d1iljb9ao69244.cloudfront.net/125967_1726999279568_604.ogg",
        "https://d2f8z173p7073l.cloudfront.net/1584336238142"
      ]
    },
    "question_86": {
      "question_number": 86,
      "correct_option": 1,
      "sds_id": "SDS0EA3",
      "subtopic": "Mechanism of Hormone Action",
      "image_filename": "question_86.png",
      "captured": true,
      "explanation": [
        "https://d1iljb9ao69244.cloudfront.net/question_explanations_61128_1593346267664.ogg",
        "https://d2f8z173p7073l.cloudfront.net/1547807056006"
      ]
    },
    "question_87": {
      "question_number": 87,
      "correct_option": 3,
      "sds_id": "SDS0EA4",
      "subtopic": "Mechanism of Hormone Action",
      "image_filename": "question_87.png",
      "captured": true,
      "explanation": [
        "https://d1iljb9ao69244.cloudfront.net/403223_1703758398251_85.ogg"
      ]
    },
    "question_88": {
      "question_number": 88,
      "correct_option": 1,
      "sds_id": "SDS0EA5",
      "subtopic": "Mechanism of Hormone Action",
      "image_filename": "question_88.png",
      "captured": true,
      "explanation": [
        "https://d1iljb9ao69244.cloudfront.net/390481_1697543832113_20.ogg"
      ]
    },
    "question_89": {
      "question_number": 89,
      "correct_option": 4,
      "sds_id": "SDS0EA6",
      "subtopic": "Mechanism of Hormone Action",
      "image_filename": "question_89.png",
      "captured": true,
      "explanation": [
        "https://d1iljb9ao69244.cloudfront.net/390472_1697800145048_23.ogg"
      ]
    },
    "question_90": {
      "question_number": 90,
      "correct_option": 3,
      "sds_id": "SDS0EA7",
      "subtopic": "Mechanism of Hormone Action",
      "image_filename": "question_90.png",
      "captured": true,
      "explanation": [
        "https://d1iljb9ao69244.cloudfront.net/447761_1713352142308_43.ogg"
      ]
    },
    "question_91": {
      "question_number": 91,
      "correct_option": 2,
      "sds_id": "SDS0EA8",
      "subtopic": "Mechanism of Hormone Action",
      "image_filename": "question_91.png",
      "captured": true,
      "explanation": [
        "https://d1iljb9ao69244.cloudfront.net/448240_1713525605698_49.ogg"
      ]
    },
    "question_92": {
      "question_number": 92,
      "correct_option": 3,
      "sds_id": "SDS0EA9",
      "subtopic": "Mechanism of Hormone Action",
      "image_filename": "question_92.png",
      "captured": true,
      "explanation": [
        "https://d1iljb9ao69244.cloudfront.net/452732_1714306824505_13.ogg"
      ]
    },
    "question_93": {
      "question_number": 93,
      "correct_option": 4,
      "sds_id": "SDS0EAA",
      "subtopic": "Mechanism of Hormone Action",
      "image_filename": "question_93.png",
      "captured": true,
      "explanation": [
        "https://d1iljb9ao69244.cloudfront.net/61165_1724330224685_11.ogg",
        "https://d2f8z173p7073l.cloudfront.net/1547810355810"
      ]
    },
    "question_94": {
      "question_number": 94,
      "correct_option": 1,
      "sds_id": "SDS0EAB",
      "subtopic": "Adrenal Cortex: Aldosterone",
      "image_filename": "question_94.png",
      "captured": true,
      "explanation": [
        "https://d1iljb9ao69244.cloudfront.net/308482_1727428079463_801.ogg",
        "https://d1iljb9ao69244.cloudfront.net/308482_1639592982757_50.ogg"
      ]
    },
    "question_95": {
      "question_number": 95,
      "correct_option": 1,
      "sds_id": "SDS0EAC",
      "subtopic": "Adrenal Cortex: Aldosterone",
      "image_filename": "question_95.png",
      "captured": true,
      "explanation": [
        "https://d1iljb9ao69244.cloudfront.net/125919_1726998268651_590.ogg",
        "https://d1iljb9ao69244.cloudfront.net/question_explanations_125919_1595245919490.ogg",
        "https://d2f8z173p7073l.cloudfront.net/1584335693628"
      ]
    },
    "question_96": {
      "question_number": 96,
      "correct_option": 3,
      "sds_id": "SDS0EAD",
      "subtopic": "Adrenal Cortex: Aldosterone",
      "image_filename": "question_96.png",
      "captured": true,
      "explanation": [
        "https://d1iljb9ao69244.cloudfront.net/403228_1703758485629_90.ogg"
      ]
    },
    "question_97": {
      "question_number": 97,
      "correct_option": 3,
      "sds_id": "SDS0EAE",
      "subtopic": "Adrenal Cortex: Aldosterone",
      "image_filename": "question_97.png",
      "captured": true,
      "explanation": [
        "https://d1iljb9ao69244.cloudfront.net/420652_1709210033562_10.ogg"
      ]
    },
    "question_98": {
      "question_number": 98,
      "correct_option": 4,
      "sds_id": "SDS0EAF",
      "subtopic": "Hormones of Heart, Kidney and Gastrointestinal Tract",
      "image_filename": "question_98.png",
      "captured": true,
      "explanation": [
        "https://d1iljb9ao69244.cloudfront.net/125950_1726998826745_599.ogg",
        "https://d2f8z173p7073l.cloudfront.net/1584336098804"
      ]
    },
    "question_99": {
      "question_number": 99,
      "correct_option": 1,
      "sds_id": "SDS0EB0",
      "subtopic": "Hormones of Heart, Kidney and Gastrointestinal Tract",
      "image_filename": "question_99.png",
      "captured": true,
      "explanation": [
        "https://d1iljb9ao69244.cloudfront.net/question_explanations_346802_1668664489756.ogg"
      ]
    },
    "question_100": {
      "question_number": 100,
      "correct_option": 3,
      "sds_id": "SDS0EB1",
      "subtopic": "Hormones of Heart, Kidney and Gastrointestinal Tract",
      "image_filename": "question_100.png",
      "captured": true,
      "explanation": [
        "https://d1iljb9ao69244.cloudfront.net/question_explanations_346801_1671950299734.ogg"
      ]
    },
    "question_101": {
      "question_number": 101,
      "correct_option": 1,
      "sds_id": "SDS0EB2",
      "subtopic": "Hormones of Heart, Kidney and Gastrointestinal Tract",
      "image_filename": "question_101.png",
      "captured": true,
      "explanation": [
        "https://d1iljb9ao69244.cloudfront.net/390468_1697275776302_68.ogg"
      ]
    },
    "question_102": {
      "question_number": 102,
      "correct_option": 3,
      "sds_id": "SDS0EB3",
      "subtopic": "Hormones of Heart, Kidney and Gastrointestinal Tract",
      "image_filename": "question_102.png",
      "captured": true,
      "explanation": [
        "https://d1iljb9ao69244.cloudfront.net/420628_1709208156859_78.ogg"
      ]
    },
    "question_103": {
      "question_number": 103,
      "correct_option": 2,
      "sds_id": "SDS0EB4",
      "subtopic": "Intro to Hormones & Endocrine Glands",
      "image_filename": "question_103.png",
      "captured": true,
      "explanation": [
        "https://d1iljb9ao69244.cloudfront.net/125863_1726997916652_584.ogg",
        "https://d1iljb9ao69244.cloudfront.net/question_explanations_125863_1595243788196.ogg",
        "https://d2f8z173p7073l.cloudfront.net/1584334902371"
      ]
    },
    "question_104": {
      "question_number": 104,
      "correct_option": 2,
      "sds_id": "SDS0EB5",
      "subtopic": "Intro to Hormones & Endocrine Glands",
      "image_filename": "question_104.png",
      "captured": true,
      "explanation": [
        "https://d1iljb9ao69244.cloudfront.net/question_explanations_346790_1671949233377.ogg"
      ]
    },
    "question_105": {
      "question_number": 105,
      "correct_option": 4,
      "sds_id": "SDS0EB6",
      "subtopic": "Intro to Hormones & Endocrine Glands",
      "image_filename": "question_105.png",
      "captured": true,
      "explanation": [
        "https://d1iljb9ao69244.cloudfront.net/453587_1714477481658_13.ogg"
      ]
    },
    "question_106": {
      "question_number": 106,
      "correct_option": 3,
      "sds_id": "SDS0EB7",
      "subtopic": "Intro to Hormones & Endocrine Glands",
      "image_filename": "question_106.png",
      "captured": true,
      "explanation": [
        "https://d1iljb9ao69244.cloudfront.net/390386_1697274582710_4.ogg"
      ]
    },
    "question_107": {
      "question_number": 107,
      "correct_option": 4,
      "sds_id": "SDS0EB8",
      "subtopic": "Intro to Hormones & Endocrine Glands",
      "image_filename": "question_107.png",
      "captured": true,
      "explanation": [
        "https://d1iljb9ao69244.cloudfront.net/390391_1727066585442_WhatsApp%20Ptt%202024-09-23%20at%2010.12.22%20AM.ogg",
        "https://d1iljb9ao69244.cloudfront.net/390391_1727066585442_WhatsApp"
      ]
    },
    "question_108": {
      "question_number": 108,
      "correct_option": 3,
      "sds_id": "SDS0EB9",
      "subtopic": "Intro to Hormones & Endocrine Glands",
      "image_filename": "question_108.png",
      "captured": true,
      "explanation": [
        "https://d1iljb9ao69244.cloudfront.net/390390_1721623619699_WhatsApp%20Ptt%202024-07-21%20at%2012.29.48.ogg",
        "https://d1iljb9ao69244.cloudfront.net/390390_1721623619699_WhatsApp"
      ]
    },
    "question_109": {
      "question_number": 109,
      "correct_option": 3,
      "sds_id": "SDS0EBA",
      "subtopic": "Intro to Hormones & Endocrine Glands",
      "image_filename": "question_109.png",
      "captured": true,
      "explanation": [
        "https://d1iljb9ao69244.cloudfront.net/390393_1721623651249_WhatsApp%20Ptt%202024-07-21%20at%2012.37.16.ogg",
        "https://d1iljb9ao69244.cloudfront.net/390393_1721623651249_WhatsApp"
      ]
    },
    "question_110": {
      "question_number": 110,
      "correct_option": 3,
      "sds_id": "SDS0EBB",
      "subtopic": "Pancreas",
      "image_filename": "question_110.png",
      "captured": true,
      "explanation": [
        "https://d1iljb9ao69244.cloudfront.net/390452_1721624169786_26.ogg"
      ]
    },
    "question_111": {
      "question_number": 111,
      "correct_option": 2,
      "sds_id": "SDS0EBC",
      "subtopic": "Pancreas",
      "image_filename": "question_111.png",
      "captured": true,
      "explanation": [
        "https://d1iljb9ao69244.cloudfront.net/125948_1726998768992_598.ogg",
        "https://d2f8z173p7073l.cloudfront.net/1584335733319"
      ]
    },
    "question_112": {
      "question_number": 112,
      "correct_option": 3,
      "sds_id": "SDS0EBD",
      "subtopic": "Pancreas",
      "image_filename": "question_112.png",
      "captured": true,
      "explanation": [
        "https://d1iljb9ao69244.cloudfront.net/125927_1726998399524_592.ogg",
        "https://d2f8z173p7073l.cloudfront.net/1584335787590"
      ]
    },
    "question_113": {
      "question_number": 113,
      "correct_option": 2,
      "sds_id": "SDS0EBE",
      "subtopic": "Pancreas",
      "image_filename": "question_113.png",
      "captured": true,
      "explanation": [
        "https://d1iljb9ao69244.cloudfront.net/449529_1713782150215_32.ogg"
      ]
    },
    "question_114": {
      "question_number": 114,
      "correct_option": 2,
      "sds_id": "SDS0EBF",
      "subtopic": "Pancreas",
      "image_filename": "question_114.png",
      "captured": true,
      "explanation": [
        "https://d1iljb9ao69244.cloudfront.net/61226_1724330402766_16.ogg",
        "https://d2f8z173p7073l.cloudfront.net/1548006765132"
      ]
    },
    "question_115": {
      "question_number": 115,
      "correct_option": 1,
      "sds_id": "SDS0EC0",
      "subtopic": "Pancreas",
      "image_filename": "question_115.png",
      "captured": true,
      "explanation": [
        "https://d1iljb9ao69244.cloudfront.net/question_explanations_346800_1668664177537.ogg"
      ]
    },
    "question_116": {
      "question_number": 116,
      "correct_option": 3,
      "sds_id": "SDS0EC1",
      "subtopic": "Summary",
      "image_filename": "question_116.png",
      "captured": true,
      "explanation": [
        "https://d1iljb9ao69244.cloudfront.net/390462_1721624184521_27.ogg"
      ]
    }
  }
}