{
  "chapter_name": "8 Cell - The Unit of Life",
  "sets": {
    "Cell - The Unit of Life (LEVEL 3 MCQs)": {
      "name": "Cell - The Unit of Life (LEVEL 3 MCQs)",
      "path": "Cell - The Unit of Life (LEVEL 3 MCQs)/",
      "questions": {
        "question_1": {
          "question_number": 1,
          "correct_option": 1,
          "sds_id": "SDS07BC",
          "subtopic": "Introduction to Cell",
          "image_filename": "question_1.png",
          "captured": true,
          "explanation": [
            "https://d1iljb9ao69244.cloudfront.net/386229_1697545923838_31.ogg"
          ]
        },
        "question_2": {
          "question_number": 2,
          "correct_option": 2,
          "sds_id": "SDS07BD",
          "subtopic": "Introduction to Cell",
          "image_filename": "question_2.png",
          "captured": true,
          "explanation": [
            "https://d1iljb9ao69244.cloudfront.net/439290_1712657296281_41.ogg"
          ]
        },
        "question_3": {
          "question_number": 3,
          "correct_option": 2,
          "sds_id": "SDS07BE",
          "subtopic": "Cell Theory",
          "image_filename": "question_3.png",
          "captured": true,
          "explanation": [
            "https://d1iljb9ao69244.cloudfront.net/377133_1691145938550_2.ogg"
          ]
        },
        "question_4": {
          "question_number": 4,
          "correct_option": 3,
          "sds_id": "SDS07BF",
          "subtopic": "Prokaryotic Cell Organisation",
          "image_filename": "question_4.png",
          "captured": true,
          "explanation": [
            "https://d1iljb9ao69244.cloudfront.net/437190_1712301171990_25.ogg"
          ]
        },
        "question_5": {
          "question_number": 5,
          "correct_option": 1,
          "sds_id": "SDS07C0",
          "subtopic": "Prokaryotic Cell Organisation",
          "image_filename": "question_5.png",
          "captured": true,
          "explanation": [
            "https://d1iljb9ao69244.cloudfront.net/439190_1712668290247_41.ogg"
          ]
        },
        "question_6": {
          "question_number": 6,
          "correct_option": 2,
          "sds_id": "SDS07C1",
          "subtopic": "Prokaryotic Cell Organisation",
          "image_filename": "question_6.png",
          "captured": true,
          "explanation": [
            "https://www.youtube-nocookie.com/embed/v0T-4OwFtQM?rel=0"
          ]
        },
        "question_7": {
          "question_number": 7,
          "correct_option": 3,
          "sds_id": "SDS07C2",
          "subtopic": "Eukaryotic Cell Architecture: Types",
          "image_filename": "question_7.png",
          "captured": true,
          "explanation": [
            "https://d1iljb9ao69244.cloudfront.net/375851_1689530384396_22.ogg"
          ]
        },
        "question_8": {
          "question_number": 8,
          "correct_option": 1,
          "sds_id": "SDS07C3",
          "subtopic": "Cell Wall",
          "image_filename": "question_8.png",
          "captured": true,
          "explanation": [
            "https://d1iljb9ao69244.cloudfront.net/453577_1714476210239_6.ogg"
          ]
        },
        "question_9": {
          "question_number": 9,
          "correct_option": 2,
          "sds_id": "SDS07C4",
          "subtopic": "Cell Wall",
          "image_filename": "question_9.png",
          "captured": true,
          "explanation": [
            "https://www.youtube-nocookie.com/embed/70mXqQfbhxc?rel=0"
          ]
        },
        "question_10": {
          "question_number": 10,
          "correct_option": 1,
          "sds_id": "SDS07C5",
          "subtopic": "Cell Membrane",
          "image_filename": "question_10.png",
          "captured": true,
          "explanation": [
            "https://d1iljb9ao69244.cloudfront.net/447235_1713289129628_39.ogg"
          ]
        },
        "question_11": {
          "question_number": 11,
          "correct_option": 3,
          "sds_id": "SDS07C6",
          "subtopic": "Cell Membrane",
          "image_filename": "question_11.png",
          "captured": true,
          "explanation": [
            "https://www.youtube-nocookie.com/embed/TRO188wThjY?rel=0"
          ]
        },
        "question_12": {
          "question_number": 12,
          "correct_option": 1,
          "sds_id": "SDS07C7",
          "subtopic": "Plastids",
          "image_filename": "question_12.png",
          "captured": true,
          "explanation": [
            "https://d2f8z173p7073l.cloudfront.net/1579336997476"
          ]
        },
        "question_13": {
          "question_number": 13,
          "correct_option": 3,
          "sds_id": "SDS07C8",
          "subtopic": "Plastids",
          "image_filename": "question_13.png",
          "captured": true,
          "explanation": [
            "https://d1iljb9ao69244.cloudfront.net/question_explanations_334817_1651840267221.ogg"
          ]
        },
        "question_14": {
          "question_number": 14,
          "correct_option": 3,
          "sds_id": "SDS07C9",
          "subtopic": "Plastids",
          "image_filename": "question_14.png",
          "captured": true,
          "explanation": [
            "https://d1iljb9ao69244.cloudfront.net/425160_1709535681024_28.ogg"
          ]
        },
        "question_15": {
          "question_number": 15,
          "correct_option": 2,
          "sds_id": "SDS07CA",
          "subtopic": "Plastids",
          "image_filename": "question_15.png",
          "captured": true,
          "explanation": [
            "https://d1iljb9ao69244.cloudfront.net/433508_1711526396574_40%20(2).ogg",
            "https://d1iljb9ao69244.cloudfront.net/433508_1711526396574_40"
          ]
        },
        "question_16": {
          "question_number": 16,
          "correct_option": 3,
          "sds_id": "SDS07CB",
          "subtopic": "Mitochondria",
          "image_filename": "question_16.png",
          "captured": true,
          "explanation": [
            "https://d1iljb9ao69244.cloudfront.net/447755_1713351281454_37.ogg"
          ]
        },
        "question_17": {
          "question_number": 17,
          "correct_option": 1,
          "sds_id": "SDS07CC",
          "subtopic": "Mitochondria",
          "image_filename": "question_17.png",
          "captured": true,
          "explanation": [
            "https://d1iljb9ao69244.cloudfront.net/449397_1713786991263_14.ogg"
          ]
        },
        "question_18": {
          "question_number": 18,
          "correct_option": 4,
          "sds_id": "SDS07CD",
          "subtopic": "Endomembrane System",
          "image_filename": "question_18.png",
          "captured": true,
          "explanation": [
            "https://d2f8z173p7073l.cloudfront.net/1632373182917"
          ]
        },
        "question_19": {
          "question_number": 19,
          "correct_option": 1,
          "sds_id": "SDS07CE",
          "subtopic": "Endomembrane System",
          "image_filename": "question_19.png",
          "captured": true,
          "explanation": [
            "https://www.youtube-nocookie.com/embed/1v9_yTbN4qY?rel=0"
          ]
        },
        "question_20": {
          "question_number": 20,
          "correct_option": 1,
          "sds_id": "SDS07CF",
          "subtopic": "Golgi Apparatus",
          "image_filename": "question_20.png",
          "captured": true,
          "explanation": [
            "https://d1iljb9ao69244.cloudfront.net/377151_1691146411374_20.ogg"
          ]
        },
        "question_21": {
          "question_number": 21,
          "correct_option": 3,
          "sds_id": "SDS07D0",
          "subtopic": "Golgi Apparatus",
          "image_filename": "question_21.png",
          "captured": true,
          "explanation": [
            "https://www.youtube-nocookie.com/embed/SKf0wHCsbmk?rel=0"
          ]
        },
        "question_22": {
          "question_number": 22,
          "correct_option": 2,
          "sds_id": "SDS07D1",
          "subtopic": "Golgi Apparatus",
          "image_filename": "question_22.png",
          "captured": true,
          "explanation": [
            "https://www.youtube-nocookie.com/embed/S97fVKkyIUM?rel=0"
          ]
        },
        "question_23": {
          "question_number": 23,
          "correct_option": 1,
          "sds_id": "SDS07D2",
          "subtopic": "Golgi Apparatus",
          "image_filename": "question_23.png",
          "captured": true,
          "explanation": [
            "https://www.youtube-nocookie.com/embed/E6D0cQAZ2GA?rel=0"
          ]
        },
        "question_24": {
          "question_number": 24,
          "correct_option": 1,
          "sds_id": "SDS07D3",
          "subtopic": "Lysosomes",
          "image_filename": "question_24.png",
          "captured": true,
          "explanation": [
            "https://d1iljb9ao69244.cloudfront.net/439289_1712655948213_40.ogg"
          ]
        },
        "question_25": {
          "question_number": 25,
          "correct_option": 3,
          "sds_id": "SDS07D4",
          "subtopic": "Nucleus",
          "image_filename": "question_25.png",
          "captured": true,
          "explanation": [
            "https://d2f8z173p7073l.cloudfront.net/1632371678852"
          ]
        },
        "question_26": {
          "question_number": 26,
          "correct_option": 2,
          "sds_id": "SDS07D5",
          "subtopic": "Nucleus",
          "image_filename": "question_26.png",
          "captured": true,
          "explanation": [
            "https://d1iljb9ao69244.cloudfront.net/439191_1712668309527_42.ogg"
          ]
        },
        "question_27": {
          "question_number": 27,
          "correct_option": 1,
          "sds_id": "SDS07D6",
          "subtopic": "Nucleus: Chromosomes",
          "image_filename": "question_27.png",
          "captured": true,
          "explanation": [
            "https://d1iljb9ao69244.cloudfront.net/315522_1641493135258_100.ogg"
          ]
        },
        "question_28": {
          "question_number": 28,
          "correct_option": 3,
          "sds_id": "SDS07D7",
          "subtopic": "Nucleus: Chromosomes",
          "image_filename": "question_28.png",
          "captured": true,
          "explanation": [
            "https://d1iljb9ao69244.cloudfront.net/375846_1689530264636_17.ogg"
          ]
        },
        "question_29": {
          "question_number": 29,
          "correct_option": 4,
          "sds_id": "SDS07D8",
          "subtopic": "Nucleus: Chromosomes",
          "image_filename": "question_29.png",
          "captured": true,
          "explanation": [
            "https://d1iljb9ao69244.cloudfront.net/443046_1712900964317_8.ogg"
          ]
        },
        "question_30": {
          "question_number": 30,
          "correct_option": 1,
          "sds_id": "SDS07D9",
          "subtopic": "Vacuole",
          "image_filename": "question_30.png",
          "captured": true,
          "explanation": [
            "https://d2f8z173p7073l.cloudfront.net/1632332466323"
          ]
        },
        "question_31": {
          "question_number": 31,
          "correct_option": 1,
          "sds_id": "SDS07DA",
          "subtopic": "Cilia & Flagella",
          "image_filename": "question_31.png",
          "captured": true,
          "explanation": [
            "https://d1iljb9ao69244.cloudfront.net/386232_1695969470545_5.ogg"
          ]
        },
        "question_32": {
          "question_number": 32,
          "correct_option": 3,
          "sds_id": "SDS07DB",
          "subtopic": "Cilia & Flagella",
          "image_filename": "question_32.png",
          "captured": true,
          "explanation": [
            "https://www.youtube-nocookie.com/embed/WgHQsaVcCsY?rel=0"
          ]
        },
        "question_33": {
          "question_number": 33,
          "correct_option": 1,
          "sds_id": "SDS07DC",
          "subtopic": "Cilia & Flagella",
          "image_filename": "question_33.png",
          "captured": true,
          "explanation": [
            "https://www.youtube-nocookie.com/embed/NI_TJd2xsKw?rel=0"
          ]
        },
        "question_34": {
          "question_number": 34,
          "correct_option": 2,
          "sds_id": "SDS07DD",
          "subtopic": "Ribosome and Inclusion Bodies",
          "image_filename": "question_34.png",
          "captured": true,
          "explanation": [
            "https://d1iljb9ao69244.cloudfront.net/377143_1691146109655_12.ogg"
          ]
        },
        "question_35": {
          "question_number": 35,
          "correct_option": 2,
          "sds_id": "SDS07DE",
          "subtopic": "Ribosome and Inclusion Bodies",
          "image_filename": "question_35.png",
          "captured": true,
          "explanation": [
            "https://d1iljb9ao69244.cloudfront.net/436331_1712126091032_6.ogg"
          ]
        },
        "question_36": {
          "question_number": 36,
          "correct_option": 1,
          "sds_id": "SDS07DF",
          "subtopic": "Ribosome and Inclusion Bodies",
          "image_filename": "question_36.png",
          "captured": true,
          "explanation": [
            "https://d1iljb9ao69244.cloudfront.net/429650_1711173385247_40.ogg"
          ]
        },
        "question_37": {
          "question_number": 37,
          "correct_option": 4,
          "sds_id": "SDS07E0",
          "subtopic": "Ribosome and Inclusion Bodies",
          "image_filename": "question_37.png",
          "captured": true,
          "explanation": [
            "https://www.youtube-nocookie.com/embed/Fd0RA70-Mpg?rel=0"
          ]
        },
        "question_38": {
          "question_number": 38,
          "correct_option": 2,
          "sds_id": "SDS07E1",
          "subtopic": "Endomembrane System (Endoplasmic Reticulum)",
          "image_filename": "question_38.png",
          "captured": true,
          "explanation": [
            "https://d1iljb9ao69244.cloudfront.net/question_explanations_337122_1654316567148.ogg"
          ]
        },
        "question_39": {
          "question_number": 39,
          "correct_option": 2,
          "sds_id": "SDS07E2",
          "subtopic": "Endomembrane System (Endoplasmic Reticulum)",
          "image_filename": "question_39.png",
          "captured": true,
          "explanation": [
            "https://d1iljb9ao69244.cloudfront.net/425230_1709540821192_91.ogg"
          ]
        },
        "question_40": {
          "question_number": 40,
          "correct_option": 1,
          "sds_id": "SDS07E3",
          "subtopic": "Endomembrane System (Endoplasmic Reticulum)",
          "image_filename": "question_40.png",
          "captured": true,
          "explanation": [
            "https://d1iljb9ao69244.cloudfront.net/448211_1713523140252_27.ogg"
          ]
        }
      }
    },
    "Cell- The Unit of Life (115 MCQs)": {
      "name": "Cell- The Unit of Life (115 MCQs)",
      "path": "Cell- The Unit of Life (115 MCQs)/",
      "questions": {
        "question_1": {
          "question_number": 1,
          "correct_option": 4,
          "sds_id": "SDS074A",
          "subtopic": "Introduction to Cell",
          "image_filename": "question_1.png",
          "captured": true,
          "explanation": [
            "https://d1iljb9ao69244.cloudfront.net/410985_1705904820197_87.ogg"
          ]
        },
        "question_2": {
          "question_number": 2,
          "correct_option": 3,
          "sds_id": "SDS074B",
          "subtopic": "Introduction to Cell",
          "image_filename": "question_2.png",
          "captured": true,
          "explanation": [
            "https://d1iljb9ao69244.cloudfront.net/119854_1726296012927_268.ogg",
            "https://d2f8z173p7073l.cloudfront.net/1579794703844"
          ]
        },
        "question_3": {
          "question_number": 3,
          "correct_option": 2,
          "sds_id": "SDS074C",
          "subtopic": "Introduction to Cell",
          "image_filename": "question_3.png",
          "captured": true,
          "explanation": [
            "https://d1iljb9ao69244.cloudfront.net/125540_1726997064350_573.ogg",
            "https://d2f8z173p7073l.cloudfront.net/1583307062897"
          ]
        },
        "question_4": {
          "question_number": 4,
          "correct_option": 2,
          "sds_id": "SDS074D",
          "subtopic": "Introduction to Cell",
          "image_filename": "question_4.png",
          "captured": true,
          "explanation": [
            "https://d1iljb9ao69244.cloudfront.net/407875_1704964377383_2.ogg"
          ]
        },
        "question_5": {
          "question_number": 5,
          "correct_option": 4,
          "sds_id": "SDS074E",
          "subtopic": "Introduction to Cell",
          "image_filename": "question_5.png",
          "captured": true,
          "explanation": [
            "https://d1iljb9ao69244.cloudfront.net/407874_1704964344831_1.ogg"
          ]
        },
        "question_6": {
          "question_number": 6,
          "correct_option": 3,
          "sds_id": "SDS074F",
          "subtopic": "Introduction to Cell",
          "image_filename": "question_6.png",
          "captured": true,
          "explanation": [
            "https://d1iljb9ao69244.cloudfront.net/375830_1689526066833_1.ogg"
          ]
        },
        "question_7": {
          "question_number": 7,
          "correct_option": 4,
          "sds_id": "SDS0750",
          "subtopic": "Introduction to Cell",
          "image_filename": "question_7.png",
          "captured": true,
          "explanation": [
            "https://d2f8z173p7073l.cloudfront.net/1579794913097"
          ]
        },
        "question_8": {
          "question_number": 8,
          "correct_option": 1,
          "sds_id": "SDS0751",
          "subtopic": "Introduction to Cell",
          "image_filename": "question_8.png",
          "captured": true,
          "explanation": [
            "https://d1iljb9ao69244.cloudfront.net/119861_1726296194160_271.ogg",
            "https://d2f8z173p7073l.cloudfront.net/1579795130548"
          ]
        },
        "question_9": {
          "question_number": 9,
          "correct_option": 2,
          "sds_id": "SDS0752",
          "subtopic": "Cell Theory",
          "image_filename": "question_9.png",
          "captured": true,
          "explanation": [
            "https://d1iljb9ao69244.cloudfront.net/question_explanations_341978_1669123683913.ogg"
          ]
        },
        "question_10": {
          "question_number": 10,
          "correct_option": 4,
          "sds_id": "SDS0753",
          "subtopic": "Cell Theory",
          "image_filename": "question_10.png",
          "captured": true,
          "explanation": "none"
        },
        "question_11": {
          "question_number": 11,
          "correct_option": 2,
          "sds_id": "SDS0754",
          "subtopic": "Cell Theory",
          "image_filename": "question_11.png",
          "captured": true,
          "explanation": [
            "https://d1iljb9ao69244.cloudfront.net/119856_1726296117951_270.ogg",
            "https://d2f8z173p7073l.cloudfront.net/1579794821790"
          ]
        },
        "question_12": {
          "question_number": 12,
          "correct_option": 4,
          "sds_id": "SDS0755",
          "subtopic": "Cell Theory",
          "image_filename": "question_12.png",
          "captured": true,
          "explanation": [
            "https://d1iljb9ao69244.cloudfront.net/377134_1691145951502_3.ogg"
          ]
        },
        "question_13": {
          "question_number": 13,
          "correct_option": 3,
          "sds_id": "SDS0756",
          "subtopic": "Cell Theory",
          "image_filename": "question_13.png",
          "captured": true,
          "explanation": [
            "https://d1iljb9ao69244.cloudfront.net/377136_1691145985862_5.ogg"
          ]
        },
        "question_14": {
          "question_number": 14,
          "correct_option": 2,
          "sds_id": "SDS0757",
          "subtopic": "Cell Theory",
          "image_filename": "question_14.png",
          "captured": true,
          "explanation": [
            "https://d1iljb9ao69244.cloudfront.net/question_explanations_341980_1669123853488.ogg"
          ]
        },
        "question_15": {
          "question_number": 15,
          "correct_option": 3,
          "sds_id": "SDS0758",
          "subtopic": "Cell Organisation",
          "image_filename": "question_15.png",
          "captured": true,
          "explanation": [
            "https://d1iljb9ao69244.cloudfront.net/437175_1712299779029_10.ogg"
          ]
        },
        "question_16": {
          "question_number": 16,
          "correct_option": 3,
          "sds_id": "SDS0759",
          "subtopic": "Cell Organisation",
          "image_filename": "question_16.png",
          "captured": true,
          "explanation": [
            "https://d1iljb9ao69244.cloudfront.net/442354_1712906059332_10.ogg"
          ]
        },
        "question_17": {
          "question_number": 17,
          "correct_option": 1,
          "sds_id": "SDS075A",
          "subtopic": "Cell Organisation",
          "image_filename": "question_17.png",
          "captured": true,
          "explanation": [
            "https://d1iljb9ao69244.cloudfront.net/447193_1713266087721_40.ogg"
          ]
        },
        "question_18": {
          "question_number": 18,
          "correct_option": 1,
          "sds_id": "SDS075B",
          "subtopic": "Prokaryotic Cell Organisation",
          "image_filename": "question_18.png",
          "captured": true,
          "explanation": [
            "https://d1iljb9ao69244.cloudfront.net/question_explanations_341981_1668578658482.ogg"
          ]
        },
        "question_19": {
          "question_number": 19,
          "correct_option": 3,
          "sds_id": "SDS075C",
          "subtopic": "Prokaryotic Cell Organisation",
          "image_filename": "question_19.png",
          "captured": true,
          "explanation": [
            "https://d1iljb9ao69244.cloudfront.net/377138_1691146019397_7.ogg"
          ]
        },
        "question_20": {
          "question_number": 20,
          "correct_option": 1,
          "sds_id": "SDS075D",
          "subtopic": "Prokaryotic Cell Organisation",
          "image_filename": "question_20.png",
          "captured": true,
          "explanation": [
            "https://d1iljb9ao69244.cloudfront.net/375853_1689530420116_24.ogg"
          ]
        },
        "question_21": {
          "question_number": 21,
          "correct_option": 3,
          "sds_id": "SDS075E",
          "subtopic": "Prokaryotic Cell Organisation",
          "image_filename": "question_21.png",
          "captured": true,
          "explanation": [
            "https://d1iljb9ao69244.cloudfront.net/407885_1704969576284_12.ogg"
          ]
        },
        "question_22": {
          "question_number": 22,
          "correct_option": 1,
          "sds_id": "SDS075F",
          "subtopic": "Prokaryotic Cell Organisation",
          "image_filename": "question_22.png",
          "captured": true,
          "explanation": [
            "https://d1iljb9ao69244.cloudfront.net/377139_1691146031686_8.ogg"
          ]
        },
        "question_23": {
          "question_number": 23,
          "correct_option": 1,
          "sds_id": "SDS0760",
          "subtopic": "Prokaryotic Cell Organisation",
          "image_filename": "question_23.png",
          "captured": true,
          "explanation": [
            "https://d1iljb9ao69244.cloudfront.net/377140_1691146060023_9.ogg"
          ]
        },
        "question_24": {
          "question_number": 24,
          "correct_option": 2,
          "sds_id": "SDS0761",
          "subtopic": "Details of Prokaryotic Cell Structure",
          "image_filename": "question_24.png",
          "captured": true,
          "explanation": [
            "https://d1iljb9ao69244.cloudfront.net/407882_1704964544803_9.ogg"
          ]
        },
        "question_25": {
          "question_number": 25,
          "correct_option": 1,
          "sds_id": "SDS0762",
          "subtopic": "Details of Prokaryotic Cell Structure",
          "image_filename": "question_25.png",
          "captured": true,
          "explanation": [
            "https://d1iljb9ao69244.cloudfront.net/question_explanations_341994_1669124539397.ogg"
          ]
        },
        "question_26": {
          "question_number": 26,
          "correct_option": 3,
          "sds_id": "SDS0763",
          "subtopic": "Details of Prokaryotic Cell Structure",
          "image_filename": "question_26.png",
          "captured": true,
          "explanation": [
            "https://d1iljb9ao69244.cloudfront.net/431595_1711172657576_19.ogg"
          ]
        },
        "question_27": {
          "question_number": 27,
          "correct_option": 4,
          "sds_id": "SDS0764",
          "subtopic": "Details of Prokaryotic Cell Structure",
          "image_filename": "question_27.png",
          "captured": true,
          "explanation": [
            "https://d1iljb9ao69244.cloudfront.net/375852_1689530407596_23.ogg"
          ]
        },
        "question_28": {
          "question_number": 28,
          "correct_option": 3,
          "sds_id": "SDS0765",
          "subtopic": "Bacterial Staining & Shape",
          "image_filename": "question_28.png",
          "captured": true,
          "explanation": [
            "https://d1iljb9ao69244.cloudfront.net/question_explanations_341991_1669124249274.ogg"
          ]
        },
        "question_29": {
          "question_number": 29,
          "correct_option": 1,
          "sds_id": "SDS0766",
          "subtopic": "Bacterial Staining & Shape",
          "image_filename": "question_29.png",
          "captured": true,
          "explanation": [
            "https://d1iljb9ao69244.cloudfront.net/question_explanations_341992_1669124370107.ogg"
          ]
        },
        "question_30": {
          "question_number": 30,
          "correct_option": 4,
          "sds_id": "SDS0767",
          "subtopic": "Eukaryotic Cell Orgenelle",
          "image_filename": "question_30.png",
          "captured": true,
          "explanation": [
            "https://d1iljb9ao69244.cloudfront.net/question_explanations_341990_1669124126449.ogg"
          ]
        },
        "question_31": {
          "question_number": 31,
          "correct_option": 3,
          "sds_id": "SDS0768",
          "subtopic": "Eukaryotic Cell Orgenelle",
          "image_filename": "question_31.png",
          "captured": true,
          "explanation": [
            "https://d1iljb9ao69244.cloudfront.net/question_explanations_342014_1668579376899.ogg"
          ]
        },
        "question_32": {
          "question_number": 32,
          "correct_option": 3,
          "sds_id": "SDS0769",
          "subtopic": "Eukaryotic Cell Orgenelle",
          "image_filename": "question_32.png",
          "captured": true,
          "explanation": [
            "https://d1iljb9ao69244.cloudfront.net/question_explanations_341997_1669124916963.ogg"
          ]
        },
        "question_33": {
          "question_number": 33,
          "correct_option": 3,
          "sds_id": "SDS076A",
          "subtopic": "Eukaryotic Cell Orgenelle",
          "image_filename": "question_33.png",
          "captured": true,
          "explanation": [
            "https://d1iljb9ao69244.cloudfront.net/408013_1705048154531_19.ogg"
          ]
        },
        "question_34": {
          "question_number": 34,
          "correct_option": 4,
          "sds_id": "SDS076B",
          "subtopic": "Eukaryotic Cell Orgenelle",
          "image_filename": "question_34.png",
          "captured": true,
          "explanation": [
            "https://d1iljb9ao69244.cloudfront.net/377148_1691146369021_17.ogg"
          ]
        },
        "question_35": {
          "question_number": 35,
          "correct_option": 1,
          "sds_id": "SDS076C",
          "subtopic": "Eukaryotic Cell Orgenelle",
          "image_filename": "question_35.png",
          "captured": true,
          "explanation": [
            "https://d1iljb9ao69244.cloudfront.net/425196_1709538025534_60.ogg"
          ]
        },
        "question_36": {
          "question_number": 36,
          "correct_option": 1,
          "sds_id": "SDS076D",
          "subtopic": "Eukaryotic Cell Orgenelle",
          "image_filename": "question_36.png",
          "captured": true,
          "explanation": [
            "https://d1iljb9ao69244.cloudfront.net/420603_1708424619489_82.ogg"
          ]
        },
        "question_37": {
          "question_number": 37,
          "correct_option": 1,
          "sds_id": "SDS076E",
          "subtopic": "Cell Wall",
          "image_filename": "question_37.png",
          "captured": true,
          "explanation": [
            "https://d1iljb9ao69244.cloudfront.net/119870_1726296813838_275.ogg",
            "https://d2f8z173p7073l.cloudfront.net/1579795554381"
          ]
        },
        "question_38": {
          "question_number": 38,
          "correct_option": 1,
          "sds_id": "SDS076F",
          "subtopic": "Cell Wall",
          "image_filename": "question_38.png",
          "captured": true,
          "explanation": [
            "https://d1iljb9ao69244.cloudfront.net/125551_1726997396828_578.ogg",
            "https://d2f8z173p7073l.cloudfront.net/1583307657077"
          ]
        },
        "question_39": {
          "question_number": 39,
          "correct_option": 1,
          "sds_id": "SDS0770",
          "subtopic": "Cell Wall",
          "image_filename": "question_39.png",
          "captured": true,
          "explanation": [
            "https://d1iljb9ao69244.cloudfront.net/175659_1727331908975_738.ogg",
            "https://d2f8z173p7073l.cloudfront.net/1595680814998"
          ]
        },
        "question_40": {
          "question_number": 40,
          "correct_option": 1,
          "sds_id": "SDS0771",
          "subtopic": "Cell Wall",
          "image_filename": "question_40.png",
          "captured": true,
          "explanation": [
            "https://d1iljb9ao69244.cloudfront.net/175671_1727331982886_739.ogg",
            "https://d2f8z173p7073l.cloudfront.net/1595680879790",
            "https://dsbihjlymzdyy.cloudfront.net/bio_images/all/Diagrams%20in%20Svg%20form%2FCell_%20The%20Unit%20of%20Life%2F175671.SVG.svg"
          ]
        },
        "question_41": {
          "question_number": 41,
          "correct_option": 3,
          "sds_id": "SDS0772",
          "subtopic": "Cell Wall",
          "image_filename": "question_41.png",
          "captured": true,
          "explanation": [
            "https://d1iljb9ao69244.cloudfront.net/408017_1705051440873_23.ogg"
          ]
        },
        "question_42": {
          "question_number": 42,
          "correct_option": 1,
          "sds_id": "SDS0773",
          "subtopic": "Cell Wall",
          "image_filename": "question_42.png",
          "captured": true,
          "explanation": [
            "https://d1iljb9ao69244.cloudfront.net/question_explanations_341999_1669132871220.ogg"
          ]
        },
        "question_43": {
          "question_number": 43,
          "correct_option": 1,
          "sds_id": "SDS0774",
          "subtopic": "Cell Membrane",
          "image_filename": "question_43.png",
          "captured": true,
          "explanation": [
            "https://d1iljb9ao69244.cloudfront.net/119871_1726296870234_276.ogg",
            "https://d2f8z173p7073l.cloudfront.net/1579795619380"
          ]
        },
        "question_44": {
          "question_number": 44,
          "correct_option": 3,
          "sds_id": "SDS0775",
          "subtopic": "Cell Membrane",
          "image_filename": "question_44.png",
          "captured": true,
          "explanation": [
            "https://d1iljb9ao69244.cloudfront.net/question_explanations_341998_1669133438328.ogg"
          ]
        },
        "question_45": {
          "question_number": 45,
          "correct_option": 4,
          "sds_id": "SDS0776",
          "subtopic": "Cell Membrane",
          "image_filename": "question_45.png",
          "captured": true,
          "explanation": [
            "https://d1iljb9ao69244.cloudfront.net/408016_1705048195415_22.ogg"
          ]
        },
        "question_46": {
          "question_number": 46,
          "correct_option": 4,
          "sds_id": "SDS0777",
          "subtopic": "Cell Membrane",
          "image_filename": "question_46.png",
          "captured": true,
          "explanation": [
            "https://d1iljb9ao69244.cloudfront.net/377147_1691146358851_16.ogg"
          ]
        },
        "question_47": {
          "question_number": 47,
          "correct_option": 2,
          "sds_id": "SDS0778",
          "subtopic": "Evidence for Fluidic Nature of Membrane",
          "image_filename": "question_47.png",
          "captured": true,
          "explanation": [
            "https://d1iljb9ao69244.cloudfront.net/119872_1726296919918_277.ogg",
            "https://d2f8z173p7073l.cloudfront.net/1579795753473"
          ]
        },
        "question_48": {
          "question_number": 48,
          "correct_option": 3,
          "sds_id": "SDS0779",
          "subtopic": "Evidence for Fluidic Nature of Membrane",
          "image_filename": "question_48.png",
          "captured": true,
          "explanation": [
            "https://d1iljb9ao69244.cloudfront.net/425159_1709535667531_27.ogg"
          ]
        },
        "question_49": {
          "question_number": 49,
          "correct_option": 3,
          "sds_id": "SDS077A",
          "subtopic": "Plastids",
          "image_filename": "question_49.png",
          "captured": true,
          "explanation": [
            "https://d1iljb9ao69244.cloudfront.net/410932_1705904337668_48.ogg"
          ]
        },
        "question_50": {
          "question_number": 50,
          "correct_option": 2,
          "sds_id": "SDS077B",
          "subtopic": "Plastids",
          "image_filename": "question_50.png",
          "captured": true,
          "explanation": [
            "https://d1iljb9ao69244.cloudfront.net/375833_1689530036157_4.ogg"
          ]
        },
        "question_51": {
          "question_number": 51,
          "correct_option": 4,
          "sds_id": "SDS077C",
          "subtopic": "Plastids",
          "image_filename": "question_51.png",
          "captured": true,
          "explanation": [
            "https://d1iljb9ao69244.cloudfront.net/question_explanations_337095_1654312956357.ogg"
          ]
        },
        "question_52": {
          "question_number": 52,
          "correct_option": 1,
          "sds_id": "SDS077D",
          "subtopic": "Plastids",
          "image_filename": "question_52.png",
          "captured": true,
          "explanation": [
            "https://d1iljb9ao69244.cloudfront.net/438042_1712588798644_11.ogg"
          ]
        },
        "question_53": {
          "question_number": 53,
          "correct_option": 2,
          "sds_id": "SDS077E",
          "subtopic": "Plastids",
          "image_filename": "question_53.png",
          "captured": true,
          "explanation": [
            "https://d1iljb9ao69244.cloudfront.net/375847_1689530284708_18.ogg"
          ]
        },
        "question_54": {
          "question_number": 54,
          "correct_option": 3,
          "sds_id": "SDS077F",
          "subtopic": "Plastids",
          "image_filename": "question_54.png",
          "captured": true,
          "explanation": [
            "https://d1iljb9ao69244.cloudfront.net/377156_1691146822102_25.ogg"
          ]
        },
        "question_55": {
          "question_number": 55,
          "correct_option": 3,
          "sds_id": "SDS0780",
          "subtopic": "Plastids",
          "image_filename": "question_55.png",
          "captured": true,
          "explanation": [
            "https://d1iljb9ao69244.cloudfront.net/377157_1691146834989_26.ogg"
          ]
        },
        "question_56": {
          "question_number": 56,
          "correct_option": 1,
          "sds_id": "SDS0781",
          "subtopic": "Mitochondria",
          "image_filename": "question_56.png",
          "captured": true,
          "explanation": [
            "https://d1iljb9ao69244.cloudfront.net/119881_1726297519967_282.ogg",
            "https://d2f8z173p7073l.cloudfront.net/1579800636717"
          ]
        },
        "question_57": {
          "question_number": 57,
          "correct_option": 2,
          "sds_id": "SDS0782",
          "subtopic": "Mitochondria",
          "image_filename": "question_57.png",
          "captured": true,
          "explanation": [
            "https://d1iljb9ao69244.cloudfront.net/119882_1726297558325_283.ogg",
            "https://d2f8z173p7073l.cloudfront.net/1579800687178"
          ]
        },
        "question_58": {
          "question_number": 58,
          "correct_option": 1,
          "sds_id": "SDS0783",
          "subtopic": "Mitochondria",
          "image_filename": "question_58.png",
          "captured": true,
          "explanation": [
            "https://d1iljb9ao69244.cloudfront.net/125554_1726997453207_579.ogg",
            "https://d2f8z173p7073l.cloudfront.net/1583307793283"
          ]
        },
        "question_59": {
          "question_number": 59,
          "correct_option": 2,
          "sds_id": "SDS0784",
          "subtopic": "Mitochondria",
          "image_filename": "question_59.png",
          "captured": true,
          "explanation": [
            "https://d1iljb9ao69244.cloudfront.net/410955_1705922361576_66.ogg"
          ]
        },
        "question_60": {
          "question_number": 60,
          "correct_option": 2,
          "sds_id": "SDS0785",
          "subtopic": "Mitochondria",
          "image_filename": "question_60.png",
          "captured": true,
          "explanation": [
            "https://d1iljb9ao69244.cloudfront.net/377170_1691147051354_39.ogg"
          ]
        },
        "question_61": {
          "question_number": 61,
          "correct_option": 2,
          "sds_id": "SDS0786",
          "subtopic": "Mitochondria",
          "image_filename": "question_61.png",
          "captured": true,
          "explanation": [
            "https://d1iljb9ao69244.cloudfront.net/453603_1714479877122_22.ogg"
          ]
        },
        "question_62": {
          "question_number": 62,
          "correct_option": 1,
          "sds_id": "SDS0787",
          "subtopic": "Intro to Endomembrane System: Endoplasmic Reticulum",
          "image_filename": "question_62.png",
          "captured": true,
          "explanation": [
            "https://d1iljb9ao69244.cloudfront.net/175675_1727332114310_740.ogg",
            "https://d1iljb9ao69244.cloudfront.net/question_explanations_175675_1664764484428.ogg"
          ]
        },
        "question_63": {
          "question_number": 63,
          "correct_option": 3,
          "sds_id": "SDS0788",
          "subtopic": "Intro to Endomembrane System: Endoplasmic Reticulum",
          "image_filename": "question_63.png",
          "captured": true,
          "explanation": [
            "https://d1iljb9ao69244.cloudfront.net/175684_1727332322490_742.ogg",
            "https://d2f8z173p7073l.cloudfront.net/1595681759279"
          ]
        },
        "question_64": {
          "question_number": 64,
          "correct_option": 4,
          "sds_id": "SDS0789",
          "subtopic": "Endomembrane System",
          "image_filename": "question_64.png",
          "captured": true,
          "explanation": [
            "https://d1iljb9ao69244.cloudfront.net/408019_1705051474877_25.ogg"
          ]
        },
        "question_65": {
          "question_number": 65,
          "correct_option": 3,
          "sds_id": "SDS078A",
          "subtopic": "Endomembrane System",
          "image_filename": "question_65.png",
          "captured": true,
          "explanation": [
            "https://d1iljb9ao69244.cloudfront.net/119883_1726297605733_284.ogg",
            "https://d2f8z173p7073l.cloudfront.net/1579800750896"
          ]
        },
        "question_66": {
          "question_number": 66,
          "correct_option": 2,
          "sds_id": "SDS078B",
          "subtopic": "Endomembrane System",
          "image_filename": "question_66.png",
          "captured": true,
          "explanation": [
            "https://d1iljb9ao69244.cloudfront.net/119884_1726297653759_285.ogg",
            "https://d2f8z173p7073l.cloudfront.net/1579800786580"
          ]
        },
        "question_67": {
          "question_number": 67,
          "correct_option": 2,
          "sds_id": "SDS078C",
          "subtopic": "Golgi Apparatus",
          "image_filename": "question_67.png",
          "captured": true,
          "explanation": [
            "https://d1iljb9ao69244.cloudfront.net/120271_1726297949430_290.ogg",
            "https://d2f8z173p7073l.cloudfront.net/1579944332814"
          ]
        },
        "question_68": {
          "question_number": 68,
          "correct_option": 4,
          "sds_id": "SDS078D",
          "subtopic": "Golgi Apparatus",
          "image_filename": "question_68.png",
          "captured": true,
          "explanation": [
            "https://d1iljb9ao69244.cloudfront.net/119878_1726297039218_279.ogg",
            "https://d2f8z173p7073l.cloudfront.net/1579796026434"
          ]
        },
        "question_69": {
          "question_number": 69,
          "correct_option": 3,
          "sds_id": "SDS078E",
          "subtopic": "Golgi Apparatus",
          "image_filename": "question_69.png",
          "captured": true,
          "explanation": [
            "https://d1iljb9ao69244.cloudfront.net/125549_1726997347556_577.ogg",
            "https://d2f8z173p7073l.cloudfront.net/1583307505320"
          ]
        },
        "question_70": {
          "question_number": 70,
          "correct_option": 3,
          "sds_id": "SDS078F",
          "subtopic": "Golgi Apparatus",
          "image_filename": "question_70.png",
          "captured": true,
          "explanation": [
            "https://d1iljb9ao69244.cloudfront.net/question_explanations_342002_1669133031779.ogg"
          ]
        },
        "question_71": {
          "question_number": 71,
          "correct_option": 1,
          "sds_id": "SDS0790",
          "subtopic": "Golgi Apparatus",
          "image_filename": "question_71.png",
          "captured": true,
          "explanation": [
            "https://d1iljb9ao69244.cloudfront.net/375850_1689530363020_21.ogg"
          ]
        },
        "question_72": {
          "question_number": 72,
          "correct_option": 4,
          "sds_id": "SDS0791",
          "subtopic": "Lysosomes",
          "image_filename": "question_72.png",
          "captured": true,
          "explanation": [
            "https://d1iljb9ao69244.cloudfront.net/377152_1691146455256_21.ogg"
          ]
        },
        "question_73": {
          "question_number": 73,
          "correct_option": 4,
          "sds_id": "SDS0792",
          "subtopic": "Nucleus",
          "image_filename": "question_73.png",
          "captured": true,
          "explanation": [
            "https://d1iljb9ao69244.cloudfront.net/question_explanations_342020_1669121865653.ogg"
          ]
        },
        "question_74": {
          "question_number": 74,
          "correct_option": 1,
          "sds_id": "SDS0793",
          "subtopic": "Nucleus",
          "image_filename": "question_74.png",
          "captured": true,
          "explanation": [
            "https://d1iljb9ao69244.cloudfront.net/408028_1705052405527_33.ogg"
          ]
        },
        "question_75": {
          "question_number": 75,
          "correct_option": 2,
          "sds_id": "SDS0794",
          "subtopic": "Nucleus",
          "image_filename": "question_75.png",
          "captured": true,
          "explanation": [
            "https://d1iljb9ao69244.cloudfront.net/question_explanations_342019_1669121633410.ogg"
          ]
        },
        "question_76": {
          "question_number": 76,
          "correct_option": 3,
          "sds_id": "SDS0795",
          "subtopic": "Nucleus: Chromosomes",
          "image_filename": "question_76.png",
          "captured": true,
          "explanation": [
            "https://d1iljb9ao69244.cloudfront.net/119890_1726297747377_287.ogg",
            "https://d2f8z173p7073l.cloudfront.net/1579801139059"
          ]
        },
        "question_77": {
          "question_number": 77,
          "correct_option": 3,
          "sds_id": "SDS0796",
          "subtopic": "Nucleus: Chromosomes",
          "image_filename": "question_77.png",
          "captured": true,
          "explanation": [
            "https://d1iljb9ao69244.cloudfront.net/119892_1726297831573_288.ogg",
            "https://d2f8z173p7073l.cloudfront.net/1579801227609"
          ]
        },
        "question_78": {
          "question_number": 78,
          "correct_option": 4,
          "sds_id": "SDS0797",
          "subtopic": "Nucleus: Chromosomes",
          "image_filename": "question_78.png",
          "captured": true,
          "explanation": [
            "https://d1iljb9ao69244.cloudfront.net/408033_1705052590673_38.ogg",
            "https://d2f8z173p7073l.cloudfront.net/1705051994183"
          ]
        },
        "question_79": {
          "question_number": 79,
          "correct_option": 3,
          "sds_id": "SDS0798",
          "subtopic": "Nucleus: Chromosomes",
          "image_filename": "question_79.png",
          "captured": true,
          "explanation": [
            "https://d1iljb9ao69244.cloudfront.net/375840_1689530138628_11.ogg"
          ]
        },
        "question_80": {
          "question_number": 80,
          "correct_option": 2,
          "sds_id": "SDS0799",
          "subtopic": "Nucleus: Chromosomes",
          "image_filename": "question_80.png",
          "captured": true,
          "explanation": [
            "https://d1iljb9ao69244.cloudfront.net/377166_1691147005366_35.ogg"
          ]
        },
        "question_81": {
          "question_number": 81,
          "correct_option": 3,
          "sds_id": "SDS079A",
          "subtopic": "Nucleus: Chromosomes",
          "image_filename": "question_81.png",
          "captured": true,
          "explanation": [
            "https://d1iljb9ao69244.cloudfront.net/377165_1691146994575_34.ogg"
          ]
        },
        "question_82": {
          "question_number": 82,
          "correct_option": 3,
          "sds_id": "SDS079B",
          "subtopic": "Vacuole",
          "image_filename": "question_82.png",
          "captured": true,
          "explanation": [
            "https://d1iljb9ao69244.cloudfront.net/119880_1726297479078_281.ogg",
            "https://d2f8z173p7073l.cloudfront.net/1579800573101"
          ]
        },
        "question_83": {
          "question_number": 83,
          "correct_option": 2,
          "sds_id": "SDS079C",
          "subtopic": "Vacuole",
          "image_filename": "question_83.png",
          "captured": true,
          "explanation": [
            "https://d1iljb9ao69244.cloudfront.net/question_explanations_342003_1669123369540.ogg"
          ]
        },
        "question_84": {
          "question_number": 84,
          "correct_option": 1,
          "sds_id": "SDS079D",
          "subtopic": "Vacuole",
          "image_filename": "question_84.png",
          "captured": true,
          "explanation": [
            "https://d1iljb9ao69244.cloudfront.net/377153_1691146471493_22.ogg"
          ]
        },
        "question_85": {
          "question_number": 85,
          "correct_option": 3,
          "sds_id": "SDS079E",
          "subtopic": "Vacuole",
          "image_filename": "question_85.png",
          "captured": true,
          "explanation": [
            "https://d1iljb9ao69244.cloudfront.net/377154_1724829691735_94.ogg",
            "https://d1iljb9ao69244.cloudfront.net/377154_1691146487165_23.ogg"
          ]
        },
        "question_86": {
          "question_number": 86,
          "correct_option": 1,
          "sds_id": "SDS079F",
          "subtopic": "Cytoskeleton",
          "image_filename": "question_86.png",
          "captured": true,
          "explanation": [
            "https://d1iljb9ao69244.cloudfront.net/408026_1705052375656_31.ogg"
          ]
        },
        "question_87": {
          "question_number": 87,
          "correct_option": 2,
          "sds_id": "SDS07A0",
          "subtopic": "Cytoskeleton",
          "image_filename": "question_87.png",
          "captured": true,
          "explanation": [
            "https://d1iljb9ao69244.cloudfront.net/410954_1705922333382_65.ogg"
          ]
        },
        "question_88": {
          "question_number": 88,
          "correct_option": 4,
          "sds_id": "SDS07A1",
          "subtopic": "Centrosomes",
          "image_filename": "question_88.png",
          "captured": true,
          "explanation": [
            "https://d1iljb9ao69244.cloudfront.net/question_explanations_341985_1668578738897.ogg"
          ]
        },
        "question_89": {
          "question_number": 89,
          "correct_option": 4,
          "sds_id": "SDS07A2",
          "subtopic": "Centrosomes",
          "image_filename": "question_89.png",
          "captured": true,
          "explanation": [
            "https://d1iljb9ao69244.cloudfront.net/119869_1726296767775_274.ogg",
            "https://d2f8z173p7073l.cloudfront.net/1579795506599"
          ]
        },
        "question_90": {
          "question_number": 90,
          "correct_option": 2,
          "sds_id": "SDS07A3",
          "subtopic": "Centrosomes",
          "image_filename": "question_90.png",
          "captured": true,
          "explanation": [
            "https://d1iljb9ao69244.cloudfront.net/question_explanations_342017_1668579550794.ogg"
          ]
        },
        "question_91": {
          "question_number": 91,
          "correct_option": 2,
          "sds_id": "SDS07A4",
          "subtopic": "Centrosomes",
          "image_filename": "question_91.png",
          "captured": true,
          "explanation": [
            "https://d1iljb9ao69244.cloudfront.net/408027_1705052389002_32.ogg"
          ]
        },
        "question_92": {
          "question_number": 92,
          "correct_option": 4,
          "sds_id": "SDS07A5",
          "subtopic": "Centrosomes",
          "image_filename": "question_92.png",
          "captured": true,
          "explanation": [
            "https://d1iljb9ao69244.cloudfront.net/125542_1726997126000_574.ogg",
            "https://d2f8z173p7073l.cloudfront.net/1583307197975"
          ]
        },
        "question_93": {
          "question_number": 93,
          "correct_option": 4,
          "sds_id": "SDS07A6",
          "subtopic": "Cilia & Flagella",
          "image_filename": "question_93.png",
          "captured": true,
          "explanation": [
            "https://d1iljb9ao69244.cloudfront.net/448132_1713511515109_12.ogg"
          ]
        },
        "question_94": {
          "question_number": 94,
          "correct_option": 3,
          "sds_id": "SDS07A7",
          "subtopic": "Cilia & Flagella",
          "image_filename": "question_94.png",
          "captured": true,
          "explanation": [
            "https://d1iljb9ao69244.cloudfront.net/119865_1726296229567_272.ogg",
            "https://d2f8z173p7073l.cloudfront.net/1579795323922"
          ]
        },
        "question_95": {
          "question_number": 95,
          "correct_option": 3,
          "sds_id": "SDS07A8",
          "subtopic": "Cilia & Flagella",
          "image_filename": "question_95.png",
          "captured": true,
          "explanation": [
            "https://d1iljb9ao69244.cloudfront.net/125543_1726997169436_575.ogg",
            "https://d2f8z173p7073l.cloudfront.net/1583307252422"
          ]
        },
        "question_96": {
          "question_number": 96,
          "correct_option": 3,
          "sds_id": "SDS07A9",
          "subtopic": "Cilia & Flagella",
          "image_filename": "question_96.png",
          "captured": true,
          "explanation": [
            "https://d1iljb9ao69244.cloudfront.net/question_explanations_342012_1668579289926.ogg",
            "https://dsbihjlymzdyy.cloudfront.net/bio_images/all/Diagrams%20in%20Svg%20form%2FCell_%20The%20Unit%20of%20Life%2F342012.svg.svg"
          ]
        },
        "question_97": {
          "question_number": 97,
          "correct_option": 1,
          "sds_id": "SDS07AA",
          "subtopic": "Cilia & Flagella",
          "image_filename": "question_97.png",
          "captured": true,
          "explanation": [
            "https://d1iljb9ao69244.cloudfront.net/question_explanations_342016_1668579477156.ogg"
          ]
        },
        "question_98": {
          "question_number": 98,
          "correct_option": 1,
          "sds_id": "SDS07AB",
          "subtopic": "Cilia & Flagella",
          "image_filename": "question_98.png",
          "captured": true,
          "explanation": [
            "https://d2f8z173p7073l.cloudfront.net/1579246386560"
          ]
        },
        "question_99": {
          "question_number": 99,
          "correct_option": 3,
          "sds_id": "SDS07AC",
          "subtopic": "Cilia & Flagella",
          "image_filename": "question_99.png",
          "captured": true,
          "explanation": [
            "https://d1iljb9ao69244.cloudfront.net/250065_1727421237113_785.ogg",
            "https://d2f8z173p7073l.cloudfront.net/1623674002012"
          ]
        },
        "question_100": {
          "question_number": 100,
          "correct_option": 4,
          "sds_id": "SDS07AD",
          "subtopic": "Cilia & Flagella",
          "image_filename": "question_100.png",
          "captured": true,
          "explanation": [
            "https://d1iljb9ao69244.cloudfront.net/119887_1726297699382_286.ogg",
            "https://d2f8z173p7073l.cloudfront.net/1579800928700"
          ]
        },
        "question_101": {
          "question_number": 101,
          "correct_option": 3,
          "sds_id": "SDS07AE",
          "subtopic": "Microbodies",
          "image_filename": "question_101.png",
          "captured": true,
          "explanation": [
            "https://d1iljb9ao69244.cloudfront.net/375832_1689526100657_3.ogg"
          ]
        },
        "question_102": {
          "question_number": 102,
          "correct_option": 3,
          "sds_id": "SDS07AF",
          "subtopic": "Microbodies",
          "image_filename": "question_102.png",
          "captured": true,
          "explanation": [
            "https://d1iljb9ao69244.cloudfront.net/408029_1705052419987_34.ogg"
          ]
        },
        "question_103": {
          "question_number": 103,
          "correct_option": 1,
          "sds_id": "SDS07B0",
          "subtopic": "Ribosome and Inclusion Bodies",
          "image_filename": "question_103.png",
          "captured": true,
          "explanation": [
            "https://d1iljb9ao69244.cloudfront.net/410984_1705904804917_86.ogg"
          ]
        },
        "question_104": {
          "question_number": 104,
          "correct_option": 3,
          "sds_id": "SDS07B1",
          "subtopic": "Ribosome and Inclusion Bodies",
          "image_filename": "question_104.png",
          "captured": true,
          "explanation": [
            "https://d1iljb9ao69244.cloudfront.net/question_explanations_341984_1669123950971.ogg"
          ]
        },
        "question_105": {
          "question_number": 105,
          "correct_option": 2,
          "sds_id": "SDS07B2",
          "subtopic": "Ribosome and Inclusion Bodies",
          "image_filename": "question_105.png",
          "captured": true,
          "explanation": [
            "https://d1iljb9ao69244.cloudfront.net/119867_1726296722231_273.ogg",
            "https://d2f8z173p7073l.cloudfront.net/1579795416786"
          ]
        },
        "question_106": {
          "question_number": 106,
          "correct_option": 2,
          "sds_id": "SDS07B3",
          "subtopic": "Ribosome and Inclusion Bodies",
          "image_filename": "question_106.png",
          "captured": true,
          "explanation": [
            "https://d1iljb9ao69244.cloudfront.net/question_explanations_341995_1668578859891.ogg"
          ]
        },
        "question_107": {
          "question_number": 107,
          "correct_option": 1,
          "sds_id": "SDS07B4",
          "subtopic": "Ribosome and Inclusion Bodies",
          "image_filename": "question_107.png",
          "captured": true,
          "explanation": [
            "https://d1iljb9ao69244.cloudfront.net/408011_1705048118568_17.ogg"
          ]
        },
        "question_108": {
          "question_number": 108,
          "correct_option": 1,
          "sds_id": "SDS07B5",
          "subtopic": "Ribosome and Inclusion Bodies",
          "image_filename": "question_108.png",
          "captured": true,
          "explanation": [
            "https://d1iljb9ao69244.cloudfront.net/375838_1689530102268_9.ogg"
          ]
        },
        "question_109": {
          "question_number": 109,
          "correct_option": 3,
          "sds_id": "SDS07B6",
          "subtopic": "Ribosome and Inclusion Bodies",
          "image_filename": "question_109.png",
          "captured": true,
          "explanation": [
            "https://d1iljb9ao69244.cloudfront.net/question_explanations_342007_1668618688286.ogg"
          ]
        },
        "question_110": {
          "question_number": 110,
          "correct_option": 4,
          "sds_id": "SDS07B7",
          "subtopic": "Ribosome and Inclusion Bodies",
          "image_filename": "question_110.png",
          "captured": true,
          "explanation": [
            "https://d1iljb9ao69244.cloudfront.net/119893_1726297874353_289.ogg",
            "https://d2f8z173p7073l.cloudfront.net/1579801278326"
          ]
        },
        "question_111": {
          "question_number": 111,
          "correct_option": 2,
          "sds_id": "SDS07B8",
          "subtopic": "Endomembrane System (Lysosomes)",
          "image_filename": "question_111.png",
          "captured": true,
          "explanation": [
            "https://d1iljb9ao69244.cloudfront.net/119879_1726297101446_280.ogg",
            "https://d2f8z173p7073l.cloudfront.net/1579796072583"
          ]
        },
        "question_112": {
          "question_number": 112,
          "correct_option": 2,
          "sds_id": "SDS07B9",
          "subtopic": "Endomembrane System (Endoplasmic Reticulum)",
          "image_filename": "question_112.png",
          "captured": true,
          "explanation": [
            "https://d1iljb9ao69244.cloudfront.net/question_explanations_342001_1669133145946.ogg"
          ]
        },
        "question_113": {
          "question_number": 113,
          "correct_option": 2,
          "sds_id": "SDS07BA",
          "subtopic": "Endomembrane System (Endoplasmic Reticulum)",
          "image_filename": "question_113.png",
          "captured": true,
          "explanation": [
            "https://d1iljb9ao69244.cloudfront.net/125547_1726997225108_576.ogg",
            "https://d2f8z173p7073l.cloudfront.net/1583307450199"
          ]
        },
        "question_114": {
          "question_number": 114,
          "correct_option": 4,
          "sds_id": "SDS07BB",
          "subtopic": "Endomembrane System (Endoplasmic Reticulum)",
          "image_filename": "question_114.png",
          "captured": true,
          "explanation": [
            "https://d1iljb9ao69244.cloudfront.net/119877_1726296970203_278.ogg",
            "https://d2f8z173p7073l.cloudfront.net/1579795987108"
          ]
        }
      }
    },
    "Invictus": {
      "name": "Invictus",
      "path": "Invictus/",
      "questions": {
        "question_1": {
          "question_number": 1,
          "correct_option": 4,
          "sds_id": "SDS07E4",
          "subtopic": "Prokaryotic Cell Organisation",
          "image_filename": "question_1.png",
          "captured": true,
          "explanation": [
            "https://d2f8z173p7073l.cloudfront.net/1595681677927"
          ]
        },
        "question_2": {
          "question_number": 2,
          "correct_option": 3,
          "sds_id": "SDS07E5",
          "subtopic": "Prokaryotic Cell Organisation",
          "image_filename": "question_2.png",
          "captured": true,
          "explanation": [
            "https://d2f8z173p7073l.cloudfront.net/1595681130691"
          ]
        },
        "question_3": {
          "question_number": 3,
          "correct_option": 1,
          "sds_id": "SDS07E6",
          "subtopic": "Prokaryotic Cell Organisation",
          "image_filename": "question_3.png",
          "captured": true,
          "explanation": [
            "https://d2f8z173p7073l.cloudfront.net/1595681186758"
          ]
        },
        "question_4": {
          "question_number": 4,
          "correct_option": 1,
          "sds_id": "SDS07E7",
          "subtopic": "Prokaryotic Cell Organisation",
          "image_filename": "question_4.png",
          "captured": true,
          "explanation": [
            "https://d2f8z173p7073l.cloudfront.net/1595681633457"
          ]
        },
        "question_5": {
          "question_number": 5,
          "correct_option": 3,
          "sds_id": "SDS07E8",
          "subtopic": "Bacterial Staining & Shape",
          "image_filename": "question_5.png",
          "captured": true,
          "explanation": [
            "https://d2f8z173p7073l.cloudfront.net/1595681490459"
          ]
        },
        "question_6": {
          "question_number": 6,
          "correct_option": 2,
          "sds_id": "SDS07E9",
          "subtopic": "Eukaryotic Cell Orgenelle",
          "image_filename": "question_6.png",
          "captured": true,
          "explanation": [
            "https://d2f8z173p7073l.cloudfront.net/1595680190181"
          ]
        },
        "question_7": {
          "question_number": 7,
          "correct_option": 3,
          "sds_id": "SDS07EA",
          "subtopic": "Cell Membrane",
          "image_filename": "question_7.png",
          "captured": true,
          "explanation": [
            "https://d2f8z173p7073l.cloudfront.net/1595680014928"
          ]
        },
        "question_8": {
          "question_number": 8,
          "correct_option": 3,
          "sds_id": "SDS07EB",
          "subtopic": "Cell Membrane",
          "image_filename": "question_8.png",
          "captured": true,
          "explanation": [
            "https://d2f8z173p7073l.cloudfront.net/1595679810888"
          ]
        },
        "question_9": {
          "question_number": 9,
          "correct_option": 4,
          "sds_id": "SDS07EC",
          "subtopic": "Mitochondria",
          "image_filename": "question_9.png",
          "captured": true,
          "explanation": [
            "https://d2f8z173p7073l.cloudfront.net/1579944680418"
          ]
        },
        "question_10": {
          "question_number": 10,
          "correct_option": 3,
          "sds_id": "SDS07ED",
          "subtopic": "Mitochondria",
          "image_filename": "question_10.png",
          "captured": true,
          "explanation": [
            "https://d2f8z173p7073l.cloudfront.net/1595679294791"
          ]
        },
        "question_11": {
          "question_number": 11,
          "correct_option": 2,
          "sds_id": "SDS07EE",
          "subtopic": "Cytoskeleton",
          "image_filename": "question_11.png",
          "captured": true,
          "explanation": [
            "https://d2f8z173p7073l.cloudfront.net/1579336853972"
          ]
        },
        "question_12": {
          "question_number": 12,
          "correct_option": 4,
          "sds_id": "SDS07EF",
          "subtopic": "Cytoskeleton",
          "image_filename": "question_12.png",
          "captured": true,
          "explanation": [
            "https://d2f8z173p7073l.cloudfront.net/1595680629630"
          ]
        },
        "question_13": {
          "question_number": 13,
          "correct_option": 3,
          "sds_id": "SDS07F0",
          "subtopic": "Cytoskeleton",
          "image_filename": "question_13.png",
          "captured": true,
          "explanation": [
            "https://d2f8z173p7073l.cloudfront.net/1595680755763"
          ]
        },
        "question_14": {
          "question_number": 14,
          "correct_option": 1,
          "sds_id": "SDS07F1",
          "subtopic": "Cytoskeleton",
          "image_filename": "question_14.png",
          "captured": true,
          "explanation": [
            "https://d2f8z173p7073l.cloudfront.net/1595680692676"
          ]
        },
        "question_15": {
          "question_number": 15,
          "correct_option": 2,
          "sds_id": "SDS07F2",
          "subtopic": "Cilia & Flagella",
          "image_filename": "question_15.png",
          "captured": true,
          "explanation": [
            "https://d2f8z173p7073l.cloudfront.net/1595680959078"
          ]
        },
        "question_16": {
          "question_number": 16,
          "correct_option": 1,
          "sds_id": "SDS07F3",
          "subtopic": "Cilia & Flagella",
          "image_filename": "question_16.png",
          "captured": true,
          "explanation": [
            "https://d2f8z173p7073l.cloudfront.net/1595681007217",
            "https://d2f8z173p7073l.cloudfront.net/1663925028549"
          ]
        },
        "question_17": {
          "question_number": 17,
          "correct_option": 2,
          "sds_id": "SDS07F4",
          "subtopic": "Ribosome and Inclusion Bodies",
          "image_filename": "question_17.png",
          "captured": true,
          "explanation": [
            "https://d2f8z173p7073l.cloudfront.net/1595679395152"
          ]
        }
      }
    }
  },
  "type": "multi_set"
}