{
  "chapter_name": "18 Neural Control and Coordination",
  "sets": {
    "Level 1": {
      "name": "Level 1",
      "path": "Level 1/",
      "questions": {
        "question_1": {
          "question_number": 1,
          "correct_option": 1,
          "sds_id": "SDS0DDB",
          "subtopic": "Nervous System",
          "image_filename": "question_1.png",
          "captured": true,
          "explanation": [
            "https://d1iljb9ao69244.cloudfront.net/346805_1753599387969_WhatsApp%20Ptt%202025-07-27%20at%2011.52.52%20AM.ogg",
            "https://d1iljb9ao69244.cloudfront.net/question_explanations_346805_1671950463437.ogg",
            "https://d1iljb9ao69244.cloudfront.net/346805_1753599387969_WhatsApp"
          ]
        },
        "question_2": {
          "question_number": 2,
          "correct_option": 3,
          "sds_id": "SDS0DDC",
          "subtopic": "Nervous System",
          "image_filename": "question_2.png",
          "captured": true,
          "explanation": [
            "https://d1iljb9ao69244.cloudfront.net/323483_1644345521498_29.ogg"
          ]
        },
        "question_3": {
          "question_number": 3,
          "correct_option": 2,
          "sds_id": "SDS0DDD",
          "subtopic": "Nervous System",
          "image_filename": "question_3.png",
          "captured": true,
          "explanation": [
            "https://d1iljb9ao69244.cloudfront.net/453643_1714481778339_48.ogg"
          ]
        },
        "question_4": {
          "question_number": 4,
          "correct_option": 3,
          "sds_id": "SDS0DDE",
          "subtopic": "Nervous System",
          "image_filename": "question_4.png",
          "captured": true,
          "explanation": [
            "https://d1iljb9ao69244.cloudfront.net/438482_1712644119546_27.ogg"
          ]
        },
        "question_5": {
          "question_number": 5,
          "correct_option": 3,
          "sds_id": "SDS0DDF",
          "subtopic": "Nervous System",
          "image_filename": "question_5.png",
          "captured": true,
          "explanation": [
            "https://d1iljb9ao69244.cloudfront.net/388799_1696580246703_1.ogg"
          ]
        },
        "question_6": {
          "question_number": 6,
          "correct_option": 3,
          "sds_id": "SDS0DE0",
          "subtopic": "Nervous System",
          "image_filename": "question_6.png",
          "captured": true,
          "explanation": [
            "https://d1iljb9ao69244.cloudfront.net/388834_1696587195039_30.ogg"
          ]
        },
        "question_7": {
          "question_number": 7,
          "correct_option": 1,
          "sds_id": "SDS0DE1",
          "subtopic": "Nervous System",
          "image_filename": "question_7.png",
          "captured": true,
          "explanation": [
            "https://d1iljb9ao69244.cloudfront.net/question_explanations_346807_1669194727134.ogg"
          ]
        },
        "question_8": {
          "question_number": 8,
          "correct_option": 3,
          "sds_id": "SDS0DE2",
          "subtopic": "Nervous System",
          "image_filename": "question_8.png",
          "captured": true,
          "explanation": [
            "https://d1iljb9ao69244.cloudfront.net/question_explanations_346808_1669195109786.ogg"
          ]
        },
        "question_9": {
          "question_number": 9,
          "correct_option": 3,
          "sds_id": "SDS0DE3",
          "subtopic": "Nervous System",
          "image_filename": "question_9.png",
          "captured": true,
          "explanation": [
            "https://d1iljb9ao69244.cloudfront.net/126609_1727001278492_613.ogg",
            "https://d2f8z173p7073l.cloudfront.net/1584589085715"
          ]
        },
        "question_10": {
          "question_number": 10,
          "correct_option": 4,
          "sds_id": "SDS0DE4",
          "subtopic": "Nervous System",
          "image_filename": "question_10.png",
          "captured": true,
          "explanation": [
            "https://d2f8z173p7073l.cloudfront.net/1547797956248"
          ]
        },
        "question_11": {
          "question_number": 11,
          "correct_option": 3,
          "sds_id": "SDS0DE5",
          "subtopic": "Nervous System",
          "image_filename": "question_11.png",
          "captured": true,
          "explanation": [
            "https://d1iljb9ao69244.cloudfront.net/126145_1727000872827_606.ogg",
            "https://d2f8z173p7073l.cloudfront.net/1584586656228"
          ]
        },
        "question_12": {
          "question_number": 12,
          "correct_option": 2,
          "sds_id": "SDS0DE6",
          "subtopic": "Nervous System",
          "image_filename": "question_12.png",
          "captured": true,
          "explanation": [
            "https://d1iljb9ao69244.cloudfront.net/413012_1706511772540_94.ogg"
          ]
        },
        "question_13": {
          "question_number": 13,
          "correct_option": 3,
          "sds_id": "SDS0DE7",
          "subtopic": "Nervous System",
          "image_filename": "question_13.png",
          "captured": true,
          "explanation": [
            "https://d1iljb9ao69244.cloudfront.net/126593_1727000968956_608.ogg",
            "https://d2f8z173p7073l.cloudfront.net/1584588957241"
          ]
        },
        "question_14": {
          "question_number": 14,
          "correct_option": 3,
          "sds_id": "SDS0DE8",
          "subtopic": "Origin of Resting Membrane Potential",
          "image_filename": "question_14.png",
          "captured": true,
          "explanation": [
            "https://d1iljb9ao69244.cloudfront.net/446646_1713094734005_39.ogg"
          ]
        },
        "question_15": {
          "question_number": 15,
          "correct_option": 1,
          "sds_id": "SDS0DE9",
          "subtopic": "Origin of Resting Membrane Potential",
          "image_filename": "question_15.png",
          "captured": true,
          "explanation": [
            "https://d1iljb9ao69244.cloudfront.net/question_explanations_346810_1669194065110.ogg"
          ]
        },
        "question_16": {
          "question_number": 16,
          "correct_option": 2,
          "sds_id": "SDS0DEA",
          "subtopic": "Origin of Resting Membrane Potential",
          "image_filename": "question_16.png",
          "captured": true,
          "explanation": [
            "https://d1iljb9ao69244.cloudfront.net/question_explanations_346812_1669194171538.ogg"
          ]
        },
        "question_17": {
          "question_number": 17,
          "correct_option": 1,
          "sds_id": "SDS0DEB",
          "subtopic": "Origin of Resting Membrane Potential",
          "image_filename": "question_17.png",
          "captured": true,
          "explanation": [
            "https://d1iljb9ao69244.cloudfront.net/question_explanations_346813_1669194431479.ogg"
          ]
        },
        "question_18": {
          "question_number": 18,
          "correct_option": 1,
          "sds_id": "SDS0DEC",
          "subtopic": "Origin of Resting Membrane Potential",
          "image_filename": "question_18.png",
          "captured": true,
          "explanation": [
            "https://d1iljb9ao69244.cloudfront.net/question_explanations_346814_1669194248833.ogg"
          ]
        },
        "question_19": {
          "question_number": 19,
          "correct_option": 1,
          "sds_id": "SDS0DED",
          "subtopic": "Origin of Resting Membrane Potential",
          "image_filename": "question_19.png",
          "captured": true,
          "explanation": [
            "https://d1iljb9ao69244.cloudfront.net/346815_1722658553584_25.ogg",
            "https://d1iljb9ao69244.cloudfront.net/question_explanations_346815_1669195192305.ogg"
          ]
        },
        "question_20": {
          "question_number": 20,
          "correct_option": 3,
          "sds_id": "SDS0DEE",
          "subtopic": "Origin of Resting Membrane Potential",
          "image_filename": "question_20.png",
          "captured": true,
          "explanation": [
            "https://d1iljb9ao69244.cloudfront.net/126061_1726999342987_605.ogg",
            "https://d2f8z173p7073l.cloudfront.net/1584588459148"
          ]
        },
        "question_21": {
          "question_number": 21,
          "correct_option": 4,
          "sds_id": "SDS0DEF",
          "subtopic": "Origin of Resting Membrane Potential",
          "image_filename": "question_21.png",
          "captured": true,
          "explanation": [
            "https://d1iljb9ao69244.cloudfront.net/question_explanations_346816_1671950751877.ogg"
          ]
        },
        "question_22": {
          "question_number": 22,
          "correct_option": 2,
          "sds_id": "SDS0DF0",
          "subtopic": "Origin of Resting Membrane Potential",
          "image_filename": "question_22.png",
          "captured": true,
          "explanation": [
            "https://d1iljb9ao69244.cloudfront.net/413011_1706511755905_93.ogg"
          ]
        },
        "question_23": {
          "question_number": 23,
          "correct_option": 1,
          "sds_id": "SDS0DF1",
          "subtopic": "Origin of Resting Membrane Potential",
          "image_filename": "question_23.png",
          "captured": true,
          "explanation": [
            "https://d1iljb9ao69244.cloudfront.net/388810_1696582595144_11.ogg"
          ]
        },
        "question_24": {
          "question_number": 24,
          "correct_option": 2,
          "sds_id": "SDS0DF2",
          "subtopic": "Origin of Resting Membrane Potential",
          "image_filename": "question_24.png",
          "captured": true,
          "explanation": [
            "https://d1iljb9ao69244.cloudfront.net/420619_1708425384424_98.ogg"
          ]
        },
        "question_25": {
          "question_number": 25,
          "correct_option": 4,
          "sds_id": "SDS0DF3",
          "subtopic": "Origin of Resting Membrane Potential",
          "image_filename": "question_25.png",
          "captured": true,
          "explanation": [
            "https://d1iljb9ao69244.cloudfront.net/439269_1712655010253_22.ogg"
          ]
        },
        "question_26": {
          "question_number": 26,
          "correct_option": 1,
          "sds_id": "SDS0DF4",
          "subtopic": "Origin of Resting Membrane Potential",
          "image_filename": "question_26.png",
          "captured": true,
          "explanation": [
            "https://d1iljb9ao69244.cloudfront.net/447194_1713287662589_14.ogg"
          ]
        },
        "question_27": {
          "question_number": 27,
          "correct_option": 1,
          "sds_id": "SDS0DF5",
          "subtopic": "Origin of Resting Membrane Potential",
          "image_filename": "question_27.png",
          "captured": true,
          "explanation": [
            "https://d1iljb9ao69244.cloudfront.net/308385_1727429032913_800.ogg",
            "https://d1iljb9ao69244.cloudfront.net/308385_1639592699027_30.ogg"
          ]
        },
        "question_28": {
          "question_number": 28,
          "correct_option": 2,
          "sds_id": "SDS0DF6",
          "subtopic": "Origin of Resting Membrane Potential",
          "image_filename": "question_28.png",
          "captured": true,
          "explanation": [
            "https://d1iljb9ao69244.cloudfront.net/125558_1726997520716_580.ogg",
            "https://d2f8z173p7073l.cloudfront.net/1583384028019"
          ]
        },
        "question_29": {
          "question_number": 29,
          "correct_option": 1,
          "sds_id": "SDS0DF7",
          "subtopic": "Origin of Resting Membrane Potential",
          "image_filename": "question_29.png",
          "captured": true,
          "explanation": [
            "https://d1iljb9ao69244.cloudfront.net/126596_1727001102622_610.ogg",
            "https://d2f8z173p7073l.cloudfront.net/1584588485543"
          ]
        },
        "question_30": {
          "question_number": 30,
          "correct_option": 2,
          "sds_id": "SDS0DF8",
          "subtopic": "Origin of Resting Membrane Potential",
          "image_filename": "question_30.png",
          "captured": true,
          "explanation": [
            "https://d1iljb9ao69244.cloudfront.net/388832_1696587153667_28.ogg"
          ]
        },
        "question_31": {
          "question_number": 31,
          "correct_option": 2,
          "sds_id": "SDS0DF9",
          "subtopic": "Action Potential",
          "image_filename": "question_31.png",
          "captured": true,
          "explanation": [
            "https://d1iljb9ao69244.cloudfront.net/402828_1703756415469_51.ogg"
          ]
        },
        "question_32": {
          "question_number": 32,
          "correct_option": 3,
          "sds_id": "SDS0DFA",
          "subtopic": "Action Potential",
          "image_filename": "question_32.png",
          "captured": true,
          "explanation": [
            "https://d1iljb9ao69244.cloudfront.net/388809_1696580654721_10.ogg"
          ]
        },
        "question_33": {
          "question_number": 33,
          "correct_option": 2,
          "sds_id": "SDS0DFB",
          "subtopic": "Action Potential",
          "image_filename": "question_33.png",
          "captured": true,
          "explanation": [
            "https://d1iljb9ao69244.cloudfront.net/388807_1696580624479_9.ogg"
          ]
        },
        "question_34": {
          "question_number": 34,
          "correct_option": 3,
          "sds_id": "SDS0DFC",
          "subtopic": "Action Potential",
          "image_filename": "question_34.png",
          "captured": true,
          "explanation": [
            "https://d1iljb9ao69244.cloudfront.net/431639_1711181033815_44.ogg"
          ]
        },
        "question_35": {
          "question_number": 35,
          "correct_option": 2,
          "sds_id": "SDS0DFD",
          "subtopic": "Synapse",
          "image_filename": "question_35.png",
          "captured": true,
          "explanation": [
            "https://d1iljb9ao69244.cloudfront.net/126598_1727001233938_612.ogg",
            "https://d2f8z173p7073l.cloudfront.net/1584588540321"
          ]
        },
        "question_36": {
          "question_number": 36,
          "correct_option": 4,
          "sds_id": "SDS0DFE",
          "subtopic": "Synapse",
          "image_filename": "question_36.png",
          "captured": true,
          "explanation": [
            "https://d1iljb9ao69244.cloudfront.net/388814_1696582687120_14.ogg"
          ]
        },
        "question_37": {
          "question_number": 37,
          "correct_option": 2,
          "sds_id": "SDS0DFF",
          "subtopic": "Synapse",
          "image_filename": "question_37.png",
          "captured": true,
          "explanation": [
            "https://d1iljb9ao69244.cloudfront.net/425238_1709540931261_99.ogg"
          ]
        },
        "question_38": {
          "question_number": 38,
          "correct_option": 1,
          "sds_id": "SDS0E00",
          "subtopic": "Synapse",
          "image_filename": "question_38.png",
          "captured": true,
          "explanation": [
            "https://d1iljb9ao69244.cloudfront.net/443061_1712902115292_19.ogg"
          ]
        },
        "question_39": {
          "question_number": 39,
          "correct_option": 4,
          "sds_id": "SDS0E01",
          "subtopic": "Synapse",
          "image_filename": "question_39.png",
          "captured": true,
          "explanation": [
            "https://d1iljb9ao69244.cloudfront.net/452727_1714306426387_10.ogg"
          ]
        },
        "question_40": {
          "question_number": 40,
          "correct_option": 1,
          "sds_id": "SDS0E02",
          "subtopic": "Neuroanatomy",
          "image_filename": "question_40.png",
          "captured": true,
          "explanation": [
            "https://d1iljb9ao69244.cloudfront.net/388805_1696580529520_7.ogg"
          ]
        },
        "question_41": {
          "question_number": 41,
          "correct_option": 2,
          "sds_id": "SDS0E03",
          "subtopic": "Neuroanatomy",
          "image_filename": "question_41.png",
          "captured": true,
          "explanation": [
            "https://d1iljb9ao69244.cloudfront.net/461596_1721623915794_18.ogg"
          ]
        },
        "question_42": {
          "question_number": 42,
          "correct_option": 3,
          "sds_id": "SDS0E04",
          "subtopic": "Neuroanatomy",
          "image_filename": "question_42.png",
          "captured": true,
          "explanation": [
            "https://d1iljb9ao69244.cloudfront.net/461597_1721623929688_19.ogg"
          ]
        },
        "question_43": {
          "question_number": 43,
          "correct_option": 1,
          "sds_id": "SDS0E05",
          "subtopic": "Neuroanatomy",
          "image_filename": "question_43.png",
          "captured": true,
          "explanation": [
            "https://d1iljb9ao69244.cloudfront.net/question_explanations_334916_1651846555752.ogg"
          ]
        },
        "question_44": {
          "question_number": 44,
          "correct_option": 4,
          "sds_id": "SDS0E06",
          "subtopic": "Hind & Mid Brain",
          "image_filename": "question_44.png",
          "captured": true,
          "explanation": [
            "https://d1iljb9ao69244.cloudfront.net/388817_1696582893148_16.ogg"
          ]
        },
        "question_45": {
          "question_number": 45,
          "correct_option": 4,
          "sds_id": "SDS0E07",
          "subtopic": "Hind & Mid Brain",
          "image_filename": "question_45.png",
          "captured": true,
          "explanation": [
            "https://d1iljb9ao69244.cloudfront.net/402840_1703756573557_60.ogg"
          ]
        },
        "question_46": {
          "question_number": 46,
          "correct_option": 1,
          "sds_id": "SDS0E08",
          "subtopic": "Hind & Mid Brain",
          "image_filename": "question_46.png",
          "captured": true,
          "explanation": [
            "https://d1iljb9ao69244.cloudfront.net/388827_1696587002239_24.ogg"
          ]
        },
        "question_47": {
          "question_number": 47,
          "correct_option": 3,
          "sds_id": "SDS0E09",
          "subtopic": "Hind & Mid Brain",
          "image_filename": "question_47.png",
          "captured": true,
          "explanation": [
            "https://d1iljb9ao69244.cloudfront.net/126203_1727000914693_607.ogg",
            "https://d2f8z173p7073l.cloudfront.net/1584586572701"
          ]
        },
        "question_48": {
          "question_number": 48,
          "correct_option": 1,
          "sds_id": "SDS0E0A",
          "subtopic": "Hind & Mid Brain",
          "image_filename": "question_48.png",
          "captured": true,
          "explanation": [
            "https://d1iljb9ao69244.cloudfront.net/413014_1706511803408_96.ogg"
          ]
        },
        "question_49": {
          "question_number": 49,
          "correct_option": 3,
          "sds_id": "SDS0E0B",
          "subtopic": "Hind & Mid Brain",
          "image_filename": "question_49.png",
          "captured": true,
          "explanation": [
            "https://d1iljb9ao69244.cloudfront.net/388838_1696587243340_33.ogg"
          ]
        },
        "question_50": {
          "question_number": 50,
          "correct_option": 3,
          "sds_id": "SDS0E0C",
          "subtopic": "Hind & Mid Brain",
          "image_filename": "question_50.png",
          "captured": true,
          "explanation": [
            "https://d1iljb9ao69244.cloudfront.net/402835_1703756518450_57.ogg"
          ]
        },
        "question_51": {
          "question_number": 51,
          "correct_option": 1,
          "sds_id": "SDS0E0D",
          "subtopic": "Hind & Mid Brain",
          "image_filename": "question_51.png",
          "captured": true,
          "explanation": [
            "https://d1iljb9ao69244.cloudfront.net/388829_1696587096380_26.ogg"
          ]
        },
        "question_52": {
          "question_number": 52,
          "correct_option": 4,
          "sds_id": "SDS0E0E",
          "subtopic": "Hind & Mid Brain",
          "image_filename": "question_52.png",
          "captured": true,
          "explanation": [
            "https://d1iljb9ao69244.cloudfront.net/388830_1696587116929_27.ogg"
          ]
        },
        "question_53": {
          "question_number": 53,
          "correct_option": 2,
          "sds_id": "SDS0E0F",
          "subtopic": "Hind & Mid Brain",
          "image_filename": "question_53.png",
          "captured": true,
          "explanation": [
            "https://d1iljb9ao69244.cloudfront.net/443064_1712902129692_20.ogg"
          ]
        },
        "question_54": {
          "question_number": 54,
          "correct_option": 2,
          "sds_id": "SDS0E10",
          "subtopic": "Hind & Mid Brain",
          "image_filename": "question_54.png",
          "captured": true,
          "explanation": [
            "https://d1iljb9ao69244.cloudfront.net/126595_1727001028027_609.ogg",
            "https://d2f8z173p7073l.cloudfront.net/1584588829854"
          ]
        },
        "question_55": {
          "question_number": 55,
          "correct_option": 1,
          "sds_id": "SDS0E11",
          "subtopic": "Hind & Mid Brain",
          "image_filename": "question_55.png",
          "captured": true,
          "explanation": [
            "https://d1iljb9ao69244.cloudfront.net/447243_1713289472270_43.ogg"
          ]
        },
        "question_56": {
          "question_number": 56,
          "correct_option": 3,
          "sds_id": "SDS0E12",
          "subtopic": "Diencephalon",
          "image_filename": "question_56.png",
          "captured": true,
          "explanation": [
            "https://d1iljb9ao69244.cloudfront.net/question_explanations_346818_1671275335191.ogg"
          ]
        },
        "question_57": {
          "question_number": 57,
          "correct_option": 1,
          "sds_id": "SDS0E13",
          "subtopic": "Diencephalon",
          "image_filename": "question_57.png",
          "captured": true,
          "explanation": [
            "https://d1iljb9ao69244.cloudfront.net/question_explanations_346819_1671878112500.ogg"
          ]
        },
        "question_58": {
          "question_number": 58,
          "correct_option": 3,
          "sds_id": "SDS0E14",
          "subtopic": "Diencephalon",
          "image_filename": "question_58.png",
          "captured": true,
          "explanation": [
            "https://d1iljb9ao69244.cloudfront.net/126597_1727001176576_611.ogg",
            "https://d2f8z173p7073l.cloudfront.net/1584588771274"
          ]
        },
        "question_59": {
          "question_number": 59,
          "correct_option": 4,
          "sds_id": "SDS0E15",
          "subtopic": "Diencephalon",
          "image_filename": "question_59.png",
          "captured": true,
          "explanation": [
            "https://d1iljb9ao69244.cloudfront.net/question_explanations_337562_1655524927434.ogg"
          ]
        },
        "question_60": {
          "question_number": 60,
          "correct_option": 4,
          "sds_id": "SDS0E16",
          "subtopic": "Cerebrum, EEG & Sleep",
          "image_filename": "question_60.png",
          "captured": true,
          "explanation": [
            "https://d1iljb9ao69244.cloudfront.net/338674_1657389460033_83.ogg"
          ]
        },
        "question_61": {
          "question_number": 61,
          "correct_option": 2,
          "sds_id": "SDS0E17",
          "subtopic": "Fore Brain",
          "image_filename": "question_61.png",
          "captured": true,
          "explanation": [
            "https://d1iljb9ao69244.cloudfront.net/392609_1697798642859_26.ogg"
          ]
        },
        "question_62": {
          "question_number": 62,
          "correct_option": 2,
          "sds_id": "SDS0E18",
          "subtopic": "Fore Brain",
          "image_filename": "question_62.png",
          "captured": true,
          "explanation": [
            "https://d1iljb9ao69244.cloudfront.net/402839_1703756555805_59.ogg"
          ]
        },
        "question_63": {
          "question_number": 63,
          "correct_option": 2,
          "sds_id": "SDS0E19",
          "subtopic": "Fore Brain",
          "image_filename": "question_63.png",
          "captured": true,
          "explanation": [
            "https://d1iljb9ao69244.cloudfront.net/388822_1696583536587_20.ogg"
          ]
        },
        "question_64": {
          "question_number": 64,
          "correct_option": 3,
          "sds_id": "SDS0E1A",
          "subtopic": "Fore Brain",
          "image_filename": "question_64.png",
          "captured": true,
          "explanation": [
            "https://d1iljb9ao69244.cloudfront.net/388820_1696583447812_18.ogg"
          ]
        },
        "question_65": {
          "question_number": 65,
          "correct_option": 4,
          "sds_id": "SDS0E1B",
          "subtopic": "Fore Brain",
          "image_filename": "question_65.png",
          "captured": true,
          "explanation": [
            "https://d1iljb9ao69244.cloudfront.net/388839_1696587266745_34.ogg"
          ]
        },
        "question_66": {
          "question_number": 66,
          "correct_option": 2,
          "sds_id": "SDS0E1C",
          "subtopic": "Fore Brain",
          "image_filename": "question_66.png",
          "captured": true,
          "explanation": [
            "https://d1iljb9ao69244.cloudfront.net/388824_1696586854550_22.ogg"
          ]
        },
        "question_67": {
          "question_number": 67,
          "correct_option": 3,
          "sds_id": "SDS0E1D",
          "subtopic": "Fore Brain",
          "image_filename": "question_67.png",
          "captured": true,
          "explanation": [
            "https://d1iljb9ao69244.cloudfront.net/388823_1696586821947_21.ogg"
          ]
        },
        "question_68": {
          "question_number": 68,
          "correct_option": 3,
          "sds_id": "SDS0E1E",
          "subtopic": "Fore Brain",
          "image_filename": "question_68.png",
          "captured": true,
          "explanation": [
            "https://d1iljb9ao69244.cloudfront.net/433471_1711526203142_31%20(2).ogg",
            "https://d1iljb9ao69244.cloudfront.net/433471_1711526203142_31"
          ]
        },
        "question_69": {
          "question_number": 69,
          "correct_option": 3,
          "sds_id": "SDS0E1F",
          "subtopic": "Fore Brain",
          "image_filename": "question_69.png",
          "captured": true,
          "explanation": [
            "https://d1iljb9ao69244.cloudfront.net/402834_1703756502025_56.ogg"
          ]
        },
        "question_70": {
          "question_number": 70,
          "correct_option": 3,
          "sds_id": "SDS0E20",
          "subtopic": "Fore Brain",
          "image_filename": "question_70.png",
          "captured": true,
          "explanation": [
            "https://d1iljb9ao69244.cloudfront.net/425220_1709539531114_81.ogg"
          ]
        },
        "question_71": {
          "question_number": 71,
          "correct_option": 1,
          "sds_id": "SDS0E21",
          "subtopic": "Fore Brain",
          "image_filename": "question_71.png",
          "captured": true,
          "explanation": [
            "https://d1iljb9ao69244.cloudfront.net/392607_1697798617648_25.ogg"
          ]
        }
      }
    },
    "Level 2": {
      "name": "Level 2",
      "path": "Level 2/",
      "questions": {
        "question_1": {
          "question_number": 1,
          "correct_option": 1,
          "sds_id": "SDS0E3B",
          "subtopic": "Nervous System",
          "image_filename": "question_1.png",
          "captured": true,
          "explanation": [
            "https://d2f8z173p7073l.cloudfront.net/1547794316643"
          ]
        },
        "question_2": {
          "question_number": 2,
          "correct_option": 1,
          "sds_id": "SDS0E3C",
          "subtopic": "Nervous System",
          "image_filename": "question_2.png",
          "captured": true,
          "explanation": [
            "https://d2f8z173p7073l.cloudfront.net/1547794280192"
          ]
        },
        "question_3": {
          "question_number": 3,
          "correct_option": 1,
          "sds_id": "SDS0E3D",
          "subtopic": "Nervous System",
          "image_filename": "question_3.png",
          "captured": true,
          "explanation": [
            "https://d2f8z173p7073l.cloudfront.net/1549078702844"
          ]
        },
        "question_4": {
          "question_number": 4,
          "correct_option": 4,
          "sds_id": "SDS0E3E",
          "subtopic": "Origin of Resting Membrane Potential",
          "image_filename": "question_4.png",
          "captured": true,
          "explanation": [
            "https://d2f8z173p7073l.cloudfront.net/1547793651534"
          ]
        },
        "question_5": {
          "question_number": 5,
          "correct_option": 4,
          "sds_id": "SDS0E3F",
          "subtopic": "Origin of Resting Membrane Potential",
          "image_filename": "question_5.png",
          "captured": true,
          "explanation": [
            "https://d2f8z173p7073l.cloudfront.net/1547793873513"
          ]
        },
        "question_6": {
          "question_number": 6,
          "correct_option": 3,
          "sds_id": "SDS0E40",
          "subtopic": "Action Potential",
          "image_filename": "question_6.png",
          "captured": true,
          "explanation": [
            "https://d2f8z173p7073l.cloudfront.net/1547794502858"
          ]
        },
        "question_7": {
          "question_number": 7,
          "correct_option": 3,
          "sds_id": "SDS0E41",
          "subtopic": "Synapse",
          "image_filename": "question_7.png",
          "captured": true,
          "explanation": [
            "https://d2f8z173p7073l.cloudfront.net/1549078595124"
          ]
        },
        "question_8": {
          "question_number": 8,
          "correct_option": 1,
          "sds_id": "SDS0E42",
          "subtopic": "Synapse",
          "image_filename": "question_8.png",
          "captured": true,
          "explanation": [
            "https://d2f8z173p7073l.cloudfront.net/1547794745144"
          ]
        },
        "question_9": {
          "question_number": 9,
          "correct_option": 1,
          "sds_id": "SDS0E43",
          "subtopic": "Synapse",
          "image_filename": "question_9.png",
          "captured": true,
          "explanation": [
            "https://d2f8z173p7073l.cloudfront.net/1547799498754"
          ]
        },
        "question_10": {
          "question_number": 10,
          "correct_option": 3,
          "sds_id": "SDS0E44",
          "subtopic": "Synapse",
          "image_filename": "question_10.png",
          "captured": true,
          "explanation": [
            "https://d2f8z173p7073l.cloudfront.net/1549078550815"
          ]
        },
        "question_11": {
          "question_number": 11,
          "correct_option": 3,
          "sds_id": "SDS0E45",
          "subtopic": "Synapse",
          "image_filename": "question_11.png",
          "captured": true,
          "explanation": [
            "https://d2f8z173p7073l.cloudfront.net/1547974945564"
          ]
        },
        "question_12": {
          "question_number": 12,
          "correct_option": 2,
          "sds_id": "SDS0E46",
          "subtopic": "Diencephalon",
          "image_filename": "question_12.png",
          "captured": true,
          "explanation": [
            "https://d2f8z173p7073l.cloudfront.net/1547778546898"
          ]
        },
        "question_13": {
          "question_number": 13,
          "correct_option": 1,
          "sds_id": "SDS0E47",
          "subtopic": "Diencephalon",
          "image_filename": "question_13.png",
          "captured": true,
          "explanation": [
            "https://d2f8z173p7073l.cloudfront.net/1547802220381"
          ]
        },
        "question_14": {
          "question_number": 14,
          "correct_option": 3,
          "sds_id": "SDS0E48",
          "subtopic": "Cerebrum, EEG & Sleep",
          "image_filename": "question_14.png",
          "captured": true,
          "explanation": [
            "https://d2f8z173p7073l.cloudfront.net/1547798527743"
          ]
        },
        "question_15": {
          "question_number": 15,
          "correct_option": 1,
          "sds_id": "SDS0E49",
          "subtopic": "Cerebrum, EEG & Sleep",
          "image_filename": "question_15.png",
          "captured": true,
          "explanation": [
            "https://d2f8z173p7073l.cloudfront.net/1547798684355"
          ]
        },
        "question_16": {
          "question_number": 16,
          "correct_option": 2,
          "sds_id": "SDS0E4A",
          "subtopic": "Cerebrum, EEG & Sleep",
          "image_filename": "question_16.png",
          "captured": true,
          "explanation": [
            "https://d2f8z173p7073l.cloudfront.net/1549078674350"
          ]
        },
        "question_17": {
          "question_number": 17,
          "correct_option": 2,
          "sds_id": "SDS0E4B",
          "subtopic": "Cerebrum, EEG & Sleep",
          "image_filename": "question_17.png",
          "captured": true,
          "explanation": [
            "https://d2f8z173p7073l.cloudfront.net/1547793445126"
          ]
        },
        "question_18": {
          "question_number": 18,
          "correct_option": 2,
          "sds_id": "SDS0E4C",
          "subtopic": "Cerebrum, EEG & Sleep",
          "image_filename": "question_18.png",
          "captured": true,
          "explanation": [
            "https://d2f8z173p7073l.cloudfront.net/1547800112240"
          ]
        },
        "question_19": {
          "question_number": 19,
          "correct_option": 4,
          "sds_id": "SDS0E4D",
          "subtopic": "Cerebrum, EEG & Sleep",
          "image_filename": "question_19.png",
          "captured": true,
          "explanation": [
            "https://d2f8z173p7073l.cloudfront.net/1547800224177"
          ]
        }
      }
    },
    "Level 3": {
      "name": "Level 3",
      "path": "Level 3/",
      "questions": {
        "question_1": {
          "question_number": 1,
          "correct_option": 4,
          "sds_id": "SDS0E22",
          "subtopic": "Nervous System",
          "image_filename": "question_1.png",
          "captured": true,
          "explanation": [
            "https://d2f8z173p7073l.cloudfront.net/1547778851572"
          ]
        },
        "question_2": {
          "question_number": 2,
          "correct_option": 3,
          "sds_id": "SDS0E23",
          "subtopic": "Origin of Resting Membrane Potential",
          "image_filename": "question_2.png",
          "captured": true,
          "explanation": [
            "https://d2f8z173p7073l.cloudfront.net/1547798179372"
          ]
        },
        "question_3": {
          "question_number": 3,
          "correct_option": 4,
          "sds_id": "SDS0E24",
          "subtopic": "Origin of Resting Membrane Potential",
          "image_filename": "question_3.png",
          "captured": true,
          "explanation": [
            "https://d2f8z173p7073l.cloudfront.net/1547794001323"
          ]
        },
        "question_4": {
          "question_number": 4,
          "correct_option": 2,
          "sds_id": "SDS0E25",
          "subtopic": "Origin of Resting Membrane Potential",
          "image_filename": "question_4.png",
          "captured": true,
          "explanation": [
            "https://d2f8z173p7073l.cloudfront.net/1584588515802"
          ]
        },
        "question_5": {
          "question_number": 5,
          "correct_option": 1,
          "sds_id": "SDS0E26",
          "subtopic": "Origin of Resting Membrane Potential",
          "image_filename": "question_5.png",
          "captured": true,
          "explanation": [
            "https://d1iljb9ao69244.cloudfront.net/402829_1703756434977_52.ogg"
          ]
        },
        "question_6": {
          "question_number": 6,
          "correct_option": 3,
          "sds_id": "SDS0E27",
          "subtopic": "Origin of Resting Membrane Potential",
          "image_filename": "question_6.png",
          "captured": true,
          "explanation": [
            "https://d1iljb9ao69244.cloudfront.net/429974_1710826574317_27.ogg"
          ]
        },
        "question_7": {
          "question_number": 7,
          "correct_option": 2,
          "sds_id": "SDS0E28",
          "subtopic": "Origin of Resting Membrane Potential",
          "image_filename": "question_7.png",
          "captured": true,
          "explanation": [
            "https://d1iljb9ao69244.cloudfront.net/437251_1712311229791_22.ogg"
          ]
        },
        "question_8": {
          "question_number": 8,
          "correct_option": 3,
          "sds_id": "SDS0E29",
          "subtopic": "Origin of Resting Membrane Potential",
          "image_filename": "question_8.png",
          "captured": true,
          "explanation": [
            "https://d1iljb9ao69244.cloudfront.net/338902_1657730041696_4.ogg"
          ]
        },
        "question_9": {
          "question_number": 9,
          "correct_option": 1,
          "sds_id": "SDS0E2A",
          "subtopic": "Origin of Resting Membrane Potential",
          "image_filename": "question_9.png",
          "captured": true,
          "explanation": [
            "https://d2f8z173p7073l.cloudfront.net/1583384516839"
          ]
        },
        "question_10": {
          "question_number": 10,
          "correct_option": 3,
          "sds_id": "SDS0E2B",
          "subtopic": "Action Potential",
          "image_filename": "question_10.png",
          "captured": true,
          "explanation": [
            "https://d2f8z173p7073l.cloudfront.net/1547793772326"
          ]
        },
        "question_11": {
          "question_number": 11,
          "correct_option": 1,
          "sds_id": "SDS0E2C",
          "subtopic": "Action Potential",
          "image_filename": "question_11.png",
          "captured": true,
          "explanation": [
            "https://d1iljb9ao69244.cloudfront.net/388813_1696582648523_13.ogg"
          ]
        },
        "question_12": {
          "question_number": 12,
          "correct_option": 1,
          "sds_id": "SDS0E2D",
          "subtopic": "Action Potential",
          "image_filename": "question_12.png",
          "captured": true,
          "explanation": [
            "https://d1iljb9ao69244.cloudfront.net/333114_1650646842529_7.ogg"
          ]
        },
        "question_13": {
          "question_number": 13,
          "correct_option": 1,
          "sds_id": "SDS0E2E",
          "subtopic": "Synapse",
          "image_filename": "question_13.png",
          "captured": true,
          "explanation": [
            "https://d2f8z173p7073l.cloudfront.net/1549078991995"
          ]
        },
        "question_14": {
          "question_number": 14,
          "correct_option": 4,
          "sds_id": "SDS0E2F",
          "subtopic": "Synapse",
          "image_filename": "question_14.png",
          "captured": true,
          "explanation": [
            "https://d1iljb9ao69244.cloudfront.net/402830_1703756452764_53.ogg"
          ]
        },
        "question_15": {
          "question_number": 15,
          "correct_option": 3,
          "sds_id": "SDS0E30",
          "subtopic": "Neuroanatomy",
          "image_filename": "question_15.png",
          "captured": true,
          "explanation": [
            "https://d1iljb9ao69244.cloudfront.net/388802_1696580425240_4.ogg"
          ]
        },
        "question_16": {
          "question_number": 16,
          "correct_option": 2,
          "sds_id": "SDS0E31",
          "subtopic": "Neuroanatomy",
          "image_filename": "question_16.png",
          "captured": true,
          "explanation": [
            "https://d1iljb9ao69244.cloudfront.net/388804_1696580492531_6.ogg"
          ]
        },
        "question_17": {
          "question_number": 17,
          "correct_option": 2,
          "sds_id": "SDS0E32",
          "subtopic": "Neuroanatomy",
          "image_filename": "question_17.png",
          "captured": true,
          "explanation": [
            "https://d1iljb9ao69244.cloudfront.net/388806_1696580593542_8.ogg"
          ]
        },
        "question_18": {
          "question_number": 18,
          "correct_option": 2,
          "sds_id": "SDS0E33",
          "subtopic": "Neuroanatomy",
          "image_filename": "question_18.png",
          "captured": true,
          "explanation": [
            "https://d1iljb9ao69244.cloudfront.net/420623_1709208096872_73.ogg"
          ]
        },
        "question_19": {
          "question_number": 19,
          "correct_option": 1,
          "sds_id": "SDS0E34",
          "subtopic": "Neuroanatomy",
          "image_filename": "question_19.png",
          "captured": true,
          "explanation": [
            "https://d1iljb9ao69244.cloudfront.net/436346_1712126282504_18.ogg"
          ]
        },
        "question_20": {
          "question_number": 20,
          "correct_option": 3,
          "sds_id": "SDS0E35",
          "subtopic": "Neuroanatomy",
          "image_filename": "question_20.png",
          "captured": true,
          "explanation": [
            "https://d1iljb9ao69244.cloudfront.net/323485_1644345548416_31.ogg"
          ]
        },
        "question_21": {
          "question_number": 21,
          "correct_option": 2,
          "sds_id": "SDS0E36",
          "subtopic": "Diencephalon",
          "image_filename": "question_21.png",
          "captured": true,
          "explanation": [
            "https://d2f8z173p7073l.cloudfront.net/1547802756565"
          ]
        },
        "question_22": {
          "question_number": 22,
          "correct_option": 3,
          "sds_id": "SDS0E37",
          "subtopic": "Cerebrum, EEG & Sleep",
          "image_filename": "question_22.png",
          "captured": true,
          "explanation": [
            "https://d2f8z173p7073l.cloudfront.net/1547799902256"
          ]
        },
        "question_23": {
          "question_number": 23,
          "correct_option": 2,
          "sds_id": "SDS0E38",
          "subtopic": "Fore Brain",
          "image_filename": "question_23.png",
          "captured": true,
          "explanation": [
            "https://d1iljb9ao69244.cloudfront.net/429975_1710826598244_28.ogg"
          ]
        },
        "question_24": {
          "question_number": 24,
          "correct_option": 1,
          "sds_id": "SDS0E39",
          "subtopic": "Fore Brain",
          "image_filename": "question_24.png",
          "captured": true,
          "explanation": [
            "https://d1iljb9ao69244.cloudfront.net/452730_1714306808146_12.ogg"
          ]
        },
        "question_25": {
          "question_number": 25,
          "correct_option": 2,
          "sds_id": "SDS0E3A",
          "subtopic": "Fore Brain",
          "image_filename": "question_25.png",
          "captured": true,
          "explanation": [
            "https://d1iljb9ao69244.cloudfront.net/452728_1714306794066_11.ogg"
          ]
        }
      }
    }
  },
  "type": "multi_set"
}