{
  "chapter_no": 15,
  "chapter_name": "Body Fluids and Circulation",
  "section_name": "Invictus- Body Fluids and Circulation",
  "total_questions": 30,
  "questions": {
    "question_1": {
      "question_number": 1,
      "correct_option": 3,
      "sds_id": "SDS0C65",
      "subtopic": "Blood: Blood Group",
      "image_filename": "question_1.png",
      "captured": true,
      "explanation": [
        "https://d2f8z173p7073l.cloudfront.net/1549017849871"
      ]
    },
    "question_2": {
      "question_number": 2,
      "correct_option": 1,
      "sds_id": "SDS0C66",
      "subtopic": "Blood: Blood Clotting",
      "image_filename": "question_2.png",
      "captured": true,
      "explanation": [
        "https://d2f8z173p7073l.cloudfront.net/1547961095082"
      ]
    },
    "question_3": {
      "question_number": 3,
      "correct_option": 1,
      "sds_id": "SDS0C67",
      "subtopic": "Blood: Blood Clotting",
      "image_filename": "question_3.png",
      "captured": true,
      "explanation": [
        "https://d2f8z173p7073l.cloudfront.net/1549017911702"
      ]
    },
    "question_4": {
      "question_number": 4,
      "correct_option": 4,
      "sds_id": "SDS0C68",
      "subtopic": "Blood: Blood Clotting",
      "image_filename": "question_4.png",
      "captured": true,
      "explanation": [
        "https://d2f8z173p7073l.cloudfront.net/1547961457437"
      ]
    },
    "question_5": {
      "question_number": 5,
      "correct_option": 4,
      "sds_id": "SDS0C69",
      "subtopic": "Blood: Blood Clotting",
      "image_filename": "question_5.png",
      "captured": true,
      "explanation": [
        "https://d2f8z173p7073l.cloudfront.net/1547971203051"
      ]
    },
    "question_6": {
      "question_number": 6,
      "correct_option": 2,
      "sds_id": "SDS0C6A",
      "subtopic": "Human Heart: Gross Anatomy",
      "image_filename": "question_6.png",
      "captured": true,
      "explanation": [
        "https://d2f8z173p7073l.cloudfront.net/1547961260342"
      ]
    },
    "question_7": {
      "question_number": 7,
      "correct_option": 2,
      "sds_id": "SDS0C6B",
      "subtopic": "Human Heart: Gross Anatomy",
      "image_filename": "question_7.png",
      "captured": true,
      "explanation": [
        "https://d2f8z173p7073l.cloudfront.net/1547966124792"
      ]
    },
    "question_8": {
      "question_number": 8,
      "correct_option": 2,
      "sds_id": "SDS0C6C",
      "subtopic": "Human Heart: Double Circulation",
      "image_filename": "question_8.png",
      "captured": true,
      "explanation": [
        "https://d2f8z173p7073l.cloudfront.net/1583250293906",
        "https://www.youtube.com/embed/oz751CxfJI4?rel=0&amp;modestbranding=1&amp;loop=1&amp;playlist=oz751CxfJI4&amp;start=2947&amp;end=3118",
        "https://www.youtube.com/embed/oz751CxfJI4?rel=0&modestbranding=1&loop=1&playlist=oz751CxfJI4&start=2947&end=3118"
      ]
    },
    "question_9": {
      "question_number": 9,
      "correct_option": 1,
      "sds_id": "SDS0C6D",
      "subtopic": "Human Heart: Double Circulation",
      "image_filename": "question_9.png",
      "captured": true,
      "explanation": [
        "https://d2f8z173p7073l.cloudfront.net/1547961722538"
      ]
    },
    "question_10": {
      "question_number": 10,
      "correct_option": 3,
      "sds_id": "SDS0C6E",
      "subtopic": "Human Heart: Double Circulation",
      "image_filename": "question_10.png",
      "captured": true,
      "explanation": [
        "https://d2f8z173p7073l.cloudfront.net/1549021513533"
      ]
    },
    "question_11": {
      "question_number": 11,
      "correct_option": 3,
      "sds_id": "SDS0C6F",
      "subtopic": "Human Heart: Double Circulation",
      "image_filename": "question_11.png",
      "captured": true,
      "explanation": [
        "https://d2f8z173p7073l.cloudfront.net/1547965190716"
      ]
    },
    "question_12": {
      "question_number": 12,
      "correct_option": 2,
      "sds_id": "SDS0C70",
      "subtopic": "Human Heart: Double Circulation",
      "image_filename": "question_12.png",
      "captured": true,
      "explanation": [
        "https://d2f8z173p7073l.cloudfront.net/1549021450364"
      ]
    },
    "question_13": {
      "question_number": 13,
      "correct_option": 1,
      "sds_id": "SDS0C71",
      "subtopic": "Human Heart: Cardiac Cycle",
      "image_filename": "question_13.png",
      "captured": true,
      "explanation": [
        "https://d2f8z173p7073l.cloudfront.net/1547962167355"
      ]
    },
    "question_14": {
      "question_number": 14,
      "correct_option": 3,
      "sds_id": "SDS0C72",
      "subtopic": "Human Heart: Cardiac Cycle",
      "image_filename": "question_14.png",
      "captured": true,
      "explanation": [
        "https://d2f8z173p7073l.cloudfront.net/1547966544302"
      ]
    },
    "question_15": {
      "question_number": 15,
      "correct_option": 1,
      "sds_id": "SDS0C73",
      "subtopic": "Human Heart: Cardiac Cycle",
      "image_filename": "question_15.png",
      "captured": true,
      "explanation": [
        "https://d2f8z173p7073l.cloudfront.net/1549021381290"
      ]
    },
    "question_16": {
      "question_number": 16,
      "correct_option": 2,
      "sds_id": "SDS0C74",
      "subtopic": "Human Heart: Cardiac Cycle",
      "image_filename": "question_16.png",
      "captured": true,
      "explanation": [
        "https://d2f8z173p7073l.cloudfront.net/1549021619952"
      ]
    },
    "question_17": {
      "question_number": 17,
      "correct_option": 4,
      "sds_id": "SDS0C75",
      "subtopic": "ECG & Coronary Artery Disease",
      "image_filename": "question_17.png",
      "captured": true,
      "explanation": [
        "https://d2f8z173p7073l.cloudfront.net/1547961334386"
      ]
    },
    "question_18": {
      "question_number": 18,
      "correct_option": 4,
      "sds_id": "SDS0C76",
      "subtopic": "Atherosclerosis, Hypertension & Ventricular Fibrillation",
      "image_filename": "question_18.png",
      "captured": true,
      "explanation": [
        "https://d2f8z173p7073l.cloudfront.net/1547962247623"
      ]
    },
    "question_19": {
      "question_number": 19,
      "correct_option": 2,
      "sds_id": "SDS0C77",
      "subtopic": "Atherosclerosis, Hypertension & Ventricular Fibrillation",
      "image_filename": "question_19.png",
      "captured": true,
      "explanation": [
        "https://d2f8z173p7073l.cloudfront.net/1549021727611"
      ]
    },
    "question_20": {
      "question_number": 20,
      "correct_option": 4,
      "sds_id": "SDS0C78",
      "subtopic": "Atherosclerosis, Hypertension & Ventricular Fibrillation",
      "image_filename": "question_20.png",
      "captured": true,
      "explanation": [
        "https://d2f8z173p7073l.cloudfront.net/1547961819418"
      ]
    },
    "question_21": {
      "question_number": 21,
      "correct_option": 3,
      "sds_id": "SDS0C79",
      "subtopic": "Lymph",
      "image_filename": "question_21.png",
      "captured": true,
      "explanation": [
        "https://d2f8z173p7073l.cloudfront.net/1547960785032"
      ]
    },
    "question_22": {
      "question_number": 22,
      "correct_option": 1,
      "sds_id": "SDS0C7A",
      "subtopic": "Regulation of Cardiac Activity",
      "image_filename": "question_22.png",
      "captured": true,
      "explanation": [
        "https://d2f8z173p7073l.cloudfront.net/1549021668196"
      ]
    },
    "question_23": {
      "question_number": 23,
      "correct_option": 2,
      "sds_id": "SDS0C7B",
      "subtopic": "Regulation of Cardiac Activity",
      "image_filename": "question_23.png",
      "captured": true,
      "explanation": [
        "https://d2f8z173p7073l.cloudfront.net/1547966582450"
      ]
    },
    "question_24": {
      "question_number": 24,
      "correct_option": 3,
      "sds_id": "SDS0C7C",
      "subtopic": "Blood: General Description & RBC",
      "image_filename": "question_24.png",
      "captured": true,
      "explanation": [
        "https://d2f8z173p7073l.cloudfront.net/1585129206388"
      ]
    },
    "question_25": {
      "question_number": 25,
      "correct_option": 4,
      "sds_id": "SDS0C7D",
      "subtopic": "Blood: General Description & RBC",
      "image_filename": "question_25.png",
      "captured": true,
      "explanation": [
        "https://d2f8z173p7073l.cloudfront.net/1547971297092"
      ]
    },
    "question_26": {
      "question_number": 26,
      "correct_option": 4,
      "sds_id": "SDS0C7E",
      "subtopic": "Blood: General Description & RBC",
      "image_filename": "question_26.png",
      "captured": true,
      "explanation": [
        "https://d2f8z173p7073l.cloudfront.net/1549017743015"
      ]
    },
    "question_27": {
      "question_number": 27,
      "correct_option": 1,
      "sds_id": "SDS0C7F",
      "subtopic": "Blood: General Description & RBC",
      "image_filename": "question_27.png",
      "captured": true,
      "explanation": [
        "https://d2f8z173p7073l.cloudfront.net/1549017783890"
      ]
    },
    "question_28": {
      "question_number": 28,
      "correct_option": 2,
      "sds_id": "SDS0C80",
      "subtopic": "Blood: General Description & RBC",
      "image_filename": "question_28.png",
      "captured": true,
      "explanation": [
        "https://d2f8z173p7073l.cloudfront.net/1547961500191"
      ]
    },
    "question_29": {
      "question_number": 29,
      "correct_option": 2,
      "sds_id": "SDS0C81",
      "subtopic": "Blood: General Description & RBC",
      "image_filename": "question_29.png",
      "captured": true,
      "explanation": [
        "https://d2f8z173p7073l.cloudfront.net/1547962394896"
      ]
    },
    "question_30": {
      "question_number": 30,
      "correct_option": 2,
      "sds_id": "SDS0C82",
      "subtopic": "Blood: General Description & RBC",
      "image_filename": "question_30.png",
      "captured": true,
      "explanation": [
        "https://d2f8z173p7073l.cloudfront.net/1547970690769"
      ]
    }
  }
}