{
  "chapter_number": 10,
  "chapter_name": "Wave Optics",
  "section_name": "HC Verma",
  "total_questions": 23,
  "questions": {
    "question_1": {
      "question_number": 1,
      "correct_option": 3,
      "sds_id": "SDS02DD",
      "subtopic": "Direct Page Capture",
      "image_filename": "question_1.png",
      "captured": true,
      "explanation": [
        "https://www.youtube.com/watch?v=JcPg3JSzobs"
      ]
    },
    "question_2": {
      "question_number": 2,
      "correct_option": 4,
      "sds_id": "SDS02DE",
      "subtopic": "Direct Page Capture",
      "image_filename": "question_2.png",
      "captured": true,
      "explanation": [
        "https://www.youtube.com/watch?v=Xw0a3z281FU"
      ]
    },
    "question_3": {
      "question_number": 3,
      "correct_option": 3,
      "sds_id": "SDS02DF",
      "subtopic": "Direct Page Capture",
      "image_filename": "question_3.png",
      "captured": true,
      "explanation": [
        "https://www.youtube.com/watch?v=fvdYUTJFanI"
      ]
    },
    "question_4": {
      "question_number": 4,
      "correct_option": 2,
      "sds_id": "SDS02E0",
      "subtopic": "Direct Page Capture",
      "image_filename": "question_4.png",
      "captured": true,
      "explanation": [
        "https://www.youtube.com/watch?v=haA1GY3x1To"
      ]
    },
    "question_5": {
      "question_number": 5,
      "correct_option": 1,
      "sds_id": "SDS02E1",
      "subtopic": "Direct Page Capture",
      "image_filename": "question_5.png",
      "captured": true,
      "explanation": [
        "https://www.youtube.com/watch?v=F126R490oWo"
      ]
    },
    "question_6": {
      "question_number": 6,
      "correct_option": 4,
      "sds_id": "SDS02E2",
      "subtopic": "Direct Page Capture",
      "image_filename": "question_6.png",
      "captured": true,
      "explanation": [
        "https://www.youtube.com/watch?v=gDJPMppU29w"
      ]
    },
    "question_7": {
      "question_number": 7,
      "correct_option": 4,
      "sds_id": "SDS02E3",
      "subtopic": "Direct Page Capture",
      "image_filename": "question_7.png",
      "captured": true,
      "explanation": [
        "https://www.youtube.com/watch?v=eS8WQj7qr7s"
      ]
    },
    "question_8": {
      "question_number": 8,
      "correct_option": 1,
      "sds_id": "SDS02E4",
      "subtopic": "Direct Page Capture",
      "image_filename": "question_8.png",
      "captured": true,
      "explanation": [
        "https://www.youtube.com/watch?v=HDUIXMOyRb4"
      ]
    },
    "question_9": {
      "question_number": 9,
      "correct_option": 1,
      "sds_id": "SDS02E5",
      "subtopic": "Direct Page Capture",
      "image_filename": "question_9.png",
      "captured": true,
      "explanation": [
        "https://www.youtube.com/watch?v=waUQqQJPwhg"
      ]
    },
    "question_10": {
      "question_number": 10,
      "correct_option": 4,
      "sds_id": "SDS02E6",
      "subtopic": "Direct Page Capture",
      "image_filename": "question_10.png",
      "captured": true,
      "explanation": [
        "https://www.youtube.com/watch?v=BDdMzzv51J4"
      ]
    },
    "question_11": {
      "question_number": 11,
      "correct_option": 4,
      "sds_id": "SDS02E7",
      "subtopic": "Direct Page Capture",
      "image_filename": "question_11.png",
      "captured": true,
      "explanation": [
        "https://www.youtube.com/watch?v=3UIrV0Q7hPI"
      ]
    },
    "question_12": {
      "question_number": 12,
      "correct_option": 3,
      "sds_id": "SDS02E8",
      "subtopic": "Direct Page Capture",
      "image_filename": "question_12.png",
      "captured": true,
      "explanation": [
        "https://www.youtube.com/watch?v=Qv98D9q7Xio"
      ]
    },
    "question_13": {
      "question_number": 13,
      "correct_option": 2,
      "sds_id": "SDS02E9",
      "subtopic": "Direct Page Capture",
      "image_filename": "question_13.png",
      "captured": true,
      "explanation": [
        "https://www.youtube.com/watch?v=4fU_AMWTOdg"
      ]
    },
    "question_14": {
      "question_number": 14,
      "correct_option": 3,
      "sds_id": "SDS02EA",
      "subtopic": "Direct Page Capture",
      "image_filename": "question_14.png",
      "captured": true,
      "explanation": [
        "https://www.youtube.com/watch?v=ibRb8sYD_44"
      ]
    },
    "question_15": {
      "question_number": 15,
      "correct_option": 1,
      "sds_id": "SDS02EB",
      "subtopic": "Direct Page Capture",
      "image_filename": "question_15.png",
      "captured": true,
      "explanation": [
        "https://www.youtube.com/watch?v=e6y13LqYFOA"
      ]
    },
    "question_16": {
      "question_number": 16,
      "correct_option": 3,
      "sds_id": "SDS02EC",
      "subtopic": "Direct Page Capture",
      "image_filename": "question_16.png",
      "captured": true,
      "explanation": [
        "https://www.youtube.com/watch?v=73T0W23CWZg"
      ]
    },
    "question_17": {
      "question_number": 17,
      "correct_option": 2,
      "sds_id": "SDS02ED",
      "subtopic": "Direct Page Capture",
      "image_filename": "question_17.png",
      "captured": true,
      "explanation": [
        "https://www.youtube.com/watch?v=wbP-fTaXOIc"
      ]
    },
    "question_18": {
      "question_number": 18,
      "correct_option": 3,
      "sds_id": "SDS02EE",
      "subtopic": "Direct Page Capture",
      "image_filename": "question_18.png",
      "captured": true,
      "explanation": [
        "https://www.youtube.com/watch?v=ox5ewik4eQs"
      ]
    },
    "question_19": {
      "question_number": 19,
      "correct_option": 4,
      "sds_id": "SDS02EF",
      "subtopic": "Direct Page Capture",
      "image_filename": "question_19.png",
      "captured": true,
      "explanation": []
    },
    "question_20": {
      "question_number": 20,
      "correct_option": 1,
      "sds_id": "SDS02F0",
      "subtopic": "Direct Page Capture",
      "image_filename": "question_20.png",
      "captured": true,
      "explanation": [
        "https://www.youtube.com/watch?v=rTjVRDVMq_w"
      ]
    },
    "question_21": {
      "question_number": 21,
      "correct_option": 2,
      "sds_id": "SDS02F1",
      "subtopic": "Direct Page Capture",
      "image_filename": "question_21.png",
      "captured": true,
      "explanation": [
        "https://www.youtube.com/watch?v=xGXUwfz4_TY"
      ]
    },
    "question_22": {
      "question_number": 22,
      "correct_option": 3,
      "sds_id": "SDS02F2",
      "subtopic": "Direct Page Capture",
      "image_filename": "question_22.png",
      "captured": true,
      "explanation": [
        "https://www.youtube.com/watch?v=rpBHaWY1WOY"
      ]
    },
    "question_23": {
      "question_number": 23,
      "correct_option": 4,
      "sds_id": "SDS02F3",
      "subtopic": "Direct Page Capture",
      "image_filename": "question_23.png",
      "captured": true,
      "explanation": [
        "https://www.youtube.com/watch?v=jBGmVLPij88"
      ]
    }
  }
}