{
  "chapter_no": 4,
  "chapter_name": "Animal Kingdom",
  "section_name": "Animal Kingdom (160 MCQs)",
  "total_questions": 159,
  "questions": {
    "question_1": {
      "question_number": 1,
      "correct_option": 2,
      "sds_id": "SDS048A",
      "subtopic": "Phylum Porifera",
      "image_filename": "question_1.png",
      "captured": true,
      "explanation": [
        "https://d1iljb9ao69244.cloudfront.net/question_explanations_340423_1667613933738.ogg"
      ]
    },
    "question_2": {
      "question_number": 2,
      "correct_option": 1,
      "sds_id": "SDS048B",
      "subtopic": "Phylum Porifera",
      "image_filename": "question_2.png",
      "captured": true,
      "explanation": [
        "https://d1iljb9ao69244.cloudfront.net/120474_1726311124902_297.ogg",
        "https://d2f8z173p7073l.cloudfront.net/1580034360336"
      ]
    },
    "question_3": {
      "question_number": 3,
      "correct_option": 1,
      "sds_id": "SDS048C",
      "subtopic": "Phylum Porifera",
      "image_filename": "question_3.png",
      "captured": true,
      "explanation": [
        "https://d1iljb9ao69244.cloudfront.net/120487_1726311453293_299.ogg",
        "https://d2f8z173p7073l.cloudfront.net/1580035083529"
      ]
    },
    "question_4": {
      "question_number": 4,
      "correct_option": 4,
      "sds_id": "SDS048D",
      "subtopic": "Phylum Porifera",
      "image_filename": "question_4.png",
      "captured": true,
      "explanation": [
        "https://d1iljb9ao69244.cloudfront.net/120510_1726383265125_306.ogg",
        "https://d2f8z173p7073l.cloudfront.net/1580036253604"
      ]
    },
    "question_5": {
      "question_number": 5,
      "correct_option": 4,
      "sds_id": "SDS048E",
      "subtopic": "Phylum Porifera",
      "image_filename": "question_5.png",
      "captured": true,
      "explanation": [
        "https://d1iljb9ao69244.cloudfront.net/question_explanations_340434_1667615531592.ogg"
      ]
    },
    "question_6": {
      "question_number": 6,
      "correct_option": 1,
      "sds_id": "SDS048F",
      "subtopic": "Phylum Porifera",
      "image_filename": "question_6.png",
      "captured": true,
      "explanation": [
        "https://d1iljb9ao69244.cloudfront.net/420546_1708423446237_54.ogg"
      ]
    },
    "question_7": {
      "question_number": 7,
      "correct_option": 2,
      "sds_id": "SDS0490",
      "subtopic": "Phylum Porifera",
      "image_filename": "question_7.png",
      "captured": true,
      "explanation": [
        "https://www.youtube-nocookie.com/embed/uSxPOlZ4U-4?rel=0"
      ]
    },
    "question_8": {
      "question_number": 8,
      "correct_option": 1,
      "sds_id": "SDS0491",
      "subtopic": "Phylum Porifera",
      "image_filename": "question_8.png",
      "captured": true,
      "explanation": [
        "https://d1iljb9ao69244.cloudfront.net/461297_1718532068117_183.ogg"
      ]
    },
    "question_9": {
      "question_number": 9,
      "correct_option": 3,
      "sds_id": "SDS0492",
      "subtopic": "Phylum Coelenterata",
      "image_filename": "question_9.png",
      "captured": true,
      "explanation": [
        "https://d1iljb9ao69244.cloudfront.net/question_explanations_340435_1667615994361.ogg",
        "https://dsbihjlymzdyy.cloudfront.net/bio_images/all/Diagrams%20in%20Svg%20form%2FAnimal%20Kingdom%2F340435.svg.svg"
      ]
    },
    "question_10": {
      "question_number": 10,
      "correct_option": 4,
      "sds_id": "SDS0493",
      "subtopic": "Phylum Coelenterata",
      "image_filename": "question_10.png",
      "captured": true,
      "explanation": [
        "https://d1iljb9ao69244.cloudfront.net/question_explanations_340436_1667616081883.ogg"
      ]
    },
    "question_11": {
      "question_number": 11,
      "correct_option": 1,
      "sds_id": "SDS0494",
      "subtopic": "Phylum Coelenterata",
      "image_filename": "question_11.png",
      "captured": true,
      "explanation": [
        "https://d1iljb9ao69244.cloudfront.net/420547_1709199701737_54.ogg"
      ]
    },
    "question_12": {
      "question_number": 12,
      "correct_option": 1,
      "sds_id": "SDS0495",
      "subtopic": "Phylum Coelenterata",
      "image_filename": "question_12.png",
      "captured": true,
      "explanation": [
        "https://d1iljb9ao69244.cloudfront.net/368667_1687233188603_65.ogg"
      ]
    },
    "question_13": {
      "question_number": 13,
      "correct_option": 3,
      "sds_id": "SDS0496",
      "subtopic": "Phylum Coelenterata",
      "image_filename": "question_13.png",
      "captured": true,
      "explanation": [
        "https://d1iljb9ao69244.cloudfront.net/question_explanations_340437_1668180213600.ogg"
      ]
    },
    "question_14": {
      "question_number": 14,
      "correct_option": 2,
      "sds_id": "SDS0497",
      "subtopic": "Phylum Coelenterata",
      "image_filename": "question_14.png",
      "captured": true,
      "explanation": [
        "https://d1iljb9ao69244.cloudfront.net/question_explanations_340438_1668180427349.ogg"
      ]
    },
    "question_15": {
      "question_number": 15,
      "correct_option": 1,
      "sds_id": "SDS0498",
      "subtopic": "Phylum Coelenterata",
      "image_filename": "question_15.png",
      "captured": true,
      "explanation": [
        "https://d1iljb9ao69244.cloudfront.net/question_explanations_340439_1668180677616.ogg"
      ]
    },
    "question_16": {
      "question_number": 16,
      "correct_option": 4,
      "sds_id": "SDS0499",
      "subtopic": "Phylum Coelenterata",
      "image_filename": "question_16.png",
      "captured": true,
      "explanation": [
        "https://d1iljb9ao69244.cloudfront.net/396541_1700888186849_61.ogg"
      ]
    },
    "question_17": {
      "question_number": 17,
      "correct_option": 2,
      "sds_id": "SDS049A",
      "subtopic": "Phylum Coelenterata",
      "image_filename": "question_17.png",
      "captured": true,
      "explanation": [
        "https://d1iljb9ao69244.cloudfront.net/450785_1714047557235_47.ogg"
      ]
    },
    "question_18": {
      "question_number": 18,
      "correct_option": 3,
      "sds_id": "SDS049B",
      "subtopic": "Phylum Ctenophora",
      "image_filename": "question_18.png",
      "captured": true,
      "explanation": [
        "https://d1iljb9ao69244.cloudfront.net/120469_1726310886800_296.ogg",
        "https://d2f8z173p7073l.cloudfront.net/1580033707277"
      ]
    },
    "question_19": {
      "question_number": 19,
      "correct_option": 4,
      "sds_id": "SDS049C",
      "subtopic": "Phylum Ctenophora",
      "image_filename": "question_19.png",
      "captured": true,
      "explanation": [
        "https://d1iljb9ao69244.cloudfront.net/425225_1709539597079_86.ogg"
      ]
    },
    "question_20": {
      "question_number": 20,
      "correct_option": 2,
      "sds_id": "SDS049D",
      "subtopic": "Phylum Ctenophora",
      "image_filename": "question_20.png",
      "captured": true,
      "explanation": [
        "https://d1iljb9ao69244.cloudfront.net/437226_1712308998770_3.ogg"
      ]
    },
    "question_21": {
      "question_number": 21,
      "correct_option": 4,
      "sds_id": "SDS049E",
      "subtopic": "Phylum Ctenophora",
      "image_filename": "question_21.png",
      "captured": true,
      "explanation": [
        "https://d1iljb9ao69244.cloudfront.net/396543_1700888206051_62.ogg"
      ]
    },
    "question_22": {
      "question_number": 22,
      "correct_option": 3,
      "sds_id": "SDS049F",
      "subtopic": "Phylum Ctenophora",
      "image_filename": "question_22.png",
      "captured": true,
      "explanation": [
        "https://d1iljb9ao69244.cloudfront.net/461299_1718531652228_171.ogg"
      ]
    },
    "question_23": {
      "question_number": 23,
      "correct_option": 1,
      "sds_id": "SDS04A0",
      "subtopic": "Phylum Ctenophora",
      "image_filename": "question_23.png",
      "captured": true,
      "explanation": [
        "https://d1iljb9ao69244.cloudfront.net/121626_1726830245147_442.ogg",
        "https://d2f8z173p7073l.cloudfront.net/1580442909626"
      ]
    },
    "question_24": {
      "question_number": 24,
      "correct_option": 2,
      "sds_id": "SDS04A1",
      "subtopic": "Phylum Aschelminthes",
      "image_filename": "question_24.png",
      "captured": true,
      "explanation": [
        "https://www.youtube-nocookie.com/embed/HbjZLnsLxWs?rel=0"
      ]
    },
    "question_25": {
      "question_number": 25,
      "correct_option": 1,
      "sds_id": "SDS04A2",
      "subtopic": "Phylum Aschelminthes",
      "image_filename": "question_25.png",
      "captured": true,
      "explanation": [
        "https://d1iljb9ao69244.cloudfront.net/446643_1713094693260_36.ogg"
      ]
    },
    "question_26": {
      "question_number": 26,
      "correct_option": 2,
      "sds_id": "SDS04A3",
      "subtopic": "Phylum Aschelminthes",
      "image_filename": "question_26.png",
      "captured": true,
      "explanation": [
        "https://d1iljb9ao69244.cloudfront.net/question_explanations_340445_1668218305319.ogg",
        "https://d2f8z173p7073l.cloudfront.net/1668217763065"
      ]
    },
    "question_27": {
      "question_number": 27,
      "correct_option": 2,
      "sds_id": "SDS04A4",
      "subtopic": "Phylum Aschelminthes",
      "image_filename": "question_27.png",
      "captured": true,
      "explanation": [
        "https://d1iljb9ao69244.cloudfront.net/120522_1726383384213_308.ogg",
        "https://d2f8z173p7073l.cloudfront.net/1580037028986"
      ]
    },
    "question_28": {
      "question_number": 28,
      "correct_option": 4,
      "sds_id": "SDS04A5",
      "subtopic": "Phylum Aschelminthes",
      "image_filename": "question_28.png",
      "captured": true,
      "explanation": [
        "https://d1iljb9ao69244.cloudfront.net/120484_1726311338130_298.ogg",
        "https://d2f8z173p7073l.cloudfront.net/1580034963371"
      ]
    },
    "question_29": {
      "question_number": 29,
      "correct_option": 4,
      "sds_id": "SDS04A6",
      "subtopic": "Phylum Aschelminthes",
      "image_filename": "question_29.png",
      "captured": true,
      "explanation": [
        "https://d1iljb9ao69244.cloudfront.net/461301_1718532051207_181.ogg"
      ]
    },
    "question_30": {
      "question_number": 30,
      "correct_option": 4,
      "sds_id": "SDS04A7",
      "subtopic": "Phylum Aschelminthes",
      "image_filename": "question_30.png",
      "captured": true,
      "explanation": [
        "https://d1iljb9ao69244.cloudfront.net/461303_1718531310933_170.ogg"
      ]
    },
    "question_31": {
      "question_number": 31,
      "correct_option": 3,
      "sds_id": "SDS04A8",
      "subtopic": "Phylum Annelida",
      "image_filename": "question_31.png",
      "captured": true,
      "explanation": [
        "https://d1iljb9ao69244.cloudfront.net/396549_1700888579492_66.ogg"
      ]
    },
    "question_32": {
      "question_number": 32,
      "correct_option": 3,
      "sds_id": "SDS04A9",
      "subtopic": "Phylum Annelida",
      "image_filename": "question_32.png",
      "captured": true,
      "explanation": [
        "https://d1iljb9ao69244.cloudfront.net/410973_1705922866688_78.ogg"
      ]
    },
    "question_33": {
      "question_number": 33,
      "correct_option": 2,
      "sds_id": "SDS04AA",
      "subtopic": "Phylum Annelida",
      "image_filename": "question_33.png",
      "captured": true,
      "explanation": [
        "https://d1iljb9ao69244.cloudfront.net/461304_1718531778340_180.ogg"
      ]
    },
    "question_34": {
      "question_number": 34,
      "correct_option": 4,
      "sds_id": "SDS04AB",
      "subtopic": "Phylum Annelida",
      "image_filename": "question_34.png",
      "captured": true,
      "explanation": [
        "https://d1iljb9ao69244.cloudfront.net/question_explanations_340448_1668219161030.ogg"
      ]
    },
    "question_35": {
      "question_number": 35,
      "correct_option": 3,
      "sds_id": "SDS04AC",
      "subtopic": "Phylum Annelida",
      "image_filename": "question_35.png",
      "captured": true,
      "explanation": [
        "https://d1iljb9ao69244.cloudfront.net/410981_1705923151766_84.ogg"
      ]
    },
    "question_36": {
      "question_number": 36,
      "correct_option": 4,
      "sds_id": "SDS04AD",
      "subtopic": "Phylum Annelida",
      "image_filename": "question_36.png",
      "captured": true,
      "explanation": [
        "https://d1iljb9ao69244.cloudfront.net/368589_1686941783568_20.ogg"
      ]
    },
    "question_37": {
      "question_number": 37,
      "correct_option": 4,
      "sds_id": "SDS04AE",
      "subtopic": "Phylum Annelida",
      "image_filename": "question_37.png",
      "captured": true,
      "explanation": [
        "https://d1iljb9ao69244.cloudfront.net/368681_1687233452117_79.ogg"
      ]
    },
    "question_38": {
      "question_number": 38,
      "correct_option": 4,
      "sds_id": "SDS04AF",
      "subtopic": "Phylum Annelida",
      "image_filename": "question_38.png",
      "captured": true,
      "explanation": [
        "https://d1iljb9ao69244.cloudfront.net/461305_1718532121307_185.ogg"
      ]
    },
    "question_39": {
      "question_number": 39,
      "correct_option": 1,
      "sds_id": "SDS04B0",
      "subtopic": "Phylum Arthropoda",
      "image_filename": "question_39.png",
      "captured": true,
      "explanation": [
        "https://d1iljb9ao69244.cloudfront.net/410938_1705921573933_51.ogg"
      ]
    },
    "question_40": {
      "question_number": 40,
      "correct_option": 2,
      "sds_id": "SDS04B1",
      "subtopic": "Phylum Arthropoda",
      "image_filename": "question_40.png",
      "captured": true,
      "explanation": [
        "https://d1iljb9ao69244.cloudfront.net/368588_1686941772201_19.ogg"
      ]
    },
    "question_41": {
      "question_number": 41,
      "correct_option": 4,
      "sds_id": "SDS04B2",
      "subtopic": "Phylum Arthropoda",
      "image_filename": "question_41.png",
      "captured": true,
      "explanation": [
        "https://d1iljb9ao69244.cloudfront.net/449498_1713776403716_1.ogg"
      ]
    },
    "question_42": {
      "question_number": 42,
      "correct_option": 2,
      "sds_id": "SDS04B3",
      "subtopic": "Phylum Arthropoda",
      "image_filename": "question_42.png",
      "captured": true,
      "explanation": [
        "https://d1iljb9ao69244.cloudfront.net/453574_1714476038319_4.ogg"
      ]
    },
    "question_43": {
      "question_number": 43,
      "correct_option": 3,
      "sds_id": "SDS04B4",
      "subtopic": "Phylum Arthropoda",
      "image_filename": "question_43.png",
      "captured": true,
      "explanation": [
        "https://d1iljb9ao69244.cloudfront.net/question_explanations_340449_1668219286828.ogg"
      ]
    },
    "question_44": {
      "question_number": 44,
      "correct_option": 3,
      "sds_id": "SDS04B5",
      "subtopic": "Phylum Arthropoda",
      "image_filename": "question_44.png",
      "captured": true,
      "explanation": [
        "https://d1iljb9ao69244.cloudfront.net/396552_1700888617261_68.ogg"
      ]
    },
    "question_45": {
      "question_number": 45,
      "correct_option": 3,
      "sds_id": "SDS04B6",
      "subtopic": "Phylum Arthropoda",
      "image_filename": "question_45.png",
      "captured": true,
      "explanation": [
        "https://d1iljb9ao69244.cloudfront.net/120496_1726383071972_303.ogg",
        "https://d2f8z173p7073l.cloudfront.net/1580035555185"
      ]
    },
    "question_46": {
      "question_number": 46,
      "correct_option": 4,
      "sds_id": "SDS04B7",
      "subtopic": "Phylum Arthropoda",
      "image_filename": "question_46.png",
      "captured": true,
      "explanation": [
        "https://d1iljb9ao69244.cloudfront.net/368680_1687233441143_78.ogg"
      ]
    },
    "question_47": {
      "question_number": 47,
      "correct_option": 4,
      "sds_id": "SDS04B8",
      "subtopic": "Phylum Arthropoda",
      "image_filename": "question_47.png",
      "captured": true,
      "explanation": [
        "https://d1iljb9ao69244.cloudfront.net/461306_1718531269932_167.ogg"
      ]
    },
    "question_48": {
      "question_number": 48,
      "correct_option": 1,
      "sds_id": "SDS04B9",
      "subtopic": "Phylum Arthropoda",
      "image_filename": "question_48.png",
      "captured": true,
      "explanation": [
        "https://d1iljb9ao69244.cloudfront.net/question_explanations_340450_1668219601366.ogg",
        "https://d2f8z173p7073l.cloudfront.net/1668219414933"
      ]
    },
    "question_49": {
      "question_number": 49,
      "correct_option": 2,
      "sds_id": "SDS04BA",
      "subtopic": "Phylum Mollusca",
      "image_filename": "question_49.png",
      "captured": true,
      "explanation": [
        "https://d1iljb9ao69244.cloudfront.net/question_explanations_335732_1653053148384.ogg"
      ]
    },
    "question_50": {
      "question_number": 50,
      "correct_option": 3,
      "sds_id": "SDS04BB",
      "subtopic": "Phylum Mollusca",
      "image_filename": "question_50.png",
      "captured": true,
      "explanation": [
        "https://d1iljb9ao69244.cloudfront.net/question_explanations_340451_1668219729245.ogg"
      ]
    },
    "question_51": {
      "question_number": 51,
      "correct_option": 3,
      "sds_id": "SDS04BC",
      "subtopic": "Phylum Mollusca",
      "image_filename": "question_51.png",
      "captured": true,
      "explanation": [
        "https://d1iljb9ao69244.cloudfront.net/396557_1700888876645_71.ogg"
      ]
    },
    "question_52": {
      "question_number": 52,
      "correct_option": 2,
      "sds_id": "SDS04BD",
      "subtopic": "Phylum Mollusca",
      "image_filename": "question_52.png",
      "captured": true,
      "explanation": [
        "https://d1iljb9ao69244.cloudfront.net/396554_1700888690010_69.ogg"
      ]
    },
    "question_53": {
      "question_number": 53,
      "correct_option": 4,
      "sds_id": "SDS04BE",
      "subtopic": "Phylum Mollusca",
      "image_filename": "question_53.png",
      "captured": true,
      "explanation": [
        "https://d1iljb9ao69244.cloudfront.net/question_explanations_340452_1668533051674.ogg"
      ]
    },
    "question_54": {
      "question_number": 54,
      "correct_option": 3,
      "sds_id": "SDS04BF",
      "subtopic": "Phylum Mollusca",
      "image_filename": "question_54.png",
      "captured": true,
      "explanation": [
        "https://d1iljb9ao69244.cloudfront.net/396532_1700887858532_57.ogg"
      ]
    },
    "question_55": {
      "question_number": 55,
      "correct_option": 3,
      "sds_id": "SDS04C0",
      "subtopic": "Phylum Mollusca",
      "image_filename": "question_55.png",
      "captured": true,
      "explanation": [
        "https://d1iljb9ao69244.cloudfront.net/437222_1712308949170_1.ogg"
      ]
    },
    "question_56": {
      "question_number": 56,
      "correct_option": 2,
      "sds_id": "SDS04C1",
      "subtopic": "Phylum Mollusca",
      "image_filename": "question_56.png",
      "captured": true,
      "explanation": [
        "https://d1iljb9ao69244.cloudfront.net/315235_1641399822657_59.ogg"
      ]
    },
    "question_57": {
      "question_number": 57,
      "correct_option": 4,
      "sds_id": "SDS04C2",
      "subtopic": "Phylum Echinodermata",
      "image_filename": "question_57.png",
      "captured": true,
      "explanation": [
        "https://d1iljb9ao69244.cloudfront.net/48451_1724328956364_4.ogg",
        "https://d2f8z173p7073l.cloudfront.net/1542130757479"
      ]
    },
    "question_58": {
      "question_number": 58,
      "correct_option": 3,
      "sds_id": "SDS04C3",
      "subtopic": "Phylum Echinodermata",
      "image_filename": "question_58.png",
      "captured": true,
      "explanation": [
        "https://d1iljb9ao69244.cloudfront.net/461307_1718531008125_157.ogg"
      ]
    },
    "question_59": {
      "question_number": 59,
      "correct_option": 2,
      "sds_id": "SDS04C4",
      "subtopic": "Phylum Echinodermata",
      "image_filename": "question_59.png",
      "captured": true,
      "explanation": [
        "https://d1iljb9ao69244.cloudfront.net/question_explanations_340453_1668532959458.ogg"
      ]
    },
    "question_60": {
      "question_number": 60,
      "correct_option": 3,
      "sds_id": "SDS04C5",
      "subtopic": "Phylum Echinodermata",
      "image_filename": "question_60.png",
      "captured": true,
      "explanation": [
        "https://d1iljb9ao69244.cloudfront.net/375735_1727940220331_92.ogg",
        "https://d1iljb9ao69244.cloudfront.net/375735_1689312669073_2.ogg"
      ]
    },
    "question_61": {
      "question_number": 61,
      "correct_option": 3,
      "sds_id": "SDS04C6",
      "subtopic": "Phylum Echinodermata",
      "image_filename": "question_61.png",
      "captured": true,
      "explanation": [
        "https://d1iljb9ao69244.cloudfront.net/120492_1726382965304_301.ogg",
        "https://d2f8z173p7073l.cloudfront.net/1580035355082"
      ]
    },
    "question_62": {
      "question_number": 62,
      "correct_option": 1,
      "sds_id": "SDS04C7",
      "subtopic": "Phylum Echinodermata",
      "image_filename": "question_62.png",
      "captured": true,
      "explanation": [
        "https://d1iljb9ao69244.cloudfront.net/443092_1712903627205_37.ogg"
      ]
    },
    "question_63": {
      "question_number": 63,
      "correct_option": 2,
      "sds_id": "SDS04C8",
      "subtopic": "Phylum Echinodermata",
      "image_filename": "question_63.png",
      "captured": true,
      "explanation": [
        "https://d1iljb9ao69244.cloudfront.net/449533_1713782276496_36.ogg"
      ]
    },
    "question_64": {
      "question_number": 64,
      "correct_option": 4,
      "sds_id": "SDS04C9",
      "subtopic": "Phylum Echinodermata",
      "image_filename": "question_64.png",
      "captured": true,
      "explanation": [
        "https://d1iljb9ao69244.cloudfront.net/433507_1711526377806_39%20(2).ogg",
        "https://d1iljb9ao69244.cloudfront.net/433507_1711526377806_39"
      ]
    },
    "question_65": {
      "question_number": 65,
      "correct_option": 1,
      "sds_id": "SDS04CA",
      "subtopic": "Phylum Echinodermata",
      "image_filename": "question_65.png",
      "captured": true,
      "explanation": [
        "https://d1iljb9ao69244.cloudfront.net/368657_1687232877375_55.ogg"
      ]
    },
    "question_66": {
      "question_number": 66,
      "correct_option": 3,
      "sds_id": "SDS04CB",
      "subtopic": "Phylum Echinodermata",
      "image_filename": "question_66.png",
      "captured": true,
      "explanation": [
        "https://d1iljb9ao69244.cloudfront.net/368672_1687233269252_70.ogg",
        "https://d2f8z173p7073l.cloudfront.net/1687088659530"
      ]
    },
    "question_67": {
      "question_number": 67,
      "correct_option": 1,
      "sds_id": "SDS04CC",
      "subtopic": "Phylum Hemichordata",
      "image_filename": "question_67.png",
      "captured": true,
      "explanation": [
        "https://d1iljb9ao69244.cloudfront.net/396655_1700888891796_72.ogg"
      ]
    },
    "question_68": {
      "question_number": 68,
      "correct_option": 1,
      "sds_id": "SDS04CD",
      "subtopic": "Phylum Hemichordata",
      "image_filename": "question_68.png",
      "captured": true,
      "explanation": [
        "https://d1iljb9ao69244.cloudfront.net/120494_1726383022341_302.ogg",
        "https://d2f8z173p7073l.cloudfront.net/1580035455849"
      ]
    },
    "question_69": {
      "question_number": 69,
      "correct_option": 4,
      "sds_id": "SDS04CE",
      "subtopic": "Phylum Hemichordata",
      "image_filename": "question_69.png",
      "captured": true,
      "explanation": [
        "https://d1iljb9ao69244.cloudfront.net/121633_1726830288878_443.ogg",
        "https://d2f8z173p7073l.cloudfront.net/1580443273432"
      ]
    },
    "question_70": {
      "question_number": 70,
      "correct_option": 3,
      "sds_id": "SDS04CF",
      "subtopic": "Phylum Hemichordata",
      "image_filename": "question_70.png",
      "captured": true,
      "explanation": [
        "https://d1iljb9ao69244.cloudfront.net/question_explanations_340456_1668532642270.ogg"
      ]
    },
    "question_71": {
      "question_number": 71,
      "correct_option": 3,
      "sds_id": "SDS04D0",
      "subtopic": "Phylum Hemichordata",
      "image_filename": "question_71.png",
      "captured": true,
      "explanation": [
        "https://d1iljb9ao69244.cloudfront.net/420548_1708423458924_55.ogg"
      ]
    },
    "question_72": {
      "question_number": 72,
      "correct_option": 3,
      "sds_id": "SDS04D1",
      "subtopic": "Phylum Hemichordata",
      "image_filename": "question_72.png",
      "captured": true,
      "explanation": [
        "https://d1iljb9ao69244.cloudfront.net/461309_1718531283243_168.ogg"
      ]
    },
    "question_73": {
      "question_number": 73,
      "correct_option": 2,
      "sds_id": "SDS04D2",
      "subtopic": "Phylum Chordata",
      "image_filename": "question_73.png",
      "captured": true,
      "explanation": [
        "https://d1iljb9ao69244.cloudfront.net/question_explanations_349114_1668185891382.ogg"
      ]
    },
    "question_74": {
      "question_number": 74,
      "correct_option": 4,
      "sds_id": "SDS04D3",
      "subtopic": "Phylum Chordata",
      "image_filename": "question_74.png",
      "captured": true,
      "explanation": [
        "https://d1iljb9ao69244.cloudfront.net/396656_1700888908709_73.ogg"
      ]
    },
    "question_75": {
      "question_number": 75,
      "correct_option": 1,
      "sds_id": "SDS04D4",
      "subtopic": "Phylum Chordata",
      "image_filename": "question_75.png",
      "captured": true,
      "explanation": [
        "https://d1iljb9ao69244.cloudfront.net/question_explanations_340457_1668532543891.ogg"
      ]
    },
    "question_76": {
      "question_number": 76,
      "correct_option": 3,
      "sds_id": "SDS04D5",
      "subtopic": "Phylum Chordata",
      "image_filename": "question_76.png",
      "captured": true,
      "explanation": [
        "https://d2f8z173p7073l.cloudfront.net/1687090211230",
        "https://www.youtube-nocookie.com/embed/DNu1uxsv4_4?rel=0"
      ]
    },
    "question_77": {
      "question_number": 77,
      "correct_option": 4,
      "sds_id": "SDS04D6",
      "subtopic": "Phylum Chordata",
      "image_filename": "question_77.png",
      "captured": true,
      "explanation": [
        "https://d1iljb9ao69244.cloudfront.net/question_explanations_340458_1668532455098.ogg"
      ]
    },
    "question_78": {
      "question_number": 78,
      "correct_option": 1,
      "sds_id": "SDS04D7",
      "subtopic": "Phylum Chordata",
      "image_filename": "question_78.png",
      "captured": true,
      "explanation": [
        "https://d1iljb9ao69244.cloudfront.net/396657_1700888930122_74.ogg"
      ]
    },
    "question_79": {
      "question_number": 79,
      "correct_option": 4,
      "sds_id": "SDS04D8",
      "subtopic": "Phylum Chordata",
      "image_filename": "question_79.png",
      "captured": true,
      "explanation": [
        "https://d1iljb9ao69244.cloudfront.net/396658_1700888943531_75.ogg"
      ]
    },
    "question_80": {
      "question_number": 80,
      "correct_option": 1,
      "sds_id": "SDS04D9",
      "subtopic": "Phylum Chordata",
      "image_filename": "question_80.png",
      "captured": true,
      "explanation": [
        "https://d1iljb9ao69244.cloudfront.net/410956_1705922377070_67.ogg"
      ]
    },
    "question_81": {
      "question_number": 81,
      "correct_option": 1,
      "sds_id": "SDS04DA",
      "subtopic": "Phylum Chordata",
      "image_filename": "question_81.png",
      "captured": true,
      "explanation": [
        "https://d1iljb9ao69244.cloudfront.net/375734_1727939406277_69.ogg",
        "https://d1iljb9ao69244.cloudfront.net/375734_1689312605715_1.ogg"
      ]
    },
    "question_82": {
      "question_number": 82,
      "correct_option": 3,
      "sds_id": "SDS04DB",
      "subtopic": "Phylum Chordata",
      "image_filename": "question_82.png",
      "captured": true,
      "explanation": [
        "https://d1iljb9ao69244.cloudfront.net/411023_1705905014965_100.ogg"
      ]
    },
    "question_83": {
      "question_number": 83,
      "correct_option": 2,
      "sds_id": "SDS04DC",
      "subtopic": "Phylum Chordata",
      "image_filename": "question_83.png",
      "captured": true,
      "explanation": [
        "https://d1iljb9ao69244.cloudfront.net/question_explanations_340459_1668531852416.ogg"
      ]
    },
    "question_84": {
      "question_number": 84,
      "correct_option": 2,
      "sds_id": "SDS04DD",
      "subtopic": "Phylum Chordata",
      "image_filename": "question_84.png",
      "captured": true,
      "explanation": [
        "https://d1iljb9ao69244.cloudfront.net/question_explanations_340460_1668531976960.ogg"
      ]
    },
    "question_85": {
      "question_number": 85,
      "correct_option": 1,
      "sds_id": "SDS04DE",
      "subtopic": "Phylum Chordata",
      "image_filename": "question_85.png",
      "captured": true,
      "explanation": [
        "https://d1iljb9ao69244.cloudfront.net/368679_1687233430901_77.ogg"
      ]
    },
    "question_86": {
      "question_number": 86,
      "correct_option": 4,
      "sds_id": "SDS04DF",
      "subtopic": "Phylum Chordata",
      "image_filename": "question_86.png",
      "captured": true,
      "explanation": [
        "https://d1iljb9ao69244.cloudfront.net/420608_1708424687347_87.ogg"
      ]
    },
    "question_87": {
      "question_number": 87,
      "correct_option": 1,
      "sds_id": "SDS04E0",
      "subtopic": "Phylum Chordata",
      "image_filename": "question_87.png",
      "captured": true,
      "explanation": [
        "https://d1iljb9ao69244.cloudfront.net/375738_1689312726316_5.ogg"
      ]
    },
    "question_88": {
      "question_number": 88,
      "correct_option": 2,
      "sds_id": "SDS04E1",
      "subtopic": "General Introduction: Vertebrates & Agnatha",
      "image_filename": "question_88.png",
      "captured": true,
      "explanation": [
        "https://d1iljb9ao69244.cloudfront.net/question_explanations_340461_1668532337174.ogg"
      ]
    },
    "question_89": {
      "question_number": 89,
      "correct_option": 4,
      "sds_id": "SDS04E2",
      "subtopic": "General Introduction: Vertebrates & Agnatha",
      "image_filename": "question_89.png",
      "captured": true,
      "explanation": [
        "https://d1iljb9ao69244.cloudfront.net/question_explanations_340462_1668532211979.ogg"
      ]
    },
    "question_90": {
      "question_number": 90,
      "correct_option": 1,
      "sds_id": "SDS04E3",
      "subtopic": "General Introduction: Vertebrates & Agnatha",
      "image_filename": "question_90.png",
      "captured": true,
      "explanation": [
        "https://d1iljb9ao69244.cloudfront.net/question_explanations_340463_1668532067937.ogg"
      ]
    },
    "question_91": {
      "question_number": 91,
      "correct_option": 1,
      "sds_id": "SDS04E4",
      "subtopic": "Comparative study of Cartilagenous & Bony Fishes",
      "image_filename": "question_91.png",
      "captured": true,
      "explanation": [
        "https://d1iljb9ao69244.cloudfront.net/question_explanations_340464_1668531517173.ogg"
      ]
    },
    "question_92": {
      "question_number": 92,
      "correct_option": 3,
      "sds_id": "SDS04E5",
      "subtopic": "Comparative study of Cartilagenous & Bony Fishes",
      "image_filename": "question_92.png",
      "captured": true,
      "explanation": [
        "https://d1iljb9ao69244.cloudfront.net/question_explanations_340466_1668531046809.ogg"
      ]
    },
    "question_93": {
      "question_number": 93,
      "correct_option": 2,
      "sds_id": "SDS04E6",
      "subtopic": "Comparative study of Cartilagenous & Bony Fishes",
      "image_filename": "question_93.png",
      "captured": true,
      "explanation": [
        "https://d1iljb9ao69244.cloudfront.net/396663_1700888990506_78.ogg"
      ]
    },
    "question_94": {
      "question_number": 94,
      "correct_option": 1,
      "sds_id": "SDS04E7",
      "subtopic": "Comparative study of Cartilagenous & Bony Fishes",
      "image_filename": "question_94.png",
      "captured": true,
      "explanation": [
        "https://d1iljb9ao69244.cloudfront.net/461310_1718049985386_160.ogg",
        "https://www.youtube-nocookie.com/embed/iL01JDTs_BM?rel=0"
      ]
    },
    "question_95": {
      "question_number": 95,
      "correct_option": 3,
      "sds_id": "SDS04E8",
      "subtopic": "Comparative study of Cartilagenous & Bony Fishes",
      "image_filename": "question_95.png",
      "captured": true,
      "explanation": [
        "https://d1iljb9ao69244.cloudfront.net/461312_1718050391122_174.ogg"
      ]
    },
    "question_96": {
      "question_number": 96,
      "correct_option": 3,
      "sds_id": "SDS04E9",
      "subtopic": "Comparative study of Cartilagenous & Bony Fishes",
      "image_filename": "question_96.png",
      "captured": true,
      "explanation": [
        "https://d1iljb9ao69244.cloudfront.net/461313_1721287999019_3.ogg"
      ]
    },
    "question_97": {
      "question_number": 97,
      "correct_option": 3,
      "sds_id": "SDS04EA",
      "subtopic": "Comparative study of Cartilagenous & Bony Fishes",
      "image_filename": "question_97.png",
      "captured": true,
      "explanation": [
        "https://d1iljb9ao69244.cloudfront.net/461314_1721288012536_4.ogg"
      ]
    },
    "question_98": {
      "question_number": 98,
      "correct_option": 2,
      "sds_id": "SDS04EB",
      "subtopic": "Comparative study of Cartilagenous & Bony Fishes",
      "image_filename": "question_98.png",
      "captured": true,
      "explanation": [
        "https://d1iljb9ao69244.cloudfront.net/question_explanations_340467_1668187471944.ogg",
        "https://d2f8z173p7073l.cloudfront.net/1668187284597"
      ]
    },
    "question_99": {
      "question_number": 99,
      "correct_option": 3,
      "sds_id": "SDS04EC",
      "subtopic": "Comparative study of Cartilagenous & Bony Fishes",
      "image_filename": "question_99.png",
      "captured": true,
      "explanation": [
        "https://d1iljb9ao69244.cloudfront.net/368572_1686941433369_3.ogg"
      ]
    },
    "question_100": {
      "question_number": 100,
      "correct_option": 1,
      "sds_id": "SDS04ED",
      "subtopic": "Comparative study of Cartilagenous & Bony Fishes",
      "image_filename": "question_100.png",
      "captured": true,
      "explanation": [
        "https://d1iljb9ao69244.cloudfront.net/452770_1714308460350_37.ogg"
      ]
    },
    "question_101": {
      "question_number": 101,
      "correct_option": 1,
      "sds_id": "SDS04EE",
      "subtopic": "Comparative study of Cartilagenous & Bony Fishes",
      "image_filename": "question_101.png",
      "captured": true,
      "explanation": [
        "https://d1iljb9ao69244.cloudfront.net/368573_1686941445691_4.ogg"
      ]
    },
    "question_102": {
      "question_number": 102,
      "correct_option": 3,
      "sds_id": "SDS04EF",
      "subtopic": "Comparative study of Cartilagenous & Bony Fishes",
      "image_filename": "question_102.png",
      "captured": true,
      "explanation": [
        "https://d1iljb9ao69244.cloudfront.net/question_explanations_340468_1668530881963.ogg"
      ]
    },
    "question_103": {
      "question_number": 103,
      "correct_option": 4,
      "sds_id": "SDS04F0",
      "subtopic": "Comparative study of Cartilagenous & Bony Fishes",
      "image_filename": "question_103.png",
      "captured": true,
      "explanation": [
        "https://d1iljb9ao69244.cloudfront.net/question_explanations_340469_1668530742399.ogg"
      ]
    },
    "question_104": {
      "question_number": 104,
      "correct_option": 4,
      "sds_id": "SDS04F1",
      "subtopic": "Comparative study of Cartilagenous & Bony Fishes",
      "image_filename": "question_104.png",
      "captured": true,
      "explanation": [
        "https://d1iljb9ao69244.cloudfront.net/461316_1718531215235_162.ogg"
      ]
    },
    "question_105": {
      "question_number": 105,
      "correct_option": 4,
      "sds_id": "SDS04F2",
      "subtopic": "Study of Amphibians",
      "image_filename": "question_105.png",
      "captured": true,
      "explanation": [
        "https://d1iljb9ao69244.cloudfront.net/question_explanations_340470_1668530644122.ogg"
      ]
    },
    "question_106": {
      "question_number": 106,
      "correct_option": 4,
      "sds_id": "SDS04F3",
      "subtopic": "Study of Amphibians",
      "image_filename": "question_106.png",
      "captured": true,
      "explanation": [
        "https://d1iljb9ao69244.cloudfront.net/120491_1726311610809_300.ogg",
        "https://d2f8z173p7073l.cloudfront.net/1580035298097"
      ]
    },
    "question_107": {
      "question_number": 107,
      "correct_option": 4,
      "sds_id": "SDS04F4",
      "subtopic": "Study of Amphibians",
      "image_filename": "question_107.png",
      "captured": true,
      "explanation": [
        "https://d1iljb9ao69244.cloudfront.net/396670_1700889474794_83.ogg"
      ]
    },
    "question_108": {
      "question_number": 108,
      "correct_option": 1,
      "sds_id": "SDS04F5",
      "subtopic": "Study of Amphibians",
      "image_filename": "question_108.png",
      "captured": true,
      "explanation": [
        "https://d1iljb9ao69244.cloudfront.net/411018_1705904987853_98.ogg"
      ]
    },
    "question_109": {
      "question_number": 109,
      "correct_option": 4,
      "sds_id": "SDS04F6",
      "subtopic": "Study of Amphibians",
      "image_filename": "question_109.png",
      "captured": true,
      "explanation": [
        "https://d1iljb9ao69244.cloudfront.net/410943_1705921634310_55.ogg"
      ]
    },
    "question_110": {
      "question_number": 110,
      "correct_option": 3,
      "sds_id": "SDS04F7",
      "subtopic": "Study of Amphibians",
      "image_filename": "question_110.png",
      "captured": true,
      "explanation": [
        "https://d1iljb9ao69244.cloudfront.net/368587_1686941760355_18.ogg"
      ]
    },
    "question_111": {
      "question_number": 111,
      "correct_option": 2,
      "sds_id": "SDS04F8",
      "subtopic": "Study of Amphibians",
      "image_filename": "question_111.png",
      "captured": true,
      "explanation": [
        "https://d1iljb9ao69244.cloudfront.net/368678_1687233413633_76.ogg"
      ]
    },
    "question_112": {
      "question_number": 112,
      "correct_option": 2,
      "sds_id": "SDS04F9",
      "subtopic": "Study of Amphibians",
      "image_filename": "question_112.png",
      "captured": true,
      "explanation": [
        "https://d1iljb9ao69244.cloudfront.net/446611_1713091344374_4.ogg"
      ]
    },
    "question_113": {
      "question_number": 113,
      "correct_option": 3,
      "sds_id": "SDS04FA",
      "subtopic": "Study of Amphibians",
      "image_filename": "question_113.png",
      "captured": true,
      "explanation": [
        "https://d1iljb9ao69244.cloudfront.net/120507_1726383189144_305.ogg",
        "https://d2f8z173p7073l.cloudfront.net/1580036125687"
      ]
    },
    "question_114": {
      "question_number": 114,
      "correct_option": 3,
      "sds_id": "SDS04FB",
      "subtopic": "Study of Reptilia",
      "image_filename": "question_114.png",
      "captured": true,
      "explanation": [
        "https://d1iljb9ao69244.cloudfront.net/question_explanations_340471_1668530536144.ogg"
      ]
    },
    "question_115": {
      "question_number": 115,
      "correct_option": 2,
      "sds_id": "SDS04FC",
      "subtopic": "Study of Reptilia",
      "image_filename": "question_115.png",
      "captured": true,
      "explanation": [
        "https://d1iljb9ao69244.cloudfront.net/question_explanations_340472_1668530450416.ogg"
      ]
    },
    "question_116": {
      "question_number": 116,
      "correct_option": 1,
      "sds_id": "SDS04FD",
      "subtopic": "Study of Reptilia",
      "image_filename": "question_116.png",
      "captured": true,
      "explanation": [
        "https://d1iljb9ao69244.cloudfront.net/question_explanations_340473_1668530365351.ogg"
      ]
    },
    "question_117": {
      "question_number": 117,
      "correct_option": 3,
      "sds_id": "SDS04FE",
      "subtopic": "Study of Reptilia",
      "image_filename": "question_117.png",
      "captured": true,
      "explanation": [
        "https://d1iljb9ao69244.cloudfront.net/question_explanations_346528_1668184967489.ogg"
      ]
    },
    "question_118": {
      "question_number": 118,
      "correct_option": 1,
      "sds_id": "SDS04FF",
      "subtopic": "Study of Reptilia",
      "image_filename": "question_118.png",
      "captured": true,
      "explanation": [
        "https://d1iljb9ao69244.cloudfront.net/396669_1700889460365_82.ogg"
      ]
    },
    "question_119": {
      "question_number": 119,
      "correct_option": 2,
      "sds_id": "SDS0500",
      "subtopic": "Study of Reptilia",
      "image_filename": "question_119.png",
      "captured": true,
      "explanation": [
        "https://d1iljb9ao69244.cloudfront.net/410976_1705922905424_80.ogg"
      ]
    },
    "question_120": {
      "question_number": 120,
      "correct_option": 2,
      "sds_id": "SDS0501",
      "subtopic": "Study of Reptilia",
      "image_filename": "question_120.png",
      "captured": true,
      "explanation": [
        "https://d1iljb9ao69244.cloudfront.net/426582_1711175930463_2.ogg"
      ]
    },
    "question_121": {
      "question_number": 121,
      "correct_option": 3,
      "sds_id": "SDS0502",
      "subtopic": "Study of Reptilia",
      "image_filename": "question_121.png",
      "captured": true,
      "explanation": [
        "https://d1iljb9ao69244.cloudfront.net/120520_1726383327008_307.ogg",
        "https://d2f8z173p7073l.cloudfront.net/1580036886386"
      ]
    },
    "question_122": {
      "question_number": 122,
      "correct_option": 4,
      "sds_id": "SDS0503",
      "subtopic": "Study of Aves & Mammals",
      "image_filename": "question_122.png",
      "captured": true,
      "explanation": [
        "https://d1iljb9ao69244.cloudfront.net/question_explanations_340474_1668530286452.ogg"
      ]
    },
    "question_123": {
      "question_number": 123,
      "correct_option": 3,
      "sds_id": "SDS0504",
      "subtopic": "Study of Aves & Mammals",
      "image_filename": "question_123.png",
      "captured": true,
      "explanation": [
        "https://d1iljb9ao69244.cloudfront.net/question_explanations_340475_1668530201876.ogg"
      ]
    },
    "question_124": {
      "question_number": 124,
      "correct_option": 2,
      "sds_id": "SDS0505",
      "subtopic": "Study of Aves & Mammals",
      "image_filename": "question_124.png",
      "captured": true,
      "explanation": [
        "https://d1iljb9ao69244.cloudfront.net/question_explanations_340476_1668530129168.ogg"
      ]
    },
    "question_125": {
      "question_number": 125,
      "correct_option": 1,
      "sds_id": "SDS0506",
      "subtopic": "Study of Aves & Mammals",
      "image_filename": "question_125.png",
      "captured": true,
      "explanation": [
        "https://d1iljb9ao69244.cloudfront.net/396667_1700889445094_81.ogg"
      ]
    },
    "question_126": {
      "question_number": 126,
      "correct_option": 3,
      "sds_id": "SDS0507",
      "subtopic": "Study of Aves & Mammals",
      "image_filename": "question_126.png",
      "captured": true,
      "explanation": [
        "https://d1iljb9ao69244.cloudfront.net/375743_1689312805613_10.ogg"
      ]
    },
    "question_127": {
      "question_number": 127,
      "correct_option": 2,
      "sds_id": "SDS0508",
      "subtopic": "Study of Aves & Mammals",
      "image_filename": "question_127.png",
      "captured": true,
      "explanation": [
        "https://d1iljb9ao69244.cloudfront.net/368674_1687233341353_72.ogg",
        "https://www.youtube-nocookie.com/embed/nDwvQ1ZQgkM?rel=0"
      ]
    },
    "question_128": {
      "question_number": 128,
      "correct_option": 3,
      "sds_id": "SDS0509",
      "subtopic": "Study of Aves & Mammals",
      "image_filename": "question_128.png",
      "captured": true,
      "explanation": [
        "https://d1iljb9ao69244.cloudfront.net/question_explanations_340477_1668530074397.ogg"
      ]
    },
    "question_129": {
      "question_number": 129,
      "correct_option": 4,
      "sds_id": "SDS050A",
      "subtopic": "Study of Aves & Mammals",
      "image_filename": "question_129.png",
      "captured": true,
      "explanation": [
        "https://d1iljb9ao69244.cloudfront.net/question_explanations_340478_1668529988516.ogg"
      ]
    },
    "question_130": {
      "question_number": 130,
      "correct_option": 1,
      "sds_id": "SDS050B",
      "subtopic": "Study of Aves & Mammals",
      "image_filename": "question_130.png",
      "captured": true,
      "explanation": [
        "https://d1iljb9ao69244.cloudfront.net/368688_1727939381140_62.ogg",
        "https://www.youtube-nocookie.com/embed/l-_nIjjrKWc?rel=0"
      ]
    },
    "question_131": {
      "question_number": 131,
      "correct_option": 1,
      "sds_id": "SDS050C",
      "subtopic": "Study of Aves & Mammals",
      "image_filename": "question_131.png",
      "captured": true,
      "explanation": [
        "https://d1iljb9ao69244.cloudfront.net/461319_1718531243580_165.ogg"
      ]
    },
    "question_132": {
      "question_number": 132,
      "correct_option": 1,
      "sds_id": "SDS050D",
      "subtopic": "Study of Aves & Mammals",
      "image_filename": "question_132.png",
      "captured": true,
      "explanation": [
        "https://d1iljb9ao69244.cloudfront.net/question_explanations_340479_1668529861484.ogg"
      ]
    },
    "question_133": {
      "question_number": 133,
      "correct_option": 3,
      "sds_id": "SDS050E",
      "subtopic": "Study of Aves & Mammals",
      "image_filename": "question_133.png",
      "captured": true,
      "explanation": [
        "https://d1iljb9ao69244.cloudfront.net/question_explanations_340480_1668529738806.ogg"
      ]
    },
    "question_134": {
      "question_number": 134,
      "correct_option": 4,
      "sds_id": "SDS050F",
      "subtopic": "Basis of Classification",
      "image_filename": "question_134.png",
      "captured": true,
      "explanation": [
        "https://d1iljb9ao69244.cloudfront.net/449528_1713782136968_31.ogg"
      ]
    },
    "question_135": {
      "question_number": 135,
      "correct_option": 1,
      "sds_id": "SDS0510",
      "subtopic": "Basis of Classification",
      "image_filename": "question_135.png",
      "captured": true,
      "explanation": [
        "https://d1iljb9ao69244.cloudfront.net/442974_1712900811804_1.ogg"
      ]
    },
    "question_136": {
      "question_number": 136,
      "correct_option": 2,
      "sds_id": "SDS0511",
      "subtopic": "Basis of Classification",
      "image_filename": "question_136.png",
      "captured": true,
      "explanation": [
        "https://d1iljb9ao69244.cloudfront.net/396524_1700887610700_52.ogg"
      ]
    },
    "question_137": {
      "question_number": 137,
      "correct_option": 3,
      "sds_id": "SDS0512",
      "subtopic": "Basis of Classification",
      "image_filename": "question_137.png",
      "captured": true,
      "explanation": [
        "https://d1iljb9ao69244.cloudfront.net/396526_1700887743684_53.ogg"
      ]
    },
    "question_138": {
      "question_number": 138,
      "correct_option": 2,
      "sds_id": "SDS0513",
      "subtopic": "Basis of Classification",
      "image_filename": "question_138.png",
      "captured": true,
      "explanation": [
        "https://d1iljb9ao69244.cloudfront.net/question_explanations_340425_1667614144441.ogg"
      ]
    },
    "question_139": {
      "question_number": 139,
      "correct_option": 3,
      "sds_id": "SDS0514",
      "subtopic": "Basis of Classification",
      "image_filename": "question_139.png",
      "captured": true,
      "explanation": [
        "https://d1iljb9ao69244.cloudfront.net/question_explanations_340426_1667614265597.ogg"
      ]
    },
    "question_140": {
      "question_number": 140,
      "correct_option": 4,
      "sds_id": "SDS0515",
      "subtopic": "Basis of Classification",
      "image_filename": "question_140.png",
      "captured": true,
      "explanation": [
        "https://d1iljb9ao69244.cloudfront.net/420637_1709209474716_86.ogg"
      ]
    },
    "question_141": {
      "question_number": 141,
      "correct_option": 2,
      "sds_id": "SDS0516",
      "subtopic": "Basis of Classification",
      "image_filename": "question_141.png",
      "captured": true,
      "explanation": [
        "https://d1iljb9ao69244.cloudfront.net/question_explanations_340428_1667614534889.ogg"
      ]
    },
    "question_142": {
      "question_number": 142,
      "correct_option": 4,
      "sds_id": "SDS0517",
      "subtopic": "Basis of Classification",
      "image_filename": "question_142.png",
      "captured": true,
      "explanation": [
        "https://d1iljb9ao69244.cloudfront.net/368592_1686941825086_23.ogg"
      ]
    },
    "question_143": {
      "question_number": 143,
      "correct_option": 4,
      "sds_id": "SDS0518",
      "subtopic": "Basis of Classification",
      "image_filename": "question_143.png",
      "captured": true,
      "explanation": [
        "https://d1iljb9ao69244.cloudfront.net/question_explanations_340429_1667614664655.ogg"
      ]
    },
    "question_144": {
      "question_number": 144,
      "correct_option": 1,
      "sds_id": "SDS0519",
      "subtopic": "Basis of Classification",
      "image_filename": "question_144.png",
      "captured": true,
      "explanation": [
        "https://d1iljb9ao69244.cloudfront.net/410978_1705923113933_82.ogg",
        "https://d2f8z173p7073l.cloudfront.net/1705854453385"
      ]
    },
    "question_145": {
      "question_number": 145,
      "correct_option": 4,
      "sds_id": "SDS051A",
      "subtopic": "Basis of Classification",
      "image_filename": "question_145.png",
      "captured": true,
      "explanation": [
        "https://d1iljb9ao69244.cloudfront.net/396535_1700887877050_58.ogg"
      ]
    },
    "question_146": {
      "question_number": 146,
      "correct_option": 2,
      "sds_id": "SDS051B",
      "subtopic": "Basis of Classification",
      "image_filename": "question_146.png",
      "captured": true,
      "explanation": [
        "https://d1iljb9ao69244.cloudfront.net/question_explanations_340430_1667614931347.ogg"
      ]
    },
    "question_147": {
      "question_number": 147,
      "correct_option": 1,
      "sds_id": "SDS051C",
      "subtopic": "Basis of Classification",
      "image_filename": "question_147.png",
      "captured": true,
      "explanation": [
        "https://d1iljb9ao69244.cloudfront.net/question_explanations_340431_1667615034139.ogg"
      ]
    },
    "question_148": {
      "question_number": 148,
      "correct_option": 4,
      "sds_id": "SDS051D",
      "subtopic": "Basis of Classification",
      "image_filename": "question_148.png",
      "captured": true,
      "explanation": [
        "https://www.youtube-nocookie.com/embed/IY1eaCn1zJo?rel=0"
      ]
    },
    "question_149": {
      "question_number": 149,
      "correct_option": 3,
      "sds_id": "SDS051E",
      "subtopic": "Basis of Classification",
      "image_filename": "question_149.png",
      "captured": true,
      "explanation": [
        "https://d1iljb9ao69244.cloudfront.net/447719_1713348175083_1.ogg"
      ]
    },
    "question_150": {
      "question_number": 150,
      "correct_option": 4,
      "sds_id": "SDS051F",
      "subtopic": "Basis of Classification",
      "image_filename": "question_150.png",
      "captured": true,
      "explanation": [
        "https://d1iljb9ao69244.cloudfront.net/429566_1711179193242_36.ogg"
      ]
    },
    "question_151": {
      "question_number": 151,
      "correct_option": 1,
      "sds_id": "SDS0520",
      "subtopic": "Basis of Classification",
      "image_filename": "question_151.png",
      "captured": true,
      "explanation": [
        "https://d1iljb9ao69244.cloudfront.net/question_explanations_340432_1667615229682.ogg",
        "https://dsbihjlymzdyy.cloudfront.net/bio_images/all/Diagrams%20in%20Svg%20form%2FAnimal%20Kingdom%2F340432.svg%20C.svg"
      ]
    },
    "question_152": {
      "question_number": 152,
      "correct_option": 1,
      "sds_id": "SDS0521",
      "subtopic": "Phylum Platyhelminthes",
      "image_filename": "question_152.png",
      "captured": true,
      "explanation": [
        "https://d1iljb9ao69244.cloudfront.net/question_explanations_340444_1668217657811.ogg",
        "https://d2f8z173p7073l.cloudfront.net/1668217507064"
      ]
    },
    "question_153": {
      "question_number": 153,
      "correct_option": 3,
      "sds_id": "SDS0522",
      "subtopic": "Phylum Platyhelminthes",
      "image_filename": "question_153.png",
      "captured": true,
      "explanation": [
        "https://d1iljb9ao69244.cloudfront.net/question_explanations_340441_1668181431330.ogg"
      ]
    },
    "question_154": {
      "question_number": 154,
      "correct_option": 3,
      "sds_id": "SDS0523",
      "subtopic": "Phylum Platyhelminthes",
      "image_filename": "question_154.png",
      "captured": true,
      "explanation": [
        "https://d1iljb9ao69244.cloudfront.net/396544_1700888225448_63.ogg"
      ]
    },
    "question_155": {
      "question_number": 155,
      "correct_option": 2,
      "sds_id": "SDS0524",
      "subtopic": "Phylum Platyhelminthes",
      "image_filename": "question_155.png",
      "captured": true,
      "explanation": [
        "https://d1iljb9ao69244.cloudfront.net/411012_1705904960938_96.ogg"
      ]
    },
    "question_156": {
      "question_number": 156,
      "correct_option": 3,
      "sds_id": "SDS0525",
      "subtopic": "Phylum Platyhelminthes",
      "image_filename": "question_156.png",
      "captured": true,
      "explanation": [
        "https://d1iljb9ao69244.cloudfront.net/368682_1687233461939_80.ogg"
      ]
    },
    "question_157": {
      "question_number": 157,
      "correct_option": 4,
      "sds_id": "SDS0526",
      "subtopic": "Phylum Platyhelminthes",
      "image_filename": "question_157.png",
      "captured": true,
      "explanation": [
        "https://d1iljb9ao69244.cloudfront.net/368686_1687233521314_84.ogg"
      ]
    },
    "question_158": {
      "question_number": 158,
      "correct_option": 2,
      "sds_id": "SDS0527",
      "subtopic": "Phylum Platyhelminthes",
      "image_filename": "question_158.png",
      "captured": true,
      "explanation": [
        "https://d1iljb9ao69244.cloudfront.net/461300_1718530968480_153.ogg"
      ]
    },
    "question_159": {
      "question_number": 159,
      "correct_option": 3,
      "sds_id": "SDS0528",
      "subtopic": "Class Osteichthyes",
      "image_filename": "question_159.png",
      "captured": true,
      "explanation": [
        "https://d1iljb9ao69244.cloudfront.net/461317_1721288027455_5.ogg"
      ]
    }
  }
}